"id","site","job_url","job_url_direct","title","company","location","date_posted","job_type","salary_source","interval","min_amount","max_amount","currency","is_remote","job_level","job_function","listing_type","emails","description","company_industry","company_url","company_logo","company_url_direct","company_addresses","company_num_employees","company_revenue","company_description","skills","experience_range","company_rating","company_reviews_count","vacancy_count","work_from_home_type","search_term"
"in-5b582b4ca5f888ce","indeed","https://it.indeed.com/viewjob?jk=5b582b4ca5f888ce","https://iliad.wd3.myworkdayjobs.com/it-IT/Iliad/job/Roma/Wholesale-Strategy---Implementation-Expert_JR100389","Wholesale Strategy & Implementation Specialist","Iliad Italia","Roma, LAZ, IT","2026-07-28","fulltime","","","","","",False,"","","","","In iliad, abbiamo rivoluzionato il mercato delle telecomunicazioni, mettendo al centro le persone e costruendo relazioni solide con i nostri utenti, basate sulla trasparenza e la fiducia. Con oltre 13 milioni di utenti e una rete proprietaria in continua espansione, giochiamo un ruolo chiave nella transizione digitale e tecnologica di un Paese sempre più connesso.  



  

Lavorare in iliad significa entrare in una squadra che lavora con passione, e ogni giorno contribuisce con energia e determinazione a ridefinire gli standard del settore, offrendo un’esperienza sempre più all’avanguardia e accessibile. Lo facciamo nel nostro stile, guidati da innovazione, qualità del servizio e semplicità per rispondere al meglio alle esigenze degli utenti che ci scelgono.  



  

  

Il **Wholesale Strategy \& Implementation Specialist** entrerà a far parte del *Team Regulatory Affairs \& Competition* , a diretto riporto del *Director of Regulatory Affairs \& Competition* , collaborando con gli altri membri del Team e con le altre funzioni aziendali, si occuperà di:


* Supportare la negoziazione di contratti per servizi wholesale;
* Analisi economica servizi wholesale;
* Gestione contratti esistenti (es., monitoraggio rispetto SLA e KPIs, gestione penali, controversie);
* Gestione applicazione delle offerte di riferimento per servizi wholesale regolamentati;
* Supporto in consultazioni pubbliche e bandi pubblici (es. AGCOM/Infratel) su tematiche wholesale;
* Supporto nella gestione controversie operatori;
* Supporto nella gestione di potenziali partnership con altri soggetti.

Nello svolgimento di tali compiti, il **Wholesale Strategy \& Implementation Specialist** si uniformerà alle indicazioni della Società e del Gruppo e ad ogni policy o regolamento applicabile, gestendo una pluralità di progetti con sovrapposizione di attività.


**Requisiti:**

*Must have:*

* Laurea in economia/ingegneria
* Esperienza di almeno 2\-3 anni nel settore TLC
* 2\-3 di esperienza in ruoli relativi alla gestione di contratti Wholesale
Competenze utilizzo Excel e pacchetto Office  
* 

*Nice to have:*

* Conoscenza lingua inglese e francese
* Esperienza in ruoli analoghi

**PAY TRANSPARENCY**

Partiamo con la trasparenza: la **Retribuzione Annua Lorda** ( **RAL** ) prevista per il ruolo parte da 30\.000 euro lordi annui, a cui si aggiunge il pacchetto benefits iliad.


Questa cifra rappresenta il minimo del range retributivo previsto per la posizione.


L’offerta economica potrà quindi crescere in base a diversi elementi, tra cui esperienza professionale maturata, competenze tecniche, percorso formativo, soft skills, attitudini e coerenza del profilo rispetto alle responsabilità e agli obiettivi del ruolo.


**Che cosa aspettarti da noi:**

✨ **Curiosità, ascolto, coraggio e spirito di iniziativa** . In una parola: iliadness
 

**Lavoro flessibile, per davvero!** Avrai fino a **8 giorni al mese** in smart\-working
 

**Bello lavorare da remoto** , ma gli uffici Iliad sono il cuore pulsante dove incontrarsi, confrontarsi e trovare ispirazione. E quando ti viene voglia di una pausa... partitina a ping\-pong?
 

**Formazione e sviluppo su misura per te** , per crescere e raggiungere nuovi traguardi.
 

**Bonus mobilità** per rendere i tuoi spostamenti casa\-lavoro più leggeri e sostenibili.


️ **Ticket giornalieri** per pranzare fuori e fare la spesa, **anche quando lavori da remoto.** 

**Contributo biennale** per l’acquisto o la riparazione dello smartphone.
 

**5 sedute gratuite** per iniziare un percorso di psicoterapia con la **piattaforma UnoBravo.** 

**Assicurazione sanitaria** per te e il tuo nucleo familiare, oltre a un network ricco di convenzioni


Possibilità di utilizzare il tuo **welfare annuale** per accedere a un’ampia gamma di servizi dedicati al tuo benessere e tempo libero.
 

**Rimborso della tua ricarica telefonica** , per rimanere sempre connessi.


**\#weareiliad** significa condividere e crescere insieme. Per questo creiamo momenti di incontro anche fuori dall’ufficio, perché le **idee migliori** nascono dal **confronto** … ma anche dal **divertimento** !","","https://it.indeed.com/cmp/Iliad-Italia","https://d2q79iu7y748jz.cloudfront.net/s/_squarelogo/256x256/b7a126773cb36776e4aaa72f6144dfa7","https://www.iliad.it/","","","","","","","","","","","regulatory affairs"
"in-ae887796637a257d","indeed","https://it.indeed.com/viewjob?jk=ae887796637a257d","https://iliad.wd3.myworkdayjobs.com/it-IT/Iliad/job/Roma/Regulatory-Affairs---Competition-Specialist_JR100388","Regulatory Affairs & Competition Specialist","Iliad Italia","Roma, LAZ, IT","2026-07-28","fulltime","","","","","",False,"","","","","In iliad, abbiamo rivoluzionato il mercato delle telecomunicazioni, mettendo al centro le persone e costruendo relazioni solide con i nostri utenti, basate sulla trasparenza e la fiducia. Con oltre 13 milioni di utenti e una rete proprietaria in continua espansione, giochiamo un ruolo chiave nella transizione digitale e tecnologica di un Paese sempre più connesso.  



  

Lavorare in iliad significa entrare in una squadra che lavora con passione, e ogni giorno contribuisce con energia e determinazione a ridefinire gli standard del settore, offrendo un’esperienza sempre più all’avanguardia e accessibile. Lo facciamo nel nostro stile, guidati da innovazione, qualità del servizio e semplicità per rispondere al meglio alle esigenze degli utenti che ci scelgono.  



  

  

Il Regulatory Affairs \& Competition Specialist entrerà a far parte del *Team Regulatory Affairs \& Competition,* a diretto riporto dell *’Head* *o* *f Regulatory Implementation \& Carrier Relations Regulatory Affairs,* seguendo le indicazioni del *Director of Regulatory Affairs \& Competition* , collaborando con gli altri componenti del Team e altre funzioni aziendali, si occuperà di:


* fornire supporto alle funzioni aziendali, in particolare *Infrastructure \& Services Operations* , *Architecture \& Engineering* , *Finance* , sulle tematiche regolamentari e normative in ambito di tematiche wholesale al fine di:
	+ assicurare la compliance alla normativa e alla regolamentazione applicabile in materia di interconnessone, numerazioni, portabilità fissa e mobile, procedure antifrode, servizi di emergenza partecipando anche a gruppi di lavoro con altri operatori, MIMIT e AGCOM;
* negoziare nuovi accordi di interconnessione con altri operatori nazionali e internazionali relativi a servizi fonia, SMS e dati;
	+ gestire i rapporti con gli altri operatori per i servizi di interconnessione attivi (es. apertura numerazioni e servizi, errori di instradamento, disservizi, ecc.);
	+ fornire supporto a Finance, anche tramite l’analisi dei dati di traffico, per la gestione delle contestazioni con gli operatori relative al traffico di interconnessione e partecipazione a tavoli tecnici congiunti per la risoluzione;
	+ gestire i contenziosi e le controversie con altri operatori in merito alle contestazioni del traffico confrontandosi laddove necessario con gli altri membri del *Team Regulatory Affairs \& Competition* e i legali esterni eventualmente coinvolti;
	+ gestire il rapporto con le charity per i servizi di raccolta fondi.
* fornire supporto per le attività di accesso ai sensi D. lgs. 33/2016 nella negoziazione con i Comuni e nelle attività di vigilanza e controversia di AGCOM;
* gestire i contributi annui di AGCOM, AGCM, MIMIT;
* gestire risposte a richieste di informazioni, report periodici, raccolta dati richiede dalle autorità di settore;
* fornire supporto nella predisposizione di risposte alle consultazioni pubbliche delle Autorità competenti (AGCOM e MIMIT), coordinando la raccolta degli input necessari dalle funzioni aziendali di riferimento.
* Monitorare l’evoluzione della normativa e della regolamentazione di riferimento e contribuire a mantenere le competenti funzioni aziendali aggiornate su eventuali modifiche della normativa di settore.

Nello svolgimento di tali compiti, il Regulatory Affairs \& Competition Specialist si uniformerà alle indicazioni della Società e del Gruppo e ad ogni policy o regolamento applicabile, gestendo una pluralità di progetti con sovrapposizione di attività.


**Must Have**

* Esperienza di almeno 2 anni in ruolo analogo (anche in altri settori regolamentati). Saranno valutati anche profili con maggiore esperienza.
* Laurea magistrale o equivalente in Economia, Ingegneria o campo correlato
* Ottime doti di analisi quantitativa ed economica
* Conoscenza sui temi regolamentari attinenti all’interconnessione voce/SMS e servizi di numerazione
* Capacità di gestione della complessità e orientamento al risultato
* Capacità di lavorare in team e adattarsi a un ambiente dinamico
* Trasparenza, semplicità e proattività
* Abilità di comunicazione e capacità di presentare argomenti complessi in modo chiaro e convincente
* Ottima conoscenza della lingua inglese scritto e parlato (livello C1\)

**Nice to Have**

* Conoscenza normativa e regolamentare del settore telecomunicazioni
* Conoscenza dinamiche del mercato delle telecomunicazioni in italia

**PAY TRANSPARENCY**

Partiamo con la trasparenza: la **Retribuzione Annua Lorda** ( **RAL** ) prevista per il ruolo parte da 24\.500 euro lordi annui, a cui si aggiunge il pacchetto benefits iliad.


Questa cifra rappresenta il minimo del range retributivo previsto per la posizione.


L’offerta economica potrà quindi crescere in base a diversi elementi, tra cui esperienza professionale maturata, competenze tecniche, percorso formativo, soft skills, attitudini e coerenza del profilo rispetto alle responsabilità e agli obiettivi del ruolo.


**Che cosa aspettarti da noi:**

✨ **Curiosità, ascolto, coraggio e spirito di iniziativa** . In una parola: iliadness
 

**Lavoro flessibile, per davvero!** Avrai fino a **8 giorni al mese** in smart\-working
 

**Bello lavorare da remoto** , ma gli uffici Iliad sono il cuore pulsante dove incontrarsi, confrontarsi e trovare ispirazione. E quando ti viene voglia di una pausa... partitina a ping\-pong?
 

**Formazione e sviluppo su misura per te** , per crescere e raggiungere nuovi traguardi.
 

**Bonus mobilità** per rendere i tuoi spostamenti casa\-lavoro più leggeri e sostenibili.


️ **Ticket giornalieri** per pranzare fuori e fare la spesa, **anche quando lavori da remoto.** 

**Contributo biennale** per l’acquisto o la riparazione dello smartphone.
 

**5 sedute gratuite** per iniziare un percorso di psicoterapia con la **piattaforma UnoBravo.** 

**Assicurazione sanitaria** per te e il tuo nucleo familiare, oltre a un network ricco di convenzioni


Possibilità di utilizzare il tuo **welfare annuale** per accedere a un’ampia gamma di servizi dedicati al tuo benessere e tempo libero.
 

**Rimborso della tua ricarica telefonica** , per rimanere sempre connessi.


**\#weareiliad** significa condividere e crescere insieme. Per questo creiamo momenti di incontro anche fuori dall’ufficio, perché le **idee migliori** nascono dal **confronto** … ma anche dal **divertimento** !","","https://it.indeed.com/cmp/Iliad-Italia","https://d2q79iu7y748jz.cloudfront.net/s/_squarelogo/256x256/b7a126773cb36776e4aaa72f6144dfa7","https://www.iliad.it/","","","","","","","","","","","regulatory affairs"
"in-36d80626d7a7352a","indeed","https://it.indeed.com/viewjob?jk=36d80626d7a7352a","http://it.indeed.com/job/tecnologo-alimentare-36d80626d7a7352a","Tecnologo alimentare","udem pharma srl","Fiumicino, LAZ, IT","2026-07-27","parttime","","","","","",False,"","","","","Annuncio di lavoro – Tecnologo Alimentare (Part\-time)

**Sede:** Fiumicino  
**Contratto:** Part\-time – 6 ore al giorno (30 ore settimanali)  
**Settore:** Integratori alimentari

**Chi siamo**

Siamo un'azienda operante nel settore degli integratori alimentari, orientata alla qualità, all'innovazione e alla conformità normativa. Per ampliamento dell'organico siamo alla ricerca di un **Tecnologo Alimentare** da inserire nel nostro team.

Principali attività

**La risorsa si occuperà di:**

* Redazione e aggiornamento delle schede tecniche dei prodotti.
* Revisione e verifica delle etichette in conformità alla normativa vigente.
* Controllo della conformità degli ingredienti, delle diciture obbligatorie e dei claims nutrizionali e salutistici.
* Supporto nella gestione della documentazione tecnica e regolatoria.
* Interfaccia con fornitori, laboratori e consulenti.
* Collaborazione con i reparti Ricerca \& Sviluppo, Qualità e Marketing per lo sviluppo di nuovi prodotti.
* Supporto alle notifiche degli integratori alimentari presso il Ministero della Salute.

**Requisiti**

* Laurea in Tecnologie Alimentari o titolo equivalente.
* Esperienza, anche breve, nel settore alimentare o degli integratori alimentari.
* Buona conoscenza della normativa europea e nazionale in materia di etichettatura alimentare e integratori.
* Precisione, autonomia organizzativa e attenzione ai dettagli.
* Buona conoscenza del pacchetto Office.
* Conoscenza della lingua inglese

**Costituiscono titolo preferenziale:**

* Esperienza in ambito Regulatory Affairs.
* Conoscenza del Regolamento (UE) 1169/2011 e della normativa relativa agli integratori alimentari.
* Esperienza nella redazione di schede tecniche e nella revisione delle etichette.

**Offriamo**

* Contratto part\-time di 30 ore settimanali (6 ore al giorno).
* Ambiente di lavoro dinamico e orientato alla crescita professionale.
* Formazione continua e possibilità di sviluppo nel settore degli integratori alimentari.
* Retribuzione commisurata all'esperienza e alle competenze.

Se sei una persona precisa, appassionata del settore alimentare e desideri contribuire allo sviluppo di prodotti di qualità, inviaci il tuo curriculum vitae.

Retribuzione: €809,04 \- €2\.142,28 al mese

Sede di lavoro: Di persona","","https://it.indeed.com/cmp/Udem-Pharma-Srl-1","","","","","","","","","","","","","regulatory affairs"
"li-4441564283","linkedin","https://www.linkedin.com/jobs/view/4441564283","","Vice President Regulatory Affairs - Cluster","Perrigo Company plc","Rome, Latium, Italy","2026-07-23","","","","","","",False,"","","","","","","https://ie.linkedin.com/company/perrigo","","","","","","","","","","","","","regulatory affairs"
"in-29f65782408fb608","indeed","https://it.indeed.com/viewjob?jk=29f65782408fb608","https://jobs.trustflight.io/o/crisis-communication-associate-trainer?source=Indeed","Crisis Communication Associate Trainer","TrustFlight","Roma, LAZ, IT","2026-07-28","fulltime","","","","","",True,"","","","","**Working Hours**


As required by contract; flexible depending on training delivery.

**Work Pattern**


Remote, with travel as required.

**Travel Requirements**


International, sometimes at short notice

**On\-Call / Shift Work**


May be called to deploy if there is a major incident

**Special Conditions**


Background checks required.

**Purpose of the Role**


The Crisis Communications Associate is a freelance, ad hoc role within Kenyon's global network of Associates, providing specialist crisis communications expertise to support clients in preparing for, responding to and recovering from crisis incidents.


Working alongside Kenyon's consultants and operational teams, the Associate delivers crisis communications training, workshops and exercises to help strengthen client preparedness. During live incidents, the Associate may be deployed to provide practical communications support, working as part of an integrated crisis management team to develop messaging, advise senior leaders, support media engagement, manage stakeholder communications and help protect organisational reputation during high\-pressure situations.


This role requires individuals who can quickly adapt to different client environments, work collaboratively within multidisciplinary response teams and provide calm, professional advice in complex and fast\-moving situations. Associates are engaged on an as\-needed basis for both preparedness activities and operational deployments, with opportunities to support clients across a range of industries and geographical locations.


Associates are engaged on an as\-needed basis for both preparedness activities and operational deployments, supporting clients across aviation and other highly regulated or high\-risk sectors, including transportation, oil \& gas, hospitality, manufacturing, government, energy and critical infrastructure.

**Scope \& Decision\-Making Authority**

**Autonomous Decision making:**

* Makes informed decisions within their area of expertise while recognising when issues should be escalated to the Crisis Communications Lead, Deployment Lead or client representatives.
* Exercises professional judgement to adapt training materials and facilitation techniques to suit the audience, sector and learning objectives while maintaining alignment with Kenyon's quality standards.

**Escalation points:**

* Any changes to approved content, course objectives, or regulatory wording.
* Escalate decisions that could affect the delivery of services, client expectations, contractual commitments or commercial agreements.
* Budget\-related decisions, including travel or material costs outside pre‑approved limits.
* Issues involving risk, compliance, safeguarding, or matters that affect crisis‑response strategy.

**Cross Functional Authority:**

* May collaborate with operations, deployment teams, SMEs and Product but **cannot** commit other teams to deadlines or deliverables without approval.
* May coordinate with clients on logistics but cannot negotiate contractual terms or service levels.
* No authority to approve vendor contracts, technology tools, or external suppliers

**Geographic/Business Unit Scope:**

* Supports training across the full Kenyon Emergency Services business unit.
* May be deployed globally

**Key Relationships**

**Internal**

* Training Manager
* Training Administrator
* Head of Product Development
* Operations
* SME’s
* VP Crisis Communications

**External**

* Delegates receiving training and consultancy
* Aviation operators during planning and exercise activities
* Clients across aviation, transportation, hospitality, energy, manufacturing, government and other high\-risk industries during planning, training and exercise activities.

**Key Responsibilities**

* Review, develop and write Crisis Communications Plans aligned with applicable regulatory requirements, industry standards and organisational best practice across multiple sectors.
* Deliver high‑quality, interactive training in person and virtually via Microsoft Teams.
* Design, facilitate and evaluate Crisis Communications exercises including tabletop, input‑response and full‑scale live exercises.
* Maintain up\-to\-date knowledge of crisis communications best practices, regulatory requirements and emerging issues across aviation and other high\-risk industries.
* Participate in internal training days, CPD activities and deployment readiness sessions.
* Collaborate with cross‑functional teams and represent Kenyon professionally with clients and stakeholders.
* Work with Product to design and develop new or bespoke training products.
* Travel internationally as required to support training and exercises.
* **Including, but not limited to:** advising Communications Teams, delivering just\-in\-time spokesperson training, drafting and reviewing internal and external communications, analysing Media Call Centre insights, and providing strategic advice on reputation and brand protection

**Key Metrics for Success**

* Deliver training sessions with an average NPS rating of 80 or above
* Timely and accurate completion of all training related documentation and reports

**AI \& Digital Competency**


TrustFlight is an AI\-first organisation. Every role is expected to actively engage with AI tools and digital ways of working to drive efficiency, quality, and innovation.

**AI Fluency Tier**

**Tier** 1— AI User

**Profile \-** Uses AI\-assisted tools in daily workflows

**Expectations** \- Confidently uses AI features in existing tools (e.g. copilots, smart search, assisted drafting). Understands when AI output needs human review. Completes AI User onboarding within 30 days.

 **Role\-Specific AI \& Digital Skills**

* Generate quick\-read overviews (e.g., risk summaries, terminology glossaries) to support personal preparation — **not** for client distribution.
* Use AI‑enabled scheduling or coordination tools to plan multi‑time‑zone sessions and streamline communication with clients.
* Use AI transcription tools to capture key points or questions during virtual sessions for internal follow\-up.
* Use internal copilots to improve reporting \& documentation. Review AI output critically to ensure accuracy before submission.

 **AI Development \& Growth**

* Share effective prompts, templates and best practices with the wider training community.
* Participate in internal AI knowledge‑sharing sessions and contribute use‑case examples.

**Competencies \& Behaviours**

* **Customer Centricity** — Keeps client needs at the centre of decisions.
* **Collaboration** — Works effectively with internal and external stakeholders.
* **Delivery Focus** — Meets commitments reliably with high\-quality outputs.
* **Innovation** — Identifies opportunities to improve training using technology and AI.
* **Professional Judgement** — Applies sound decision‑making during training.

 **Required Qualifications \& Experience**

* Expertise in Communications, Public Relations, Journalism, Marketing or a related discipline, or equivalent relevant professional experience
* Demonstrable experience in crisis communications, corporate communications, public relations, media relations or reputation management.
* Experience of developing and delivering crisis communications strategies during high\-profile or complex incidents.
* Experience of writing and reviewing a wide range of communications materials, including media statements, holding statements, internal communications, Q\&As, briefing notes and stakeholder communications.
* Experience of providing communications advice to senior leaders and key stakeholders.
* Excellent written and verbal communication skills, with the ability to produce clear, accurate and timely communications under pressure.
* Ability to work effectively in high\-pressure, fast\-paced and rapidly changing environments.
* Strong facilitation, presentation and interpersonal skills.
* Strong understanding of traditional, digital and social media and their role during crisis situations.
* High proficiency in Microsoft Office (PowerPoint, Word, Excel).
* Experience delivering virtual training via Microsoft Teams or similar platforms.
* Commitment to ongoing learning and staying current with evolving standards.
* Strong English language communication (written and verbal).
* Experience working within aviation, oil \& gas, hospitality, emergency services, humanitarian response, government or other high\-risk, highly regulate industries.
* Media spokesperson coaching experience.

**Desirable Skills \& Experience**

* Additional language skills (priority): Korean, Mandarin, Cantonese, Japanese, German, Italian, Arabic, French, Turkish","","https://it.indeed.com/cmp/Trustflight","https://d2q79iu7y748jz.cloudfront.net/s/_squarelogo/256x256/5cf803534abb0c6356054e754a0ebb6d","https://www.trustflight.com/","Leamington Spa, Luton, London, UK. St. Helier Jersey. Vancouver, Canada. ","51 to 200","$5M to $25M (USD)","We are working hard to digitize the aviation industry, providing new levels of safety, efficiency and insight to everyone involved in the operation and maintenance of aircraft.","","","","","","","regulatory manager"
"in-2f0205fd18ea17cf","indeed","https://it.indeed.com/viewjob?jk=2f0205fd18ea17cf","https://careers.macegroup.com/gb/en/job/MACEGB46133EXTERNALENGB/","Senior Cost Consultant","Mace Group","Roma, LAZ, IT","2026-07-28","fulltime","","","","","",False,"","","","","Mace combines construction expertise with consultancy to unlock potential in every person or project and redefine the boundaries of ambition. Our values shape the way we consult and define the people we want to join us on our journey.


We are seeking an experienced **Senior Cost Consultant (Senior Manager)** to join our growing **Life Sciences and Pharmaceuticals team**, supporting some of the world's leading pharmaceutical, biotechnology, research and advanced manufacturing organisations.


This role offers the opportunity to work on complex capital programmes and highly regulated facilities across Europe and globally, including research laboratories, manufacturing plants, pilot facilities, innovation centres and technically advanced healthcare environments.


The successful candidate will have strong cost management experience within the life sciences sector and demonstrable experience of laboratory environments incorporating **Containment Levels 1\- 4 (CL1\- CL4\)**. Experience across every containment level is not required; however, candidates should understand the commercial, technical and operational complexities associated with specialist laboratory and high\-containment facilities.


**You’ll be responsible for:**


* Directing the development, ownership and presentation of cost plans throughout the project lifecycle.
* Providing strategic cost management advice on complex laboratory, manufacturing and research facilities.
* Managing procurement activities including tendering, bid analysis, contract formation and commercial negotiations.
* Supporting clients in achieving programme objectives through effective commercial management, benchmarking and value optimisation.
* Building trusted relationships with senior client stakeholders, consultants and delivery partners.
* Ensuring robust financial governance and ethical commercial management across all commissions.
* Supporting sustainable project outcomes, including whole\-life cost and carbon considerations.
* Driving best practice and consistently uphold Mace's values and professional standards.
* Directing and mentor cost management teams, promoting excellence and continuous improvement.
* Contributing to the development of life sciences cost management capability across Mace.
* Sharing knowledge and best practice through Mace's Centres of Excellence and global sector networks.
* Supporting innovation, digital cost management tools and data\-driven decision making.

**You’ll need to have:**


* Significant cost management experience within the Life Sciences, Pharmaceutical, Biotechnology, Healthcare or Advanced Technology sectors.
* Experience delivering projects involving laboratory facilities with CL1\-CL4 containment environments (experience across a selection of containment levels is acceptable)
* Strong cost planning, estimating, procurement and commercial management expertise.
* Experience working on highly serviced, technically complex facilities.
* Ability to engage confidently with senior client stakeholders and multidisciplinary project teams.
* Degree qualified in Quantity Surveying, Cost Management or a related discipline.
* Full right to work in the relevant location and willingness to travel as required.
* Professional qualification such as MRICS or equivalent.
* Strong commercial and financial acumen.
* Knowledge of value engineering, benchmarking, lifecycle costing and construction contract frameworks.
* Experience managing or mentoring cost management teams.
* Understanding of GMP, regulatory requirements and project delivery within operational or regulated environments.
* Appreciation of sustainability, low\-carbon design and whole\-life value considerations.

**Our values**


**Safety first \- Going home safe and well:** We champion a safe, diverse and inclusive working environment, understanding the importance of wellbeing in every team.


**Client focus \- Deliver on our promise:** We own the quality of deliverables, strategic outcomes and build long term relationships with our clients.


**Integrity \- Always do the right thing:** We influence positive outcomes within our industry, while always aligning with our compliance obligations.


**Create opportunity \- For our people to excel:** Wechampion a continuous improvement culture throughout all activities, inspiring our people and teams to develop.
  

  

Mace is an inclusive employer and welcomes interest from a diverse range of candidates. Even if you feel you do not fulfil all the criteria, please apply as you may still be the best candidate for this role or another role within our organisation.
  

  

We are also open to discussing part time, flexible, and hybrid working options if suitable with\-in the role.


\#LI\-Onsite","","https://it.indeed.com/cmp/Mace-Group","https://d2q79iu7y748jz.cloudfront.net/s/_squarelogo/256x256/4abbdc329f0df86b886a438ce7d494da","","","","","","","","","","","","regulatory manager"
"in-21c54bfb53f977cc","indeed","https://it.indeed.com/viewjob?jk=21c54bfb53f977cc","https://ontarget.recruitee.com/o/aircraft-operations-project-manager-maintenance?source=Indeed","Aircraft Operations Project Manager - Maintenance","OnTarget Communications","Roma, LAZ, IT","2026-07-27","fulltime","","","","","",False,"","","","","**Model**: Onsite

**Scope**: Full Time, Fully Employed

**Location : Switzerland**

**Description:**


The Maintenance Project Engineer / Manager will be responsible for leading and managing aircraft maintenance projects from contract signature through aircraft redelivery. Acting as the primary customer and internal point of contact, the role ensures projects are delivered safely, on time, within budget, and in full compliance with regulatory and company requirements.

**Key Responsibilities**

* Lead and manage assigned maintenance projects, ensuring operational, schedule, quality, and financial targets are achieved
* Serve as the main point of contact for customers and internal stakeholders before, during, and after the project
* Plan and coordinate all project phases, including manpower, scheduling, planning, tooling, materials, and logistics
* Prepare, maintain, and communicate project schedules, milestones, critical paths, and Gantt charts
* Organize and chair project meetings, including pre\-input, internal progress, and customer review meetings
* Coordinate activities between production, planning, purchasing, logistics, engineering, workshops, customers, and subcontractors
* Manage aircraft induction and redelivery processes, including the review and resolution of incoming findings and project issues
* Monitor project costs, man\-hour budgets, resource allocation, and financial performance
* Support the identification and implementation of effective solutions for unexpected findings or schedule impacts
* Ensure compliance with Part 145, Part 21, MOE, DO\-Handbook, PO\-Handbook, and applicable airworthiness regulations
* Develop and improve maintenance project management procedures, tools, and processes to enhance efficiency and productivity
* Promote cross\-functional collaboration, continuous improvement, and the achievement of customer expectations
* Report to the Manager of Maintenance Project Management

 **Qualifications**

* BSc in Aeronautical Engineering or equivalent
* Working experience as a Project Manager and/or a leadership role within a MRO environment
* 5\+ years in the aerospace industry
* Current certifications: Human Factors (HF), Fuel Tank Safety (FTS), Electrical Wiring Interconnection Systems (EWIS), Part 145 Continuation Training","","https://it.indeed.com/cmp/Ontarget-Communications","","","","","","","","","","","","","regulatory manager"
"in-97c2e6353419e42a","indeed","https://it.indeed.com/viewjob?jk=97c2e6353419e42a","https://jobs.smartrecruiters.com/AbbVie/3743990014250196-senior-program-manager","Senior Program Manager","AbbVie","Campoverde, LAZ, IT","2026-07-23","fulltime","","","","","",False,"","","","","**Company Description** **About AbbVie**


AbbVie's mission is to discover and deliver innovative medicines and solutions that solve serious health issues today and address the medical challenges of tomorrow. We strive to have a remarkable impact on people's lives across several key therapeutic areas including immunology, oncology and neuroscience \- and products and services in our Allergan Aesthetics portfolio. For more information about AbbVie, please visit us at www.abbvie.com. Follow @abbvie on LinkedIn, Facebook, Instagram, X and YouTube.

 **Job Description** **Purpose:**


The ME\&C (Manufacturing, Engineering \& Contracting) Program Manager is an experienced leader responsible for managing large global projects across disciplines and multiple manufacturing locations. This person has previous project management experience and is working on expanding into managing various projects.


This individual provides leadership and coordinated project management for all manufacturing and/or technical activities needed to ensure successful tech transfer and commercialization of the assigned products by integrating the efforts of R\&D, PDS\&T, Quality, Supply Chain, Regulatory.


This position specifically supports Oncology programs and will require Biologics experience.


After product launch, this individual is responsible for managing the capacity strategy for the product, assurance of supply programs and cost reduction initiatives across the network.

**Responsibilities:**

* Assemble and lead matrixed cross\-functional teams comprised of scientist and engineers responsible for all operational aspects of process development, manufacturing, quality assurance and quality control spanning multiple sites
* Implement site transfers, new indications, new presentations and lifecycle projects for on market programs on time and within budget for Oncology biologics programs
* Proactively identify and drive technical and project plan related issues to closure by working with all relevant functional lines and effectively troubleshooting and driving decisions
* Manage multiple projects concurrently, operating with minimal supervision
* Understand project drivers, requirements, scenarios and options. Proactively drive development of contingency and/or risk mitigation plans.
* Manage competing timelines and make difficult decisions regarding priorities among projects.
* Effectively communicate and present project status to Operations senior management and stakeholders
* Accountable for setting program and project plans, including timelines and expenses, that meet business and organizational objectives and ensuring those plans are achieved.
* Define budget requirements and report monthly actuals, LBE, and Plan/LRP schedules per financial schedule

 **Qualifications** **Qualifications:**


Bachelor’s Degree in Engineering, science, or closely related discipline, or equivalent technical experience plus demonstrated competence

* 10\+ years of combined experience in positions related to process development, project management, engineering/process support and manufacturing
* Must have strong knowledge of GMP Manufacturing, Supply Chain, Validation, Engineering, CMC technical development and pharmaceutical regulations
* Must have demonstrated organizational and planning skills, excellent verbal and written communication skills
* Must have demonstrated strong project management skills with successful delivery of projects
* Must be able to effectively facilitate the resolution of complex scientific, technical, analytical and business issues across functional lines
* Plant experience a must
* PMP certification a plus
* Proficiency in multiple languages a plus

  

**Additional Information**  

Applicable only to applicants applying to a position in any location with pay disclosure requirements under state or local law:


* The compensation range described below is the range of possible base pay compensation that the Company believes in good faith it will pay for this role at the time of this posting based on the job grade for this position. Individual compensation paid within this range will depend on many factors including geographic location, and we may ultimately pay more or less than the posted range. This range may be modified in the future.
* We offer a comprehensive package of benefits including paid time off (vacation, holidays, sick), medical/dental/vision insurance and 401(k) to eligible employees.
* This job is eligible to participate in our long\-term incentive programs.


Note: No amount of pay is considered to be wages or compensation until such amount is earned, vested, and determinable. The amount and availability of any bonus, commission, incentive, benefits, or any other form of compensation and benefits that are allocable to a particular employee remains in the Company's sole and absolute discretion unless and until paid and may be modified at the Company’s sole and absolute discretion, consistent with applicable law.


AbbVie is an equal opportunity employer and is committed to operating with integrity, driving innovation, transforming lives and serving our community. Equal Opportunity Employer/Veterans/Disabled.


US \& Puerto Rico only \- to learn more, visit https://www.abbvie.com/join\-us/equal\-employment\-opportunity\-employer.html


US \& Puerto Rico applicants seeking a reasonable accommodation, click here to learn more:


https://www.abbvie.com/join\-us/reasonable\-accommodations.html","Pharmaceuticals","https://it.indeed.com/cmp/Abbvie","https://d2q79iu7y748jz.cloudfront.net/s/_squarelogo/256x256/140bdbe2ba6f25c02e0f44c4c42f72bb","https://www.abbvie.com","1 N. Waukegan Road
North Chicago, Illinois 60064","10,000+","more than $10B (USD)","","","","","","","","regulatory manager"
"in-e966206e0900ecf0","indeed","https://it.indeed.com/viewjob?jk=e966206e0900ecf0","https://jsv3.recruitics.com/redirect?rx_cid=3436&rx_jobId=R-01225634_1003_rxr-9&rx_url=https%3A%2F%2Fjobs.thermofisher.com%2Fglobal%2Fen%2Fjob%2FR-01225634%2FSenior-CRA%3Frx_a%3D0%26rx_c%3D%26rx_ch%3Djobp4p%26rx_group%3D123525%26rx_id%3D6d7e2d75-862d-11f1-89f5-c7954fc5a5eb%26rx_job%3DR-01225634_1003_rxr-9%26rx_medium%3Dcpc%26rx_r%3Dnone%26rx_source%3Dindeed%26rx_ts%3D20260729T080406Z%26rx_vp%3Dcpc%26utm_medium%3Dppc%26utm_source%3Drecruitics_indeedorganic","Senior CRA","Thermo Fisher Scientific","Roma, LAZ, IT","2026-07-22","fulltime","","","","","",True,"","","","","**Work Schedule**


Other**Environmental Conditions**


Office**Job Description**


At PPD, part of Thermo Fisher Scientific, you’ll discover meaningful work that makes a positive impact on a global scale. Join our colleagues in bringing our Mission to life \- enabling our customers to make the world healthier, cleaner and safer. We provide our teams with the resources needed to achieve individual career goals while taking science a step beyond through research, development and delivery of life\-changing therapies. With clinical trials conducted in 100\+ countries and ongoing development of novel frameworks for clinical research through our PPD clinical research portfolio, our work spans laboratory, digital and decentralized clinical trial services. Your determination to deliver quality and accuracy will improve health outcomes that people and communities depend on – now and in the future.


This is a great opportunity for experienced Senior CRA's currently working within the life science sector for pharmaceutical companies, biotech companies or CRO's to work with a world\-leading CRO across multiple sponsors, various protocols and therapy areas.


These roles can be performed remotely for CRA's based close to our clinical 'hubs': **Milan, Bologna, Florence, Rome** and **Naples.** Travel requirement will be national across Italy.

**Essential Functions:**
------------------------

* Monitors investigator sites with a risk\-based monitoring approach: applies root cause analysis (RCA), critical thinking and problem\-solving skills to identify site processes failure and corrective/preventive actions to bring the site into compliance and decrease risks.
* Ensures data accuracy through SDR, SDV and CRF review as applicable through on\-site and remote monitoring activities.
* Assess investigational product through physical inventory and records review.
* Documents observations in reports and letters according to timelines using approved business writing standards.
* Escalates observed deficiencies and issues to clinical management expeditiously and follows all issues through to resolution. May need to maintain regular contact between monitoring visits with investigative sites to confirm that the protocol is being followed, that previously identified issues are being resolved and that the data is being recorded in a timely manner.
* Participates in the investigator payment process. Ensures a shared responsibility with other project team members on issues/findings resolution. Investigates and follows\-up on findings as applicable.
* Participates in investigator meetings as necessary. Identifies potential investigators in collaboration with the client company to ensure the acceptability of qualified investigative sites.
* Initiates clinical trial sites according to the relevant procedures to ensure compliance with the protocol and regulatory and ICH GCP obligations, making recommendations where warranted. Performs trial close out and retrieval of trial materials.
* Ensures that required essential documents are complete and in place, according to ICH\-GCP and applicable regulations. Conducts on\-site file reviews as per project specifications.
* Provides trial status tracking and progress update reports to the Clinical Team Manager (CTM) as required. Ensures study systems are updated per agreed study conventions (e.g. Clinical Trial Management System).
* Contributes to the project team by assisting in preparation of project publications/tools and sharing ideas/suggestions with team members.
* Contributes to other project work and initiatives for process improvement, as required.

**Education and Experience:**
-----------------------------

* University degree in a science related field
* CRA Qualified as per the Ministerial Decree dated 15/11/2011 and **at least 3 years** of independent monitoring experience in clinical development phases II\-IV
* Understanding of ICH\-GCP, EU and FDA requirements
* Fluency in English and in Italian
* Valid Driver's License

**Knowledge, Skills and Abilities:**
------------------------------------

* Proven clinical monitoring skills
* Demonstrated understanding of medical/therapeutic area knowledge and medical terminology
* Demonstrated ability to attain and maintain a working knowledge of ICH GCPs, applicable regulations and procedural documents
* Well\-developed critical thinking skills, including but not limited to: critical mindset, in\-depth investigation for appropriate root cause analysis and problem solving
* Ability to manage Risk Based Monitoring concepts and processes
* Good oral and written communication skills, with the ability to communicate effectively with medical personnel
* Ability to maintain customer focus through the utilization of good listening skills, attention to detail and the ability to perceive customers’ underlying issues
* Good organizational and time management skills
* Effective interpersonal skills
* Attention to detail
* Ability to remain flexible and adaptable in a wide range of scenarios
* Ability to work in a team or independently as require
* Good computer skills: solid knowledge of Microsoft Office and the ability to learn appropriate software


As well as being rewarded a competitive salary, we have an extensive benefits package based around the health and well\-being of our employees. We have a flexible working culture, where PPD truly value a work\-life balance. We’ve grown sustainably year on year but continue to offer a collaborative environment, with teams of colleagues eager to share expertise and have fun together. We are a global organization but with a local feel.

**Our 4i Values:**

**Integrity – Innovation – Intensity – Involvement**


If you resonate with our 4i values above, and ultimately wish to accelerate the delivery of safe and effective therapeutics for some of the world’s most urgent health needs, submit your application – we’d love to hear from you!","Industrial Manufacturing","https://it.indeed.com/cmp/Thermo-Fisher-Scientific","https://d2q79iu7y748jz.cloudfront.net/s/_squarelogo/256x256/65bd2e4bebb79b1432ac3277ffd57ae7","https://www.thermofisher.com/","168 Third Avenue, Waltham, MA USA 02451","10,000+","more than $10B (USD)","At Thermo Fisher Scientific, our professionals develop critical solutions—and build rewarding careers.","","","","","","","regulatory manager"
"in-0b33bc19a2610318","indeed","https://it.indeed.com/viewjob?jk=0b33bc19a2610318","https://careers.kpmg.it/job/Roma-Payroll-Specialist-Roma/1367867857/","Payroll Specialist | Roma","KPMG","Roma, LAZ, IT","2026-07-28","","","","","","",False,"","","","","**Payroll Specialist \| Roma**

  


*The chance to build a better future is right in front of you*

  


**KPMG Fides Servizi di Amministrazione** offre servizi professionali nell'ambito dei processi amministrativi, contabili e fiscali. Svolge un ruolo chiave nella riprogettazione dei modelli di reporting e nell'armonizzazione dei processi di contabilità gestionale.

  



KPMG Fides conta oltre **300 professionisti** distribuiti in quattro sedi ed è in continua crescita. In qualità di società del network KPMG in Italia specializzata nei servizi amministrativi, contabili e fiscali, supporta importanti aziende italiane e internazionali nelle attività di amministrazione, finanza e controllo. L'azienda contribuisce a individuare nuove opportunità, riprogettare i modelli di reporting e armonizzare i processi di contabilità gestionale.

  



In KPMG crediamo fortemente nell'investimento sui giovani talenti, fornendo loro le competenze necessarie per diventare professionisti affidabili e di valore. Entrando a far parte di uno dei team Accounting di KPMG, collaborerai a stretto contatto con aziende leader, supportandole attraverso un approccio integrato alla compliance amministrativa, traducendo gli obblighi normativi, fiscali e procedurali in processi contabili, fiscali e legali.

  



Nello specifico, entrando a far parte del team di Roma, ti occuperai di:

  


* Elaborazione mensile delle buste paga;
* Gestione degli adempimenti normativi relativi ad aziende e dipendenti;
* Adempimenti verso **INPS** e **INAIL**;
* Predisposizione delle **Certificazioni Uniche (CU)**;
* Predisposizione del **Modello 770**;
* Gestione dell'**autoliquidazione INAIL**;
* Calcolo dei contributi previdenziali;
* Supporto e consulenza attraverso il costante monitoraggio della normativa italiana e internazionale in materia contrattuale, contributiva e fiscale relativa ai lavoratori.

  


***Come As You Are \- Your skills and characteri******stics***

  



Questa opportunità è ideale se possiedi:

  


* Laurea in discipline economiche o giuridiche;
* Solida esperienza nella gestione di paghe e contributi, preferibilmente maturata presso studi professionali;
* Formazione specifica e costante aggiornamento sulla normativa del lavoro e sulla sua corretta applicazione;
* Ottima conoscenza del pacchetto Microsoft Office, in particolare di **Excel**;
* Flessibilità, eccellenti capacità relazionali e attitudine al lavoro di squadra;
* Ottima conoscenza della lingua inglese.

  


***Your Future With Us \- What you’l******l find at KPMG***
-----------------------------------------------------------

  


* Un ambiente di lavoro inclusivo ed equo, che valorizza e rispetta la diversità;
* Modalità di lavoro ibrida, per favorire un sano equilibrio tra vita privata e professionale;
* Percorsi di formazione e sviluppo continuo per mantenere competenze sempre aggiornate;
* Contesto internazionale e progetti innovativi;
* Iniziative dedicate al benessere mentale e fisico delle persone.

  



Inquadramento ai sensi del CCNL Commercio, RAL indicativa compresa tra € 25\.500 e € 31\.500, determinata sulla base di criteri oggettivi con riferimento specifico alle competenze e all’esperienza del profilo rispetto ai requisiti della posizione.

In ottemperanza alla normativa vigente, non raccogliamo né utilizziamo informazioni sulle retribuzioni percepite in rapporti di lavoro attuali o precedenti. Le nostre procedure di selezione sono, inoltre, improntate a criteri oggettivi e neutrali rispetto al genere.  


***Together for Better – Our values and commitment***
-----------------------------------------------------

  



Leadership, lavoro di squadra, rispetto per ogni individuo, apprendimento continuo, trasparenza, impegno verso la comunità e integrità: sono questi i valori di KPMG, che creano un ambiente di lavoro favorevole alla condivisione di idee e conoscenze, permettendo a ogni professionista di esprimere al massimo il proprio potenziale.

  



Grazie all’impegno nel favorire un **ambiente di lavoro inclusivo**, il nostro Network risulta conforme agli standard dei requisiti **ISO 30415**, sul Sistema di Gestione per la Diversità e l’Inclusione, e **UNI PdR 125**, relativa alla parità di genere.

  



All'interno dell'**Impact Plan** sono raccolte le principali azioni concrete che KPMG sta portando avanti sui temi ambientali, sociali e di governance (ESG).

  


**Join us!**
------------

  



I tuoi dati personali saranno trattati nel pieno rispetto del **Regolamento (UE) n. 679/2016 (GDPR)** e successive modifiche. Per maggiori informazioni è possibile consultare l'informativa privacy di KPMG.

  



**Payroll Specialist \| Rome**

  


*The chance to build a better future is right in front of you*

  


***Do Work That Matters \- Your role and responsibilities***

  


**KPMG Fides Servizi di Amministrazione** provides professional services for administrative, accounting and tax processes. It plays a key role in redesigning reporting models and harmonising management accounting processes.

  



KPMG Fides has over 300 professionals across four locations and continues to grow. As the Italian company of the KPMG network providing professional services for administrative, accounting and tax processes, KPMG Accounting supports leading Italian and international companies with administration, finance and control. It plays a key role in identifying potential opportunities, redesigning reporting models and harmonising management accounting processes. At KPMG, we aim to invest in young people to equip them with the solid skills they need to become trusted, reliable professionals. By joining one of KPMG’s Accounting teams, you will work closely with leading companies, assisting them with an integrated compliance approach to administrative activities to translate the various legislative, regulatory and procedural requirements into accounting, tax and legal processes.

  



Specifically, by joining the **Rome** team, you will be involved in **payroll activities**, including:

  


* monthly processing of pay slips;
* regulatory compliance for companies and employees;
* INPS (Italian social security institution)/INAIL (National institute for insurance against accidents at work) fulfilments;
* CU forms;
* 770 forms;
* INAIL reverse charge;
* calculation of contributions;
* assistance via ongoing monitoring of Italian and international regulations on contractual, contribution and tax issues for employees.

  


***Come As You Are \- Your skills and characteristics***

  



This is the perfect opportunity for you if you have:

  


* a degree in business or legal subjects;
* a strong track record in payroll and contributions, preferably in professional firms;
* appropriate training and constant updates with respect to all labour laws and their correct application;
* excellent knowledge of the Microsoft Office suite, specifically Excel;
* flexibility, excellent interpersonal and teamwork skills;
* excellent knowledge of English.

  


***Your Future With Us \- What you’ll find at KPMG***

  


* An **inclusive** and equitable **work environment** that respects, encourages and values **diversity**
* **Hybrid** work arrangements to promote a healthy work\-life balance.
* Advanced **training** and development programmes to stay current.
* **International mindset** and **innovative projects.**
* Initiatives focused on **mental and physical well\-being.**

  



Standard employment contract under the collective labour agreement for the commerce sector, with a gross annual salary ranging from €25,500 to €31,500\. The salary is determined on the basis of objective criteria, including the candidate’s skills and experience assessed against the requirements of the role. In accordance with applicable legislation, we do not collect or use information relating to remuneration received in current or previous employment. Our selection procedures are based on objective and gender\-neutral criteria.

  

  

***Together for Better – Our values and commitment***

  



Leadership, teamwork, respect every individual, continuous learning, transparency, commitment to the community and integrity. These are the **KPMG** **values** that create an environment that encourages the sharing of ideas and knowledge, so our professionals can **achieve their full potential**.

  



As a result of our commitment to fostering an **inclusive work** environment, our Network complies with the standards of the **ISO 30415** requirements, on the Diversity and Inclusion Management System, and **UNI PdR 125**, relating to gender equality. Within our **Impact Plan** \- Our Impact Plan (kpmg.com) \- you will find summarised all the concrete actions we are taking on environmental, social and governance (ESG) issues.

  


**Join us!**

  


*Your data will be processed in full compliance with the provisions of Regulation (EU) no. 679/2016 (General Data Protection Regulation \- “GDPR”), as amended. For more information, please see KPMG’s privacy policy**.*


*KPMG Fides servizi di Amministrazione S.p.A. is an equal opportunity employer.*","","https://it.indeed.com/cmp/Kpmg-0828bc85","https://d2q79iu7y748jz.cloudfront.net/s/_squarelogo/256x256/d7b7fd1f635973534d21ba35d6f99c18","http://www.kpmg.com","Berlin","10,000+","$1B to $5B (USD)","At KPMG, you'll be able to tap into your skills, expertise and passion to help organizations find sustainable solutions to the world's most pressing issues.","","","","","","","regulatory specialist"
"in-532f6d7f426bd61f","indeed","https://it.indeed.com/viewjob?jk=532f6d7f426bd61f","https://jobs.fao.org/careersection/fao_external/jobdetail.ftl?job=2601576&tz=GMT-05%3A00&tzname=America%2FChicago","GHG Accounting Specialist","Food and Agriculture Organization of the United Nations","Roma, LAZ, IT","2026-07-27","internship","","","","","",False,"","","","","Job Posting: 27/Jul/2026
Closure Date: 17/Aug/2026, 4:59:00 PM
Organizational Unit: OED
Job Type: Non\-staff opportunities
Type of Requisition: Consultant / PSA (Personal Services Agreement)
Grade Level: N/A
Primary Location: Italy\-Rome
Duration: Up to 11 months (renewable subject to performance and availability of funds)
Post Number: N/A
IMPORTANT NOTICE: Please note that Closure Date and Time displayed above are based on date and time settings of your personal device  

* FAO is committed to achieving workforce diversity in terms of gender, nationality, background and culture.
* Qualified female applicants, qualified nationals of non\-and under\-represented Members and person with disabilities are encouraged to apply;
* Everyone who works for FAO is required to adhere to the highest standards of integrity and professional conduct, and to uphold FAO's values
* FAO, as a Specialized Agency of the United Nations, has a zero\-tolerance policy for conduct that is incompatible with its status, objectives and mandate, including sexual exploitation and abuse, sexual harassment, abuse of authority and discrimination
* All selected candidates will undergo rigorous reference and background checks
* All applications will be treated with the strictest confidentiality

*FAO’s commitment to environmental sustainability is integral to our strategic objectives and operations.* **Organizational Setting**


The Food and Agriculture Organization of the United Nations (FAO) contributes to the achievement of the 2030 Agenda through FAO Strategic Framework by supporting the transformation to MORE efficient, inclusive, resilient and sustainable agrifood systems, for better production, better nutrition, a better environment, and a better life, leaving no one behind.


The independent Office of Evaluation (OED) conducts independent evaluations of FAO’s strategies, programmes, and projects at the global, regional, and national levels. OED is led by a Director who reports to the FAO Governing Bodies and the Director\-General, and is mandated to generate credible and useful evidence to inform decisions, support oversight, and contribute to accountability. OED evaluates FAO strategies, initiatives, programmes, and projects covering strategic, thematic, country programme, and project evaluations.  

As part of its mandate, OED evaluates projects addressing climate change mitigation and adaptation, including a growing number of projects funded by the Global Environment Facility (GEF) and the Green Climate Fund (GCF) in the Agriculture, Forestry and Other Land Use (AFOLU) sector. These projects routinely involve ex\-ante and ex\-post greenhouse gas (GHG) estimates produced using tools such as EX\-ACT (Environmental eXternalities ACcounting Tool), NEXT (Nationally Determined Contribution Expert Tool), GLEAM (Global Livestock Environmental Assessment Model) and the IPCC GHG Inventory Software.  

While all three tools may produce IPCC\-consistent estimates for AFOLU projects, they differ substantially in methodological depth, scope, scenario\-handling capabilities, and intended use.

 **Reporting Lines**


The GHG Accounting Specialist will report directly to the OED Director and to the OED Better Environment Coordinator. The Specialist will work in close coordination with the OED GCF Coordinator, and with OED Lead Evaluators and Evaluation Managers, and will liaise as needed with FAO technical divisions (including ESA, OCB and CFI), GHG tool developers, and external evaluation consultants.

 **Technical Focus**


GHG accounting and carbon flux estimation in the AFOLU sector; application and critical assessment of GHG accounting tools (EX\-ACT, IPCC Inventory Software, NEXT, GLEAM); alignment with IPCC Guidelines (2006, 2013 Wetlands Supplement, 2019 Refinement); methodological guidance and quality assurance for project\-level GHG estimates in FAO/GCF/GEF evaluations; and capacity development for OED staff and evaluation consultants.

 **Tasks and responsibilities**


The GHG Accounting Specialist will be responsible for the following:

*Technical Advisory and Methodological Guidance*

* Provide systematic technical guidance to OED staff and external evaluation consultants on the appropriate selection, application, and interpretation of GHG accounting tools (EX\-ACT, IPCC Inventory Software, NEXT) across different project phases (design, mid\-term, final/ex\-post).
* Conduct a comparative analysis of results when using different approaches to measuring GHG emissions or reductions in emissions, specifically the IPCC Inventory Software, IPCC, and EX\-ACT.
* Advise on the harmonization of inputs, emission factors, tier levels, and scenario assumptions when cross\-validating GHG estimates produced by different tools or different evaluators across the portfolio.
* Assist in identifying methodological divergences, calculation errors, or data gaps in project\-level GHG assessments submitted to OED, and advise on corrective actions.
* Stay current with updates to GHG accounting tools, IPCC Guideline revisions, and evolving donor expectations for GHG reporting under the Enhanced Transparency Framework (ETF), and communicate relevant changes to OED staff.

*Quality Review of GHG Estimates in OED Evaluations*

* Review and validate GHG estimates (ex\-ante, mid\-term and ex\-post) included in FAO projects evaluated by OED, particularly GCF\- and GEF\-funded projects, ensuring consistency with IPCC Guidelines.
* Verify the completeness, accuracy, transparency, and comparability of GHG accounting applied in evaluated projects, covering all relevant AFOLU categories (land\-use change, forestry, livestock, soils) and carbon pools (above\-ground biomass, below\-ground biomass, soil organic carbon, dead organic matter, harvested wood products).
* Assess whether the tier level (Tier 1, 2, or 3\) and the land representation (Approach 1, 2 or 3\) applied are appropriate given available data, project scale, and reporting requirements, and flag cases where a simplified approach may materially affect results.
* Apply cross\-validation practices by re\-running or spot\-checking GHG estimates using a second tool where feasible, and by cross\-checking data sources against national statistics, default IPCC values, or field measurements, in line with Recommendation 5 of the Comparative Study.
* Identify non\-AFOLU components of a project (e.g. Energy, Waste, Industrial Processes and Product Use (IPPU)) and advise on how these should be addressed in the GHG accounting. (recognizing that AFOLU source/sink categories and carbon pools are unlikely to cover the entire set of emission sources associated with a project in agriculture or forestry);

*Transparency and Documentation*

* Support the development and roll\-out of OED’s standardized guidance document for methodological choices, capturing: assumptions and emission factors used; data sources and their justification; tiers and approaches applied; parameters and units; and comparison notes where multiple tools or sources are used.
* Maintain or contribute to a decision log for methodological choices made in OED evaluations, improving auditability and consistency across the portfolio.
* Ensure that any differences between OED’s re\-estimated GHG figures and original project estimates are clearly documented, explained, and reflected in evaluation reports.

*Capacity Development and Helpdesk Support*

* Provide targeted technical training to OED staff and external consultants to build familiarity with EX\-ACT, the IPCC Inventory Software, and NEXT, and with OED’s methodological standards for GHG\-related evaluation findings.
* Serve as an internal helpdesk resource, responding to technical queries from OED evaluators and consultants during active evaluations involving GHG accounting.
* Contribute to the development of training materials, methodological annexes, and guidance notes that facilitate consistent tool selection and application across OED’s evaluation portfolio.
* Collaborate with the evaluation team integrating GHG\-related indicators and data into baseline, midterm, and final evaluation survey instruments, ensuring that data collected are suitable for ex\-ante and ex\-post GHG quantification.
* Liaise as needed with FAO technical divisions (ESA, OCB), tool developers (IPCC TFI, ESA, OCB), and external institutions (GCF, GEF) to ensure OED’s guidance remains aligned with current best practice.

*Strategic Support to OED Climate and Environment Evaluations*

* Advise OED management on the criteria for identifying projects that require use of the IPCC Inventory Software for alignment with National Greenhouse Gas Inventories (NGHGIs) and the ETF, including the NDCs and thresholds related to project scale, duration, sectoral contribution, and budget (Recommendation 4 of the Comparative Study).
* Support OED’s engagement with national partners, ministries, and NGHGI teams to facilitate earlier alignment of project data with national reporting needs, where relevant to ongoing evaluations.
* Contribute, as requested, to OED’s participation in system\-wide evaluation initiatives and to the development of methodological guidance for climate\-related evaluations across the UN system.

 **CANDIDATES WILL BE ASSESSED AGAINST THE FOLLOWING**

 **Minimum Requirements**

* Advanced University degree/University degree from an institution recognized by the International Association of Universities (IAU)/UNESCO in environmental science, climate change, natural resource management, forestry, agronomy, agricultural economics, or a closely related discipline relevant to the work of the Organization. Consultants with bachelor's degree need two additional years of relevant professional experience
* At least seven (7\) years of relevant professional experience in GHG accounting, carbon flux estimation, or climate change mitigation assessment, with demonstrated focus on the AFOLU sector.


o Demonstrated practical experience with at least two of the three tools covered in OED’s Comparative Study: EX\-ACT, the IPCC Inventory Software, and/or NEXT.  

* Working knowledge (Level C) of English is required; working knowledge of French, Spanish, Arabic, Chinese or Russian is desirable

 **FAO Core Competencies**

* Results Focus
* Teamwork
* Communication
* Building Effective Relationships
* Knowledge Sharing and Continuous Improvement

 **Technical/Functional Skills**

* In\-depth knowledge of the IPCC Guidelines for National Greenhouse Gas Inventories (2006 Guidelines, 2013 Wetlands Supplement, 2019 Refinement), including tier levels, carbon pools, and AFOLU methodologies for land\-use change, forestry, livestock, and soil organic carbon.
* Ability to critically assess the methodological quality, completeness, transparency, and comparability of project\-level GHG estimates against IPCC principles.
* Experience with scenario analysis for climate mitigation projects, including baseline/BAU scenario development and estimation of mitigation potential across different project phases.
* Familiarity with GCF and GEF requirements for GHG accounting and reporting in project design, monitoring, and evaluation.
* Understanding of the Enhanced Transparency Framework (ETF) under the Paris Agreement and its implications for project\-level reporting and alignment with NGHGIs and NDCs.
* Ability to communicate complex methodological findings clearly to non\-specialist audiences, including evaluation managers, donor representatives, and country partners.
* Experience working in or with a monitoring, evaluation, or quality assurance function within a development or multilateral organization is an advantage.
* Work experience in more than one country or regional context, particularly in countries with significant AFOLU sectors (Sub\-Saharan Africa, Latin America, South and Southeast Asia, Eastern Europe and the Caucasus), is desirable.

 **Selection Criteria**

* Extent and depth of hands\-on experience applying EX\-ACT, the IPCC Inventory Software, NEXT and/or GLEAM, to real project or country\-level datasets in the AFOLU sector, including also experience in monitoring rangeland emissions.
* Demonstrated ability to identify and document methodological divergences across GHG accounting tools and to advise on harmonization of inputs and assumptions.
* Proven experience developing or contributing to methodological guidance, training materials, or quality assurance frameworks for GHG accounting in a multilateral or development finance context.
* Demonstrated understanding of the relationship between project\-level GHG estimates and national inventory reporting under the UNFCCC/Paris Agreement framework.

  

Please note that all candidates should adhere to FAO Values of Commitment to FAO, Respect for All and Integrity and Transparency

 **ADDITIONAL INFORMATION*** FAO does not charge any fee at any stage of the recruitment process (application, interview, processing)
* Please note that FAO will only consider academic credentials or degrees obtained from an educational institution recognized in the IAU/UNESCO list
* Please note that FAO only considers higher educational qualifications obtained from an institution accredited/recognized in the World Higher Education Database (WHED), a list updated by the International Association of Universities (IAU) / United Nations Educational, Scientific and Cultural Organization (UNESCO). The list can be accessed at http://www.whed.net/
* For more information, visit the FAO employment website
* Appointment will be subject to certification that the candidate is medically fit for appointment, accreditation, any residency or visa requirements, and security clearances.

 **HOW TO APPLY*** To apply, visit the recruitment website at Jobs at FAO and complete your online profile. We strongly recommend that your profile is accurate, complete and includes your employment records, academic qualifications, and language skills
* Candidates are requested to attach a letter of motivation to the online profile
* Once your profile is completed, please apply, and submit your application
* Please note that FAO only considers higher educational qualifications obtained from an institution accredited/recognized in the World Higher Education Database (WHED), a list updated by the International Association of Universities (IAU) / United Nations Educational, Scientific and Cultural Organization (UNESCO). The list can be accessed at http://www.whed.net/. These qualifications should be in alignment with the International Standard Classification of Education (ISCED) mappings.

* Candidates may be requested to provide performance assessments and authorization to conduct verification checks of past and present work, character, education, military and police records to ascertain any and all information which may be pertinent to the employment qualifications
* Incomplete applications will not be considered
* Personal information provided on your application may be shared within FAO and with other companies acting on FAO’s behalf to provide employment support services such as pre\-screening of applications, assessment tests, background checks and other related services. You will be asked to provide your consent before submitting your application. You may withdraw consent at any time, by withdrawing your application, in such case FAO will no longer be able to consider your application
* Only applications received through the FAO recruitment portal will be considered
* Your application will be screened based on the information provided in your online profile
* We encourage applicants to submit the application well before the deadline date.

If you need help or have queries, please create a one\-time registration with FAO’s client support team for further assistance: **https://fao.service\-now.com/csp**

**FAO IS A NON\-SMOKING ENVIRONMENT**","","https://it.indeed.com/cmp/Food-and-Agriculture-Organization-of-the-United-Nations","https://d2q79iu7y748jz.cloudfront.net/s/_squarelogo/256x256/95322d664de7b475a6a8c6df19680a38","http://www.fao.org","Roma","1,001 to 5,000","","","","","","","","","qualified person"
"in-03f9d69d5db5ba3a","indeed","https://it.indeed.com/viewjob?jk=03f9d69d5db5ba3a","https://abb.wd3.myworkdayjobs.com/External_Career_Page/job/Dalmine-Bergamo-Italy/Field-Service-Technician---Switchgear_JR00042345-1","Field Service Technician - Switchgear","ABB","Frosinone, LAZ, IT","2026-07-24","","","","","","",False,"","","","","At **ABB**, we help industries run leaner and cleaner—and every person here makes that happen. You’ll be empowered to lead, supported to grow, and proud of the impact we create together. Join us and help run what runs the world.

**This position reports to:**


Service Team Leader
\_\_

**Your role and responsibilities**


The primary focus of this role will be on Low and Medium Voltage Switchgear, ensuring the highest standards of service, safety, and technical expertise throughout all field activities.


You will have the opportunity to execute service work as per work instructions and in accordance with ABB quality and safety guidelines. Each day, you will deliver quality customer service planning and execute service work as per customer order and expectation. You will also showcase your expertise by ensuring customer retention by effectively communicating service work timeline and expectations.  

  

The work model for the role is: \#LI\-Onsite.


You will be mainly accountable for:

* Performing maintenance, commissioning, and troubleshooting of low and medium voltage switchgear at customer sites, while applying ABB health and safety standards.
* Conducting inspections and preparing reports, including technical documentation and work summaries to be signed by customer representatives.
* Supervising external service teams and recommending improvements, such as equipment upgrades or procedural changes to enhance performance and customer satisfaction.
* Coordinating with management and customers, ensuring safety planning, documentation flow, and managing on\-site interventions across Italy (70%) and abroad (30%) for approximately 200 days per year.
**Qualifications for the role**

* You have at least 3/5 years of experience in the same field.
* You are qualified in reading schematic, electrical and wiring diagram.
* You work well both independently and as a part of a team. You seek solutions actively, instead of focusing on Problems.
* Technical Diploma or degree in electrical or electronical field.
* You are available to travel frequently and undertake business trips, both within Italy and abroad, according to project and customer requirements.
* You are at ease communicating in Italian and English, both written and spoken.
**Compensation Package**


As part of our commitment to transparency, we want to share the compensation details for this position:


Applicable CBA: Metalmeccanico


Minimum annual salary: € 33\.000,00


Variable Pay: Eligible for Company Productivity Bonus


The offer will be tailored based on your role location, experience, skills and qualifications, internal market positioning and alignment with ABB internal standards.

**Benefits as per policy**


Flexible working hours, hybrid work options, and a strong focus on work\-life integration and Wellbeing support for employees and their families. Welfare plan with a wide range of personalized services, Canteen provided.

**More about us**


Join us. Be part of the team where progress happens, industries transform, and your work shapes the world. Run What Runs the World.


\#ABBCareers \#RunwithABB


Building a cleaner, smarter future takes all kinds of minds: the curious, the courageous, and the creative. That's why we welcome people from all backgrounds and experiences.




Ready to make an impact?


Apply today or visit **https://www.abb.com** to learn more about the impact of our solutions across the globe.","","https://it.indeed.com/cmp/Abb","https://d2q79iu7y748jz.cloudfront.net/s/_squarelogo/256x256/6998783079e0a69c900c56473963cc0c","http://www.global.abb/group/en","Zürich","10,000+","more than $10B (USD)","","","","","","","","qualified person"
"in-fa425aef9415a0ce","indeed","https://it.indeed.com/viewjob?jk=fa425aef9415a0ce","https://jsv3.recruitics.com/redirect?rx_cid=3436&rx_jobId=R-01361566&rx_url=https%3A%2F%2Fjobs.thermofisher.com%2Fglobal%2Fen%2Fjob%2FR-01361566%2FEquipment-Validation-Lead%3Frx_a%3D0%26rx_c%3D%26rx_ch%3Djobp4p%26rx_group%3D123525%26rx_id%3D345dc321-86d5-11f1-a1d2-23443d13cfe2%26rx_job%3DR-01361566%26rx_medium%3Dcpc%26rx_r%3Dnone%26rx_source%3Dindeed%26rx_ts%3D20260729T080406Z%26rx_vp%3Dcpc%26utm_medium%3Dppc%26utm_source%3Drecruitics_indeedorganic","Equipment Validation Lead","Thermo Fisher Scientific","Ferentino, LAZ, IT","2026-07-23","fulltime","","","","","",False,"","","","","**Work Schedule**


Standard (Mon\-Fri)**Environmental Conditions**


Office**Job Description**


At Thermo Fisher Scientific team, you’ll discover impactful work, innovative thinking and a culture dedicated to working the right way, for the right reasons \- with the customer always top of mind. The work we do matters, like helping customers find cures for cancer, protecting the environment, making sure our food is safe and delivering COVID\-19 solutions. As the world leader in serving science, with the largest investment in R\&D in the industry, our colleagues are empowered to realize their full potential as part of a fast\-growing, global organization that values passion and unique contributions. Our commitment to our colleagues across the globe is to provide the resources and opportunities they need to make a difference in our world while building a fulfilling career with us.

**Location/Division Specific Information**
------------------------------------------


Ferentino, Italy

**Discover Impactful Work:**
----------------------------


Ensure the execution of the qualification activities of the Site Equipment reported in the written protocol. Assure the tests are in line with the main guidelines and GMP.

**A day in the Life:**
----------------------

* Perform the analysis and evaluation of technical documentation for system to be qualified in order to acquire information necessary for the issue of protocols and the execution of activities.
* Issue of qualification protocols (IQ\-OQ\-PQ Protocols), through research and acquisition of data and information necessary to define their contents.
* Lead the external consultants in order to assure the correct qualification of the system/equipment (IQ\-OQ\-PQ Protocols)
* Carry out the analysis of the qualification activities and issue the qualification reports (IQ\-OQ\-PQ report), in compliance with current regulations (current EU GMP, US GMP) and company quality standards.
* Support the Quality Department in preparing Customer Audits and Regulatory Inspections, providing necessary information and documentation.
* Collaborate with other Site Departments in order to achieve the goal of the company’s projects.
* Participate in calls/meetings with customers/clients to support the discussion on topics related to equipment qualification.
* Collaborate with the Supervisor to close on time all assigned project and review all the documents prepared by the qualification team.

**Keys to Success:**
--------------------

**Education**
-------------

* Technical / Scientific Degree (Mechanical Engineering, Chemical Engineering, CTF, Biomedical Engineering, Pharmacy, Industrial Chemistry)

**Experience**
--------------

* Experience in pharmaceutical industries
* At least 4 years’ experience in Equipment Qualification Department

**Knowledge, Skills, Abilities**
--------------------------------

* Knowledge of the main pharmaceutical machines/systems
* Fluent in English
* Good Team\-worker
* Good problem\-solving abilities
* Proficiency in Microsoft Office suite and electronic systems such as Documentum and Trackwise
* Be prepared to work with conflicting priorities, under time constraints and in a dynamic team environment

**Benefits**
------------


We offer competitive remuneration, annual incentive plan bonus, healthcare, and a range of employee benefits. Thermo Fisher Scientific offers employment with an innovative, forward\-thinking organization, and outstanding career and development prospects. We offer an exciting company culture that stands for integrity, intensity, involvement, and innovation!


Our Mission is to enable our customers to make the world healthier, cleaner and safer. Watch as our colleagues explain 5 reasons to work with us. As one team of 100,000\+ colleagues, we share a common set of values \- Integrity, Intensity, Innovation and Involvement \- working together to accelerate research, solve complex scientific challenges, drive technological innovation and support patients in need. \#StartYourStory at Thermo Fisher Scientific, where diverse experiences, backgrounds and perspectives are valued.

**Apply today! http://jobs.thermofisher.com**
---------------------------------------------


Thermo Fisher Scientific is an EEO/Affirmative Action Employer and does not discriminate on the basis of race, color, religion, sex, sexual orientation, gender identity, national origin, protected veteran status, disability or any other legally protected status.

**Accessibility/Disability Access**
-----------------------------------


Job Seekers with a Disability: Thermo Fisher Scientific offers accessibility service for job seekers requiring accommodations in the job application process. For example, this may include individuals requiring assistance because of hearing, vision, mobility, or cognitive impairments. If you are a job seeker with a disability, or assisting a person with a disability, and require accessibility assistance or an accommodation to apply for one of our jobs, please submit a request by telephone at 1\-855\-471\-2255\*. Please include your contact information and specific details about your required accommodation to support you during the job application process.

* This telephone line is reserved solely for job seekers with disabilities requiring accessibility assistance or an accommodation in the job application process. Messages left for other purposes, such as not being able to get into the career website, following up on an application, or other non\-disability related technical issues will not receive a response.","Industrial Manufacturing","https://it.indeed.com/cmp/Thermo-Fisher-Scientific","https://d2q79iu7y748jz.cloudfront.net/s/_squarelogo/256x256/65bd2e4bebb79b1432ac3277ffd57ae7","https://www.thermofisher.com/","168 Third Avenue, Waltham, MA USA 02451","10,000+","more than $10B (USD)","At Thermo Fisher Scientific, our professionals develop critical solutions—and build rewarding careers.","","","","","","","qualified person"
"in-c432c5d2f84b6db9","indeed","https://it.indeed.com/viewjob?jk=c432c5d2f84b6db9","http://it.indeed.com/job/responsabile-punto-venditastore-menager-c432c5d2f84b6db9","responsabile punto vendita/store menager","G Home","Latina, LAZ, IT","2026-07-29","fulltime","","","","","",False,"","","","","Sei una persona altamente motivata, dinamica e con una vera passione per il settore Retail e l’Home Textile? Cerchiamo un/a **Responsabile di Negozio** che desideri guidare il punto vendita con energia, precisione e orientamento ai risultati.

**Requisiti FONDAMENTALI (Da leggere attentamente)**

***Cerchiamo esclusivamente profili realmente qualificati e motivati. Ti chiediamo di candidarti solo se possiedi i seguenti requisiti:***

\- 1\.Esperienza comprovata (almeno 2\-3 anni): Ruolo di Store Manager o Senior Sales Assistant con responsabilità gestionali nel settore retail (preferibilmente \*biancheria per la casa, home decor, abbigliamento o articoli da regalo\*).

\- 2\.Reale passione per il settore e il lavoro a contatto con il pubblico: Non cerchiamo chi vede questo ruolo come un semplice ""impiego di passaggio"", ma un/a professionista a cui piaccia davvero il commercio e la cura della casa.

\- 3\. Forte etica del lavoro ed energia proattiva: La propensione al lavoro operativo (stare in piedi, movimentare la merce, allestire) e la voglia di fare sono indispensabili.

\- 4\. Leadership sul campo: Capacità di guidare con l'esempio, mantenedo un clima di lavoro positivo ma orientato agli obiettivi.

\-5\. Autonomia e problem solving: Capienza di gestire imprevisti, priorità e picchi di lavoro senza perdere la qualità del servizio.

**Cosa FARAI (Responsabilità)**

Gestione Operativa e Commerciale: Monitoraggio e raggiungimento dei KPI di vendita, gestione della cassa e delle procedure amministrative del negozio.

Coordinamento del Team: Guida, motivazione e organizzazione del personale di vendita, pianificazione dei turni ed esempio pratico sul campo.

Visual Merchandising: Curatela dell'allestimento di vetrine e spazi interni secondo le linee guida aziendali, valorizzando la qualità del prodotto e la stagionalità delle collezioni.

Customer Experience Eccellente:Accoglienza e consulenza al cliente con un approccio proattivo, curando la fidelizzazione e la risoluzione di eventuali problematiche.

Gestione Magazzino e Inventario:Controllo delle giacenze, riassortimento dei prodotti e precisione negli inventari periodicamente previsti.

**Cosa Offriamo**

Inserimento diretto in azienda con contratto a tempo determinato finalizzato al tempo indeterminato.

Inquadramento e retribuzione commisurati all'effettiva esperienza del candidato/a.

Ambiente di lavoro stimolante, dinamico e curato nei dettagli.

**Come Candidarsi**

Invia il tuo CV aggiornato allegando una breve lettera di presentazione (o qualche riga nel corpo dell'email) in cui ci spieghi perché ti appassiona questo settore e qual è il successo professionale di cui sei più fiero/a.

**Nota di selezione: Non verranno prese in considerazione candidature prive di esperienza pregressa nel settore retail/vendita o non accompagnate dalle informazioni richieste.**

Retribuzione: €1\.500,00 \- €1\.700,00 al mese

Sede di lavoro: Di persona","","https://it.indeed.com/cmp/G-Home","","http://www.ghome.com.br","","","","","","","","","","","persona qualificata"
"in-acbb1ddf1707aac4","indeed","https://it.indeed.com/viewjob?jk=acbb1ddf1707aac4","https://jobs.sanofi.com/job/-/-/2649/41995283520","QC chemical Lab Internship","Sanofi","Anagni, LAZ, IT","2026-07-28","internship","","","","","",False,"","","","","**QC Chemical Lab Intern**

**Anagni, Frosinone**

**About the job**


Vuoi iniziare la tua carriera nel mondo HealthCare? Unisciti a Sanofi e avrai l’opportunità di crescere e sviluppare le tue competenze sotto il coordinamento di stimolanti colleghi, contribuendo a fare la differenza nella vita di migliaia di persone in tutto il mondo. Come tirocinante nel laboratorio di **Controllo Qualità Chimico**, avrai l’opportunità di imparare quali analisi chimiche vengono fatte in laboratorio, svilupperai nuove capacità, contribuirai al lavoro di team in un ambiente stimolante e collaborativo, imparerai come un farmaco viene prodotto e controllato prima di arrivare al paziente.


Siamo un'azienda della salute, innovativa e globale, e siamo guidati da uno scopo: sfidare i confini della scienza per migliorare la vita delle persone. Lavorare in Sanofi significa appassionarsi al proprio lavoro, crescere di giorno in giorno esplorando tra innumerevoli opportunità, costruire stimolanti relazioni e superare i limiti di ciò che pensavi fosse possibile. *Ready to get started?*

**Le attività che seguirai con il tuo team**

* Verrai formato nell’esecuzione di **analisi su materie prime e materiali di packaging**, utilizzando **metodi analitici** interni e secondo le principali **farmacopee internazionali** (EP, USP, CHP, JP). Le principali tecniche applicate includono: Wet chemistry, Spettroscopia UV\-Vis e FTIR, Titolazioni Potenziometriche, HPLC e GC.
* Supporterai la **gestione dei campioni** all'interno del laboratorio chimico tramite l’utilizzo del sistema LUNA.
* Parteciperai all’**ottimizzazione delle tecniche analitiche** applicate all’analisi di **prodotti sterili** (liofilizzati e liquidi), **materie prime e materiali di packaging.**
* Utilizzerai strumenti come **Excel** per l’elaborazione dei dati e **PowerPoint** per la preparazione di presentazioni tecniche e/o dei risultati ottenuti.

**Chi cerchiamo**

* Laurea in **Chimica, CTF o Farmacia**
* Costituisce un plus avere una conoscenza anche base dello strumento **ICP – MS**
* Conoscenza di teoria e principi di funzionamento degli **strumenti di laboratorio chimic**o;
* Buona conoscenza della lingua **inglese**
* **Automunito/a**

***Perché Sanofi?***

* Dai vita ai miracoli della scienza entrando a far parte di un team coinvolgente e orientato al futuro
* Inizia il tuo percorso professionale sotto il coordinamento di un tutor qualificato che stimolerà la tua crescita professionale e ti aiuterà a muovere i tuoi primi passi nel mondo del lavoro
* Lo stage è svolto in presenza
* Ti offriamo un’opportunità di tirocinio di 6 mesi. È previsto un rimborso spese e accesso gratuito alla mensa aziendale


\#Onsite


\#EarlyTalent

**Pursue** *Progress***. Discover** *Extraordinary***.**


Il Progresso non avviene senza le persone – persone con background diversi, con origini diverse, con ruoli diversi, tutti uniti da un desiderio comune: far accadere i miracoli. Tu puoi essere una di queste persone. Segui con noi il cambiamento, abbraccia le nuove idee ed esplora tutte le opportunità che abbiamo da offrirti. Ricerchiamo il progresso e scopriamo insieme lo straordinario.


In Sanofi, garantiamo pari opportunità a tutti indipendentemente da razza, colore, discendenza, religione, sesso, nazione d’origine, orientamento sessuale, età, cittadinanza, stato civile, disabilità o identità sessuale.


Guarda il nostro ALL IN video e scopri le azioni di Diversity Equity and Inclusion su sanofi.com!","","https://it.indeed.com/cmp/Sanofi","https://d2q79iu7y748jz.cloudfront.net/s/_squarelogo/256x256/ef60cd636bc2be61c6eccfef96801f9b","https://www.sanofi.com/fr","Paris","10,000+","more than $10B (USD)","We chase the miracles of science every single day, pursuing progress to make a real impact on millions of patients around the world. ","","","","","","","persona qualificata"
"in-72d513c37c60e14a","indeed","https://it.indeed.com/viewjob?jk=72d513c37c60e14a","http://it.indeed.com/job/cercasi-avvocato-altamente-qualificato-settore-civile-72d513c37c60e14a","CERCASI AVVOCATO ALTAMENTE QUALIFICATO SETTORE CIVILE","Studio Legale Ciciarelli & Partners","Roma, LAZ, IT","2026-07-28","fulltime","","","","","",False,"","","","studiolegaleciciarelli@gmail.com","**Si selezionano esclusivamente candidati con disponibilità immediata.**

**Retribuzione commisurata alle effettive capacità professionali, all’autonomia operativa e ai risultati conseguiti**, con possibilità di bonus, incentivi economici e progressivi adeguamenti in caso di particolare efficienza e rendimento.

Lo **Studio Legale Ciciarelli \& Partners**, con sede in Roma, Via Gaspare Spontini n. 24, è alla ricerca di un **Avvocato con esperienza professionale di almeno cinque anni**, da inserire stabilmente nel proprio organico con collaborazione **full time dal lunedì al venerdì**.

L’attività dello Studio è prevalentemente orientata al **diritto civile contenzioso**, con assistenza dinanzi al Tribunale e all’Ufficio del Giudice di Pace, con particolare attenzione alle procedure esecutive e, più in generale, a tutte le fasi del contenzioso civile.

Si richiedono:

* consolidata esperienza nella redazione di atti processuali;
* autonomia nella gestione del Processo Civile Telematico e dei portali telematici;
* esperienza negli adempimenti presso gli uffici giudiziari;
* comprovata capacità di gestione delle udienze;
* elevata serietà professionale, affidabilità e spirito di iniziativa.

Costituiscono requisiti essenziali la volontà di crescere professionalmente, la capacità di affrontare nuove sfide quotidiane e una concreta disponibilità a contribuire allo sviluppo delle attività dello Studio.

Si richiede una **collaborazione esclusiva durante l’orario di lavoro**, con gestione delle pratiche affidate dallo Studio e concrete prospettive di assunzione di ruoli di responsabilità.

Gli interessati possono inviare il proprio **Curriculum Vitae** all’indirizzo e\-mail:

**studiolegaleciciarelli@gmail.com**.

Contratto di lavoro: A chiamata

Retribuzione: €1\.000,00 \- €3\.500,00 al mese

Sede di lavoro: Di persona","","https://it.indeed.com/cmp/Studio-Legale-Ciciarelli-&-Partners-1","","","","","","","","","","","","","persona qualificata"
"in-405a444f42953631","indeed","https://it.indeed.com/viewjob?jk=405a444f42953631","http://it.indeed.com/job/quality-manager-senior-405a444f42953631","QUALITY MANAGER SENIOR","jet avionics srl","Ciampino, LAZ, IT","2026-07-28","fulltime","","","","","",False,"","","","","Jet Avionics S.r.l. è alla ricerca di un **QUALITY MANAGER SENIOR** da inserire nel proprio organico.

La risorsa sarà responsabile di:

* Gestire e mantenere il Sistema di Gestione della Qualità aziendale
* Assicurare la conformità ai requisiti EASA, FAA, CAA UK, EMAR e alle normative applicabili
* Pianificare, coordinare ed eseguire audit interni ed esterni
* Gestire i rapporti con le Autorità Aeronautiche e gli Enti di certificazione
* Supervisionare il processo di gestione delle non conformità, azioni correttive e preventive
* Monitorare gli indicatori di performance del Sistema Qualità e proporre iniziative di miglioramento continuo
* Redigere, aggiornare e controllare manuali, procedure e documentazione tecnica
* Supportare la Direzione durante ispezioni e visite delle Autorità
* Collaborare con i responsabili dei reparti tecnici per garantire il rispetto degli standard qualitativi e regolamentari

Requisiti richiesti:

* Esperienza di almeno 2 anni come Quality Manager nel settore aeronautico
* Conoscenza approfondita delle normative EASA Part\-145; EASA Part\-21; FAA Part\-145; EN 9110 / ISO 9001;
* Esperienza nella gestione di audit da parte delle Autorità Aeronautiche
* Ottima conoscenza della lingua inglese, scritta e parlata
* Esperienza presso organizzazioni Part\-145 e/o DOA
* Qualifica di Lead Auditor ISO 9001 / EN 9110

Offriamo

Inserimento in una realtà consolidata e riconosciuta nel panorama aeronautico internazionale.

Contratto a tempo indeterminato (previo periodo di prova, se previsto).

Retribuzione di assoluto interesse, commisurata all'esperienza e alle competenze.

Percorso di crescita professionale con possibilità di assumere un ruolo strategico all'interno dell'organizzazione.

Ambiente altamente qualificato, dinamico e orientato all'eccellenza tecnica.

Retribuzione: €3\.000,00 al mese

Benefit:

* Assicurazione sanitaria
* Buoni pasto

Sede di lavoro: Di persona","","https://it.indeed.com/cmp/Jet-Avionics-Srl","","","","","","","","","","","","","persona qualificata"
"in-4b877115d54a8b94","indeed","https://it.indeed.com/viewjob?jk=4b877115d54a8b94","https://careers.kpmg.it/job/Roma-Senior-Tax-Consultant-Family-Office-&-Private-Client-RomaMilano/1367778657/","Senior Tax Consultant - Family Office & Private Client | Roma/Milano","KPMG","Roma, LAZ, IT","2026-07-27","","","","","","",False,"","","","","**Senior Tax Consultant** ***–*** **Family Office \& Private Client**

  


*The chance to build a better future is right in front of you*


**Do Work That Matters \- Your role and responsibilities**



Vuoi intraprendere una professione davvero significativa e d’impatto? In KPMG avrai l’opportunità di aiutare clienti, l’azienda e i colleghi ad affrontare e risolvere le sfide più attuali e complesse.



Grazie ai suoi esperti altamente qualificati in ambito fiscale e legale, **KPMG Studio Associato** fornisce assistenza in tutte le principali aree del diritto tributario e societario, offrendo servizi innovativi e integrati. I team di lavoro sono specializzati sia per ambito professionale che per settore di clientela. Con oltre **600 professionisti** distribuiti in **12 sedi** nelle principali città italiane, l’unità fiscale e legale del network KPMG è una delle principali realtà professionali nel Paese.

  



Per il nostro team **Family Office \& Private Client** presso l’ufficio di **Roma** o **Milano**, siamo alla ricerca di un professionista che sarà responsabile di:


* In via primaria, compliance fiscale per persone fisiche (dichiarazioni dei redditi, quadro RW, fiscalità degli strumenti finanziari, adempimenti e controlli).
* In via subordinata, consulenza su imposte dirette e indirette, strumenti di passaggio generazionale e protezione del patrimonio.
* Ricerche normative/prassi, redazione memo e supporto nei rapporti con l’Amministrazione Finanziaria.


*Come As You Are \- Your skills and characteristics*



Questa è l’opportunità perfetta per te se hai:


* Laurea magistrale in discipline economiche (LM\-56 o LM\-77\) o giuridiche (LMG\-01\);
* Esperienza di 2\-5 anni maturata presso uno studio legale internazionale, una Big Four e/o una società di consulenza;
* Abilitazione o volontà di intraprendere la pratica professionale come Dottore commercialista e/o Avvocato;
* Ottima conoscenza della lingua inglese;
* Ottima conoscenza del pacchetto Microsoft Office;
* Ottime capacità relazionali e attitudine al lavoro di squadra;
* Spiccate capacità organizzative, spirito d’iniziativa e problem solving;
* Approccio flessibile e dinamico.

  



Sarà considerato un plus un Master di II livello in Diritto Tributario.

  


**Your Future With Us \- What you’ll find at KPMG**

  


* Un ambiente di lavoro **inclusivo** ed **equo**, che rispetta, incoraggia e valorizza la **diversità**;
* Un contesto **sfidante e dinamico** che favorisce la creatività e il lavoro di squadra;
* Programmi di **formazione e sviluppo** avanzati per rimanere sempre aggiornati;
* Un mindset internazionale e **progetti innovativi**;
* Iniziative dedicate al **benessere mentale e fisico**.

  


**Together for Better – Our values and commitment**

  



Leadership, lavoro di squadra, rispetto per ogni individuo, apprendimento continuo, trasparenza, impegno verso la comunità e integrità. Questi sono i **valori di KPMG** che creano un ambiente in cui è possibile condividere idee e conoscenze affinché i nostri professionisti possano **esprimere tutto il loro potenziale**.



Grazie all’impegno nel favorire un **ambiente di lavoro inclusivo**, il nostro Network risulta conforme agli standard dei requisiti **ISO 30415**, sul Sistema di Gestione per la Diversità e l’Inclusione, e **UNI PdR 125**, relativa alla parità di genere. All'interno del nostro **Impact Plan** – \[Our Impact Plan (kpmg.com)] – sono sintetizzate tutte le azioni concrete che stiamo portando avanti in materia ambientale, sociale e di governance (ESG).

  


**Join us!**

  


*I tuoi dati saranno trattati nel pieno rispetto delle disposizioni del Regolamento (UE) n. 679/2016 (General Data Protection Regulation \- “GDPR”), come modificato. Per ulteriori informazioni, consulta l’informativa sulla privacy di KPMG.*


*KPMG Studio Associato è un datore di lavoro che offre pari opportunità.*

  


**Senior Tax Consultant** ***–*** **Family Office \& Private Client**

  


*The chance to build a better future is right in front of you*


***Do Work That Matters – Your Role and Responsibilities***



Do you want to start a truly meaningful and impactful career? At KPMG you’ll have the opportunity to help your firm, clients and colleagues address and resolve some of today’s most topical and complex issues.



With around **600 professionals** and **12 offices** located in Italy's largest cities, **KPMG Tax \& Legal** is one of the leading professional partnerships in the country, assisting clients in all key areas of tax and corporate law. Its highly qualified teams specialize in both practice areas and client sectors, offering integrated and innovative services.



Our **Family Office \& Private Client** team in **Milan** or **Rome** is recruiting for a graduate who will:


* primarily, provide tax compliance services to private clients, including assistance with income tax returns, foreign asset reporting (RW forms), and the taxation of financial instruments;
* in addition, advise on direct and indirect taxation, succession and estate planning, and wealth management strategies;
* conduct complex research into literature, case law and statements of practice, draft reports and opinions and handle dealings with the Italian Revenue Agency.

  


***Your Qualifications******, Skills, and Characteristics***



This is the perfect opportunity if you have:


* a master's degree in economics (LM\-56 or LM\-77\) or law (LMG\-01\);
* qualified as a chartered accountant and/or lawyer or wish to begin your qualifying work experience;
* 2\-5 years’ experience at an international law firm, the Big Four and/or an advisory firm;
* an excellent knowledge of English;
* an excellent knowledge of Microsoft Office;
* excellent interpersonal and teamwork skills;
* strong organizational skills, initiative, and problem\-solving abilities;
* a flexible and dynamic approach.


A postgraduate second\-level master’s in tax law would be a plus.

  


***Your Future With Us – What You'll Find at KPMG***


* An **inclusive** and **equitable** work environment that respects, encourages and values **diversity**.
* A **stimulating** and **dynamic** environment that fosters creativity and teamworking.
* Advanced **training and development** programs to support continuous learning.
* An **international outlook** and a focus on **innovative projects**.
* **Physical and mental well\-being** initiatives.

  


***Together for Better – Our Values and Commitment***



Leadership, teamwork, respect for each individual, continuous learning, transparency, community engagement, and integrity. These are the **KPMG values** that foster an open environment for the exchange of ideas and knowledge. KPMG supports all its people in reaching their full potential, whatever their identity or background. Fully committed to fostering an **inclusive work** environment, we are **ISO 30415 compliant** (ISO 30415:2021 – Human Resources Management – Diversity and Inclusion). KPMG in Italy is also compliant with **UNI PdR 125** (UNI/PdR 125:2022 – measures to ensure gender equality in audit and assurance services). You can find a summary of all our **concrete** **ESG** (environmental, social, and governance) **actions** in our **Impact Plan** here.

  


***KPMG in Italy is an Equal Opportunity Employer***

  


**Join us!**


*Your data will be processed in full compliance with Regulation (EU) 679/2016 (General Data Protection Regulation – “GDPR”) as subsequently amended. For more information, please refer to KPMG’s privacy notice.*","","https://it.indeed.com/cmp/Kpmg-0828bc85","https://d2q79iu7y748jz.cloudfront.net/s/_squarelogo/256x256/d7b7fd1f635973534d21ba35d6f99c18","http://www.kpmg.com","Berlin","10,000+","$1B to $5B (USD)","At KPMG, you'll be able to tap into your skills, expertise and passion to help organizations find sustainable solutions to the world's most pressing issues.","","","","","","","persona qualificata"
"in-aa66a4f78ba9df73","indeed","https://it.indeed.com/viewjob?jk=aa66a4f78ba9df73","https://careers.segulatechnologies.com/it/annonce/4518819-system-quality-engineer-rome?s_o=indeed&s_b=DigitalRecruiters","System Quality Engineer","SEGULA Technologies","Roma, LAZ, IT","2026-07-27","fulltime","","","","","",False,"","","","","**SEGULA Technologies** è alla ricerca di un/una **System** **Quality Engineer** che entrerà a far parte del nostro team e supporterà importanti progetti fortemente innovativi nell'ambito **Aerospace\&Defence** prendendo in carico le seguenti attività:


* **Progettare**, **implementare** e **monitorare** un **sistema** di gestione della **qualità** efficace e i relativi processi, garantendo la **conformità** agli **standard internazionali** (es. ISO 9001, EN 9100, AQAP) ed ai **requisiti**


* **Pianificare** ed **eseguire** **Audit di prima parte** sul Quality Management System per verificare l'efficace implementazione dei processi


* **Pianificare** ed **eseguire** **Audit di seconda parte** lungo la catena di fornitura per verificare l'idoneità dei fornitori rispetto agli standard di qualità
* **Coordinare** le attività con gli **Enti di Certificazione** per garantire il rinnovo delle certificazioni (es. ISO 9001, EN 9100, AQAP)


* Gestire le iniziative di **miglioramento del sistema** di gestione della qualità


* **Garantire** la gestione delle **azioni correttive** a fronte di non conformità di prodotto e di processo


* Predisporre e controllare le procedure del Quality Management System


* **Monitorare** i **processi speciali** di produzione e dei fornitori qualificati
* **Monitorare** e controllare il **livello di soddisfazione** e gli **indicatori chiave** di prestazione dei processi

  

Location: Roma, Full\-time, On\-site* Laurea Magistrale in Ingegneria Aerospaziale, Gestionale o affini


* Esperienza nei settori Aerospaziale e Difesa, con conoscenza pratica degli standard di qualità


* Esperienza nella progettazione e implementazione di sistemi di gestione della qualità conformi alle norme **ISO9001 / EN9100**


* Esperienza in attività di Audit


* Conoscenza di applicazioni **ERP** e **PLM** (es. SAP, PTC WindChill)


* Sarà considerato un plus la conoscenza degli standard QMS (es. ISO 9001, EN 9100\) e delle metodologie di Audit, di problem solving e root cause analysis


* Gradita la conoscenza dell'assicurazione e del controllo qualità, delle metodologie di project management e configuration management


* Nice to have conoscenza delle discipline di ingegneria dei sistemi e dei principi di risk\-based approach


* Conoscenza fluete della lingua italiana e della lingua inglese


* Gestione chiara e precisa della documentazione e reportistica


* Capacità di problem solving e di lavorare nel rispetto delle scadenze assegnate con orientamento al risultato


In **SEGULA Technologies** la diversità, l'equità e l'inclusione sono al centro della nostra politica delle risorse umane. Le nostre opportunità sono aperte a tutti, indipendentemente dal sesso, origine nazionale o etnia, dall'orientamento religioso o sessuale e dalle disabilità.

**Cosa Offriamo**


L'inquadramento definitivo sarà determinato in base alle competenze e all'esperienza maturata, con un range compreso tra 32\.000 e 40\.000 euro lordi annui


* Contratto CCNL metalmeccanico
* Assicurazione sanitaria
* Buoni pasto o mensa
* Piattaforme con sconti dedicati
* Ambiente informale, stimolante, dinamico e inclusivo
* Programmi di welfare
* Attenzione all’equilibrio lavoro – vita privata
* Processo di formazione continua on the job
* Percorsi professionali cross sector e interfunzionali
* Sviluppo di competenze trasversali
* Partnership consolidate con aziende leader di settore e le migliori università


Se sei una persona curiosa, ambiziosa e proattiva… cosa aspetti? Unisciti a noi. SEGULA Technologies crede nel tuo potenziale!","","https://it.indeed.com/cmp/Segula-Technologies","https://d2q79iu7y748jz.cloudfront.net/s/_squarelogo/256x256/b3eff39dc9d628b14830290e8a79ddd3","https://www.segulatechnologies.com/","Nanterre","10,000+","Decline to state","SEGULA is a gobal engineering group helping boost competitiveness within all of the major industrial sectors.","","","","","","","persona qualificata"
"in-4edbe6446c301b12","indeed","https://it.indeed.com/viewjob?jk=4edbe6446c301b12","https://jobs.terna.it/job/Responsabile-della-struttura-Corporate-Data-&-Analytics/30542-it_IT","Responsabile della struttura Corporate Data & Analytics","Terna","Roma, LAZ, IT","2026-07-27","","","","","","",False,"","","","talentacquisition@terna.it","Direzione: Strategia, Digitale e Sostenibilità
Località lavoro: Roma, Lazio, 00156
Terna, gestore della rete di trasmissione nazionale (RTN), è impegnata nel processo di transizione ecologica e come regista del sistema elettrico e abilitatore della **Twin Transition** (transizione energetica e innovazione digitale), ha il compito di sviluppare una rete in grado di gestire una sempre migliore integrazione delle rinnovabili e consentire la progressiva decarbonizzazione del sistema, garantendo al contempo il costante bilanciamento tra energia prodotta e consumata.

  



Vuoi essere protagonista della transizione energetica e vuoi dare il tuo contributo per la costruzione del sistema energetico di domani?

  



Terna, nell’area di **Data and Digital**, è alla ricerca di persone da inserire nel ruolo di **Responsabile della struttura Corporate Data \& Analytics** per la sede di **Roma**.

  


**Attività Principali**
-----------------------


* Garantire l'avvio, la delivery e l'evoluzione delle soluzioni analitiche a supporto delle funzioni di staff aziendali (HR, Amministrazione, Finanza e Controllo, Legal e Procurement,...), agendo come partner strategico dei nodi di business interni e orchestrando un team esperto e partner tecnologici esterni. Il focus fondamentale del ruolo consiste nel coniugare una solida esecuzione tecnica con una forte intelligenza relazionale e un'efficace gestione del budget CAPEX/OPEX, guidando un team ad alta seniority all'interno della direzione Data \& Digital per fare della struttura il motore dell'innovazione guidata dai dati.
* Relazionarsi con tutte le aree e figure di business per raccogliere e soddisfare le esigenze informative mediante la progettazione di soluzioni basate sui dati delle aree Corporate e Core Aziendali.
* Fornire soluzioni Data Driven a valore aggiunto utilizzando competenze funzionali/tecniche e costruendo un rapporto di fiducia con i key users. Individuare le nuove esigenze di supporto ai processi aziendali, proponendo soluzioni e traducendole in requisiti tecnici per supportare i team di sviluppo per l'implementazione delle soluzioni e lo sviluppo del business su contratti nuovi ed esistenti.
* Disegnare e implementare la strategia dati aziendale, in coordinamento con il responsabile del Data Management ed il team. Individuare, implementare e gestire le esigenze di integrazione dati tra i diversi sistemi aziendali.
* Collaborare allo sviluppo della proprietà intellettuale di Advanced Analytics e identificare aree di nuove opportunità in cooperazione con il responsabile dell'AI/ML Center of Excellence.
* Presidiare e monitorare end\-to\-end delle iniziative, tramite prioritizzazione e pianificazione di attività e tempi di gestione, relazionandosi con stakeholder sia interni che esterni; Analisi delle performance del business, supporto alla pianificazione economica e realizzazione di reportistica gestionale per il Management.
**Nello specifico ti occuperai di:**
------------------------------------


* **Business Partnership \& Demand Management:**
	+ Interfaccia Strategica: Collaborare proattivamente con i C\-Level e i referenti chiave delle funzioni Corporate (HR, AFC, Legal, Procurement) per comprenderne le sfide operative, anticiparne le esigenze informative e tradurle in concrete iniziative e soluzioni tecnologiche Data\-Driven.
	+ Scoping \& Statement of Work (SoW): Definire nel dettaglio i requisiti funzionali, gli obiettivi di business, i KPI di successo e lo Statement of Work delle nuove iniziative trasformative, assicurando la sostenibilità economico\-tecnica e il valore aggiunto per i key users;
* **Delivery \& Project Management**:
	+ End\-to\-End Delivery: Presidiare e monitorare l'intero ciclo di vita dello sviluppo dei casi d'uso e dei progetti di Advanced Analytics, garantendo il pieno rispetto di tempi, costi, pianificazione delle attività e standard qualitativi aziendali.
	+ Vendor Management: Coordinare, indirizzare e sfidare i fornitori esterni (società di consulenza, system integrator e team di sviluppo), monitorando rigorosamente i KPI di progetto, i livelli di servizio (SLA) e la qualità degli output.
	+ Budget Ownership: Gestire in totale autonomia il budget CAPEX/OPEX allocato alla propria struttura e relativo alle evolutive dei sistemi in esercizio e della Data Platform;
* **Data Architecture, Governance \& Platform**
	+ Modellizzazione dei Dati: Indirizzare le logiche di modellizzazione logica e fisica dei dati all'interno della Data Platform aziendale (Cloud Data Lakehouse, Data Lake, Datawarehouse), definendo il corretto Data Journey.
	+ Data Governance \& Security: Assicurare il rigoroso rispetto delle linee guida di Data Governance aziendali, garantendo la massima qualità del dato, la catalogazione, la sicurezza del patrimonio informativo e la piena compliance normativa (con particolare attenzione al GDPR nell'ambito  
	
	dei dati HR).
* **Leadership \& People Management**
	+ Guida e Sviluppo del Team: Guidare, coordinare e fare coaching a una squadra di 6 professionisti ad alta seniority, promuovendone l'autonomia, valorizzando le competenze individuali e mantenendo un forte orientamento al risultato.
	+ Gestione della Relazione (Heartset): Decodificare con intelligenza emotiva le dinamiche relazionali interne alla squadra e con gli stakeholder di Corporate, facilitando la gestione del cambiamento (Change Management) e superando eventuali resistenze interne o del business.
  


**Requisiti**
-------------


* Conoscenza dei Processi Corporate: Aver gestito e implementato progetti analitici applicati a processi HR (People Analytics) o AFC (Financial Modeling, Advanced Forecasting) o in ambito Enterprise Risk Management.
* Esperienza di Settore: Costituirà valutazione preferenziale aver lavorato nel settore Utility per almeno 2 anni.
* Orientamento al Risultato: Focus costante sulla delivery dei casi d'uso  

rispettando KPI, tempi e costi.
* Orientamento al Team \& Leadership Empatica: Capacità di guidare profili senior senza micro\-management, basandosi sull'ascolto attivo e sulla valorizzazione delle persone.
* Ascolto e Comunicazione / Influencing: Eccellenti doti comunicative e negoziali per gestire clienti interni esigenti (C\-Level) e partner esterni.
* Apertura al Cambiamento / Innovazione: Postura mentale da problem solver strutturato e ad alta energia per guidare la ""Data Driven Transformation"".
* Simultaneità e Velocità: Capacità di decidere rapidamente in contesti complessi mantenendo l'efficienza d'insieme.
* Coerenza tra Principi e Azioni: Trasparenza e rispetto delle linee guida di Data Governance, compliance e GDPR.
* Valorizzazione e Sviluppo delle Persone: Promozione dell'autonomia e crescita delle competenze all'interno del team.
  


**Condizioni contrattuali**

  


* Tipologia contrattuale: lavoro subordinato Tempo Indeterminato
* CCNL applicato: Settore elettrico
* Categoria: Quadro

  


**Informazioni retributive**

  



In conformità all’art. 5, comma 1, del D.Lgs. 96/2026, la Società rende note le informazioni relative alla retribuzione iniziale prevista per la posizione.



Alla posizione è associato un livello retributivo annuo lordo non inferiore a € 52\.994,37, con possibilità di riconoscimento fino a € 62\.000,00 in relazione all’esperienza, alle competenze e alla complessità del ruolo.



La collocazione della/del candidata/o all’interno del range avverrà in funzione di elementi oggettivi quali esperienza professionale, competenze tecniche e manageriali e grado di responsabilità.

  



Eventuali riconoscimenti economici superiori rispetto alla soglia minima indicata sono attribuiti esclusivamente sulla base di elementi ulteriori, oggettivamente riscontrabili, quali, a titolo esemplificativo:


* esperienza professionale rilevante e qualificata;
* specifiche competenze tecniche o manageriali;
* livello di autonomia e responsabilità effettivamente richiesto dal ruolo.

  



Tali elementi sono applicati secondo criteri trasparenti e non discriminatori, nel rispetto del principio di parità di retribuzione per lavoro uguale o di pari valore.

  



Per chi lavora con noi:

  



Salute e futuro – Assicurazione sanitaria e piano di previdenza complementare, per prenderci cura delle nostre persone e delle loro famiglie nel tempo.



Formazione e sviluppo – Programmi di training strutturati e percorsi di crescita professionale, per valorizzare competenze, potenziale e ambizioni professionali.



Internal Mobility – Opportunità di sviluppo e mobilità interna per accompagnare l’evoluzione professionale all’interno del Gruppo.


* ️ Benessere e flessibilità – Iniziative di welfare aziendale a supporto dell’equilibrio tra vita privata e professionale, all’interno di un modello di smart working strutturato.



Vantaggi esclusivi – Un sistema di convenzioni e agevolazioni dedicate, pensato per le esigenze quotidiane delle nostre persone.



Onboarding “Destinazione Terna” – Un percorso ingaggiante di inserimento che combina formazione, networking e conoscenza del contesto aziendale.

  



È possibile candidarsi entro e non oltre il **11/09/2026** cliccando su “Candidati ora”. Referente per la selezione: Simona Sapio \- talentacquisition@terna.it

  


*Ricordiamo che i CV inviati tramite e\-mail non verranno presi in considerazione. Le persone considerate in linea con il profilo saranno contattate nelle prossime settimane. Ringraziamo chi ha inviato la candidatura e per l’interesse dimostrato verso il nostro Gruppo.*

  

*Confermiamo che tutte le candidature saranno tenute in considerazione per eventuali future opportunità professionali.*","","https://it.indeed.com/cmp/Terna","https://d2q79iu7y748jz.cloudfront.net/s/_squarelogo/256x256/679ac3374773144769c2c7b3e8caad17","https://www.terna.it/en","Tirana","501 to 1,000","$500M to $1B (USD)","TERNA IS THE FIRST GRID OPERATOR FOR ELECTRICITY TRANSMISSION IN EUROPE. WE PROMOTE THE ENERGY TRANSITION AND SUSTAINABLE DEVELOPMENT BY FOCUSING ON PEOPLE AND INNOVATION.","","","","","","","persona qualificata"
"in-245042fbf11ab762","indeed","https://it.indeed.com/viewjob?jk=245042fbf11ab762","https://careers.amaris.com/jobs/44613","System integrator - Aerospace and Defence","Amaris Consulting","Roma, LAZ, IT","2026-07-27","","","","","","",False,"","","","","**Vuoi iniziare una nuova avventura professionale come System Hardware Integrator in una delle nostre opportunità nel settore Aerospace a Roma?**


**Cosa farai?**


* Integrazione hardware su sistemi di difesa (velivoli, sistemi di armamento, sistemi di comando e controllo)
* Montaggio, smontaggio e test di componenti hardware per validare requisiti dei sistemisti
* Test e validazione di sistemi di difesa con strumentazione di laboratorio
* Integrazione software (30% attività) per sistemi embedded
* Gestione documentazione tecnica di progetto
* Collaborazione con team di sistemisti per ottimizzazione soluzioni
* Analisi e troubleshooting di problematiche hardware
* Supporto alle attività di qualifica e certificazione

✍️ **Cosa Richiediamo?**


* Laurea triennale o magistrale in Ingegneria Elettronica, Telecomunicazioni o affini
* Esperienza di 1\+ anno come integratore di sistemi hardware
* Conoscenza approfondita di strumentazione di laboratorio (oscilloscopi, multimetri)
* Conoscenza della lingua italiana: livello C2/ inglese: livello intermedio
* Capacità di lavorare in team e di adattarsi a un ambiente dinamico
* Gradita esperienza in sistemi di difesa o aereospaziali
* Gradita conoscenza di Python e Linux per attività di scripting
* Capacità di lettura schemi elettronici e documentazione tecnica
* Precisione e attenzione ai dettagli in ambito critico
* Flessibilità e problem\-solving orientato

**✨ Che cosa offriamo?**


* Una comunità internazionale che riunisce oltre 110 nazionalità diverse.


* Un ambiente in cui la fiducia è centrale e la crescita interna è valorizzata.


* Un solido sistema di formazione con Academy interna e moduli disponibili.


* Un ambiente di lavoro dinamico con eventi interni (afterwork, team building, ecc.).


* Un forte impegno verso benessere e work\-life balance.

  



Benefici locali in Italia:


* Buoni pasto.


* Programma di welfare con sconti e vantaggi per le persone dipendenti.


* Opzioni di lavoro flessibili secondo policy aziendale.


* Assicurazione sanitaria e programmi di benessere, ove applicabili.

  



**Remunerazione e trasparenza**


* Gross Annual Salary Range / RAL iniziale fissa: EUR 26\.000 – EUR 50\.000\.


* CCNL del Commercio


* La fascia retributiva è definita secondo criteri oggettivi e neutri rispetto al genere.


* Componente variabile: eventuali premi discrezionali non garantiti non inclusi nella RAL indicata.


* Durante il processo di selezione non chiederemo informazioni sulla tua retribuzione attuale o precedente.

  



*Le nostre fasce retributive sono volutamente ampie, perché cerchiamo persone di talento, non “profili standard”. Uno stesso ruolo può attrarre candidature molto diverse tra loro, e crediamo sia importante lasciare spazio a questa varietà. La collocazione all’interno della fascia dipenderà dalla tua esperienza specifica, dalle tue competenze e da ciò che potrai portare nel ruolo.*

  



**La persona ideale si riconosce in questi valori:**


**Boldness**: il nostro spirito di avventura imprenditoriale è ciò che ci unisce tutti e ci porta al successo.


**Trust:** la fiducia è il fondamento di tutte le relazioni, la fiducia ci consente di promuovere la libertà di espressione, creatività e innovazione.


**Performance:** questo si traduce in un desiderio costante di andare avanti e non smettere mai di chiedere di più a noi stessi.


**Commitment:** non ci limitiamo a rispettare i nostri impegni e lavoriamo duramente per ottenere grandi risultati.


**Independence:** Amaris Consulting appartiene a chi l'ha creata e a chi la sviluppa ogni giorno.


Candidandoti per questa posizione, potresti avere l'opportunità di entrare a far parte di un'azienda che supporta i propri partner nei settori Automotive\&Motorsport, Avionic \& Aerospace, Difesa, Railway, Industrial, Domotica e Robotica, con attività di ingegneria meccanica ed elettronica nelle aree Development \& Design, Testing \& Validation, System engineering, R\&D e Project Management.


**Diversità e Inclusione**


Amaris Consulting promuove pari opportunità e valuta le candidature sulla base di competenze, esperienza e potenziale. Accogliamo candidature qualificate senza discriminazioni legate a genere, identità o espressione di genere, orientamento sessuale, origine etnica, nazionalità, religione o convinzioni personali, età, disabilità, stato civile o familiare, o altre caratteristiche protette.

  



Se hai bisogno di adattamenti ragionevoli durante il processo di selezione, comunicacelo: faremo il possibile per supportarti


**Who are we?**
---------------


Amaris Consulting è una società di consulenza tecnologica indipendente che accompagna e fornisce soluzioni alle imprese.
  

Riunisce più di 7\.500 persone distribuite in 5 continenti e oltre 60 paesi. Con oltre 1\.000 clienti in tutto il mondo, implementiamo soluzioni per grandi progetti da oltre un decennio.
  

I nostri esperti coprono tutti i settori, dai servizi finanziari ai trasporti, dalla sanità alla tecnologia.
  

Amaris è la “stepping stone” che consente di attraversare il guado, il trampolino che permette di proiettarti verso i tuoi obiettivi, affrontare le sfide e realizzare con successo tutti i tuoi progetti.","Consulting And Business Services","https://it.indeed.com/cmp/Amaris-Consulting","https://d2q79iu7y748jz.cloudfront.net/s/_squarelogo/256x256/556f3b571e9908371ecfe5855cdc6581","https://amaris.com/","Geneva, Switzerland ","5,001 to 10,000","$500M to $1B (USD)","Amaris Consulting is an independent technology consulting firm providing guidance and solutions to businesses. It gathers more than 7,500 people across 5 continents and more than 60 countries.","","","","","","","persona qualificata"
"in-885a7f7f85bfaaa0","indeed","https://it.indeed.com/viewjob?jk=885a7f7f85bfaaa0","https://careers.amaris.com/jobs/44574","Scrum Master","Amaris Consulting","Roma, LAZ, IT","2026-07-24","","","","","","",False,"","","","","Vuoi iniziare una nuova esperienza professionale come **Scrum Master** in una delle nostre opportunità nel settore **Defense** a **Roma**?

  



**Cosa farai?**

  



* Supporterai l’introduzione, l’implementazione e il miglioramento continuo dei processi Agile su diversi progetti aziendali.
* Affiancherai team tecnici e multidisciplinari nell’adozione di pratiche Agile efficaci e coerenti con gli obiettivi di progetto.
* Individuerai eventuali impedimenti organizzativi e operativi, supportando il team nella loro risoluzione.
* Organizzerai attività di formazione, coaching e affiancamento rivolte ai team di progetto.
* Contribuirai alla definizione di un processo Agile comune, efficace e applicabile a più progetti.

  

✍️ **Cosa richiediamo?**

  



* Laurea in **Ingegneria Informatica** o affini.
* Esperienza di almeno **3 anni** nel ruolo di Scrum Master o Agile Coach.
* Ottima conoscenza delle metodologie Agile e Scrum.
* Esperienza nel supporto simultaneo a più team o progetti.
* Capacità di formare, affiancare e supportare team tecnici nell’adozione di metodologie Agile.
* Conoscenza di strumenti per la gestione dei progetti Agile, come Jira, Confluence o Azure DevOps.
* Gradita esperienza nei settori Aerospace \& Defence.
* Ottima conoscenza della lingua italiana lingua inglese.
* Modalità di lavoro **full on\-site.**

  

✍✨ **Che cosa offriamo?**

  



* Una comunità internazionale che riunisce oltre 110 nazionalità diverse.
* Un ambiente in cui la fiducia è centrale e la crescita interna è valorizzata.
* Un solido sistema di formazione con Academy interna e moduli disponibili.
* Un ambiente di lavoro dinamico con eventi interni (afterwork, team building, ecc.).
* Un forte impegno verso benessere e work\-life balance.

  

* Benefici locali in Italia:
* Buoni pasto.
* Programma di welfare con sconti e vantaggi per le persone dipendenti.
* Opzioni di lavoro flessibili secondo policy aziendale.
* Assicurazione sanitaria e programmi di benessere, ove applicabili.

  

**Remunerazione e trasparenza**


* Gross Annual Salary Range / RAL iniziale fissa: EUR 26,000\.00 – EUR 50,000\.00
* CCNL del Commercio
* La fascia retributiva è definita secondo criteri oggettivi e neutri rispetto al genere.
* Componente variabile: eventuali premi discrezionali non garantiti non inclusi nella RAL indicata.
* Durante il processo di selezione non chiederemo informazioni sulla tua retribuzione attuale o precedente.

  

*Le nostre fasce retributive sono volutamente ampie, perché cerchiamo persone di talento, non “profili standard”. Uno stesso ruolo può attrarre candidature molto diverse tra loro, e crediamo sia importante lasciare spazio a questa varietà. La collocazione all’interno della fascia dipenderà dalla tua esperienza specifica, dalle tue competenze e da ciò che potrai portare nel ruolo.*

  



**La persona ideale si riconosce in questi valori:**

  



**Boldness**: il nostro spirito di avventura imprenditoriale è ciò che ci unisce tutti e ci porta al successo.


**Trust:** la fiducia è il fondamento di tutte le relazioni, la fiducia ci consente di promuovere la libertà di espressione, creatività e innovazione.


**Performance:** questo si traduce in un desiderio costante di andare avanti e non smettere mai di chiedere di più a noi stessi.


**Commitment:** non ci limitiamo a rispettare i nostri impegni e lavoriamo duramente per ottenere grandi risultati.


**Independence:** Amaris Consulting appartiene a chi l'ha creata e a chi la sviluppa ogni giorno.


Candidandoti per questa posizione, potresti avere l'opportunità di entrare a far parte di un'azienda che supporta i propri partner nei settori Automotive\&Motorsport, Avionic \& Aerospace, Difesa, Railway, Industrial, Domotica e Robotica, con attività di ingegneria meccanica ed elettronica nelle aree Development \& Design, Testing \& Validation, System engineering, R\&D e Project Management.


**Diversità e Inclusione**


Amaris Consulting promuove pari opportunità e valuta le candidature sulla base di competenze, esperienza e potenziale. Accogliamo candidature qualificate senza discriminazioni legate a genere, identità o espressione di genere, orientamento sessuale, origine etnica, nazionalità, religione o convinzioni personali, età, disabilità, stato civile o familiare, o altre caratteristiche protette.

  



**Who are we?**
---------------


**Amaris Consulting** is an independent technology consulting firm providing guidance and solutions to businesses. With more than 1000 clients across the globe, we have been rolling out solutions in major projects for over a decade – this is made possible by an international team of 7,600 people spread across 5 continents and more than 60 countries. Our solutions focus on four different Business Lines: Information System \& Digital, Telecom, Life Sciences and Engineering. We’re focused on building and nurturing a top talent community where all our team members can achieve their full potential. Amaris is your steppingstone to cross rivers of change, meet challenges and achieve all your projects with success.
  

  

At Amaris, we strive to provide our candidates with the best possible recruitment experience. We like to get to know our candidates, challenge them, and be able to give them proper feedback as quickly as possible. Here's what our recruitment process looks like:
  

  

**Brief Call**: Our process typically begins with a brief virtual/phone conversation to get to know you! The objective? Learn about you, understand your motivations, and make sure we have the right job for you!
  

  

**Interviews** (the average number of interviews is 3 \- the number may vary depending on the level of seniority required for the position). During the interviews, you will meet people from our team: your line manager of course, but also other people related to your future role. We will talk in depth about you, your experience, and skills, but also about the position and what will be expected of you. Of course, you will also get to know Amaris: our culture, our roots, our teams, and your career opportunities!
  

  

**Case study**: Depending on the position, we may ask you to take a test. This could be a role play, a technical assessment, a problem\-solving scenario, etc.
  

  

As you know, every person is different and so is every role in a company. That is why we have to adapt accordingly, and the process may differ slightly at times. However, please know that we always put ourselves in the candidate's shoes to ensure they have the best possible experience.
  

We look forward to meeting you!","Consulting And Business Services","https://it.indeed.com/cmp/Amaris-Consulting","https://d2q79iu7y748jz.cloudfront.net/s/_squarelogo/256x256/556f3b571e9908371ecfe5855cdc6581","https://amaris.com/","Geneva, Switzerland ","5,001 to 10,000","$500M to $1B (USD)","Amaris Consulting is an independent technology consulting firm providing guidance and solutions to businesses. It gathers more than 7,500 people across 5 continents and more than 60 countries.","","","","","","","persona qualificata"
"in-fb206560c75b8176","indeed","https://it.indeed.com/viewjob?jk=fb206560c75b8176","https://www.digital360.it/top-management-assistant-institutional-public-relations","Top Management Assistant & Institutional Public Relations","Digital360","Roma, LAZ, IT","2026-07-24","","","","","","",False,"","","","","**FPA** è la società del Gruppo Digital360 che da oltre trent’anni favorisce il dialogo e la collaborazione tra Pubbliche Amministrazioni, imprese, mondo della ricerca e società civile.



La nostra missione è accompagnare la trasformazione digitale, organizzativa e sostenibile della PA, svolgendo un ruolo di ponte tra gli attori dell’innovazione. Per questo, analizziamo i fenomeni, connettiamo gli attori, comunichiamo l’innovazione e supportiamo la crescita delle competenze, contribuendo allo sviluppo di organizzazioni pubbliche più moderne ed efficaci.



Digital360, è il gruppo italiano che supporta imprese e Pubblica Amministrazione nella trasformazione digitale, nell’innovazione organizzativa e valorizzazione del brand e posizionamento.

  



Attualmente siamo alla ricerca di una figura professionale da inserire nel ruolo di **Top Management Assistant \& Institutional Public Relations.**

  



Il ruolo ha una natura fortemente relazionale: il/la titolare presidia due patrimoni di relazioni strettamente connessi tra loro. Il primo è quello delle relazioni personali del Vertice aziendale — di natura fiduciaria e di alto valore strategico, da gestire con cura, continuità e discrezione. Il secondo è quello delle relazioni istituzionali di FPA come organizzazione — più formali, ma altrettanto strategiche, orientate a consolidare la reputazione e il posizionamento della Società presso le istituzioni pubbliche nazionali e locali.


**Principali responsabilità**
-----------------------------


* **Gestione strategica dell'agenda del Vertice aziendale:** organizza e ottimizza il calendario della Direzione non solo dal punto di vista logistico, ma valorizzando le opportunità relazionali e presidiando le priorità strategiche, identificando gli incontri di maggior rilievo istituzionale.
* **Sviluppo e presidio del network istituzionale:** costruisce e mantiene le relazioni tra FPA e gli apicali della Pubblica Amministrazione (Ministri, Sottosegretari di Stato, Capi Dipartimento, Direttori Generali, Sindaci, Presidenti di Regione e altri decisori pubblici nazionali e locali), coltivandole in modo continuativo per costruire un patrimonio fiduciario duraturo.
* **Gestione degli inviti e degli appuntamenti istituzionali:** coinvolge le figure apicali della PA negli eventi, nelle manifestazioni e nei tavoli di lavoro di FPA, curando inviti formali, recall, follow\-up e tutta la comunicazione che precede e accompagna la partecipazione degli ospiti, nel rispetto dei tempi e dei codici della comunicazione pubblica.
* **Intelligence e mappatura istituzionale:** monitora con continuità l'ecosistema istituzionale, rilevando avvicendamenti ai vertici, variazioni nelle deleghe e nuove priorità politiche, per garantire al Vertice aziendale una lettura sempre aggiornata del contesto.
* **Preparazione dei briefing per gli incontri istituzionali:** predispone, prima di ogni incontro del Vertice, documentazione puntuale su profilo dell'interlocutore, mandato in corso, temi di interesse comune, contesto politico\-istituzionale e obiettivi dell'incontro.
* **Redazione della comunicazione istituzionale:** cura lettere di invito, note formali, comunicazioni ufficiali e ogni altra corrispondenza che rappresenti FPA o il suo Vertice nei confronti delle istituzioni, con qualità, precisione e registro adeguati.
* **Accoglienza e gestione degli ospiti istituzionali:** durante le manifestazioni FPA, è il riferimento diretto per gli ospiti istituzionali di alto profilo, garantendo un'accoglienza impeccabile che rafforzi la relazione nel tempo.
**Competenze e capacità richieste**
-----------------------------------


* Comprovata attitudine alle relazioni pubbliche istituzionali e capacità di costruire relazioni di fiducia con figure apicali della PA, con piena padronanza dei codici e delle sensibilità del mondo pubblico
* Solida conoscenza dell'organizzazione della Pubblica Amministrazione italiana, dei suoi processi decisionali e dei suoi principali attori, oltre a un interesse qualificato per le politiche pubbliche
* Empatia, diplomazia e lettura dei contesti; capacità di gestire con naturalezza situazioni ad elevata complessità protocollare, con equilibrio tra proattività e discrezione
* Visione d'insieme, capacità di prioritizzazione e gestione efficace di agende complesse, con approccio metodico e flessibile nella risoluzione dei problemi
* Assoluta discrezione nella gestione di informazioni riservate e nella rappresentanza del Vertice aziendale; elevato senso di responsabilità istituzionale.
**Requisiti**
-------------


* Ottima padronanza della lingua italiana scritta e orale, con capacità di modulare il registro in funzione dell'interlocutore istituzionale e cura del dettaglio nella corrispondenza formale
* Ottima padronanza del pacchetto Microsoft Office e degli strumenti di collaborazione digitale; la conoscenza di sistemi CRM per la gestione strutturata del network di contatti costituisce un elemento preferenziale.
  


**Cosa offriamo**
-----------------


* Inserimento a tempo indeterminato con CCNL Commercio Terziario
* RAL compresa tra 25\.000€ e 35\.000€; definita in funzione del profilo e dell’esperienza complessivamente maturata
* Buoni pasto per ogni giorno lavorato.
**Perché lavorare con noi**
---------------------------


* Entrerai in un gruppo che integra consulenza, tecnologia e comunicazione, lavorando su progetti concreti per imprese e Pubblica Amministrazione.
* Avrai l’opportunità di confrontarti con competenze diverse e contribuire a iniziative che uniscono strategia, execution e sviluppo del mercato.
* Lavorerai in un contesto in evoluzione, dove sperimentazione e collaborazione sono parte integrante del modo di operare.
* Utilizziamo l’AI e strumenti avanzati per supportare le attività quotidiane e migliorare l’efficacia del lavoro.
* Offriamo modalità di lavoro flessibili e un ambiente che favorisce autonomia e responsabilità.
* Investiamo nella crescita delle persone, attraverso formazione continua e opportunità di sviluppo professionale.
*La ricerca rispetta il d.lgs. 198/2006 ed è aperta a persone con disabilità, di qualsiasi orientamento o espressione di genere, orientamento sessuale, età, etnia e credo religioso. Il presente annuncio è stato ideato nel rispetto della diversity e dell’inclusività.*","","https://it.indeed.com/cmp/Digital360","https://d2q79iu7y748jz.cloudfront.net/s/_squarelogo/256x256/be584912ad7dde468180ee4acf21aee4","https://www.digital360.it/","Milan","51 to 200","","","","","","","","","persona qualificata"
"in-1da36e9091f94ac8","indeed","https://it.indeed.com/viewjob?jk=1da36e9091f94ac8","https://career.ita-airways.com/job/Trouble-Shooter/923-it_IT","Trouble Shooter","ITA airways","Fiumicino, LAZ, IT","2026-07-22","","","","","","",False,"","","","","ITA Airways, la Compagnia di bandiera italiana, sta assumendo!


Abbiamo bisogno di portare a bordo persone qualificate, motivate e con la voglia di mettersi in gioco con passione e iniziativa.  



Per la funzione Maintenance Control Center \& Short Term Planning ricerchiamo risorse da inserire nella posizione di  



**Trouble Shooter**

Scopo del ruolo è contribuire alla continuità operativa della flotta ITA Airways garantendo il presidio tecnico degli aeromobili 24 ore su 24 e assicurare, attraverso il monitoraggio costante dello stato della flotta e la gestione delle problematiche tecniche, che gli aeromobili operino in condizioni di sicurezza e nel rispetto dei requisiti normativi e aziendali. In qualità di riferimento tecnico centrale per gli eventi manutentivi di maggiore impatto, la risorsa coordinerà le attività con Engineering, Line Maintenance, Base Maintenance e Operations, valutando i rischi e le conseguenze operative delle anomalie e individuando le migliori soluzioni per ridurre ritardi, cancellazioni e indisponibilità degli aeromobili.  



**Di cosa ti occuperai?**
-------------------------

* Interagire con la manutenzione di linea, con la manutenzione di base, con i rappresentanti dell’ingegneria e dei costruttori, nonché con il personale navigante tecnico circa le questioni relative alla manutenzione degli aeromobili
* Seguire e coordinare le operazioni tecniche sul campo o in Base Maintenance su richiesta della Direzione Tecnica
* Seguire l'implementazione delle necessarie azioni tecniche in caso di avarie
* Riportare al MCC Duty Manager la necessità di rimuovere dal servizio un aeromobile qualora le azioni tecniche non siano state implementate in maniera soddisfacente
* Fornire linee guida al personale di manutenzione, assicurando la propria disponibilità a consulenze qualora si debbano prendere decisioni su questioni tecniche, operative e procedurali di una certa rilevanza
* Scortare in volo l’aereo qualora sia necessario raccogliere ulteriori informazioni su problemi tecnici ricorrenti o attenzionati dal Trouble Shooting, su richiesta della Direzione Tecnica
* Monitorare lo stato degli aeromobili, disponendo le appropriate azioni tecniche in caso di problematiche o quando si prevede che le operazioni volo possano esserne influenzate
* Eseguire health checks sui dati storici, emettendo work order di preventative maintenance laddove necessario
* Identificare avarie ripetitive degli aeromobili e sviluppare piani d'azione per la loro rapida ed efficace rettifica
* Monitorare, segnalare e mantenere aggiornato il software AMOS per le operazioni di manutenzione come richiesto dal CAME (es: in caso di rettifica avaria o attivazione di anomalie compatibili o deferred defect su scalo, etc)
Fornire le informazioni al MCC Duty Manager e al Management sullo stato di tutti gli aeromobili in servizio durante il turno  
* 
**Cosa stiamo cercando?**
-------------------------

* Esperienza professionale di almeno 10 anni nella manutenzione di linea e/o di base nel settore del trasporto aereo
* Licenza di Manutentore Aeronautico (preferibilmente B1\+B2\) su Airframe e Powerplant
* Abilitazioni su uno o più dei seguenti tipi di aeromobili: A320 / A330 / A350 / A220
* Disponibilità a frequentare corsi macchina EASA 147 di livello 3 sulla flotta ITA Airways
* Significativa esperienza pregressa nel ruolo di team leader
* Conoscenza della lingua inglese (livello minimo B1\)
* Disponibilità al lavoro su turni H24 7/7
* *Requisito preferenziale:*conoscenza di AMOS  

	+
**Competenze**
--------------

* Pianificazione e gestione delle priorità
* Competenze organizzative e Decision Making
* Problem solving e Stress Management
Team Working  
* 
**Cosa offriamo?**
------------------

Contratto CCNL Trasporto Aereo


Retribuzione Annua Lorda: € 45\.000 \- € 50\.000\. L’offerta retributiva sarà commisurata all’esperienza e alle competenze del candidato/a.  



**Dove lavorerai?**
-------------------

Fiumicino, RM.  



Attività in regime turnista H24 7/7\.  



Se ti riconosci in queste caratteristiche, aspettiamo la tua candidatura!  



*Si invitano i candidati a prendere visione dell’informativa che ITA ha predisposto conformemente a quanto previsto dal Regolamento (UE) n. 679/2016 e dal D. Lgs. N. 196/2003, nella pagina ""Lavora con noi"" del sito* *www.ita\-airways.com* *.* *Le offerte si intendono rivolte ai candidati ambosessi (d.lgs. 198/2006\).*","","https://it.indeed.com/cmp/Ita-Airways","","","","","","","","","","","","","persona qualificata"
"in-ad359efe8136c59f","indeed","https://it.indeed.com/viewjob?jk=ad359efe8136c59f","https://careers.novonordisk.com/job/Frosinone-Automation-Engineer-Lazi/1418730233/","Automation Engineer","Novo Nordisk, Inc.","Frosinone, LAZ, IT","2026-07-24","internship","","","","","",False,"","","","","Automation Engineer


**Category:** Digital \& IT
**Location:**Frosinone, Lazio, IT  

Join us in making manufacturing smarter, safer and more connected.  

As Automation Engineer at Novo Nordisk Anagni, you will design, implement and optimise automation systems that strengthen production performance, ensure compliance and support our ambition to deliver for patients.  


**Your new role**

This is a hands\-on project role where you will guide automation activities across the full lifecycle \- from solution design and vendor coordination to commissioning, validation and operational readiness. You will help connect manufacturing equipment, OT infrastructure and digital systems so that our site can scale with quality, efficiency and control.

Day\-to\-day, your tasks will include:

* Leading automation integration for manufacturing systems, including aseptic formulation, filling equipment, facilities and utilities
* Coordinating installation, commissioning, testing and validation activities, including FAT, SAT, IQ and OQ for automation and OT systems
* Supporting the lifecycle of automation hardware, software and OT infrastructure, including backup, monitoring and robotic automation solutions
* Managing project timelines, budgets, resources and stakeholder communication to support delivery against project objectives
* Troubleshooting automation\-related issues during start\-up and ensuring systems meet technical, functional and regulatory requirements
* Identifying opportunities to replace manual processes with automation solutions that improve efficiency, scalability and reliability
* Collaborating with cross\-functional teams, vendors and international project stakeholders to align automation initiatives with site and business priorities

  


**Your new department**

In Global Manufacturing \& Supply, we cover the full value chain from drug and device development to marketed Novo Nordisk products. We are more than 30,000 colleagues across the globe with the shared responsibility of scaling molecules, processes, devices, and products, dedicated to supplying life\-saving medicines to the patients who need them most.  



You will join the Automation Engineering team at our Anagni manufacturing site, where automation is central to bringing complex production equipment, utilities and OT systems into reliable operation. Working alongside project teams, site leadership, suppliers and colleagues across engineering and operations, you will help translate technical requirements into automation solutions that are robust, compliant and ready for GMP manufacturing.  



**Your skills \& qualifications**

We are looking for someone who combines strong technical automation expertise with project execution skills and the ability to collaborate across functions. You are structured, proactive and comfortable working independently while keeping stakeholders aligned.

To succeed in this role, we imagine that you have:

* A master’s degree in Automation Engineering, Electrical Engineering, Electronic Engineering, Industrial Engineering or another relevant field
* At least 8 years of automation experience within pharmaceutical, biotech or aseptic manufacturing environments
* Strong knowledge of PLC, SCADA, DCS systems, industrial automation protocols and OT architecture
* Experience with MES and integration between manufacturing execution systems, OT layers and SCADA
* Good knowledge of validation processes such as FAT, IQ/OQ and PQ, as well as GMP, FDA 21 CFR Part 11 and GAMP 5
* Project management experience, including timeline, budget, resource and stakeholder coordination
* Strong analytical, problem\-solving and communication skills, with the ability to work effectively across departments, suppliers and project teams
  


Experience with robotic automation, machine learning, advanced programming techniques, automation infrastructure, backup or monitoring services would be an advantage.  



**Working at Novo Nordisk**  

A career in Research \& Development at Novo Nordisk means your expertise will touch the lives of millions of patients living with serious chronic diseases. You will work alongside insightful, brilliant colleagues at the forefront of science, in a culture of curiosity, continuous learning and open collaboration. For over 100 years, our dedication has driven us to build a company focused on lasting change for long\-term health — and when you join us, you become part of a story that spans generations.  


**What we offer**

At Novo Nordisk, you’ll join a global healthcare company with a unique culture and strong results. We offer continuous learning, career development, and benefits tailored to your life and career stage.  


**Salary**

For this role, the Annual Base Salary ranges from 47\.570 to 76\.110 EUR, corresponding to the level of the position.

The placement within the salary range will be assessed during the recruitment process based on the candidate’s skills, competencies, knowledge, and relevant experience.  


**Incentives and Benefits**

The salary package may include short\-term and/or long\-term incentives as well as other employee benefits based on position level, location, functional area and relevant market benchmarks.  



Learn more about our Reward Philosophy here.  


**Deadline**

August 7th, 2026","Pharmaceuticals","https://it.indeed.com/cmp/Novo-Nordisk,-Inc.","https://d2q79iu7y748jz.cloudfront.net/s/_squarelogo/256x256/398c18a63beebc714702f73b11bc0c2b","https://www.novonordisk.com/","Novo Alle 1
2880 Bagsværd
Denmark","10,000+","more than $10B (USD)","Novo Nordisk is a global healthcare company, driving change to defeat diabetes and other serious chronic diseases such as obesity, and rare blood and rare endocrine disease","","","","","","","GMP compliance"
"in-63a1a628af340f36","indeed","https://it.indeed.com/viewjob?jk=63a1a628af340f36","https://jsv3.recruitics.com/redirect?rx_cid=3436&rx_jobId=R-01361570&rx_url=https%3A%2F%2Fjobs.thermofisher.com%2Fglobal%2Fen%2Fjob%2FR-01361570%2FManufacturing-Scientist-level-I%3Frx_a%3D0%26rx_c%3D%26rx_ch%3Djobp4p%26rx_group%3D123525%26rx_id%3D345ddc61-86d5-11f1-a93a-23443d13cfe2%26rx_job%3DR-01361570%26rx_medium%3Dcpc%26rx_r%3Dnone%26rx_source%3Dindeed%26rx_ts%3D20260729T080406Z%26rx_vp%3Dcpc%26utm_medium%3Dppc%26utm_source%3Drecruitics_indeedorganic","Manufacturing Scientist level I","Thermo Fisher Scientific","Ferentino, LAZ, IT","2026-07-23","fulltime","","","","","",False,"","","","","**Work Schedule**


Standard (Mon\-Fri)**Environmental Conditions**


Office**Job Description**


As part of the Thermo Fisher Scientific team, you’ll discover meaningful work that makes a positive impact on a global scale. Join our colleagues in bringing our Mission to life every single day to enable our customers to make the world healthier, cleaner and safer. We provide our global teams with the resources needed to achieve individual career goals while helping to take science a step beyond by developing solutions for some of the world’s toughest challenges, like protecting the environment, making sure our food is safe or helping find cures for cancer.  

  

DESCRIPTION:  

Join our team at Thermo Fisher Scientific as a Manufacturing Sciences Scientist I, where you'll contribute to our mission of enabling customers to make the world healthier, cleaner and safer. In this role, you'll support manufacturing operations by developing, optimizing and implementing production processes while ensuring compliance with quality standards. You'll collaborate with cross\-functional teams to manufacture critical products for diagnostics, research, and therapeutic applications. The position offers opportunities to enhance processes, solve technical challenges, and directly impact patient care through high\-quality manufacturing.  

  

REQUIREMENTS:  

* Bachelor's degree required, no prior experience required in a GMP environment
* Preferred Fields of Study: Chemistry, Biochemistry, Chemical Engineering, Biotechnology, or related scientific field
* Strong understanding of analytical methods, quality control testing, and documentation practices
* Demonstrated proficiency in standard laboratory techniques and equipment operation
* Experience with chromatography, spectroscopy, and other analytical instrumentation
* Working knowledge of GMP, GDP, and other relevant regulatory requirements
* Strong technical writing skills for SOPs, batch records, and investigation reports
* Proficiency in Microsoft Office applications and laboratory information systems
* Strong analytical and problem\-solving abilities
* Effective communication skills and ability to work collaboratively in teams
* Ability to work various schedules including potential overtime when needed
* Physical ability to lift up to 35 pounds and work in laboratory/manufacturing environments
* English language proficiency required; additional languages beneficial","Industrial Manufacturing","https://it.indeed.com/cmp/Thermo-Fisher-Scientific","https://d2q79iu7y748jz.cloudfront.net/s/_squarelogo/256x256/65bd2e4bebb79b1432ac3277ffd57ae7","https://www.thermofisher.com/","168 Third Avenue, Waltham, MA USA 02451","10,000+","more than $10B (USD)","At Thermo Fisher Scientific, our professionals develop critical solutions—and build rewarding careers.","","","","","","","GMP compliance"
"li-4434548377","linkedin","https://www.linkedin.com/jobs/view/4434548377","","JUNIOR QUALITY ASSURANCE - settore ferroviario","Direzione Lavoro S.p.A.","Latina, Latium, Italy","2026-07-27","","","","","","",False,"","","","","","","https://it.linkedin.com/company/direzione-lavoro-spa","","","","","","","","","","","","","GMP compliance"
"li-4446332078","linkedin","https://www.linkedin.com/jobs/view/4446332078","","Quality Assurance Associate","Johnson & Johnson Innovative Medicine","Latina, Latium, Italy","","","","","","","",False,"","","","","","","https://www.linkedin.com/company/jnjinnovativemedicine","","","","","","","","","","","","","GMP compliance"
"in-aae39c3c2db3d4a0","indeed","https://it.indeed.com/viewjob?jk=aae39c3c2db3d4a0","https://cri.intervieweb.it/annunci.php?l=personale-per-la-gestione-centri-accoglienza-migranti-345008&lang=it&d=indeed","PERSONALE PER LA GESTIONE CENTRI ACCOGLIENZA MIGRANTI","","Roma, LAZ, IT","2026-06-05","","","","","","",False,"","","","recruiting@cri.it","La Croce Rossa Italiana (CRI) è un’Associazione di diritto privato senza fini di lucro e di interesse pubblico, posta sotto l'alto patronato del Presidente della Repubblica ed iscritta di diritto nella sezione Organizzazioni di Volontariato del registro unico nazionale del Terzo settore, applicandosi ad essa, per quanto non diversamente disposto dal D.Lgs. n. 178/2012, il Codice del Terzo Settore (D.Lgs. n. 117/2017\).


La CRI è Società volontaria di soccorso ed assistenza, ausiliaria dei pubblici poteri in campo umanitario.


L'Associazione della Croce Rossa Italiana fa parte del Movimento Internazionale della Croce Rossa e Mezzaluna Rossa. Nelle sue azioni a livello internazionale si coordina con il Comitato Internazionale di Croce Rossa (CICR) e con la Federazione Internazionale di Croce Rossa e Mezzaluna Rossa (FICR).

**In quanto Associazione di diritto privato, non trovano applicazione le disposizioni previste in materia di concorsi pubblici.**

  

  

**Posizione:**
--------------

La Croce Rossa Italiana opera, tra le altre attività, per migliorare le condizioni di vita delle persone migranti, offrendo ascolto, accoglienza e assistenza. Il supporto alle persone migranti rientra tra i compiti istituzionali e nella mission riconosciuti dallo Statuto della Croce Rossa Italiana, come dimostra l’impegno nella gestione delle emergenze umanitarie connesse ai fenomeni migratori, nonché nella promozione e tutela dei diritti


umani delle persone migranti.

  

Il presente avviso è finalizzato alla costituzione di un elenco di personale in pronto impiego da destinare alle strutture di accoglienza gestite dalla Croce Rossa Italiana, nonché ad ulteriori attività e servizi a favore delle persone migranti, inclusi quelli eventualmente realizzati nell’ambito dell’attuazione del Patto europeo sulla migrazione e l’asilo, su tutto il territorio nazionale.


I candidati risultati idonei per ciascuno dei profili professionali ricercati e inseriti nel Roster potranno essere impiegati, in base alle esigenze organizzative, presso le strutture e i servizi che saranno attivati.

 **Profili ricercati:**


Al fine di garantire l'operatività dei vari centri, i profili ricercati sono i seguenti:

* Responsabile del centro
* Team Leader
* Operatore amministrativo
* Operatore legale
* Caseworker RFL
* Operatore sociale
* Mediatore linguistico culturale
* Operatore dell'accoglienza
* Magazziniere
* Addetto pulizie
* Medico / Responsabile Medico
* Psicologo/a
* Infermiere

 **AREA/DIREZIONE:** Direzione di Area Operazioni, Emergenze e Soccorsi/ U.O. Migrazioni

**SEDE DI LAVORO**: da definire in relazione alle esigenze progettuali

**TIPO DI CONTRATTO:** da definire in relazione alla tipologia del profilo

**DURATA CONTRATTO:** da definire in relazione alle esigenze progettuali

**RAL/COMPENSO LORDO**: da definire in relazione alla tipologia contrattuale del profilo

**Requisiti:**
--------------

**1\) Responsabile del Centro**

**Descrizione della funzione:** Il Responsabile si occupa dell'organizzazione e del coordinamento di tutte le attività della CRI necessarie a garantire i servizi previsti presso i centri di accoglienza per persone migranti gestiti dalla CRI, in conformità alle indicazioni ed alle linee guida del coordinamento nazionale dell'Associazione.

**Compiti e responsabilità del ruolo ricercato:**

* Rappresenta la figura di raccordo tra il Coordinamento Nazionale CRI e l'operatività del Centro.
* E' responsabile del raccordo con tutti gli attori istituzionali e umanitari operanti durante tutte le fasi dell'accoglienza delle persone migranti ospitate presso il Centro.
* Monitora l'applicazione delle procedure operative standard fornite dal Coordinamento Nazionale CRI e contribuisce all'aggiornamento ed al miglioramento delle stesse.
* E' responsabile del coordinamento e dell'organizzazione delle risorse umane assegnate alla struttura, prevedendo regolari riunioni d'equipe ed attività di supervisione, in raccordo con il Responsabile Sanitario del Centro.
* Coordina le attività e i servizi alla persona rivolti alle persone assistite presso il Centro, durante tutte le fasi di permanenza.
* Sovrintende ed assicura il regolare svolgimento delle attività del Centro durante le diverse fasi di accoglienza delle persone ospitate.
* E' responsabile del materiale e dei mezzi assegnati al Centro e ne garantisce la corretta gestione e manutenzione.
* E' responsabile del monitoraggio dei fabbisogni del Centro e della rendicontazione qualitativa e quantitativa delle attività.
* Predispone e garantisce la redazione della reportistica richiesta dalle Autorità Competenti e dal Coordinamento Nazionale CRI.
* Garantisce il corretto inserimento ed aggiornamento dei dati all'interno dei sistemi informativi e degli strumenti gestionali dedicati.

**Requisiti**

* Titolo di studio: Laurea
* Esperienza acquisita: Esperienza nel coordinamento, nella gestione ed implementazione di progetti di accoglienza di persone migranti presso centri di accoglienza ed esperienza nel coordinamento di squadre di lavoro multidisciplinari.
* Requisiti migliorativi: Preferibile conoscenza della lingua inglese e/o francese, nonché di ulteriori lingue veicolari.

 **2\) Team Leader**

**Descrizione della funzione:** il Team Leader si occupa dell’organizzazione e del coordinamento di tutte le attività della CRI necessarie a garantire i servizi previsti presso dispositivi operativi itineranti di assistenza e prestazione di servizi, in conformità alle indicazioni e alle linee guida del Coordinamento Nazionale CRI.

 **Compiti e responsabilità del ruolo ricercato:**

* Rappresenta la figura di raccordo tra il Coordinamento Nazionale CRI e l’operatività sul territorio.
* È responsabile del raccordo con tutti gli attori istituzionali e umanitari coinvolti nelle diverse fasi dell’assistenza alle persone migranti presso le realtà operative di riferimento.
* Monitora l’applicazione delle procedure operative standard fornite dal Coordinamento Nazionale CRI e contribuisce al loro aggiornamento e miglioramento.
* È responsabile del coordinamento e dell’organizzazione delle risorse umane e delle attività assegnate a ciascun team, prevedendo regolari riunioni di équipe e attività di supervisione.
* Sovrintende e assicura il regolare svolgimento delle attività durante le diverse fasi di assistenza alle persone migranti.
* È responsabile dei materiali e dei mezzi assegnati a ciascun team e ne garantisce la corretta gestione e manutenzione.
* È responsabile del monitoraggio dei fabbisogni del team e della rendicontazione qualitativa e quantitativa delle attività.
* Predispone e garantisce la redazione della reportistica richiesta dalle Autorità competenti e dal Coordinamento Nazionale CRI.
* Garantisce il corretto inserimento e aggiornamento dei dati all’interno dei sistemi informativi e degli strumenti gestionali dedicati, nonché degli ulteriori strumenti di registrazione, monitoraggio e rendicontazione previsti.

**Requisiti**

**Titolo di studio**: Laurea o almeno 10 anni di comprovata esperienza nel ruolo.

**Esperienza acquisita**: esperienza nel coordinamento, nella gestione e nell’implementazione di progetti di assistenza a favore delle persone migranti, nonché esperienza nel coordinamento di équipe multidisciplinari.

**Requisiti migliorativi**: preferibile conoscenza della lingua inglese, francese e/o di ulteriori lingue veicolari.

 **3\) Operatore amministrativo**

**Descrizione della funzione:** La figura ricercata sarà inserita in contesti connessi all'accoglienza ed all'assistenza delle persone migranti, al fine di assicurare lo svolgimento delle attività di carattere amministrativo necessarie a garantire i servizi previsti.

**Compiti e responsabilità del ruolo ricercato:**

* Registrazione e verifica giornaliera dei dati relativi alle presenze.
* Supporto alla gestione, protocollazione ed archiviazione della corrispondenza in entrata e in uscita.
* Raccolta dei fabbisogni relativi agli acquisti.
* Predisposizione degli ordinativi di fornitura relativi agli acquisti, verificando la corrispondenza tra la fattura di acquisto, il documento di trasporto che accompagna la merce ed il relativo ordine.
* Calcolo, monitoraggio ed erogazione di contributi e beni previsti nell'ambito delle attività di assistenza.
* Registrazione dei costi sostenuti dal progetto su apposita contabilità interna assicurando un costante allineamento con l'ufficio contabilità deII’ Associazione.
* Supporto alla compilazione di reportistica, su indicazione e in accordo con il diretto responsabile.
* Utilizzo di database/software gestionali dedicati, assicurando, al bisogno, estrapolazione ed elaborazione di dati, anche disaggregati.

 **Requisiti**

* Titolo di studio: Diploma di maturità
* Competenze tecniche: Ottima conoscenza del pacchetto Office, in particolare Excel e Access.
* Esperienza acquisita: Esperienza nel campo dell'amministrazione e contabilità con particolare riguardo alle rendicontazioni dei progetti realizzati con fondi pubblici.

 **4\) Operatore legale:**

**Descrizione della funzione:** la figura ricercata sarà inserita nell’ambito delle attività della Croce Rossa Italiana a favore delle persone migranti, operando presso strutture di accoglienza e/o nell’ambito di dispositivi dedicati alle attività di prima assistenza e screening sanitario sul territorio. In tale contesto, l’Operatore legale garantisce alle persone assistite una prima informativa in ambito legale e amministrativo, in raccordo con gli altri attori umanitari presenti e con il supporto dei mediatori linguistico\-culturali.

**Compiti e responsabilità del ruolo ricercato:**

* Garantisce un primo orientamento ed una prima informativa legale relativamente alla normativa italiana ed europea in materia di asilo, nonché procedure correlate, ai relativi diritti e doveri
* Assicura l'orientamento e l'accompagnamento nell'ambito delle procedure burocratico\-amministrative
* Supporta nella redazione di eventuali segnalazioni di vulnerabilità
* Supporta la gestione di eventuali casi afferenti al servizio Restoring Family Links, in assenza di un operatore dedicato
* Supporta nella redazione di reportistica di competenza

**Requisiti**

* Titolo di studio: Laurea, preferibile in materie giuridiche.
* Competenze tecniche: Conoscenza della normativa di riferimento e conoscenza della procedura per il riconoscimento della protezione internazionale e conoscenza dei meccanismi di tutela giurisdizionale

 **5\) Caseworker RFL:**

**Descrizione della funzione:** La figura richiesta sarà inserita all'interno di una struttura di accoglienza per persone migranti. In tale contesto, il Caseworker RFL, assicura la prevenzione delle separazioni familiari, la segnalazione di separazioni avvenute durante il percorso migratorio delle persone assistite, la raccolta e la consegna di messaggi destinati ai familiari, l'erogazione di servizi di connettività per il ristabilimento ed il mantenimento dei contatti familiari, l'informativa sul servizio Restoring family Links e sul funzionamento della RFL in Italia e all'estero, nonché l'eventuale raccolta di informazioni relative a persone disperse e/o decedute Iungo il percorso migratorio.

**Compiti e responsabilità del ruolo ricercato:**

* Assicura che il Servizio RFL venga implementato in maniera consona durante tutte le fasi legate alla permanenza presso il centro, garantendo un'adeguata informazione alle persone assistite, l'applicazione delle procedure adottate daII’ Ufficio RFL Nazionale e la Rete RFL internazionale, garantendo il corretto utilizzo dei materiali a supporto dell'attività
* Garantisce il monitoraggio delle attività correlate al servizio RFL ed il raccordo con gli altri professionisti coinvolti (es: psicologi).
* Realizza attività informative rivolte ai beneficiari sul servizio RFL
* Organizza, in collaborazione con gli altri professionisti coinvolti, eventuali focus group a seguito di eventi critici.

 **Requisiti**

* Titolo di studio: Diploma
* Competenze tecniche: Conoscenza della lingua inglese, preferibile francese o altre lingue veicolari.

 **6\) Operatore Sociale**

**Descrizione della funzione:** La figura ricercata sarà inserita all’interno di una struttura di accoglienza per persone migranti. In tale contesto, si rende necessaria la presenza di operatori con competenze in ambito sociale al fine di garantire adeguate attività di supporto, orientamento e accompagnamento delle persone accolte, favorendo l’individuazione di eventuali situazioni di vulnerabilità e l’attivazione dei necessari percorsi di tutela e presa in carico da parte dei servizi competenti.

 **Compiti e responsabilità del ruolo ricercato:**

* Facilita e semplifica la comunicazione attraverso l’utilizzo di metodologie e strumenti adeguati alle specifiche caratteristiche delle persone assistite
* Si raccorda con le altre professionalità presenti nel centro (personale sanitario, operatori RFL, mediatori linguistico\-culturali e altri operatori) al fine di assicurare interventi mirati e adeguati alle fasce di età e alle specifiche esigenze delle persone assistite
* Collabora durante tutte le fasi dell’accoglienza presso il centro
* Supporta il Responsabile del Centro, il Responsabile Sanitario e gli altri professionisti e operatori presenti nello svolgimento delle attività, incluse eventuali segnalazioni di vulnerabilità
* Svolge attività di accompagnamento e supporto nell’accesso alle procedure amministrative
* Organizza attività ricreative, educative e formative rivolte agli adulti
* Osserva le condizioni psico\-fisiche e i comportamenti delle persone assistite, mantenendo un costante dialogo con le stesse, al fine di favorire l’emersione e la tutela di eventuali situazioni di vulnerabilità e di valutarne le esigenze di accoglienza

**Requisiti**

* Titolo di studio: Laurea triennale. Costituisce requisito preferenziale il possesso di una laurea in Antropologia, Scienze Politiche, Sociologia, Scienze Giuridiche, Giurisprudenza, Psicologia o Servizio Sociale. In alternativa, è considerato titolo preferenziale il possesso della qualifica di Educatore Professionale o Educatore Socio\-Pedagogico.

 **7\) Mediatore Linguistico Culturale**

**Descrizione della funzione:** la figura ricercata sarà inserita nell’ambito delle attività della Croce Rossa Italiana a favore delle persone migranti, operando presso strutture di accoglienza e/o nell’ambito di dispositivi dedicati alle attività di prima assistenza e screening sanitario sul territorio.


In tale contesto, si rende necessaria la presenza di mediatori linguistico\-culturali al fine di garantire un’adeguata informativa e un accompagnamento strutturato rispetto alle misure poste in essere presso le strutture di accoglienza, favorendo la funzione di raccordo tra i bisogni delle persone migranti, i servizi offerti e le fondamentali regole di convivenza.

 **Compiti e responsabilità del ruolo ricercato**

* Facilita e semplifica la comunicazione attraverso l’utilizzo di risorse linguistiche e metodologiche adeguate alle specifiche esigenze delle persone migranti assistite
* Supporta le attività di prima accoglienza delle persone migranti, inclusa l’assistenza materiale, orientando il proprio intervento all’informazione e alla responsabilizzazione dei singoli
* Rappresenta un punto di riferimento per l’ascolto e la restituzione dei bisogni espressi dalle persone assistite, facilitando l’attivazione delle risposte più appropriate
* Facilita la diffusione e la comprensione delle informazioni necessarie al corretto svolgimento delle attività, con particolare attenzione alle priorità dei diversi contesti operativi
* Svolge attività di mediazione in situazioni di conflitto o incomprensione
* Collabora durante tutte le fasi dell’accoglienza presso il centro
* Supporta gli altri professionisti e operatori nelle attività di informazione, scambio e raccolta di informazioni, nonché nelle eventuali attività di screening

**Requisiti**

* Titolo di studio: Qualifica di mediatore culturale o esperienza di almeno due anni nel ruolo
* Competenze tecniche: Conoscenza di una o più lingue veicolari parlate dalle persone assistite (a titolo esemplificativo e non esaustivo: inglese, francese, arabo, bangla, tigrino, somalo, urdu, pashtu).

 **8\) Operatore dell'Accoglienza**

**Descrizione della funzione:** La figura ricercata sarà inserita all’interno di una struttura di accoglienza per persone migranti. In tale contesto, l’Operatore dell’Accoglienza assicura alle persone accolte i servizi di assistenza necessari e l’adeguato accompagnamento nello svolgimento delle attività previste, favorendo percorsi di responsabilizzazione e di progressiva acquisizione di autonomia e consapevolezza.

 **Compiti e responsabilità del ruolo ricercato:**

* Assicura le attività di prima accoglienza delle persone migranti, incluse le attività connesse agli sbarchi e all’accoglienza materiale
* Collabora durante tutte le fasi dell’accoglienza presso il centro
* Supporta operativamente le persone accolte nelle necessità quotidiane
* Si occupa della distribuzione dei pasti, dei kit di assistenza e degli altri beni di prima necessità
* Assicura lo svolgimento delle attività ordinarie e straordinarie di assistenza del centro
* Accompagna le persone accolte durante i trasferimenti, ove necessario
* Utilizza i software gestionali e gli strumenti di registrazione previsti, ove richiesto
* Assicura i trasporti e i trasferimenti mediante mezzi CRI, previa acquisizione o conversione delle necessarie abilitazioni alla guida
* Contribuisce alla gestione ordinaria della logistica del centro
* Supporta le attività di gestione del magazzino

**Requisiti**

* Titolo di studio: Licenza media. Costituisce titolo preferenziale il possesso di un diploma di scuola secondaria grado o di qualifica professionale.
* Requisiti migliorativi:
* Preferibile conoscenza di una o più lingue veicolari parlate dalle persone assistite (a titolo esemplificativo: inglese, francese, arabo, bangla, tigrino, urdu). Costituisce altresì titolo preferenziale il possesso della patente di guida di categoria B, C, CE o D.

 **9\) Magazziniere**

**Descrizione della funzione:** La figura richiesta sarà inserita all’interno di una struttura di accoglienza per persone migranti. In tale contesto, il Magazziniere assicura la corretta gestione dei materiali presenti nei magazzini, la funzionalità degli spazi, il supporto logistico, la manutenzione ordinaria del centro e l’effettuazione degli eventuali trasporti necessari.

**Compiti e responsabilità del ruolo ricercato:**

* Riceve la merce in entrata e ne verifica la documentazione
* Verifica che la merce ricevuta sia conforme, corretta e integra
* Provvede allo stoccaggio della merce nelle aree di competenza, nel rispetto delle procedure e degli standard previsti
* Predispone i materiali e i beni da distribuire alle persone assistite, su indicazione del Responsabile del Centro
* Mantiene costantemente aggiornato l’inventario dei magazzini mediante l’utilizzo dei software gestionali dedicati
* Monitora le giacenze e si coordina con il Responsabile del Centro ai fini della tempestiva predisposizione dei reintegri necessari
* Cura la gestione operativa dell’autoparco dei mezzi a disposizione del centro

**Requisiti**

* Titolo di studio: Licenza media. Costituisce titolo preferenziale il possesso di un diploma di scuola secondaria di secondo grado o di una qualifica professionale. Possesso della patente di guida di categoria B e C. Costituisce titolo preferenziale il possesso delle patenti di categoria CE e D.

 **10\) Addetto pulizie**

**Descrizione della funzione:** La figura ricercata sarà inserita all’interno di una struttura di accoglienza per persone migranti. In tale contesto, l’Addetto alle Pulizie assicura il mantenimento di adeguate condizioni di igiene, pulizia e salubrità degli ambienti, garantendo la regolare pulizia e sanificazione della struttura e degli spazi di pertinenza.

**Compiti e responsabilità del ruolo ricercato:**


Svolge attività di pulizia e sanificazione sulla base delle indicazioni ricevute e secondo la programmazione definita, utilizzando i prodotti e le attrezzature forniti. In particolare:

* Effettua la pulizia, il lavaggio e la sanificazione ordinaria e straordinaria di pavimenti, arredi e superfici
* Assicura la corretta differenziazione dei rifiuti, con particolare riferimento alle attività connesse alla distribuzione dei pasti
* Provvede alla raccolta e allo smaltimento dei rifiuti eventualmente presenti al di fuori degli appositi contenitori
* Effettua la pulizia e la sanificazione dei servizi igienici, provvedendo al reintegro dei materiali di consumo
* Compila quotidianamente la modulistica prevista
* Segnala l’eventuale esaurimento dei materiali di pulizia e dei prodotti di consumo necessari al reintegro
* Supporta, per quanto di competenza, la gestione ordinaria della logistica del centro

 **Requisiti**

* Titolo di studio: Licenza media. Costituisce titolo preferenziale il possesso di un diploma di scuola secondaria di secondo grado o di una qualifica professionale.

 **11\) Medico/ Responsabile medico**

**Descrizione della funzione:** la figura ricercata sarà inserita nell’ambito delle attività della Croce Rossa Italiana a favore delle persone migranti, operando presso strutture di accoglienza e/o nell’ambito di dispositivi dedicati alle attività di prima assistenza e screening sanitario sul territorio. In tali contesti, si rende necessaria la presenza di un team socio\-sanitario in grado di garantire lo screening delle condizioni di salute delle persone migranti in arrivo e la presa in carico sanitaria durante il periodo di permanenza presso i centri.

**Compiti e responsabilità del ruolo ricercato:**

* Garantisce l’assistenza sanitaria e il rispetto dei protocolli operativi e assistenziali adottati, in raccordo con le Autorità sanitarie competenti e con il Coordinamento Nazionale CRI
* Garantisce la continuità assistenziale delle persone assistite, attraverso una chiara organizzazione dei ruoli e delle responsabilità all’interno del team sanitario
* Implementa le attività di screening sanitario delle condizioni generali di salute della popolazione migrante assistita
* Garantisce l’organizzazione, l’operatività e il controllo delle attività svolte presso l’infermeria o l’ambulatorio del centro
* Gestisce le condizioni di urgenza ed emergenza che dovessero verificarsi durante la permanenza delle persone accolte presso la struttura
* Implementa azioni di educazione sanitaria e di applicazione delle procedure di infection control
* È responsabile della corretta compilazione, custodia, aggiornamento e consegna della documentazione sanitaria delle persone assistite
* Si raccorda con il Responsabile del Centro o con il Team Leader per le tematiche di interesse e garantisce la condivisione delle informazioni di carattere multidisciplinare con il resto dell’équipe
* Monitora e contribuisce al mantenimento di adeguate condizioni igienico\-sanitarie nei diversi contesti di riferimento
* Contribuisce all’individuazione e alla segnalazione di persone vulnerabili e/o portatrici di bisogni specifici
* Garantisce la predisposizione e il regolare invio della reportistica sanitaria relativa alle attività svolte

 **Requisiti**

* Titolo di studio: Laurea magistrale in Medicina e Chirurgia conseguita presso università italiane o titolo di studio conseguito all’estero e riconosciuto equipollente ai sensi della normativa vigente ed Iscrizione all’Ordine dei Medici Chirurghi.
* Requisiti migliorativi: costituisce titolo preferenziale il possesso di una specializzazione in Medicina Interna, Malattie Infettive, Medicina d’Urgenza, Malattie dell’Apparato Respiratorio, Igiene e Medicina Preventiva, nonché il possesso del diploma del Corso di Formazione Specifica in Medicina Generale.

 **12\) Psicologo/a**

**Descrizione della funzione:** La figura ricercata sarà inserita nell’ambito delle attività della Croce Rossa Italiana a favore delle persone migranti, operando presso strutture di accoglienza e/o nell’ambito di dispositivi dedicati alle attività di prima assistenza e screening sanitario sul territorio. In tali contesti, si rende necessaria la presenza di professionisti in grado di contribuire alla valutazione dei bisogni psicologici e psicosociali delle persone assistite e di garantire adeguati interventi di supporto e presa in carico.

**Compiti e responsabilità del ruolo ricercato:**

* Garantisce attività di primo supporto psicologico e psicosociale, ove necessario.
* Realizza colloqui individuali e attività di gruppo rivolti alle persone assistite, fornendo interventi di primo supporto psicologico, con particolare attenzione alle persone in condizioni di vulnerabilità (es. minorenni stranieri non accompagnati, vittime di naufragio, violenza o altri eventi traumatici).
* Supporta le attività di screening delle condizioni di salute e contribuisce all’individuazione di eventuali situazioni di vulnerabilità psicologica e psicosociale.

**Requisiti**

* Titolo di studio: Laurea magistrale in Psicologia e iscrizione all’Albo degli Psicologi.
* Requisiti migliorativi: costituisce titolo preferenziale il possesso di una specializzazione in Psicologia Clinica, Psicoterapia o titolo equipollente.

 **13\) Infermiere**

**Descrizione della funzione:** La figura ricercata sarà inserita nell’ambito delle attività della Croce Rossa Italiana a favore delle persone migranti, operando presso strutture di accoglienza e/o nell’ambito di dispositivi dedicati alle attività di prima assistenza e screening sanitario sul territorio. In tali contesti, si rende necessaria la presenza di un team socio\-sanitario in grado di garantire lo screening delle condizioni di salute delle persone migranti in arrivo e la presa in carico sanitaria durante il periodo di permanenza presso i centri.

 **Compiti e responsabilità del ruolo ricercato:**

* Assicura la presa in carico infermieristica delle persone assistite, in coordinamento con l’équipe sanitaria
* Supporta la gestione dell’infermeria e/o dell’ambulatorio e contribuisce al trattamento, secondo le buone pratiche cliniche, delle condizioni di salute che non necessitano di cure specialistiche, a supporto dell’équipe medica del centro
* Supporta la gestione delle condizioni di urgenza ed emergenza che dovessero verificarsi durante lo svolgimento delle attività
* Supporta le attività di screening delle condizioni sanitarie della popolazione migrante assistita
* Realizza attività di educazione sanitaria e contribuisce all’applicazione delle procedure di infection control
* Assicura la corretta gestione del magazzino farmaci e delle apparecchiature elettromedicali in dotazione, curandone il carico, lo scarico, il controllo e il mantenimento
* Supporta la compilazione della documentazione sanitaria e la redazione della reportistica specifica, su indicazione del referente sanitario
* Garantisce la corretta gestione dei rifiuti sanitari, inclusi i rifiuti ospedalieri trattabili (ROT) e i contenitori per taglienti, nel rispetto della normativa vigente.

 **Requisiti**

* Titolo di studio: Laurea in scienze infermieristiche ed Iscrizione all’Ordine Professioni Infermieristiche.

**Altre informazioni:**
-----------------------

**ITER DI SELEZIONE**

 **1\. MODALITA’ DI PRESENTAZIONE DELLA CANDIDATURA**

* Ciascun candidato potrà presentare la propria candidatura, esclusivamente attraverso la registrazione al presente avviso sulla piattaforma In\-Recruiting compilando il web form pubblicato sul sito istituzionale dell’Associazione, avendo cura di inserire tutti i dati richiesti ed allegare copia aggiornata del CV, documento di identità e foto, pena l'esclusione;
* Ciascun candidato dovrà compilare il form dedicato, in cui, oltre al dettaglio delle proprie esperienze e competenze, dovrà indicare nell’apposita sezione la tipologia di profilo prescelto tra quelli ricercati;
* All’invio della candidatura, il candidato riceverà un messaggio, all'indirizzo e\-mail indicato, di avvenuta registrazione all'annuncio.

  

Le candidature dovranno pervenire esclusivamente nelle modalità sopra indicate; non saranno prese in considerazione candidature pervenute a mezzo e\-mail.

 **2\. SVOLGIMENTO DELLA SELEZIONE**

* I candidati che risulteranno maggiormente in linea con i profili ricercati, potranno essere contattati per un colloquio tecnico\-motivazionale, finalizzato alla creazione di un Roster di profili da inserire in base alle esigenze che di volta in volta si manifesteranno.

 **3\. ALTRE INFORMAZIONI**

* Saranno considerate valide le sole candidature che risulteranno in possesso dei requisiti obbligatori al momento della presentazione della stessa.
* In considerazione di possibili variazioni del presente iter selettivo, i candidati sono invitati a monitorare il proprio indirizzo e\-mail e la piattaforma In\-Recruiting, all’interno della quale verranno date eventuali comunicazioni in merito.
* L’Associazione si riserva, a suo insindacabile giudizio, di modificare, sospendere o annullare la presente procedura, senza che i candidati possano avanzare pretese di qualsiasi genere o natura.


Per qualsiasi ulteriore informazione o richiesta di chiarimento è possibile inviare una e\-mail all'indirizzo *recruiting@cri.it,*avendo cura di indicare nell'oggetto la dicitura ***""PERSONALE PER LA GESTIONE CENTRI ACCOGLIENZA MIGRANTI"".***


I dati saranno trattati nel rispetto della normativa vigente.","","","","","","","","","","","","","","","registrazione farmaci"
"in-eaf6cf45df536b37","indeed","https://it.indeed.com/viewjob?jk=eaf6cf45df536b37","https://tnl2.jometer.com/v2/job?jx=5v7ym044279c27b85f0d0566558a8dd0d251eAIAJUBIAAABQ&jz=561wke9a439118d2a24f24e217cdf1de0a47fAEAMABTEAAAQAAAAABSA&source=APPLICANT_SOURCE-3-2054","Principal Biostatistician (Oncology) - FSP","IQVIA","Roma, LAZ, IT","2026-07-28","fulltime","","","","","",True,"","","","","Rome, Italy \| Full time \| Home\-based \| R1560482  
As a Principal Biostatistician, you will provide strategic statistical leadership for Oncology clinical trials, with a particular focus on hematological malignancies including multiple myeloma, leukemia, and lymphoma. You will work closely with cross\-functional teams to deliver high\-quality statistical support across the clinical development lifecycle, ensuring compliance with regulatory and industry standards.  


Key Responsibilities  


* Provide Principal\-level Biostatistics leadership for Oncology clinical development programs and studies
* Lead and contribute to statistical activities across clinical trials, acting as the primary statistical representative on assigned studies
* Review and provide quality control oversight of SDTM datasets and associated deliverables, ensuring compliance with CDISC standards
* Collaborate closely with Statistical Programming, Data Management, Clinical Operations, and Regulatory teams to ensure accurate and timely delivery of statistical outputs
* Support the interpretation and communication of study results to cross\-functional stakeholders
* Ensure all statistical deliverables meet quality, regulatory, and timeline expectations
* Effectively communicate statistical concepts, analyses, and recommendations to both technical and non\-technical audiences
* Contribute to study design discussions, protocol development, and statistical methodology as required

Candidate Requirements  


✔ Advanced experience as a Principal Biostatistician within a Pharmaceutical, Biotechnology, or CRO environment  
✔ Strong experience within Oncology clinical development  
✔ Demonstrated expertise in hematological malignancies, including multiple myeloma, leukemia, and/or lymphoma  
✔ Strong knowledge and practical application of CDISC standards, including SDTM  
✔ Experience performing or overseeing QC of SDTM datasets and related outputs  
✔ Proven ability to work effectively within cross\-functional teams and influence key stakeholders  
✔ Excellent verbal and written communication skills  
✔ Strong understanding of statistical principles and clinical trial methodology  


Preferred Qualifications  


✔ Experience serving as Lead Study Statistician within a cross\-functional clinical development team  
✔ Knowledge and experience in clinical trial statistical design and study planning  
✔ Experience supporting regulatory submissions and interactions with health authorities  
✔ Familiarity with advanced statistical programming tools and industry\-standard processes  


IQVIA is a leading global provider of clinical research services, commercial insights and healthcare intelligence to the life sciences and healthcare industries. We create intelligent connections to accelerate the development and commercialization of innovative medical treatments to help improve patient outcomes and population health worldwide. Learn more at https://jobs.iqvia.com  


IQVIA is committed to integrity in our hiring process and maintains a zero tolerance policy for candidate fraud. All information and credentials submitted in your application must be truthful and complete. Any false statements, misrepresentations, or material omissions during the recruitment process will result in immediate disqualification of your application, or termination of employment if discovered later, in accordance with applicable law. We appreciate your honesty and professionalism.  


Where you'll work  
Home\-based  


You’ll work remotely, with the flexibility to do your best work from home. Supported by collaborative tools and a global team, you’ll stay connected while enjoying the autonomy and balance that comes with a fully remote role.  
Culture  


Culture at IQVIA is built on a shared belief: that when people are empowered with better data, smarter technology and deeper expertise, they can change what’s possible for patients. Across every team and every corner of the globe, you’ll find colleagues who genuinely care — about the mission and about each other. That’s what makes this a place where people tend to stay, grow and do the best work of their careers.","","https://it.indeed.com/cmp/Iqvia","https://d2q79iu7y748jz.cloudfront.net/s/_squarelogo/256x256/03e043400efdf1e7d2f66b4d0a67997e","http://jobs.iqvia.com","Durham, NC","10,000+","more than $10B (USD)","IQVIA (NYSE:IQV) is a leading global provider of advanced analytics, technology solutions and clinical research services to the life sciences industry dedicated to delivering actionable insights.","","","","","","","clinical regulatory"
"in-968f9cd112b1f3da","indeed","https://it.indeed.com/viewjob?jk=968f9cd112b1f3da","https://icon.wd3.myworkdayjobs.com/en-US/broadbean_external/job/Italy-Rome/Clinical-Trial-Associate_JR156672","Clinical Trial Associate","ICON plc","Roma, LAZ, IT","2026-07-28","fulltime","","","","","",False,"","","","","Clinical Trial Associate  

  

ICON is a global healthcare intelligence and clinical research organisation united by a mission to bring new medicines and treatments to patients faster.

  

  

As a values\-driven organisation, integrity, collaboration, agility, and inclusion are at the heart of how we work and interact with each other, customers, patients and suppliers.

  

  

As a Clinical Trial Associate at ICON, you will assist with the design and analysis of clinical trials, interpreting complex medical data, and contribute to the advancement of innovative treatments and therapies.


**What You Will Do:**

Your role will involve delivering clinical research work to a high standard, working closely with your team and stakeholders.
  

  

Key responsibilities include:


* Assist in the coordination and administration of clinical trials, ensuring compliance with protocols and regulatory requirements.
* Maintain and organize clinical trial documentation, including study files, essential documents, and regulatory submissions.
* Support the preparation of study\-related materials, such as informed consent forms and case report forms.
* Work with cross\-functional teams to facilitate communication and ensure smooth trial execution.
* Contribute to the tracking and reporting of clinical trial metrics and milestones.

**Your Profile:**

You will bring relevant clinical research experience, along with the following qualifications and skills.
  

  

Required qualifications and experience:


* Bachelor's degree in a scientific or healthcare\-related field.
* ***Prior experience as CTA is mandatory. Applications with Site Experience only as Study Coordinator or Clinical Study Coordinator cannot be considered***
* Knowledge of clinical trial processes, regulations, and guidelines.
* Excellent organizational and communication skills.
* Ability to work collaboratively in a fast\-paced environment with attention to detail.
* ***Person must be based in Rome or in its surroundings to reach client's office; other locations cannot be considered***

  

Employment with ICON is contingent upon having the legal right to work in the country where the role is based.

  

  

**Rewards \& Benefits**

ICON offers a competitive and comprehensive total rewards package designed to support your health, wellbeing, and career development.

  

  

Benefits may include:


* Competitive base salary and performance related incentives
* Health and wellbeing programmes including medical, dental, and vision coverage where applicable
* Retirement and pension plans
* Life assurance and disability coverage
* Employee assistance programmes and wellbeing resources
* Learning and development opportunities through structured training and career pathways
  

  

Benefits may vary depending on role and location.

  

  

Visit our careers site to read more about the benefits ICON offers.

  

  

**Inclusion and Accessibility**

ICON is an equal opportunity employer. We are committed to building an inclusive and accessible workplace where everyone feels valued and supported.

  

  

If you require reasonable accommodations during the recruitment process, please let us know or submit a **request** .


Are you a current ICON Employee?","Health Care","https://it.indeed.com/cmp/Icon-PLC","https://d2q79iu7y748jz.cloudfront.net/s/_squarelogo/256x256/3f235dd0d0ede14f7e24af1049c95a20","http://careers.iconplc.com","South County Business Park
Leopardstown
Dublin 18, Ireland","10,000+","$5B to $10B (USD)","Our mission is to help clients accelerate the development of drugs and devices that save lives and improve quality of life.","","","","","","","clinical regulatory"
"in-e8bfc341c2667e6c","indeed","https://it.indeed.com/viewjob?jk=e8bfc341c2667e6c","https://jsv3.recruitics.com/redirect?rx_cid=3436&rx_jobId=R-01359943&rx_url=https%3A%2F%2Fjobs.thermofisher.com%2Fglobal%2Fen%2Fjob%2FR-01359943%2FProcess-Cleaning-Validation-Specialit-I%3Frx_a%3D0%26rx_c%3D%26rx_ch%3Djobp4p%26rx_group%3D123525%26rx_id%3Dff4456b2-8ac2-11f1-8ec5-ebb8a1d4c3f0%26rx_job%3DR-01359943%26rx_medium%3Dcpc%26rx_r%3Dnone%26rx_source%3Dindeed%26rx_ts%3D20260729T080406Z%26rx_vp%3Dcpc%26utm_medium%3Dppc%26utm_source%3Drecruitics_indeedorganic","Process & Cleaning Validation Specialit I","Thermo Fisher Scientific","Ferentino, LAZ, IT","2026-07-28","fulltime","","","","","",False,"","","","","**Work Schedule**


Standard (Mon\-Fri)**Environmental Conditions**


Office**Job Description**


As part of the Thermo Fisher Scientific team, you’ll discover meaningful work that makes a positive impact on a global scale. Join our colleagues in bringing our Mission to life every single day to enable our customers to make the world healthier, cleaner and safer. We provide our global teams with the resources needed to achieve individual career goals while helping to take science a step beyond by developing solutions for some of the world’s toughest challenges, like protecting the environment, making sure our food is safe or helping find cures for cancer.  

  

DESCRIPTION:  

Join us as a Validation Engineer at Thermo Fisher Scientific, where you'll contribute to ensuring product quality and regulatory compliance. You'll be responsible for planning, executing, and documenting validation activities across equipment, processes, and computer systems. Working with cross\-functional teams, you'll help maintain our high standards of quality while supporting continuous improvement initiatives. This role offers excellent opportunities for professional growth within an established leader in serving science.  

  

REQUIREMENTS:  

* Bachelor's Degree required, no prior experience required
* Preferred Fields of Study: Engineering, Chemistry, Biotechnology, Biology, or related scientific field
* Strong knowledge of validation principles including IQ/OQ/PQ protocols and FDA/EMA regulatory requirements
* Proficient in statistical analysis and use of tools like Minitab
* Experience with equipment qualification, process validation, and cleaning validation
* Strong documentation skills and attention to detail
* Expertise in Microsoft Office suite and validation management systems
* Excellent written and verbal communication skills in English
* Ability to work independently and as part of cross\-functional teams
* Strong problem\-solving abilities and analytical mindset
* Experience with risk assessment methodologies
* Knowledge of data integrity requirements and 21 CFR Part 11 compliance
* Ability to manage multiple priorities effectively
* Travel between sites may be required
* Flexible schedule may be necessary for time\-sensitive validation activities","Industrial Manufacturing","https://it.indeed.com/cmp/Thermo-Fisher-Scientific","https://d2q79iu7y748jz.cloudfront.net/s/_squarelogo/256x256/65bd2e4bebb79b1432ac3277ffd57ae7","https://www.thermofisher.com/","168 Third Avenue, Waltham, MA USA 02451","10,000+","more than $10B (USD)","At Thermo Fisher Scientific, our professionals develop critical solutions—and build rewarding careers.","","","","","","","regulatory compliance"
"li-4445968052","linkedin","https://www.linkedin.com/jobs/view/4445968052","","Quality Assurance Engineer","SEGULA Technologies","Rome, Latium, Italy","2026-07-27","","","","","","",False,"","","","","","","https://fr.linkedin.com/company/segula-technologies","","","","","","","","","","","","","notified body"
"li-4446322924","linkedin","https://www.linkedin.com/jobs/view/4446322924","","Airworthiness Quality Assurance engineer - Defence","Amaris Consulting","Rome, Latium, Italy","","","","","","","",False,"","","","","","","https://ch.linkedin.com/company/amarisconsulting","","","","","","","","","","","","","notified body"
