"id","site","job_url","job_url_direct","title","company","location","date_posted","job_type","salary_source","interval","min_amount","max_amount","currency","is_remote","job_level","job_function","listing_type","emails","description","company_industry","company_url","company_logo","company_url_direct","company_addresses","company_num_employees","company_revenue","company_description","skills","experience_range","company_rating","company_reviews_count","vacancy_count","work_from_home_type","search_term"
"in-4e62e8dbf88adc23","indeed","https://it.indeed.com/viewjob?jk=4e62e8dbf88adc23","https://jsv3.recruitics.com/redirect?rx_cid=3436&rx_jobId=R-01357322_rxr-1&rx_url=https%3A%2F%2Fjobs.thermofisher.com%2Fglobal%2Fen%2Fjob%2FR-01357322%2FNew-Business-Introduction-Lead%3Frx_a%3D0%26rx_c%3D%26rx_ch%3Djobp4p%26rx_group%3D123525%26rx_id%3D6a3cc22b-951b-11f1-91eb-31d96461a9ef%26rx_job%3DR-01357322_rxr-1%26rx_medium%3Dcpc%26rx_r%3Dnone%26rx_source%3Dindeed%26rx_ts%3D20260811T080440Z%26rx_vp%3Dcpc%26utm_medium%3Dppc%26utm_source%3Drecruitics_indeedorganic","New Business Introduction Lead","Thermo Fisher Scientific","Ferentino, LAZ, IT","2026-08-10","fulltime","","","","","",False,"","","","","**Work Schedule**


Standard (Mon\-Fri)**Environmental Conditions**


Office**Job Description**


As part of the Thermo Fisher Scientific team, you’ll discover meaningful work that makes a positive impact on a global scale. Join our colleagues in bringing our Mission to life every single day to enable our customers to make the world healthier, cleaner and safer. We provide our global teams with the resources needed to achieve individual career goals while helping to take science a step beyond by developing solutions for some of the world’s toughest challenges, like protecting the environment, making sure our food is safe or helping find cures for cancer.  

  

DESCRIPTION:  

Join our R\&D organization as a New Business Introduction Lead and contribute to innovation and excellence across Thermo Fisher Scientific's diverse portfolio.


The *New Business Introduction Lead* is responsible for defining, planning, and executing strategies for the introduction of new businesses, products, or services within the pharmaceutical sector. This role has a strong focus on evaluating new business opportunities, assessing business feasibility, and leading cross\-functional project evaluation.


This position works closely with internal Quotation, Regulatory Affairs, Quality, Manufacturing, Commercial teams, and external stakeholders to ensure successful, compliant, and profitable business introductions.


You will help bring innovative solutions to market that enable our customers to make the world healthier, cleaner and safer.  

  

REQUIREMENTS:  

* Advanced Degree plus 3 years of experience, or Bachelor's Degree plus 5 years of experience in business management, project/program management, preferably in regulated industries like pharmaceuticals, medical devices or high\-tech manufacturing
* Preferred Fields of Study: Pharmacy, Chemistry, Biotechnology, Engineering) or business\-related field
* Project Management Professional (PMP) certification desired
* 5–10 years of experience in the pharmaceutical or life sciences industry
* Knowledge of project management methodologies, tools and best practices
* Proven experience in *New Business Introduction*, Business Development, and/or Project Management
* Excellent communication and presentation skills with ability to influence senior stakeholders
* Strong analytical and problem\-solving capabilities with data\-driven decision making
* Demonstrated leadership abilities in matrix organizations
* Strong ability to manage complex projects quotations
* Ability to manage multiple priorities and achieve results in a responsive environment
* Fluency in English required; additional languages beneficial
* Willingness to travel if needed
* Expertise in relevant technical domain (e.g. software development, manufacturing processes, validation) based on role focus
* Knowledge of regulatory requirements and quality management systems
* Strong interpersonal skills with ability to build relationships at all levels
* Experience with continuous improvement and process optimization
### **Key Responsibilities**

* Lead projects related to the introduction of new products, services, or business lines in the pharmaceutical market
* Identify and evaluate new business opportunities aligned with company strategy
* Coordinate cross\-functional teams to ensure alignment on timelines, costs, and quality
* Manage the *New Business Introduction* process from concept through the proposal signature
* Collaborate with Regulatory Affairs to ensure compliance with applicable regulations (EMA, FDA, GMP, etc.)
* Interface with key clients and strategic partners to facilitate new business introduction
* Lead and develop cross\-functional quotation teams
* Foster a culture of innovation and continuous improvement
* Influence strategic decision\-making at the organizational level","Industrial Manufacturing","https://it.indeed.com/cmp/Thermo-Fisher-Scientific","https://d2q79iu7y748jz.cloudfront.net/s/_squarelogo/256x256/65bd2e4bebb79b1432ac3277ffd57ae7","https://www.thermofisher.com/","168 Third Avenue, Waltham, MA USA 02451","10,000+","more than $10B (USD)","At Thermo Fisher Scientific, our professionals develop critical solutions—and build rewarding careers.","","","","","","","regulatory affairs"
"in-a3c3fda06e8471c9","indeed","https://it.indeed.com/viewjob?jk=a3c3fda06e8471c9","https://www.takedajobs.com/job/-/-/1113/99020959232","Process Scientist","Takeda Pharmaceuticals","Rieti, LAZ, IT","2026-08-10","fulltime","","","","","",False,"","","","","By clicking the “Apply” button, I understand that my employment application process with Takeda will commence and that the information I provide in my application will be processed in line with Takeda’s Privacy Notice and Terms of Use. I further attest that all information I submit in my employment application is true to the best of my knowledge.

**Job Description**
-------------------

*Previa verifica dei requisiti professionali, costituisce titolo preferenziale l’appartenenza alle Categorie Protette ai sensi dell’art 1 L. 68/99 e/o alle categorie di lavoratori che risultino percettori di interventi a sostegno del reddito e/o risultino disoccupati a seguito di procedure di licenziamento collettivo* *e/o lavoratori delle aziende del territorio di riferimento coinvolte da tavoli di crisi attivi presso il MIMIT.*

***OBJECTIVES/PURPOSE*** :

* Authors, issues, and maintains PPQ protocols, PPQ reports, and supporting validation studies (eg. Mixing, process and hold times, lifecycle qualification) in alignment with internal procedures and regulatory expectations.
* Defines and supports process validation strategies across lifecycle stages, including qualification rationale, study design, and acceptance criteria.
* Supports evaluation of process changes impact, deviations, and improvement initiatives on validation status and continued process verification.
* Supports Compliance and Regulatory affairs department during preparation and update of regulatory documentation (as far as it is within its competence)
* Supports inspection readiness and contributes to internal/external audits and regulatory documentation, as applicable

***ACCOUNTABILITIES*** :

* Authors, revises, and issues PPQ protocols, PPQ reports, and supporting validation studies (e.g., mixing studies, hold time studies, lifecycle qualification documents).
* Contribute to validation strategies definition and study approaches based on process knowledge, product requirements, quality risk management, and regulatory expectations.
* Establishes scientific rationale, critical process parameters, critical quality attributes, acceptance criteria, and sampling plans for validation activities.
* Coordinates cross\-functional input and alignment with Manufacturing, QA, QC, Regulatory Affairs, Compliance, and other technical functions during preparation and execution of validation documentation.
* Assesses the impact of process changes, deviations, CAPAs, and investigations on validated status and identifies any need for requalification or additional studies.
* Supports execution oversight of PPQ and validation\-related studies, including data review, technical interpretation, and final reporting.
* Contributes to process monitoring, trending, continued process verification, and identification of process robustness or yield improvement opportunities.
* Supports risk assessments (e.g., PFMEA or equivalent) related to process validation, process changes, and lifecycle management.
* Provides technical support during audits, inspections, and preparation of validation\-related regulatory documentation and responses.
* Support in maintaining the GMP archive for the group, including responsibility of document withdrawal and destroy.

***CORE ELEMENTS RELATED TO THIS ROLE:***

* Good scientific and technical writing skills, with the ability to translate process knowledge into clear, compliant validation documentation.
* Risk\-based mindset with the ability to define pragmatic and scientifically sound validation strategies.
* Problem\-solving, and critical\-thinking capability.
* Ability to work effectively across functions and align stakeholders on validation approaches and technical decisions.
* Good understanding of lifecycle validation, QbD principles, and regulatory expectations

**Technical/Functional (Line) Expertise**

* Good knowledge of process validation lifecycle principles, including process design, PPQ, and continued process verification.
* Experience in plasma fractionation processes or in biotechnology field. Strong Knowledge of GMP
* Good Knowledge of risk management tools and application to validation strategy (e.g., PFMEA, impact/risk assessments).
* Experience in authoring technical documents such as protocols, reports, assessments or validation studies.
* Ability to interpret process data, statistical outputs, and manufacturing trends to support technical conclusions and validation decisions.
* Fluent Italian and English, both written and spoken

**Leadership**

* Demonstrates ownership and accountability for assigned validation activities and deliverables.
* Influences cross\-functional teams through technical expertise, clear communication, and sound scientific rationale.
* Prioritizes effectively and delivers high\-quality outputs within agreed timelines.
* Promotes collaboration, continuous improvement, and a compliant, inspection\-ready mindset.
* Acts with integrity and in alignment with company values and patient focus.

**Decision\-making and Autonomy**

* Define Process validation Strategy
* Evaluates the Impact of events and appropriately escalate topics with high criticality
* Develop and execute process validation concepts in compliance with external and internal requirements and state of the art expectations

**Interaction**

* Works closely with Manufacturing, Quality Assurance, Quality Control, Regulatory Affairs, Compliance, Engineering, and global / local MSAT and process stewardship teams.
* Collaborates with cross\-functional stakeholders to align validation strategy, documentation content, execution planning, and issue resolution.
* Provides technical input and communicates validation rationale clearly to both local and global stakeholders.

**Innovation**

* Apply scientific knowledge and critical thinking to improve validation approaches, process understanding, and lifecycle management.
* Identifies opportunities to simplify, standardize, and strengthen validation documentation and study design.
* Promotes data\-driven decisions and continuous improvement in process validation practices.

**Complexity**

* The role operates in a complex GMP environment requiring integration of scientific, operational, quality, and regulatory considerations.
* The role manages multiple validation topics simultaneously, often with cross\-functional dependencies and changing priorities.
* Requires balancing compliance expectations, technical rigor, process performance, and operational feasibility.

***EDUCATION, BEHAVIOURAL COMPETENCIES AND SKILLS:***

Master or PhD degree in technical / scientific education, preferably pharmaceutical sciences, chemistry, biochemistry, biotechnology or pharma \- process engineering

***ADDITIONAL INFORMATION:***

* Willingness to travel occasionally for internal/external meetings, as required.

**Locations**
-------------


ITA \- Rieti**Base Salary Range:**


€31,200\.00 \- €42,900\.00  

For information about our benefits, please click here.

**Worker Type**
---------------


Employee**Worker Sub\-Type**
--------------------


Fixed Term (Fixed Term)**Time Type**
-------------


Full time","Pharmaceuticals","https://it.indeed.com/cmp/Takeda-Pharmaceuticals","https://d2q79iu7y748jz.cloudfront.net/s/_squarelogo/256x256/6da71530efa33d69c08756fc2535c133","https://www.takeda.com/","1-1, Nihonbashi-Honcho 2-chome, Chuo-ku, Tokyo 103-8668, Japan","10,000+","more than $10B (USD)","We are a global, science-driven biopharmaceutical leader that’s been putting patients first for more than two centuries. Our team makes a positive impact on patients, people and the planet.","","","","","","","regulatory affairs"
"in-ad56985eaecc7db0","indeed","https://it.indeed.com/viewjob?jk=ad56985eaecc7db0","https://brenntag.wd3.myworkdayjobs.com/brenntag_jobs/job/AssagoItaly/Regulatory-Affair-Specialist---Pharma_JR111702","Regulatory Affair Specialist - Pharma","Brenntag","Anagni, LAZ, IT","2026-08-06","","","","","","",False,"","","","","### **Brenntag, the global market leader in the distribution of chemicals and ingredients, supports customers and partners with high\-quality technical, commercial, and logistical solutions.**

### **To strengthen our Pharma Business Unit, we are looking for a** **Regulatory Affairs Specialist** **with a technical background in pharmaceutical or related industries, particularly with experience in regulatory documentation and compliance.**

### **The successful candidate will join the EMEA team and will be responsible, with a high degree of autonomy, for managing all regulatory aspects of the pharma business across the region.**

### **As a key member of the Pharma team, you will support the EMEA division on all regulatory, quality, compliance, legal, and product stewardship topics related to the supply of a large portfolio of raw materials into the pharmaceutical industry. Your primary responsibility is to provide accurate, timely, and audit‑ready documentation to pharmaceutical customers and to support regulatory deliverables for bespoke product projects.**

### **The role is primarily office‑based, with occasional travel required for supplier meetings, customer visits, audits, or internal workshops.**

### **You will collaborate closely with commercial, supply chain, QHSE, and supplier partners to ensure that all materials supplied meet applicable pharmaceutical regulations and industry standards.**

### **Key Responsibilities**

### **Customer Documentation \& Regulatory Support:**

* ### **Prepare, review, and issue** **technical and regulatory documentation** **required by pharmaceutical customers, including:**


	+ ### **Quality \& Technical Agreements**
	+ ### **Supply Chain Statements**
	+ ### **Regulatory Questionnaires**
	+ ### **Compliance Statements (e.g., TSE/BSE, GMO, allergens, nitrosamines, residual solvents, elemental impurities)**
* ### **Ensure all documentation is accurate, consistent and aligned with applicable frameworks (i.e. relevant pharmacopoeia, IPEC Guidelines, EU GDP and GMP guidelines.**

### **Information Gathering \& Supplier Engagement**

* ### **Source regulatory, quality, and technical information internally and from suppliers to fulfil customer requests.**
* ### **Evaluate supplier documentation for completeness, compliance, and suitability for pharmaceutical use.**

### **Customer Request Management**

* ### **Log, track, and report customer documentation requests using defined KPIs.**
* ### **Support continuous improvement by identifying trends, gaps, and opportunities to streamline documentation processes.**

### **Support for Customer Value Added Service Projects**

* ### **Lead and manage regulatory deliverables for customer\-specific projects.**
* ### **Coordinate regulatory assessments, supplier data collection, and compliance documentation for new product introductions or customised specifications.**
* ### **Support change control evaluations and customer notifications.**

### **Regulatory Compliance \& Standards Implementation**

* ### **Work with QHSE and supply chain teams to ensure compliance with applicable standards (IPEC GMP/GDP, EXCiPACT, GDP, and other regulatory frameworks).**
* ### **Support implementation of new regulatory requirements and internal standards across the business unit.**

### **Cross\-Functional Collaboration**

* ### **Partner with commercial and value\-added services teams to provide regulatory expertise for customer projects and commercial initiatives.**
* ### **Contribute to global Pharma Regulatory team projects, harmonisation efforts, and continuous improvement activities.**

### **Training \& Knowledge Sharing**

* ### **Deliver training to commercial, supply chain, and internal teams on regulatory topics relevant to supply of materials into the pharmaceutical industry.**
* ### **Act as a subject matter expert for documentation, compliance, and regulatory expectations.**

### **Additional Responsibilities**

* ### **Perform any other tasks within capability to support the commercial, regulatory, and compliance success of the Pharma business unit.**

### **Qualifications \& Experience**

* ### **Degree in a life science discipline (chemistry, biochemistry, pharmaceutical sciences) or equivalent relevant experience.**
* ### **Strong knowledge of pharmaceutical industry requirements for APIs, excipients, biopharma materials, and traditional pharma raw materials.**
* ### **Understanding of European National Competent Authority requirements for distribution of APIs, excipients, and raw materials.**

### **Skills \& Competencies**

* ### **Fluent in English and Italian (spoken and written).**
* ### **Strong written communication skills with the ability to produce clear, accurate, and compliant documentation.**
* ### **Excellent collaboration skills with the ability to work proactively across all levels and functions.**
* ### **Ability to interpret regulations, resolve compliance issues, and respond to complex regulatory queries.**
* ### **High attention to detail and strong organisational skills.**
* ### **Willingness to undertake occasional travel for customer meetings, supplier visits, audits, or internal workshops.**

### **Our Offer**

* ### **Salary range: €40,000 – €45,000**

### **The salary range indicated in this job posting represents an average estimate for the position. The final compensation package will be determined based on the selected candidate’s experience, skills, and qualifications, in accordance with applicable EU pay transparency and equal pay requirements.**

### **Brenntag provides equal employment opportunities to qualified applicants and employees of all backgrounds and identities to create a workplace where difference is valued because it forms a resilient and more innovative organization. We do not discriminate on the basis of age, disability, gender identity, sexual orientation, ethnicity, race, religion or belief, parental and family status, or any other protected characteristic. We welcome applications from women, men and non\-binary candidates of all ethnicities and socio\-economic backgrounds.**

**Brenntag TA Team**
--------------------","","https://it.indeed.com/cmp/Brenntag-9007dc58","https://d2q79iu7y748jz.cloudfront.net/s/_squarelogo/256x256/7d0a16b7f32e5bf73b5e6bca185f624d","https://www.brenntag.com","Essen, North Rhine-Westphalia","10,000+","more than $10B (USD)","Brenntag distributes chemicals and ingredients worldwide, offering tailored solutions in supply chain, marketing, and technical support across industries.","","","","","","","regulatory affairs"
"in-b35ac2b2f59dfe87","indeed","https://it.indeed.com/viewjob?jk=b35ac2b2f59dfe87","http://careerstaffservicesrlgruppocremonini.sites.altamiraweb.com/jobs/job-details?JobID=183101244&EJBID=16&referer=http%3a%2f%2fwww.indeed.com","Junior Regulatory Affairs - Apprendistato","Gruppo Cremonini","Roma, LAZ, IT","2026-08-06","fulltime","","","","","",False,"","","","","Staff Service srl, Direzione HR di Gruppo Cremonini (ricerca, selezione, organizzazione sviluppo, gestione e amministrazione del personale) con autorizzazione ministeriale n.175 del 7\.6\.2024, ricerca per **associazione industriale** con sede a **Roma** un/a **Junior Regulatory Affairs**  

  

**Cosa farai**  

La risorsa, affiancata dal team, si occuperà progressivamente di:
* monitorare la normativa nazionale ed Europea di interesse per il comparto agricolo e zootecnico;
* predisporre informative e circolari destinate alle aziende associate;
* fornire assistenza alle imprese associate su tematiche di competenza;
* mantenere i rapporti con Ministeri, enti pubblici e altri interlocutori istituzionali;
* collaborare al monitoraggio dei prezzi e dell'andamento del mercato;
* gestire e aggiornare il sito internet dell'Associazione e pubblicare le comunicazioni rivolte agli associati;
* supportare la gestione di un progetto cofinanziato dall'Unione Europea, coordinandosi con le agenzie di comunicazione coinvolte;
* approfondire tematiche legate al commercio internazionale e alle problematiche di natura doganale;
* collaborare all'organizzazione di eventi, incontri e iniziative istituzionali.

**Chi cerchiamo**  

Cerchiamo una persona curiosa, precisa e con interesse per le tematiche normative e istituzionali, desiderosa di crescere in un contesto dinamico e con relazioni continue con imprese e istituzioni.  

  

**Requisiti****:**
* Laurea (preferibilmente in Scienze Politiche, Relazioni Internazionali, Giurisprudenza, Economia, Scienze della Comunicazione o discipline affini; saranno valutati positivamente anche altri percorsi di studio);
* Buona conoscenza della lingua inglese (B2/C1\) con capacità di sostenere conversazioni e partecipare attivamente a riunioni in lingua; requisito essenziale per il ruolo;
* Ottime capacità di comunicazione scritta;
* Dimestichezza con i principali strumenti informatici;
* Precisione, organizzazione e spirito di iniziativa;
* Interesse per gli affari istituzionali, la normativa europea e nazionale e il settore agroalimentare.

**Contratto****:** Apprendistato professionalizzante finalizzato all'inserimento a tempo indeterminato  

**Range RAL indicativo****:** 20/21k (con uscita apprendistato al 4° livello CCNL Confcommercio) \+ buoni pasto 7€/giornaliero  

*Inquadramento e RAL saranno in ogni caso valutati nel corso dell'iter di selezione, in base al profilo individuato*  

  

**Orario di lavoro**  

Full time in sede (Roma), 38,3 ore settimanali:
* dal martedì al venerdì: 8:45 – 13:30 / 15 – 18;
* lunedì: 9 \-13\.30 / 15 – 18

**Perché unirti a noi**  

Entrerai a far parte di una realtà associativa di dimensioni contenute, nella quale potrai acquisire una visione trasversale delle attività dell'Associazione e confrontarti quotidianamente con imprese, istituzioni nazionali ed europee, partecipando a progetti di respiro internazionale e sviluppando competenze altamente spendibili nel settore degli affari istituzionali e regolatori.  

  

*Il presente annuncio è rivolto a candidati di entrambi i sessi, nel rispetto della normativa sulla parità di trattamento (L. 903/77 e L.125/91\) e a persone di tutte le età e nazionalità.*","","https://it.indeed.com/cmp/Gruppo-Cremonini","https://d2q79iu7y748jz.cloudfront.net/s/_squarelogo/256x256/7f55e7c7d476b53d07c952df9ac5b66d","","","Decline to state","Decline to state","","","","","","","","regulatory affairs"
"in-5761455f2d317834","indeed","https://it.indeed.com/viewjob?jk=5761455f2d317834","https://careers.americanexpress.com/en/sites/CX_1/jobs/preview/26011967/?intlink=us-amex-career-en-us-search","Senior Manager, Operational Risk, Enterprise Risk Management Italy","American Express","Roma, LAZ, IT","2026-08-06","fulltime","","","","","",False,"","","","","The Global Risk \& Compliance (GRC) organization serves as American Express’ independent risk management function. GRC maintains the enterprise risk framework, provides oversight and challenge, and monitors key risks. By embedding risk discipline into strategy and operations, GRC enables responsible growth, innovation, and long\-term value creation while protecting customers and shareholders.


The Global Risk \& Compliance Organization is an independent risk management function, led by the Chief Risk Officer, with the objective of ensuring that American Express operates in a safe, sound, and fully compliant manner with all applicable regulatory expectations. Global Risk \& Compliance creates and maintains the overall risk management framework, performs independent risk management assessments, and monitors applicable risks. Colleagues at Global Risk \& Compliance are passionate about our commitment to drive the Company’s goals of growth and progress by creating a culture of risk awareness and proactivity around regulatory matters.


The International CRO organization within Global Risk and Compliance (GRC) is responsible for identifying and managing risk across all processes and geographies at American Express.


Operational Risk Management (ORM) helps ensure that operational risks are identified, assessed, mitigated, monitored, reported and escalated in alignment with the Operational Risk Management Framework (ORMF), Enterprise policies and applicable regulatory expectations.


The Senior Manager, Operational Risk, Enterprise Risk Management Italy, within the GRC organization, will support second line of defense oversight of operational risk for the Italian legal entity and market. We are seeking an experienced risk leader to be a part of this exciting journey. The role will have a dual reporting line to the Italy Chief Risk Officer (CRO) locally and the Enterprise ORM team, ensuring both local legal entity accountability and alignment with Enterprise ORM expectations. The colleague will help interpret and apply the ORMF to the Italian legal entity context, provide operational risk subject matter expertise, support governance and regulatory engagement, and develop insight into the operational risk profile of the legal entity using available risk data, reporting and business context. The incumbent will support the Italy CRO and the \[ORM Director] in providing independent second line oversight of operational risk and strengthen the governance structure for our Italian businesses.


  
**Minimum Qualifications:**

* 8\+ years of leadership experience in risk management or a similar role;
* Strong business acumen with a risk\-reward control perspective;
* Experience in interacting with regulators and familiarity with Italian regulatory landscape and requirements;
* Demonstrated ability to successfully manage multiple priorities under pressure;
* Fluency in both English and Italian (verbal and written);
Degree in business, economics, engineering, law, risk management or a related field is preferred.  
* 

**Leadership Skills:**

* Proven leader who can build, inspire, and coach a team with a passion for the business;
* Excellent relationship and influencing skills with the ability to build productive relationships across teams and levels of seniority;
* Self\-confident with a strong sense of integrity and the ability and willingness to challenge and be challenged;
* Proactive in identifying issues, delivering and escalating key findings, and advising on recommended solutions to correct issues or mitigate risks;
* Ability to communicate oversight findings to colleagues, business partners, and senior leaders;
Strong verbal and written communication skills.  
* 

Employment eligibility to work with American Express in Italy is required as the company will not pursue visa sponsorship for these positions.  



**Applicable National Collective Bargaining Agreement:** Terziario, Distribuzione e Servizi


Salary Range: €80\.000 to €120\.000 annually \+ bonus \+ equity \+ benefits


The advertised salary range is based on full\-time employment and will be prorated for part\-time roles.


  
At American Express, our culture is built on a 175\-year history of innovation, shared values and Leadership Behaviors, and an unwavering commitment to back our customers, communities, and colleagues. From delivering differentiated products to providing world\-class customer service, we operate with a strong risk mindset, ensuring we continue to uphold our brand promise of trust, security, and service.


As part of Team Amex, you’ll experience our powerful backing with comprehensive support for your holistic well\-being and many opportunities to learn new skills, develop as a leader, and grow your career. Here, your voice and ideas matter, your work makes an impact, and together, you will help us define the future of American Express.


  
We back you with benefits that support your holistic well\-being so you can be and deliver your best. This means caring for you and your loved ones' physical, financial, and mental health, as well as providing the flexibility you need to thrive personally and professionally:


* Competitive base salaries
* Bonus incentives
* Support for financial\-well\-being and retirement
* Comprehensive medical, dental, vision, life insurance, and disability benefits (depending on location)
* Flexible working model with hybrid, onsite or virtual arrangements depending on role and business need
* Generous paid parental leave policies (depending on your location)
* Free access to global on\-site wellness centers staffed with nurses and doctors (depending on location)
* Free and confidential counseling support through our Healthy Minds program
* Career development and training opportunities

Offer of employment with American Express is conditioned upon the successful completion of a background verification check, subject to applicable laws and regulations.","","https://it.indeed.com/cmp/American-Express","https://d2q79iu7y748jz.cloudfront.net/s/_squarelogo/256x256/88d347fa29a01f66134a37c40c9e56a3","https://www.americanexpress.com","New York, NY","10,000+","more than $10B (USD)","At American Express, we know that with the right backing, people and businesses have the power to progress in incredible ways. Join Team Amex and let's lead the way together.","","","","","","","regulatory manager"
"in-2d36aa1b19d7ef93","indeed","https://it.indeed.com/viewjob?jk=2d36aa1b19d7ef93","https://careers.americanexpress.com/en/sites/CX_1/jobs/preview/26011966/?intlink=us-amex-career-en-us-search","Senior Manager, Italy Chief Risk Officer, Technology Risk","American Express","Roma, LAZ, IT","2026-08-06","fulltime","","","","","",False,"","","","","The Global Risk \& Compliance (GRC) organization serves as American Express’ independent risk management function. GRC maintains the enterprise risk framework, provides oversight and challenge, and monitors key risks. By embedding risk discipline into strategy and operations, GRC enables responsible growth, innovation, and long\-term value creation while protecting customers and shareholders.


The Italy Chief Risk Officer (CRO) organization within Global Risk and Compliance (GRC) is responsible for identifying and managing risk across all processes at American Express Italy.


The Manager, Technology Risk, Enterprise Risk Management Italy, within the GRC organization, is responsible for establishing the second line of defense framework for the Technology Risk areas under their responsibility for the Italian market. We are seeking an experienced risk manager to be a part of this exciting journey. The incumbent will identify, assess, measure, manage and report risk and strengthen the governance structure for our Italian businesses.


  
**Minimum Qualifications:**

* 5\+ years of leadership experience in risk management or a similar role;
* Strong business acumen with a risk\-reward control perspective;
* Experience in interacting with regulators and familiarity with the Italian regulatory landscape and requirements;
* Working understanding of the Italian and EU regulatory landscape applicable to technology, data, cybersecurity, resilience, and AI risks, including FCA/PRA supervisory expectations, DORA, GDPR, EU Artificial Intelligence Act and the Italian Government's AI Regulation Framework, as well as Italian and EU data protection requirements
* Understanding risk assessment methodologies, frameworks, and industry standards.
* Experience with Governance, Risk and Compliance tools (e.g. Archer / ServiceNow)
* Demonstrated ability to successfully manage multiple priorities under pressure;
* Fluency in both English and Italian (verbal and written);
* Advanced degree in business, economics, engineering, or a related field is preferred.
* Having industry certifications in cybersecurity, operational resilience, business continuity management, Disaster Recovery or AI risk management is preferred.

**Leadership Skills:**

* Proven leader who can build, inspire, and coach a team with a passion for the business;
* Excellent relationship and influence management skills with the ability to build productive relationships across teams and levels of seniority;
* Self\-confident with a strong sense of integrity and the ability and willingness to challenge and be challenged;
* Proactive in identifying issues, delivering and escalating key findings, and advising on recommended solutions to correct issues or mitigate risks;
* Ability to communicate oversight findings to colleagues, business partners, and senior leaders;
Strong verbal and written communication skills.  
* 

Employment eligibility to work with American Express in Italy is required as the company will not pursue visa sponsorship for these positions.  



**Applicable National Collective Bargaining Agreement:** Terziario, Distribuzione e Servizi


Salary Range: €80\.000 to €120\.000 annually \+ bonus \+ equity \+ benefits


The advertised salary range is based on full\-time employment and will be prorated for part\-time roles.


  
At American Express, our culture is built on a 175\-year history of innovation, shared values and Leadership Behaviors, and an unwavering commitment to back our customers, communities, and colleagues. From delivering differentiated products to providing world\-class customer service, we operate with a strong risk mindset, ensuring we continue to uphold our brand promise of trust, security, and service.


As part of Team Amex, you’ll experience our powerful backing with comprehensive support for your holistic well\-being and many opportunities to learn new skills, develop as a leader, and grow your career. Here, your voice and ideas matter, your work makes an impact, and together, you will help us define the future of American Express.


  
We back you with benefits that support your holistic well\-being so you can be and deliver your best. This means caring for you and your loved ones' physical, financial, and mental health, as well as providing the flexibility you need to thrive personally and professionally:


* Competitive base salaries
* Bonus incentives
* Support for financial\-well\-being and retirement
* Comprehensive medical, dental, vision, life insurance, and disability benefits (depending on location)
* Flexible working model with hybrid, onsite or virtual arrangements depending on role and business need
* Generous paid parental leave policies (depending on your location)
* Free access to global on\-site wellness centers staffed with nurses and doctors (depending on location)
* Free and confidential counseling support through our Healthy Minds program
* Career development and training opportunities

Offer of employment with American Express is conditioned upon the successful completion of a background verification check, subject to applicable laws and regulations.","","https://it.indeed.com/cmp/American-Express","https://d2q79iu7y748jz.cloudfront.net/s/_squarelogo/256x256/88d347fa29a01f66134a37c40c9e56a3","https://www.americanexpress.com","New York, NY","10,000+","more than $10B (USD)","At American Express, we know that with the right backing, people and businesses have the power to progress in incredible ways. Join Team Amex and let's lead the way together.","","","","","","","regulatory manager"
"in-412fa9db33565071","indeed","https://it.indeed.com/viewjob?jk=412fa9db33565071","https://www.capgemini.com/jobs/527560-en_US_SAPBTP/","Tech Leader/ Project Manager - Validation & Qualification","Capgemini","Roma, LAZ, IT","2026-08-06","","","","","","",False,"","","","","In Capgemini Engineering, leader mondiale nei servizi di ingegneria, uniamo un team globale di talenti dell’ingegneria, scienza e tecnologia per aiutare le aziende più innovative del mondo a liberare il loro potenziale. Dai veicoli autonomi ai robot salva\-vita, le nostre persone esperte in tecnologia digitale e software pensano fuori dagli schemi, offrendo servizi unici di ricerca e sviluppo e ingegneria in tutti i settori. Unisciti a noi per una carriera ricca di opportunità, dove potrai fare la differenza, in un ambiente in cui ogni giorno è unico.


**IL TUO RUOLO**
----------------


Come Project Manager presso Capgemini Engineering ti occuperai di progetti afferenti al settore Life Science e lavorerai nell'ambito della nostra practice Manufacturing \& Operation Engineering.


In questo ruolo sarai un elemento chiave nelle seguenti attività:


* Pianificare e coordinare le attività di qualifica e convalida;
* Gestire team multidisciplinari e fornitori;
* Monitorare avanzamento, rischi, budget e milestone;
* Garantire la conformità a GMP, GAMP5, ISO 13485, MDR e FDA;
* Coordinare la produzione della documentazione di validazione (VP, IQ/OQ/PQ, Report, Deviazioni, CAPA);
* Interfacciarsi con Produzione, Qualità, Ingegneria e Automation.
**LE TUE CARATTERISTICHE**
--------------------------


* Laurea in Ingegneria o discipline scientifiche;
* Almeno 5 anni di esperienza come PM in ambito Pharma, Medical Device o Life Sciences;
* Conoscenza di CQV, Process Validation e approccio ASTM E2500;
* Esperienza nella gestione di progetti in ambienti regolamentati;
* Ottima conoscenza della lingua italiana e inglese.
  

  

Nice to have:


* Certificazione PMP/Prince2;
* Esperienza in Stevanato Group o aziende del settore Medical Device/Pharma;
* Conoscenza di MES, SCADA e sistemi automatizzati di produzione.
**PERCHÉ TI PIACERÀ LAVORARE CON NOI**
--------------------------------------


* Riconosciamo l’importanza di soluzioni di lavoro flessibili per offrirti supporto. Che si tratti di lavoro da remoto, orari flessibili o entrambi, troverai un ambiente che favorisce l’equilibrio tra vita privata e vita lavorativa;
* Al centro della nostra missione c'è la tua carriera, attraverso percorsi di crescita professionale pensati per supportarti nell'esplorare un mondo di opportunità;
* Ci impegniamo a promuovere la responsabilità sociale creando un ambiente di lavoro inclusivo, dove talenti diversi sono valorizzati. La diversità è un pilastro della nostra cultura aziendale, arricchendo il nostro lavoro attraverso esperienze, culture, etnie, stili di comunicazione e comportamenti.
* Potrai contribuire a progetti industriali complessi e innovativi, lavorando su processi produttivi avanzati, automazione, qualità e supply chain, con accesso a percorsi di formazione dedicati che ti permetteranno di crescere rapidamente fino a ruoli di specialista, leader o architect.

Location: Roma/Latina – modalità di lavoro onsite.
  

Tipo di contratto: contratto a tempo indeterminato
  

Inquadramento:


* CCNL Commercio – 2 Livello
* CCNL Commercio \- 1 Livello

Mansione:


* Compliance, Quality \& Regulatory Engineer
* Senior Compliance, Quality \& Regulatory Engineer

Retribuzione annua lorda (RAL):


* da € 31\.270 a € 40\.150 per il secondo livello del Commercio
* da € 35\.057 a € 57\.475 per il primo livello del Commercio

La fascia retributiva indicata è definita in conformità alla normativa europea e nazionale in materia di trasparenza retributiva.
  

Il valore minimo della fascia corrisponde al trattamento economico minimo previsto dal CCNL applicabile per il livello e mansione sopra indicati e non rappresenta necessariamente la retribuzione di ingresso. La retribuzione che sarà proposta all’esito del processo di selezione sarà determinata sulla base delle competenze, dell’esperienza professionale, del livello di seniority e delle caratteristiche specifiche del profilo selezionato ed in coerenza con il sistema retributivo e di classificazione aziendale, nel rispetto di criteri oggettivi e neutri sotto il profilo del genere.


**SUL GRUPPO CAPGEMINI**
------------------------


Capgemini è un partner globale per la trasformazione tecnologica e di business delle aziende, che sfrutta la potenza dell’AI per offrire valore ai propri clienti. Immaginiamo il futuro delle organizzazioni e lo trasformiamo in realtà grazie all’AI, alla tecnologia e alle persone. Forti di quasi 60 anni di esperienza, siamo un gruppo responsabile e diversificato di oltre 420\.000 persone presente in più di 50 paesi nel mondo. Forniamo servizi e soluzioni end\-to\-end grazie alla nostra profonda esperienza settoriale e a un solido ecosistema di partner, facendo leva sulle nostre competenze in ambito di strategia, tecnologia, progettazione, ingegneria e gestione operativa. Nel 2025 il Gruppo ha registrato ricavi complessivi pari a 22,5 miliardi di euro.


Make it real. \| www.capgemini.com


Candidati ora!


L'offerta di lavoro si intende rivolta all'uno e all'altro sesso in ottemperanza al D.Lgs. 198/2006\. Inoltre, prestiamo attenzione e sensibilità alle future risorse appartenenti alle categorie protette, ai sensi degli articoli 1 e 18 della legge 68 del ‘99\. I dati personali saranno trattati in conformità alle disposizioni contenute nel regolamento UE 2016/679\.","","https://it.indeed.com/cmp/Capgemini","https://d2q79iu7y748jz.cloudfront.net/s/_squarelogo/256x256/8df3e7301fa4f88e3d67e927be1689b2","https://www.capgemini.com","Paris","10,000+","more than $10B (USD)","Capgemini is an AI-powered global business and technology transformation partner, delivering tangible business value. ","","","","","","","regulatory manager"
"in-3ee8a5b4b048f558","indeed","https://it.indeed.com/viewjob?jk=3ee8a5b4b048f558","https://careers.kpmg.it/job/Roma-Senior-Manager-Ufficio-Gare-Roma/1368400757/","Senior Manager Ufficio Gare - Roma","KPMG","Roma, LAZ, IT","2026-08-03","","","","","","",False,"","","","","**Senior Manager \| Ufficio Gare**

  


***We don’t imagine a better future. We’re building it***

  


**Do Work That Matters \- Il tuo ruolo e le tue responsabilità**

  



Vuoi fare un lavoro che sia davvero significativo e di impatto? In KPMG avrai l’opportunità di aiutare i clienti, la società, le colleghe e i colleghi ad affrontare e risolvere le sfide più attuali e complesse.


**KPMG Business Services** offre servizi interni all’organizzazione, supportando tutte le linee di servizio e coadiuvando i professionisti nella gestione delle attività quotidiane.In particolare, entrando a far parte del Team **Ufficio gare** come **Senior Manager** presso la sede di **Roma**, sarai responsabile di fornire i più alti standard di assistenza diretta e di supporto alla Leadership e ai componenti del Management Group, gestendo un team complesso con riferimento alle gare sia nazionali sia internazionali.



Nello specifico, ti occuperai di:


* Coordinare e supervisionare l'Ufficio Gare, curando lo sviluppo del team e garantendo un'efficace pianificazione delle attività, la corretta assegnazione dei carichi di lavoro e il rispetto delle scadenze;
* Definire procedure, standard operativi e best practice per la gestione delle gare nazionali e internazionali, assicurando uniformità e qualità dei processi;
* Presidiare l'intero ciclo di vita delle procedure di gara per il Network, dalla fase di analisi della documentazione fino alla stipula del contratto e all'avvio dell'esecuzione;
* Garantire la conformità della documentazione amministrativa alle disposizioni normative e ai requisiti previsti da bandi, disciplinari e capitolati di gara;
* Coordinare la partecipazione a procedure di gara complesse e di elevato valore economico, inclusi raggruppamenti temporanei di imprese (RTI), consorzi, avvalimenti e partenariati strategici;
* Supervisionare la predisposizione delle offerte amministrative e il processo di verifica dei requisiti economico\-finanziari e tecnico\-professionali richiesti dalle stazioni appaltanti;
* Gestire le relazioni con enti pubblici, clienti privati, partner, consulenti e organismi di controllo relativamente agli aspetti amministrativi e procedurali delle gare;
* Assicurare il monitoraggio delle aggiudicazioni, delle verifiche post\-gara e delle attività propedeutiche alla contrattualizzazione;
* Coordinare la gestione delle richieste di chiarimento, degli accessi agli atti, delle contestazioni e delle eventuali procedure di verifica dell'anomalia dell'offerta;
* Supervisionare la richiesta e la gestione di cauzioni, fideiussioni, garanzie e coperture assicurative richieste nell'ambito delle procedure di affidamento;
* Garantire la corretta gestione degli adempimenti amministrativi nella fase esecutiva degli appalti, inclusi subappalti, varianti, proroghe, rinnovi e modifiche contrattuali;
* Monitorare costantemente le opportunità di business attraverso i principali portali di e\-procurement e le piattaforme telematiche di acquisto pubbliche e private;
* Coordinare il processo di qualificazione aziendale e la gestione degli albi fornitori, assicurando il mantenimento dei requisiti e il puntuale aggiornamento delle informazioni societarie;
* Presidiare l'aggiornamento e la validità della documentazione societaria, delle certificazioni aziendali e della documentazione amministrativa necessaria alla partecipazione alle gare;
* Supportare la Partnership nella definizione delle strategie di partecipazione alle gare e nell'analisi della redditività e sostenibilità delle opportunità commerciali;
* Garantire la corretta gestione delle procedure telematiche attraverso le principali piattaforme di e\-procurement (MEPA, Sintel, STELLA, Net4Market, Ariba e altre);
* Monitorare l'evoluzione della normativa in materia di contratti pubblici e procurement, promuovendo l'adeguamento delle procedure interne;
* Supportare la gestione degli ACQ nella gestione delle terze parti coinvolte e nella rendicontazione dei contratti, presidiando i rapporti con i RTI.

  


**Come As you Are \- Le tue competenze e caratteristiche**

  



Questa opportunità è perfetta per te se:


* Hai conseguito una Laurea magistrale in Giurisprudenza, Economia o discipline affini;
* Hai maturato una conoscenza approfondita del Codice dei Contratti Pubblici (Codice degli Appalti) e della normativa di settore;
* Hai esperienza di almeno 10 anni in ruolo analogo presso realtà strutturate di medie/grandi dimensioni, preferibilmente settore servizi e ICT;
* Hai maturato esperienza nella gestione delle procedure di affidamento dal lato stazione appaltante, con particolare riferimento a: scelta della procedura di gara; definizione delle modalità di affidamento; individuazione e selezione degli operatori economici; predisposizione degli atti amministrativi;
* Possiedi esperienza nella gestione di procedure di gara complesse e grandi convenzioni/Accordi Quadro;
* Hai una buona conoscenza della lingua inglese.

  


**Your Future With Us \- Cosa troverai in KPMG**

  


* Un ambiente di **lavoro inclusivo**, equo e che rispetta, incoraggia e valorizza le **diversità;**
* un contesto stimolante e dinamico che incentiva la **creatività** e il **lavoro di squadra;**
* modalità di lavoro **ibrida,** per promuovere un sano equilibrio tra vita lavorativa e personale;
* programmi di **formazione** e sviluppo avanzati per rimanere sempre aggiornati;
* **mindset internazionale** e **progettualità innovative;**
* iniziative incentrate sul **benessere psicofisico.**

  



Inquadramento ai sensi del CCNL Commercio Dirigente; la retribuzione sarà definita e commisurata in relazione a criteri oggettivi quali competenze, esperienza effettiva maturata e aderenza ai requisiti richiesti per la posizione. In ottemperanza alla normativa vigente, non raccogliamo né utilizziamo informazioni sulle retribuzioni percepite in rapporti di lavoro attuali o precedenti. Le nostre procedure di selezione sono, inoltre, improntate a criteri oggettivi e neutrali rispetto al genere.

  


**Together for Better – I nostri valori e il nostro impegno**

  



Leadership, lavoro in team, rispetto di ogni individualità, approfondimento continuo, trasparenza, impegno verso la comunità, integrità: questi sono i **Valori di KPMG** che danno vita a un ambiente aperto allo scambio di idee e di conoscenza, che permette ai nostri professionisti di **esprimere tutto il loro potenziale**.



Grazie all’impegno nel favorire un **ambiente di lavoro inclusivo**, il nostro Network risulta conforme agli standard dei requisiti **ISO 30415**, sul Sistema di Gestione per la Diversità e l’Inclusione, e **UNI PdR 125**, relativa alla parità di genere. All’interno del nostro **Impact Plan** \- bit.ly/OurImpactPlanKPMG \- trovi riassunte tutte le **azioni concrete** che stiamo portando avanti su tematiche ambientali, sociali e di governance (**ESG**).

  


**Unisciti a noi!**

  



I tuoi dati saranno trattati nel pieno rispetto delle disposizioni del Regolamento (UE) n. 679/2016 (General Data Protection Regulation \- ""GDPR"") e successive modifiche. Per ulteriori informazioni, consultare l'informativa sulla privacy di KPMG.



KPMG Business services S.r.l. garantisce le pari opportunità.

  


**Senior Manager \| Tenders Office**

  


***We don’t imagine a better future. We’re building it.***

  


**Do Work That Matters \- Your role and responsibilities**

  



Do you want to pursue a profession that is truly meaningful and impactful? At KPMG, you will have the opportunity to help clients, the company and colleagues address and solve the most current and complex challenges.


**KPMG Business Services** provides internal services to our organisation, supporting all lines of service and assisting professionals in managing their daily tasks.As a **senior manager** in the KPMG **Tenders Office** in **Rome**, you will be responsible for meeting the highest standards of excellence in the provision of direct assistance and support to leadership and members of the management group, whilst managing a cross\-functional team involved in both national and international tender processes.



Specifically, you will be tasked with:


* coordinating and supervising the Tenders Office, overseeing the development of the team and ensuring the effective planning of activities, the suitable allocation of workloads and adherence to deadlines;
* defining procedures, operational standards and best practices for managing national and international tenders to ensure consistency and quality in the processes;
* overseeing the entire lifecycle of the Network’s tender procedures, from the analysis of the documentation to signing the contract and commencing procedures;
* ensuring that administrative documentation complies with regulatory provisions and the requirements set out in calls for tenders, tender guidelines and tender specifications;
* coordinating participation in complex, high\-value tenders, including joint ventures and consortia, reliance arrangements and strategic partnerships;
* overseeing the preparation of tender administrative documentation and ensuring compliance with the financial, technical and professional requirements set by contracting authorities;
* managing relationships with public bodies, private clients, partners, consultants and regulatory bodies, ensuring compliance with the administrative and procedural requirements of tender processes;
* ensuring the monitoring of contract awards, post\-award verifications and all activities leading to the formal execution of contracts;
* coordinating the management of clarification requests, document access requests, appeals and procedures related to the verification of tender irregularities;
* overseeing the application for and management of bid bonds, sureties, guarantees and insurance coverage required for tender procedures;
* ensuring the proper management of administrative obligations throughout the contract implementation phase, including subcontracting, contract variations, extensions, renewals and amendments;
* monitoring constantly business opportunities through major e\-procurement portals and public and private online procurement platforms;
* coordinating the company’s qualification processes and the management of supplier registers, ensuring compliance with qualification requirements and the updating of company information;
* ensuring that corporate records, company certifications and tender\-related administrative documentation remain valid and up to date;
* supporting the Partnership in defining tender participation strategies and analysing the profitability and sustainability of business opportunities;
* ensuring the effective management of electronic tender procedures through major e\-procurement platforms (including MEPA, Sintel, STELLA, Net4Market, Ariba, etc.);
* monitoring developments in public procurement and contract legislation, and ensuring that internal procedures remain aligned with regulatory changes;
* supporting ACQs in the management of third party stakeholders and contract reporting activities, while overseeing relationships with joint ventures and consortia.

  


**Come As You Are \- Your skills and characteristics**



This is the perfect opportunity for you if you have:


* a master’s degree in law, economics or in a related field;
* an in\-depth knowledge of the Public Procurement Code (*Codice degli Appalti*) and sector\-specific legislation;
* at least 10 years’ experience in a similar role within well\-established medium\-sized or large organisations, preferably in the services and ICT sectors;
* experience in managing procurement procedures from the perspective of the contracting authority, with particular reference to: the choice of tender procedure; the definition of the award criteria; the identification and selection of bidders, and the preparation of administrative documents;
* experience in managing complex tender procedures and large\-scale contracts and framework agreements;
* a good knowledge of English.

  


**Your Future With Us \- What you’ll find at KPMG**

  


* an **inclusive** and equitable **work environment** that respects, encourages and values **diversity;**
* a challenging and dynamic environment that encourages **creativity** and **teamwork**;
* **hybrid** work arrangements to promote a healthy work\-life balance;
* advanced **training** and development programmes to stay up\-to\-date;
* **international mindset** and **innovative projects;**
* initiatives focused on **mental and physical well\-being.**

  



Executive employment contract under the collective labour agreement for the commerce sector. The salary is determined on the basis of objective criteria, including the candidate’s skills, relevant experience and fulfilment of the requirements of the position. In accordance with applicable legislation, we do not collect or use information relating to remuneration received in current or previous employment. Our selection procedures are based on objective and gender\-neutral criteria.

  


**Together for Better – Our values and commitment**

  



Leadership, teamwork, respect for every individual, continuous learning, transparency, commitment to the community and integrity. These are the **KPMG** **values** that create an environment that encourages the sharing of ideas and knowledge, so our professionals can **achieve their full potential**.



As a result of our commitment to fostering an **inclusive work** **environment**, our Network complies with **ISO 30415** (Diversity and Inclusion Management System) and **UNI PdR 125** (gender equality). Within our **Impact Plan** \- bit.ly/OurImpactPlanKPMG \- you will find summarised all the **concrete actions** we are taking on environmental, social and governance (**ESG**) issues.

  


**Join us!**



Your data will be processed in full compliance with the provisions of Regulation (EU) no. 679/2016 (General Data Protection Regulation \- “GDPR”), as amended. For more information, please see KPMG’s privacy policy.



KPMG Business Services S.r.l. is an equal opportunity employer.","","https://it.indeed.com/cmp/Kpmg-0828bc85","https://d2q79iu7y748jz.cloudfront.net/s/_squarelogo/256x256/d7b7fd1f635973534d21ba35d6f99c18","http://www.kpmg.com","Berlin","10,000+","$1B to $5B (USD)","At KPMG, you'll be able to tap into your skills, expertise and passion to help organizations find sustainable solutions to the world's most pressing issues.","","","","","","","regulatory manager"
"li-4450296041","linkedin","https://www.linkedin.com/jobs/view/4450296041","","Senior Pharmacovigilance Officer, Team Lead/ Case Processing Manager- Medical Device experience needed","PrimeVigilance","Rome, Latium, Italy","2026-08-06","","","","","","",False,"","","","","","","https://uk.linkedin.com/company/primevigilance-ltd","","","","","","","","","","","","","regulatory manager"
"li-4448874687","linkedin","https://www.linkedin.com/jobs/view/4448874687","","GxP Specialist","Antal International","Pomezia, Latium, Italy","2026-08-04","","","","","","",False,"","","","","","","https://uk.linkedin.com/company/antal-international","","","","","","","","","","","","","regulatory manager"
"in-df5fa2a90a9d81db","indeed","https://it.indeed.com/viewjob?jk=df5fa2a90a9d81db","https://jsv3.recruitics.com/redirect?rx_cid=3436&rx_jobId=R-01363700&rx_url=https%3A%2F%2Fjobs.thermofisher.com%2Fglobal%2Fen%2Fjob%2FR-01363700%2FCSV-Specialist%3Frx_a%3D0%26rx_c%3D%26rx_ch%3Djobp4p%26rx_group%3D123525%26rx_id%3D692f7f2d-929e-11f1-b432-89b007fc0319%26rx_job%3DR-01363700%26rx_medium%3Dcpc%26rx_r%3Dnone%26rx_source%3Dindeed%26rx_ts%3D20260811T080440Z%26rx_vp%3Dcpc%26utm_medium%3Dppc%26utm_source%3Drecruitics_indeedorganic","CSV Specialist","Thermo Fisher Scientific","Ferentino, LAZ, IT","2026-08-07","fulltime","","","","","",False,"","","","","**Work Schedule**


Standard (Mon\-Fri)**Environmental Conditions**


Office**Job Description**


As part of the Thermo Fisher Scientific team, you’ll discover meaningful work that makes a positive impact on a global scale. Join our colleagues in bringing our Mission to life every single day to enable our customers to make the world healthier, cleaner and safer. We provide our teams with the resources needed to achieve individual career goals while helping to take science a step beyond by developing solutions for some of the world’s toughest challenges.

**How will you make an impact?**


The resource will be part of a team with multifaceted strengths.


The employee will develop and lead strategic CSV project as well as exploring new simplification opportunities. The candidate will participate to internal cross\-functional team meetings to accomplish goals and commitments made to the strategic customers and communicate status and issues regularly. This role must have the vision, drive, and interpersonal skills to succeed in a rapid growth environment. A very equal opportunities positions!


This position will oversight of computer system validation activities and projects for Thermo Fisher Scientific Ferentino Site. Technical duties include implementing validation strategy, adhering to domestic and international GMP regulations, ownership and oversight of validation activities, incorporating continuous improvements and participating in regulatory inspections. Builds, reviews, approves, tracks and presents documents and procedures required for compliance with pharmaceutical regulations. He will look after handling external consultants from the request for an offer to the completion of the work. Come to work with us!


Keys to Success:

**Education**

* Scientific Degrees is preferred, but not required.

**Experience**

* 2\+ years of experience in CSV.

**Knowledge, Skills, Abilities**

* Excellent communication and interpersonal skills reflecting a positive, professional, customer\-centered organization.
* Ability to collaborate and interact with the project team
* Must demonstrate excellent proficiency in personal computer applications such as Microsoft Outlook, Word, Excel, and PowerPoint.
* Propensity for teamwork","Industrial Manufacturing","https://it.indeed.com/cmp/Thermo-Fisher-Scientific","https://d2q79iu7y748jz.cloudfront.net/s/_squarelogo/256x256/65bd2e4bebb79b1432ac3277ffd57ae7","https://www.thermofisher.com/","168 Third Avenue, Waltham, MA USA 02451","10,000+","more than $10B (USD)","At Thermo Fisher Scientific, our professionals develop critical solutions—and build rewarding careers.","","","","","","","regulatory specialist"
"in-898854aa0e3b27f5","indeed","https://it.indeed.com/viewjob?jk=898854aa0e3b27f5","https://careers.unicredit.eu/de_DE/jobsuche/JobDetail/Senior-Digital-Product-Specialist-SAP-HCM-PY-TM-Pension/110097","Senior Digital Product Specialist_SAP HCM (PY, TM, Pension)","UniCredit Group","Roma, LAZ, IT","2026-08-05","fulltime","","","","","",False,"","","","clementina.sica@unicredit.eu","### **Allgemeine Informationen**

Job Id
110097
Unternehmen
UniCredit S.p.A
Competence Line
Digital
Funktionsbereich
People \& Culture / HR
Standort
BOLOGNA, MILANO, ROMA, TORINO, VERONA
Land
Italien
Kontakt
clementina.sica@unicredit.eu
Jobniveau
Professionals
Arbeitszeitmodell
Vollzeit
Gehaltsperiode
Jährlich
Gehalt Währung
EUR
Mindestgehalt (brutto)
50\.000
Gehalt max. (brutto)
75\.000
We are currently seeking an experienced Digital Product Specialist – SAP HCM to support People \& Culture (P\&C) processes in Germany. In this
senior technical role, you will be accountable for the stability, compliance, and continuous optimization of the SAP HCM solution for Germany,
working within both local and global environments.
You will serve as a key technical authority and trusted partner to P\&C stakeholders, ensuring reliable payroll operations, legal compliance, and
high\-quality system performance.  


### **What you'll be doing**

* Act as the primary technical owner and referent for UniCredit’s SAP HCM solution in Germany, with a strong focus on:


 o Payroll
 o Positive Time Management* German company pension schemes
* Serve as the interface between P\&C business stakeholders and IT, advising on requirements, resolving inquiries, and consulting on solution
* design and optimization.
* Execute and manage regular and ad\-hoc operational activities, including monthly payroll preparation and execution, annual pension scheme
* updates, implementation, testing, and transport of legal change packages and SAP Notes
* Take ownership of incident and problem management, including root cause analysis and sustainable resolution.
* Work in close collaboration with SAP Basis teams to proactively monitor system health, performance, and all relevant inbound and
* outbound interfaces.
* Contribute to continuous improvement initiatives, ensuring long\-term system stability, compliance, and scalability
  


### **What you'll need to succeed**

8\+ years of hands\-on experience with SAP HCM on‑premise (ECC 6\.0, EHP8\) in complex environments.* Expertise in:


 o German Payroll (PY\-DE): Schema/rules, wage types, taxes, social security, ELStAM, DEÜV, eAU/eA1, payment transfers.
 o Company Pension Scheme (PA\-PF\-DE): Configuration, benefit calculations, payroll integration.
 o Time Management (PT): Absence/Attendance, quotas, Time Evaluation.
 o SAP ILM: GDPR\-compliant retention for PA/PY/PT/OM.* Expertise in SAP Add\-On Usage: SOLUTIONS HR easyCompare, SOLUTIONS HR easyAudit, Centric ALTRO
* Development Skills:


 o Advance SAP HCM Customizing
 o ABAP development, incl. ABAP Objects
 o Experience with Notes implementation and SPAU/SPDD adjustments* Understanding of legal and regulatory frameworks:


 o Deep understanding of German tax and social security law
 o Familiarity with EU directives impacting payroll and HR
 o Experience with HR processes in banking or financial services environment* Language \& Communication


 o German C1 – essential for legal interpretation, SAP documentation, and stakeholder workshops
 o English B2 – essential for legal interpretation, SAP documentation, and stakeholder workshops
 o Strong communication, stakeholder management, and consulting skills* Excellent problem\-solving and analytical skills

  


### **What you'll get in return**

**\#MakeInnovationHappen**: Chance to make an impact in terms of transformation**\#UnlockYourPotential**: Join a young and stimulating environment**\#ComeAsYouAre**: Working within a global team**\#UnlockYourPotential**: Play a role of autonomy with high visibility and exposure**\#BalanceLifeAndCareer**: Flexible working hours \& working hybrid;  


### **About UniCredit Group**

Die UniCredit ist eine führende, paneuropäische Geschäftsbank, die erstklassige Lösungen und Services in Italien, Deutschland, Österreich, Zentral\- und Osteuropa bietet. Unsere Vision ist es, die Bank für Europas Zukunft zu sein. Unser Anspruch lautet: Empower Communities to Progress. Er beinhaltet, allen Stakeholdern erstklassige Produkte und Services zu bieten und dadurch das Potenzial unserer Kund:innen und Mitarbeitenden in ganz Europa zur Entfaltung zu bringen. Wir betreuen mehr als 20 Millionen Kund:innen, unterstützt von drei gruppenweiten Produktbereichen \- Corporate, Individual und Payment Solutions \-, mit denen wir in all unsere Märkten eine erstklassige Expertise und skalierbare Lösungen bereitstellen können. Unser integriertes Geschäftsmodell verbindet lokale Nähe und ein tiefes Verständnis für unsere Kund:innen mit den Stärken einer internationalen Gruppe und schafft dadurch nahtlos ineinandergreifende Services und ein exzellentes Kundenerlebnis. Digitalisierung, operative Exzellenz und ein starkes Bekenntnis zu den ESG\-Grundsätzen bilden das Fundament unseres Handelns und ermöglichen es uns, nachhaltig Mehrwert für Kund:innen, Gemeinschaften, Mitarbeitende und Aktionär:innen zu schaffen. Unsere gemeinsame Kultur verbindet unsere Mitarbeitenden über alle Länder hinweg und stärkt Zusammenarbeit, konsequente Umsetzung und Ambition \- getragen von unseren Werten Integrity, Ownership und Caring.","","https://it.indeed.com/cmp/Unicredit-Group-1","https://d2q79iu7y748jz.cloudfront.net/s/_squarelogo/256x256/d0dd915cfa6ad9a1520fd8f603e32c12","https://www.unicreditgroup.eu/en.html","Milan","10,000+","more than $10B (USD)","UniCredit is a pan-European Bank with a unique service offering in Italy, Germany, Austria, and Central and Eastern Europe. Our Vision is to be the Bank for Europe's Future. ","","","","","","","regulatory specialist"
"li-4441326884","linkedin","https://www.linkedin.com/jobs/view/4441326884","","QUALITY ASSURANCE MANAGER","OKATIM Italia","Rome, Latium, Italy","2026-08-08","","","","","","",False,"","","","","","","https://it.linkedin.com/company/okatim-italia","","","","","","","","","","","","","responsabile affari regolatori"
"li-4451520444","linkedin","https://www.linkedin.com/jobs/view/4451520444","","PV Officer (experience in Medical devices required)","PrimeVigilance","Rome, Latium, Italy","","","","","","","",False,"","","","","","","https://uk.linkedin.com/company/primevigilance-ltd","","","","","","","","","","","","","responsabile affari regolatori"
"li-4449547248","linkedin","https://www.linkedin.com/jobs/view/4449547248","","Quality Assurance Consultant   - Pharma Sector","PQE Group","Latium, Italy","2026-08-10","","","","","","",False,"","","","","","","https://it.linkedin.com/company/pqe-group","","","","","","","","","","","","","quality assurance pharma"
"li-4429673737","linkedin","https://www.linkedin.com/jobs/view/4429673737","","Tecnico / Ingegnere di Validazione GMP","S.T.B. ValiTech S.r.l.","Latina, Latium, Italy","2026-08-07","","","","","","",False,"","","","","","","https://it.linkedin.com/company/s-t-b-valitech-s-r-l-","","","","","","","","","","","","","quality assurance pharma"
"li-4448798172","linkedin","https://www.linkedin.com/jobs/view/4448798172","","Quality Assurance Engineer - EN9100","Teoresi Group","Rome, Latium, Italy","2026-08-07","","","","","","",False,"","","","","","","https://it.linkedin.com/company/teoresigroup","","","","","","","","","","","","","quality assurance pharma"
"li-4448769313","linkedin","https://www.linkedin.com/jobs/view/4448769313","","Quality Assurance Specialist (f/m/nb) - Packaging Pharma","Randstad Italia","Rome, Latium, Italy","2026-08-07","","","","","","",False,"","","","","","","https://it.linkedin.com/company/randstad-italia","","","","","","","","","","","","","QA manager pharma"
"li-4441468380","linkedin","https://www.linkedin.com/jobs/view/4441468380","","Quality Assurance Executive Manager","NTT DATA Europe & Latam","Rome, Latium, Italy","2026-08-07","","","","","","",False,"","","","","","","https://es.linkedin.com/company/ntt-data-europe-latam","","","","","","","","","","","","","QA manager pharma"
"li-4447385879","linkedin","https://www.linkedin.com/jobs/view/4447385879","","PDS Analytical Development & GMP Technician","Grafton Recruitment","Ferentino, Latium, Italy","2026-08-05","","","","","","",False,"","","","","","","https://it.linkedin.com/company/grafton-recruitment","","","","","","","","","","","","","QA manager pharma"
"in-0bc780f15383f486","indeed","https://it.indeed.com/viewjob?jk=0bc780f15383f486","https://jobs.fao.org/careersection/fao_external/jobdetail.ftl?job=2601712&tz=GMT-05%3A00&tzname=America%2FChicago","Human Resources Support/Specialist (Talent Management)","Food and Agriculture Organization of the United Nations","Roma, LAZ, IT","2026-08-10","internship","","","","","",False,"","","","","Job Posting: 10/Aug/2026
Closure Date: 24/Aug/2026, 4:59:00 PM
Organizational Unit: CSH \- Human Resources
Job Type: Non\-staff opportunities
Type of Requisition: Consultant / PSA (Personal Services Agreement)
Grade Level: N/A
Primary Location: Italy\-Rome
Duration: Up to 11 months (with possibility of renewal)
Post Number: N/A
IMPORTANT NOTICE: Please note that Closure Date and Time displayed above are based on date and time settings of your personal device  

* FAO is committed to achieving workforce diversity in terms of gender, nationality, background and culture.
* Qualified female applicants, qualified nationals of non\-and under\-represented Members and person with disabilities are encouraged to apply;
* Everyone who works for FAO is required to adhere to the highest standards of integrity and professional conduct, and to uphold FAO's values
* FAO, as a Specialized Agency of the United Nations, has a zero\-tolerance policy for conduct that is incompatible with its status, objectives and mandate, including sexual exploitation and abuse, sexual harassment, abuse of authority and discrimination
* All selected candidates will undergo rigorous reference and background checks
* All applications will be treated with the strictest confidentiality

*FAO’s commitment to environmental sustainability is integral to our strategic objectives and operations.* **Organizational Setting**

  

The Food and Agriculture Organization of the United Nations (FAO) contributes to the achievement of the 2030 Agenda through the FAO Strategic Framework by supporting the transformation to MORE efficient, inclusive, resilient and sustainable agrifood systems, for better production, better nutrition, a better environment, and a better life, leaving no one behind.


FAO's commitment to environmental sustainability is integral to our strategic objectives and operations.


The Human Resources Division at the Food and Agriculture Organization (FAO) serves as an enabler of FAO's strategic objectives by fostering a dynamic, inclusive, and high\-performing organizational culture. Our mission is to empower managers, leaders, staff and the affiliate workforce through strategic talent management practices, ensuring alignment with FAO's goals and values. In this context, the Division provides effective administrative function and serves as a strategic partner that delivers innovative, integrated, and forward\-looking HR solutions.


FAO's Human Resources Division (CSH) provides human resources (HR) strategies, policies, guidance, and oversight to FAO offices worldwide to ensure that the Organization attracts, develops, and retains a diverse, skilled, and highly motivated workforce capable of delivering on its mandate. The Human Resources Division focuses on developing and implementing a people\-centered strategy and positioning HR as a strategic partner that actively contributes to the achievement of FAO's objectives.


The assignment is located in the Talent Management Branch of the Human Resources Division, at FAO headquarters in Rome, Italy.


CSH is establishing a roster call of qualified HR consultants and/or PSA (Personal Services Agreement) to support talent management related activities and initiatives on a short\-term and intermittent basis.

 **Reporting Lines**

  

The Consultant or PSA reports to an HR Officer or designated supervisor

 **Technical Focus**

  

Area: Talent Management

 **Tasks and responsibilities**

 **Depending on the level of assignment, the consultant will perform a combination of the following duties:**

* Provide advice and guidance to supervisors and staff members on talent management initiatives, policies, procedures and tools, including performance management, skills\-related projects, and learning and development activities.
* Respond to enquiries from supervisors and staff members on talent management processes and procedures, providing guidance and escalating complex or policy\-related matters to the appropriate HR Officers, as required.
* Support the implementation and rollout of talent management initiatives, including learning, performance and skills\-related programmes, and provide guidance to divisions, offices and centres (DOCs) on their application, as required.
* Provide support to supervisors and staff members in addressing performance\-related matters, including advising on and monitoring the implementation of Performance Improvement Plans (PIPs), as appropriate.
* Monitor and track talent management activities, in particular those related to performance management, ensuring timely follow\-up on key milestones, deadlines, deliverables, and related actions.
* Contribute to the transition to Oracle Human Capital Management (HCM) learning and performance modules, including system refinement, process enhancements, user support and development of training materials.
* Contribute to skills architecture and workforce capability initiatives through the development and maintenance of relevant documentation, reports, communication materials, dashboards and knowledge resources.
* Prepare and analyse communications, briefing materials, training resources, statistics, reports and other outputs to support talent management programmes and initiatives.
* Research emerging trends and good practices in learning, performance and talent management, and recommend innovative approaches, tools and methodologies to support the Organization's integrated talent management strategy.
* Collaborate with HR teams across the Organization to ensure OneHR approach and promote the advancement of corporate talent management priorities.
* Contribute to the review, development and updating of policies, frameworks, guidance materials and related documentation under the purview of the Talent Management Branch.
* Identify opportunities to enhance talent management processes, systems, tools and templates, and contribute to their continuous improvement and effectiveness.
* Support the planning, organization and delivery of workshops, consultations, briefings and other talent management activities, including coordination with relevant stakeholders and follow\-up on agreed actions as required.
 **Depending on the level of assignment, the PSA will perform a combination of the following duties:**

* Provide support to supervisors and staff members on talent management processes, procedures and tools, including performance management, learning and development, and skills\-related initiatives.
* Assist supervisors and staff members in addressing performance\-related matters, including supporting the monitoring and follow\-up of Performance Improvement Plans (PIPs), as required.
* Respond to standard enquiries on talent management processes and procedures and refer complex or policy\-related matters to the appropriate HR Officers.
* Support the implementation and rollout of talent management initiatives, including learning, performance management and skills\-related programmes.
* Monitor and track talent management activities, particularly those related to performance management, ensuring timely follow\-up on milestones, deadlines and required actions.
* Assist in the transition to Oracle Human Capital Management (HCM) learning and performance modules, including user support, system testing, data validation, and the preparation of training and reference materials.
* Support skills architecture and workforce capability initiatives through the maintenance of documentation, reports, dashboards, communication materials and related records.
* Prepare communications, presentations, statistics, reports and other materials to support talent management activities and projects.
* Collect and compile information, data and good practices related to learning, performance and talent management to support ongoing initiatives and projects.
* Liaise with HR colleagues and focal points across the Organization to facilitate the implementation of talent management activities and ensure effective coordination.
* Assist in the preparation, review and updating of guidelines, procedures, templates, training materials and other documentation under the purview of the Talent Management Branch.
* Support the continuous improvement of talent management tools, processes and systems by identifying issues and contributing to the implementation of agreed enhancements.
* Support the planning, organization and delivery of workshops, consultations, briefings and other talent management activities, including logistical arrangements, stakeholder coordination and follow\-up actions.
* Maintain records, tracking tools and databases related to talent management activities, ensuring the accuracy and completeness of information.
 **CANDIDATES WILL BE ASSESSED AGAINST THE FOLLOWING**

 **Minimum Requirements**

 **For Consultants:**

* Advanced university degree (Master’s degree level or equivalent) from an institution recognized by the International Association of Universities (IAU)/UNESCO in human resources management, adult education, psychology, organizational development, law, business administration with focus on human resources, organizational development or a related field. Candidates with a bachelor's degree need two additional years of relevant professional experience.
* Minimum of one year (level C) or of five years (Level B) or of ten years (level A) of relevant experience in human resources with a focus on talent management, preferably with an international organization context.
* Working knowledge (proficient \- level C) of English
 **For PSAs:**

* University degree (or technical degree/certificate) from an institution recognized by the International Association of


Universities (IAU)/UNESCO in human resources management, adult education, psychology, organizational development, law, business administration with focus on human resources, organizational development or a related field.  

* Minimum of one year (level C) or of five years (Level B) or of ten years (level A) of relevant experience in human resources with a focus on talent management, preferably with an international organization context.
* Working knowledge (proficient \- level C) of English
 **FAO Core Competencies**

* Results Focus.
* Teamwork.
* Communication.
* Building Effective Relationships.
* Knowledge Sharing and Continuous Improvement.
 **Technical/Functional Skills**

* Extent and relevance of experience in talent management, including performance management, learning and development, workforce capability, skills development, or related human resources initiatives.
* Extent of organizational, planning and coordination skills, with the ability to manage multiple priorities and deliver outputs within established timelines.
* Ability to analyse HR\-related issues and propose practical solutions.
* Extent of knowledge of HR information management systems, particularly learning, performance management and talent management modules.
* Proficiency in information technology applications and tools, such as Microsoft Excel, PowerPoint, PowerApps and other relevant digital solutions.
* Extent of experience in data analysis, reporting and data visualization using tools such as Oracle Analytics, Power BI or similar platforms.
* Strong analytical, communication and stakeholder engagement skills, with the ability to work effectively with diverse audiences.
* Excellent written and verbal communication skills, supported by strong interpersonal, client service and relationship\-management abilities.
* Relevance of experience in conducting research, gathering information and identifying good practices to support the continuous improvement of HR programmes, processes and tools.
* Working knowledge (proficient – Level C) of another FAO official language is considered a strong asset.
* Good knowledge of FAO's mandate and structure is considered an asset.
* A recognized HR professional certification is considered an asset.
  

Please note that all candidates should adhere to FAO Values of Commitment to FAO, Respect for All and Integrity and Transparency

 **ADDITIONAL INFORMATION*** FAO does not charge any fee at any stage of the recruitment process (application, interview, processing)
* Please note that FAO will only consider academic credentials or degrees obtained from an educational institution recognized in the IAU/UNESCO list
* Please note that FAO only considers higher educational qualifications obtained from an institution accredited/recognized in the World Higher Education Database (WHED), a list updated by the International Association of Universities (IAU) / United Nations Educational, Scientific and Cultural Organization (UNESCO). The list can be accessed at http://www.whed.net/
* For more information, visit the FAO employment website
* Appointment will be subject to certification that the candidate is medically fit for appointment, accreditation, any residency or visa requirements, and security clearances.

 **HOW TO APPLY*** To apply, visit the recruitment website at Jobs at FAO and complete your online profile. We strongly recommend that your profile is accurate, complete and includes your employment records, academic qualifications, and language skills
* Candidates are requested to attach a letter of motivation to the online profile
* Once your profile is completed, please apply, and submit your application
* Please note that FAO only considers higher educational qualifications obtained from an institution accredited/recognized in the World Higher Education Database (WHED), a list updated by the International Association of Universities (IAU) / United Nations Educational, Scientific and Cultural Organization (UNESCO). The list can be accessed at http://www.whed.net/. These qualifications should be in alignment with the International Standard Classification of Education (ISCED) mappings.

* Candidates may be requested to provide performance assessments and authorization to conduct verification checks of past and present work, character, education, military and police records to ascertain any and all information which may be pertinent to the employment qualifications
* Incomplete applications will not be considered
* Personal information provided on your application may be shared within FAO and with other companies acting on FAO’s behalf to provide employment support services such as pre\-screening of applications, assessment tests, background checks and other related services. You will be asked to provide your consent before submitting your application. You may withdraw consent at any time, by withdrawing your application, in such case FAO will no longer be able to consider your application
* Only applications received through the FAO recruitment portal will be considered
* Your application will be screened based on the information provided in your online profile
* We encourage applicants to submit the application well before the deadline date.

If you need help or have queries, please create a one\-time registration with FAO’s client support team for further assistance: **https://fao.service\-now.com/csp**

**FAO IS A NON\-SMOKING ENVIRONMENT**","","https://it.indeed.com/cmp/Food-and-Agriculture-Organization-of-the-United-Nations","https://d2q79iu7y748jz.cloudfront.net/s/_squarelogo/256x256/95322d664de7b475a6a8c6df19680a38","http://www.fao.org","Roma","1,001 to 5,000","","","","","","","","","qualified person"
"in-054614932d91db5d","indeed","https://it.indeed.com/viewjob?jk=054614932d91db5d","https://abb.wd3.myworkdayjobs.com/External_Career_Page/job/Frosinone-Frosinone-Italy/Order-Handling-Specialist---Temporary_JR00040047","Order Handling Specialist - Temporary","ABB","Frosinone, LAZ, IT","2026-08-06","","","","","","",False,"","","","","At **ABB**, we help industries run leaner and cleaner—and every person here makes that happen. You’ll be empowered to lead, supported to grow, and proud of the impact we create together. Join us and help run what runs the world.

**This position reports to:**


Order Handling Manager
\_\_

**Your role and responsibilities**  

In this role, you will have the opportunity to provide customer support, including technical support, order, and payment\-related assistance to achieve target levels of service quality, operational efficiency, and customer satisfaction. Each day, you will implement customer support strategy to increase operational excellence and customer satisfaction in the sales process. You will also showcase your expertise by supporting achievement of established targets by overseeing progress and implementing improvement actions as needed.  

  

The work model for the role is: \#LI\-Onsite


This role is contributing to the Smart Power business in Frosinone.  

  

You will be mainly accountable for:

* Focusing on achievement of defined targets, including inventory turn on finished goods, requested on\-time delivery, and Net Promoter Score.
* Processing orders by coordinating with Sales, Product Marketing, Logistics, and other internal teams to ensure that customers receive accurate and timely delivery of products.
* Acting as the first port of call for customers’ queries and orders and ensuring the resolution of customer issues.
* Supporting in pre\-sales or after\-sales service by resolving customer issues and ensuring effective and efficient customer communication by utilizing specific commercial communication tools.
 **Qualifications for the role**

* You are highly skilled in problem solving and you have excellent ability to communicate with customers
* You are qualified in Microsoft Office Package, SAP is a Plus
* You have a Diploma
* You are at ease communicating in Italian and English
**Compensation Package**


As part of our commitment to transparency, we want to share the compensation details for this position:

* Applicable CBA: Metalmeccanico
* Minimum annual salary: € 33\.000
* Variable Pay:Eligible for Company Productivity Bonus


The offer will be tailored based on your role location, experience, skills and qualifications, internal market positioning and alignment with ABB internal standards.

 **Benefits as per policy**

* Flexible working hours and a strong focus on work\-life integration and Wellbeing support for employees and their families
* Welfare plan with a wide range of personalized services
* Canteen or meal vouchers provided
**More about us**


ABB Smart Power provides energy distribution solutions for data centers, industrial and manufacturing plants, critical infrastructure and commercial buildings. The Division’s technical teams work closely with industry partners, delivering advanced solutions that support rapid growth, energy transition, and sustainability objectives. The Division’s portfolio includes industrial circuit breakers, low\-voltage systems, motor starting applications, and safety devices like switches and relays. Its Power Protection unit supports the world’s largest data center companies with advanced energy\-efficient UPS solutions. The Division’s ABB Ability™ Energy Manager provides a scalable, easy\-to\-use platform that helps organizations save energy and reduce CO2 emissions.


Building a cleaner, smarter future takes all kinds of minds: the curious, the courageous, and the creative. That's why we welcome people from all backgrounds and experiences.




Ready to make an impact?


Apply today or visit **https://www.abb.com** to learn more about the impact of our solutions across the globe.","","https://it.indeed.com/cmp/Abb","https://d2q79iu7y748jz.cloudfront.net/s/_squarelogo/256x256/6998783079e0a69c900c56473963cc0c","http://www.global.abb/group/en","Zürich","10,000+","more than $10B (USD)","","","","","","","","qualified person"
"in-24d1422afcf3f53f","indeed","https://it.indeed.com/viewjob?jk=24d1422afcf3f53f","https://jobs.fao.org/careersection/fao_external/jobdetail.ftl?job=2601658&tz=GMT-05%3A00&tzname=America%2FChicago","Communications Specialist (Climate Change)","Food and Agriculture Organization of the United Nations","Roma, LAZ, IT","2026-08-05","internship","","","","","",False,"","","","","Job Posting: 05/Aug/2026
Closure Date: 26/Aug/2026, 4:59:00 PM
Organizational Unit: OCB
Job Type: Non\-staff opportunities
Type of Requisition: Consultant / PSA (Personal Services Agreement)
Grade Level: N/A
Primary Location: Italy\-Rome
Duration: Up to 11 months
Post Number: N/A
IMPORTANT NOTICE: Please note that Closure Date and Time displayed above are based on date and time settings of your personal device  

* FAO is committed to achieving workforce diversity in terms of gender, nationality, background and culture.
* Qualified female applicants, qualified nationals of non\-and under\-represented Members and person with disabilities are encouraged to apply;
* Everyone who works for FAO is required to adhere to the highest standards of integrity and professional conduct, and to uphold FAO's values
* FAO, as a Specialized Agency of the United Nations, has a zero\-tolerance policy for conduct that is incompatible with its status, objectives and mandate, including sexual exploitation and abuse, sexual harassment, abuse of authority and discrimination
* All selected candidates will undergo rigorous reference and background checks
* All applications will be treated with the strictest confidentiality

*FAO’s commitment to environmental sustainability is integral to our strategic objectives and operations.* **Organizational Setting**


The Office of Climate Change, Biodiversity and Environment (OCB) works to ensure that countries and stakeholders respond to the challenges of climate change, biodiversity loss, and environmental degradation. OCB provides a cross\-organizational coordination role on these issues and is the focal point to major multilateral environmental agreements, including the United Nations Framework Convention on Climate Change Conferences (UNFCCC), and the Convention on Biological Diversity (CBD). The Office also assists FAO Members in their responses towards the interlinked challenges of food security, climate change, biodiversity loss and environmental degradation including through facilitating access to climate and environmental financing such as the Global Environment Facility (GEF) and the Green Climate Fund (GCF). In addition, OCB hosts the Globally Important Agricultural Heritage Systems (GIAHS) Programme, the Secretariats of the International Treaty on Plant Genetic Resources for Food and Agriculture and the Commission on Genetic Resources for Food and Agriculture, as well as FAO’s work on environmental safeguards and leads the Programme Priority Areas on Climate Change (PPA BE1\) and Bioeconomy for Sustainable Food and Agriculture (PPA BE2\).


The position is located under the Climate Change team in OCB, which provides policy advice and technical support to FAO Members on climate change including in the areas of mitigation, adaptation, transparency and loss and damage. The team is also leading the development of knowledge products and tools (i.e. NEXT, ABC\-Map) and is supporting coordination and technical linkages with international climate processes and bodies, including the UNFCCC, IPCC, and related constituted bodies and workstreams, ensuring alignment of programme activities with global climate policy and scientific frameworks.

 **Reporting Lines**


The Communications Specialist will work under the overall supervision of the Climate Change Team Leader and the direct supervision of a designated Officer within the team, as appropriate. When activities are carried out in countries, the consultant will be required to work in close collaboration with the relevant FAO Representation and Regional or Country Office.

 **Technical Focus**


Planning, design and implementation of external communications for projects and activities related to climate change and agriculture, including adaptation, mitigation, transparency, climate finance, and loss and damage, in support of the implementation of the FAO Climate Change Strategy and its Action Plan.

 **Tasks and responsibilities**


The Communications Specialist will support the planning, delivery and monitoring of communication activities across the Climate Change team in OCB. Working in close collaboration with the OCB communications focal point, external partners, and relevant FAO divisions and country offices, the incumbent will:  

* Act as the focal point for the communications activities of the Climate Change team, ensuring coherence and alignment with FAO corporate communication standards and the FAO Climate Change Strategy and Action Plan;
* Develop and implement a communication strategy for the Climate Change team, covering its workstreams (adaptation, mitigation, transparency and finance), including objectives, target audiences, channels and key messages;
* Lead the internal and external communications activities for specific initiatives and projects, ensuring consistent messaging and visibility of results.
* Research, draft and edit stories of change, impact stories and human\-interest features based on project results and work at field level, including through interviews and inputs from country offices;
* Coordinate the team's communications around international events, meetings and negotiation processes (e.g. UNFCCC sessions, COPs), including the preparation of related materials and messaging;
* Develop key messages and coordinate the production and drafting of knowledge and communication products (brochures, fact sheets, speaking points, press releases, social media content, web articles, and audiovisual materials);
* Develop social media content for review and dissemination across relevant FAO channels;Directly manage or oversee communications consultants, designers and other external service providers, ensuring timely delivery and quality of outputs;
* Maintain relevant websites and web pages, keeping content current, and regularly review, report on and act upon web and social media analytics to improve reach and engagement;
* Work with members of the Climate Change team, OCB communications focal points and colleagues across OCB on communications planning, key messaging, promotion of publications, webinars, events and related outreach activities;
* Liaise with external service providers and relevant FAO clearance focal points to ensure all communication materials are cleared and comply with FAO corporate and branding standards;
* Ensure compliance with donor visibility and communication requirements across relevant projects and programmes;Monitor, evaluate and report on the results of communication activities against agreed indicators, and provide periodic progress reports to the Climate Change Team Leader and supervising Officer;
* Perform any other related duties as required.
**FAO Standards and guidelines:**  

  

* Liaison with OCC will be maintained, either directly or through an agreed focal point/coordinator, to ensure compliance with OCC standards, aligned messaging, and appropriate review and clearance processes.
* All communication materials will follow FAO clearance processes and comply with FAO standards, including:


**FAO Strategic Framework 2022\-31**: https://www.fao.org/strategic\-framework/en  

**FAO social media policy and guidelines**: https://www.fao.org/2/socialmedia  

**Social Media Branding Guidelines**: https://openknowledge.fao.org/handle/20\.500\.14283/cb5044en  

 **FAOSTYLE** https://openknowledge.fao.org/handle/20\.500\.14283/cb8081en  

**FAO terminology** http://www.fao.org/faoterm  

**FAO Names Of Countries** https://www.fao.org/nocs/en  

 Story guidelines, Story template, UN map standards, FAO logo policy and related branding guidelines (available to staff).  

* Further guidance regarding FAO communications, policies and procedures can be found through the FAO intranet, OCC section.
 **CANDIDATES WILL BE ASSESSED AGAINST THE FOLLOWING**

 **Minimum Requirements**

* Consultants should hold an advanced University degree in Journalism, Communications or close related field from an institution recognized by the International Association of Universities (IAU)/UNESCO. A first level degree with 2 years of additional experience may be considered as equivalent.
* (ii) PSA Subscribers should have an University degree in Journalism, Communications or close related field from an institution recognized by the International Association of Universities (IAU)/UNESCO
* A minimum of one year (Category C), five years (Category B) or ten years (Category A) of relevant professional experience in communications for development, particularly in the agriculture and climate sector, is required.
* Working knowledge (proficiency level C) of English is required.

 **FAO Core Competencies**

* Results Focus
* Teamwork
* Communication
* Building Effective Relationships
* Knowledge Sharing and Continuous Improvement

 **Selection Criteria**

* Experience in developing communication and outreach campaigns and establishing partnerships and networks for improved communications.
* Strong media outreach skills and digital communication skills, including handling media inquiries, and managing social media campaigns.
* Excellent analytical and conceptual skills, as well as gender\-sensitive and cross\-cultural competency.
* Ability to operate effectively as part of a team, contributing positively to team operations and working relationships.
* Work experience at field/project level, with the United Nations, non\-governmental organizations or similar.
* Demonstrated ability in media outreach and the identification of appropriate media outlets and channels.
* Strong research and analytical skills, with the ability to gather information from different sources and communicate effectively both orally and in writing.
* Knowledge of FAO tools and activities on climate change is considered an asset.
* Knowledge of additional UN official languages, particularly Spanish and French, is considered an asset.

  

Please note that all candidates should adhere to FAO Values of Commitment to FAO, Respect for All and Integrity and Transparency

 **ADDITIONAL INFORMATION*** FAO does not charge any fee at any stage of the recruitment process (application, interview, processing)
* Please note that FAO will only consider academic credentials or degrees obtained from an educational institution recognized in the IAU/UNESCO list
* Please note that FAO only considers higher educational qualifications obtained from an institution accredited/recognized in the World Higher Education Database (WHED), a list updated by the International Association of Universities (IAU) / United Nations Educational, Scientific and Cultural Organization (UNESCO). The list can be accessed at http://www.whed.net/
* For more information, visit the FAO employment website
* Appointment will be subject to certification that the candidate is medically fit for appointment, accreditation, any residency or visa requirements, and security clearances.

 **HOW TO APPLY*** To apply, visit the recruitment website at Jobs at FAO and complete your online profile. We strongly recommend that your profile is accurate, complete and includes your employment records, academic qualifications, and language skills
* Candidates are requested to attach a letter of motivation to the online profile
* Once your profile is completed, please apply, and submit your application
* Please note that FAO only considers higher educational qualifications obtained from an institution accredited/recognized in the World Higher Education Database (WHED), a list updated by the International Association of Universities (IAU) / United Nations Educational, Scientific and Cultural Organization (UNESCO). The list can be accessed at http://www.whed.net/. These qualifications should be in alignment with the International Standard Classification of Education (ISCED) mappings.

* Candidates may be requested to provide performance assessments and authorization to conduct verification checks of past and present work, character, education, military and police records to ascertain any and all information which may be pertinent to the employment qualifications
* Incomplete applications will not be considered
* Personal information provided on your application may be shared within FAO and with other companies acting on FAO’s behalf to provide employment support services such as pre\-screening of applications, assessment tests, background checks and other related services. You will be asked to provide your consent before submitting your application. You may withdraw consent at any time, by withdrawing your application, in such case FAO will no longer be able to consider your application
* Only applications received through the FAO recruitment portal will be considered
* Your application will be screened based on the information provided in your online profile
* We encourage applicants to submit the application well before the deadline date.

If you need help or have queries, please create a one\-time registration with FAO’s client support team for further assistance: **https://fao.service\-now.com/csp**

**FAO IS A NON\-SMOKING ENVIRONMENT**","","https://it.indeed.com/cmp/Food-and-Agriculture-Organization-of-the-United-Nations","https://d2q79iu7y748jz.cloudfront.net/s/_squarelogo/256x256/95322d664de7b475a6a8c6df19680a38","http://www.fao.org","Roma","1,001 to 5,000","","","","","","","","","qualified person"
"in-e30deb7f5b7fe89a","indeed","https://it.indeed.com/viewjob?jk=e30deb7f5b7fe89a","https://careers.amaris.com/jobs/44730","QC Micro Analyst","Amaris Consulting","Latina, LAZ, IT","2026-08-05","","","","","","",False,"","","","","Job Description

  



Join our team and start a new adventure in an international and dynamic environment, where you will be able to shape your professional ambitions in a fast\-growing organization. As an Amaris consultant, you will position yourself as a technical and functional expert in your field, representing our company with clients, building trustful relationships, and tackling their challenges with competence and passion.

  



Your Missions

  



* Review documentation related to microbiological tests, including bioburden and LAL tests, to verify compliance with required quality standards.


* Evaluate and approve reports of sterility tests and endotoxin tests, ensuring accuracy, completeness, and adherence to procedures.


* Critically analyze laboratory results provided by analysts and draft technical comments or requests for integration/correction.


* Control and monitor microbiological quality control procedures, ensuring they are performed according to current regulations (GMP, ISO).


* Interface with production and quality teams for technical clarifications and to ensure documentation accurately reflects compliance with sterility protocols.


* Review and approve microbiological validation documentation related to instruments and processes.


* Verify, update, and maintain technical documentation and standard operating procedures (SOP), ensuring consistency and compliance.


* Work on a **continuous shift including nights**.

  



Your Profile

  



* Experience with microbiological tests: **Bioburden**, LAL test, endotoxin detection, sterility testing.


* Knowledge of GMP and ISO regulations applicable to the pharmaceutical industry.


* 6 months/ 1 year of experience in similar roles in microbiological quality control.


* Analytical and problem\-solving skills in regulated environments.


* Precision and attention to detail in laboratory activities and documentation.


* Excellent teamwork and communication skills with various stakeholders.


* Academic background: Degree in Biology or related disciplines (mandatory).


* Italian fluent. English good.

  



What We Offer

  



* An international community bringing together 110\+ different nationalities.


* An environment where trust has a central place: 70% of our key leaders started their careers at the first level of responsibility.


* A robust training system with our internal Academy and 250\+ available modules.


* A vibrant workplace that frequently gathers for internal events (afterworks, team buildings, etc.).


* At Amaris, sustainability is part of everything we do. You’ll have the opportunity to turn your ideas into action and make a tangible impact. Every day, our teams bring our ESG commitments to life, from reducing our footprint to driving positive change within our communities. Through our WeCare Together program, you’ll be empowered to design and lead projects that create real social or environmental impact, with the company’s full support.


* Gross Annual Salary (GAS): EUR 26,000\- EUR 50,000 ; basic salary only, the variable component will be detailed in the offer

  



Amaris Consulting is proud to be an equal\-opportunity workplace. We are committed to promoting diversity within the workforce and creating an inclusive working environment. For this purpose, we welcome applications from all qualified candidates regardless of gender, sexual orientation, race, ethnicity, beliefs, age, marital status, disability, or other characteristics.


**Who are we?**
---------------


**Amaris Consulting** is an independent technology consulting firm providing guidance and solutions to businesses. With more than 1000 clients across the globe, we have been rolling out solutions in major projects for over a decade – this is made possible by an international team of 7,600 people spread across 5 continents and more than 60 countries. Our solutions focus on four different Business Lines: Information System \& Digital, Telecom, Life Sciences and Engineering. We’re focused on building and nurturing a top talent community where all our team members can achieve their full potential. Amaris is your steppingstone to cross rivers of change, meet challenges and achieve all your projects with success.
  

  

At Amaris, we strive to provide our candidates with the best possible recruitment experience. We like to get to know our candidates, challenge them, and be able to give them proper feedback as quickly as possible. Here's what our recruitment process looks like:
  

  

**Brief Call**: Our process typically begins with a brief virtual/phone conversation to get to know you! The objective? Learn about you, understand your motivations, and make sure we have the right job for you!
  

  

**Interviews** (the average number of interviews is 3 \- the number may vary depending on the level of seniority required for the position). During the interviews, you will meet people from our team: your line manager of course, but also other people related to your future role. We will talk in depth about you, your experience, and skills, but also about the position and what will be expected of you. Of course, you will also get to know Amaris: our culture, our roots, our teams, and your career opportunities!
  

  

**Case study**: Depending on the position, we may ask you to take a test. This could be a role play, a technical assessment, a problem\-solving scenario, etc.
  

  

As you know, every person is different and so is every role in a company. That is why we have to adapt accordingly, and the process may differ slightly at times. However, please know that we always put ourselves in the candidate's shoes to ensure they have the best possible experience.
  

We look forward to meeting you!","Consulting And Business Services","https://it.indeed.com/cmp/Amaris-Consulting","https://d2q79iu7y748jz.cloudfront.net/s/_squarelogo/256x256/556f3b571e9908371ecfe5855cdc6581","https://amaris.com/","Geneva, Switzerland ","5,001 to 10,000","$500M to $1B (USD)","Amaris Consulting is an independent technology consulting firm providing guidance and solutions to businesses. It gathers more than 7,500 people across 5 continents and more than 60 countries.","","","","","","","qualified person"
"in-f3859e4a410db26e","indeed","https://it.indeed.com/viewjob?jk=f3859e4a410db26e","https://jobs.sanofi.com/job/-/-/2649/42518981056","Operator","Sanofi","Anagni, LAZ, IT","2026-08-07","","","","","","",False,"","","","","**Location**: Anagni**Operatore di Produzione \- Biologici e Vaccini**


Ogni anno forniamo 4,3 miliardi di soluzioni sanitarie alle persone, grazie alla pianificazione impeccabile e all'attenzione meticolosa per i dettagli dei nostri team di produzione e fornitura. Con il Suo talento e la Sua ambizione, possiamo fare ancora di più per proteggere le persone dalle malattie infettive e infondere speranza ai pazienti e alle loro famiglie.


Stiamo cercando operatori qualificati da inserire nel reparto di produzione Biologici e Vaccini, con focus su ambienti ad alta criticità quali **Isolatore e aree Sterili**. Le risorse selezionate lavoreranno su linee di produzione all'avanguardia, contribuendo alla realizzazione di farmaci biologici e vaccini destinati a migliorare la vita dei pazienti in tutto il mondo.

**Responsabilità Principali**


Gli operatori saranno coinvolti nelle seguenti attività lungo l'intero ciclo produttivo:

**Attività operative:**

* **Preparazione**: allestimento e preparazione dei materiali, componenti e attrezzature necessarie al processo produttivo, svolgimento principali processi di preparazione (lavaggio, sterilizzazione, assemblaggio)
* **Riempimento (Filling)**: conduzione delle operazioni di riempimento asettico di prodotti biologici e vaccini in ambiente controllato, sia mediante tecnologia ad Isolatore che in Area Asettica (tecnologia RABS)
* **Ghieratura (Capping)**: chiusura e sigillatura dei contenitori secondo gli standard qualitativi richiesti
* **Preparazione Soluzioni (compounding)**: preparazione delle soluzione destinate all’infialamento e svolgimento operazioni accessoria di preparazione impianto (CIP/SIP/FIT)
* **Liofilizzazione**: preparazione impianti e controllo processo

**Gestione del processo:**

* Conduzione e monitoraggio dei processi di produzione in conformità alle procedure operative standard (SOP)
* Gestione accurata dei materiali di produzione, garantendo tracciabilità e integrità
* Compilazione e gestione della documentazione di batch (batch record) e documentazione di Linea, con precisione e puntualità
* Esecuzione di controlli in\-process e segnalazione tempestiva di eventuali deviazioni

**Qualità e Compliance:**

* Rigoroso rispetto delle norme di **Buona Fabbricazione (GMP \- Good Manufacturing Practice)** dopo adeguata formazione
* Applicazione delle procedure di sicurezza, igiene e protezione ambientale
* Partecipazione attiva ai programmi di formazione continua e qualificazione

**Profilo del/la Candidato/a**

**Requisiti essenziali:**

**Istruzione:**

* Diploma di scuola superiore (preferibilmente indirizzo tecnico\-scientifico: perito chimico, biotecnologie, meccanico, elettronico o equivalente)

**Esperienza:**

* Esperienza pregressa in ruoli di produzione **preferibilmente in area asettica / Filling via Isolatore** o ambienti classificati (cleanroom)
* Conoscenza dei processi produttivi farmaceutici o in settori regolamentati costituisce titolo preferenziale

**Competenze tecniche:**

* Familiarità con **sistemi di controllo e supervisione (SCADA)**
* Buona manualità e coordinazione motoria per operazioni di precisione
* Capacità di lettura e interpretazione di procedure tecniche e documentazione GMP
* Conoscenza base dei principi di qualità e sicurezza in ambito farmaceutico
* Conoscenza linguaggio tecnico e comunicazione HMI
* Conoscenza lingua Inglese
* Familiarità con pacchetto Office

**Competenze trasversali (soft skills):**

* **Precisione e attenzione ai dettagli**: fondamentale per garantire la qualità del prodotto e la sicurezza del paziente
* **Affidabilità e senso di responsabilità**: consapevolezza dell'impatto del proprio lavoro sulla salute dei pazienti
* **Capacità di lavorare in team**: collaborazione efficace con colleghi, supervisori e funzioni di supporto
* **Flessibilità e adattabilità**: disponibilità a lavorare su **tre turni** (mattina, pomeriggio, notte) inclusi weekend e festivi secondo necessità produttive
* **Rispetto di ruoli, regole e procedure**: disciplina operativa e compliance alle normative
* **Forte motivazione**: orientamento al raggiungimento degli obiettivi di produzione e qualità
* **Problem solving**: capacità di identificare e segnalare anomalie, contribuendo al miglioramento continuo

**Requisiti preferenziali:**

* Esperienza specifica in produzione di biologici, vaccini o prodotti iniettabili
* Conoscenza di sistemi di gestione qualità (ISO, GMP)
* Formazione pregressa in ambito GMP o cleanroom.

**Perseguire il** *Progresso*. **Scoprire lo** *straordinario*.


Il progresso non avviene senza le persone: persone con background diversi, in luoghi diversi, con ruoli diversi, ma tutte unite da una cosa sola: il desiderio di far accadere miracoli. Lei può essere una di queste persone. Inseguendo il cambiamento, abbracciando nuove idee ed esplorando tutte le opportunità che abbiamo da offrire. Perseguiamo il progresso. E scopriamo insieme lo straordinario.


In Sanofi offriamo pari opportunità a tutti, a prescindere da origine etnica, colore, ascendenza, religione, genere, origine nazionale, orientamento sessuale, età, cittadinanza, stato civile, disabilità o identità di genere.","","https://it.indeed.com/cmp/Sanofi","https://d2q79iu7y748jz.cloudfront.net/s/_squarelogo/256x256/ef60cd636bc2be61c6eccfef96801f9b","https://www.sanofi.com/fr","Paris","10,000+","more than $10B (USD)","We chase the miracles of science every single day, pursuing progress to make a real impact on millions of patients around the world. ","","","","","","","persona qualificata"
"in-2b750feb3bfb8a82","indeed","https://it.indeed.com/viewjob?jk=2b750feb3bfb8a82","https://career.ita-airways.com/job/Addetto-Ingegneria-Impianti/931-it_IT","Addetto Ingegneria Impianti","ITA airways","Fiumicino, LAZ, IT","2026-08-07","","","","","","",False,"","","","","ITA Airways, la Compagnia di bandiera italiana, sta assumendo!


Abbiamo bisogno di portare a bordo persone qualificate, motivate e con la voglia di mettersi in gioco con passione e iniziativa.  



Selezioniamo una/un: **Addetto Ingegneria Impianti**

**Di cosa ti occuperai?**
-------------------------

* Contribuire al mantenimento della aeronavigabilità degli aeromobili della Flotta tramite l’emissione e/o approvazione della documentazione esecutiva necessaria per implementare Airworthines Directives, Service Bulletin e modifiche approvate
* Gestire e controllare la documentazione tecnica nei sistemi informativi aziendali
* Supportare la Part 145 per la gestione di attività di Troubleshooting
* Supportare altri Enti per la gestione di tematiche di carattere tecnico
* Partecipare a riunioni tecniche con i Costruttori degli aeromobili della Flotta e Fornitori
**Cosa stiamo cercando?**
-------------------------

* Formazione in ambito tecnico/aeronautico
* Buona conoscenza dell'inglese (livello minimo B1\)
* Disponibilità ad effettuare trasferte in Italia e all’estero
* Ottima conoscenza del pacchetto office

Requisiti preferenziali:
  

* Laurea in Ingegneria Aeronautica, Aerospaziale o Meccanica
* Esperienza nel settore aeronautico (Airlines/OEM/MRO)
* Conoscenza del sistema informativo AMOS
**Competenze**
--------------

* Doti organizzative e di multitasking
* Pianificazione, flessibilità e gestione delle priorità
* Autonomia e decisionalità
* Focus sull’obiettivo con attenzione al dettaglio
* Buone doti comunicative e relazionali
**Cosa offriamo?**
------------------

Contratto CCNL Trasporto Aereo.


RAL: 22\.000 \- 25\.000 euro lordi annui. L’offerta retributiva sarà commisurata all’esperienza e alle competenze del candidato/a.


**Dove lavorerai?**
-------------------

Fiumicino, RM.  



Se ti riconosci in queste caratteristiche, aspettiamo la tua candidatura!  



Si invitano i candidati a prendere visione dell’informativa che ITA ha predisposto conformemente a quanto previsto dal Regolamento (UE) n. 679/2016 e dal D. Lgs. N. 196/2003, nella pagina ""Lavora con noi"" del sito www.ita\-airways.com . Le offerte si intendono rivolte ai candidati ambosessi (d.lgs. 198/2006\).","","https://it.indeed.com/cmp/Ita-Airways","","","","","","","","","","","","","persona qualificata"
"in-5ef1ccf9857ffe43","indeed","https://it.indeed.com/viewjob?jk=5ef1ccf9857ffe43","http://it.indeed.com/job/trattorista-5ef1ccf9857ffe43","Trattorista","","Viterbo, LAZ, IT","2026-08-06","fulltime","","","","","",False,"","","","gianni.boccolini@tiscali.it","L'azienda dedita alla coltivazione di castagne, nocciole e olive , ricerca una figura competente e affidabile da inserire nel proprio organico.

La risorsa selezionata opererà direttamente in campo e si occuperà principalmente delle seguenti mansioni:

\-Conduzione di trattori e macchine agricole per le lavorazioni del terreno, trattamenti e raccolta.

\-Utilizzo in sicurezza delle diverse attrezzature trainate o portate (aratri, frese, atomizzatori, ecc.).

\-Manutenzione ordinaria e controllo periodico dei mezzi e delle strumentazioni aziendali.

\-Supporto generale alle attività manuali di campagna in base alle necessità stagionali.

Requisiti Richiesti:

\-Possesso del patentino per l'uso dei trattori agricoli(abilitazione macchine agricole) in corso di validità.

\-Comprovata esperienza pregressa nella mansione.

\-Patente B (il possesso della patente C o CE costituirà titolo preferenziale).

\-Competenze di base in meccanica agraria per piccoli interventi di manutenzione.

\-Flessibilità oraria e disponibilità a turni intensificati o lavoro nel fine settimana durante i fisiologici picchi stagionali (es. raccolto).

Assunzione diretta. Il rapporto di lavoro sarà interamente regolato dal CPL della Provincia di Viterbo per gli operai agricoli e florovivaisti.

Inquadramento: Operaio Agricolo Qualificato Super in base all'effettiva autonomia ed esperienza dimostrata.

Durata: Tempo indeterminato

Modalità di Candidatura

Gli interessati possono inviare il proprio Curriculum Vitae, comprensivo di autorizzazione al trattamento dei dati personali, all'indirizzo email: gianni.boccolini@tiscali.it

In alternativa, è possibile contattare il numero 3286256341 dal lunedì al sabato, dalle ore 8 alle ore 20\.

Retribuzione: €1\.500,00 \- €1\.800,00 al mese

Sede di lavoro: Di persona","","https://it.indeed.comNone","","","","","","","","","","","","","persona qualificata"
"in-eb9ad06517114836","indeed","https://it.indeed.com/viewjob?jk=eb9ad06517114836","http://it.indeed.com/job/erformance-marketing-e-pubblicit%C3%A0-digitale-eb9ad06517114836","erformance Marketing e Pubblicità Digitale","","Roma, LAZ, IT","2026-08-06","fulltime","","","","","",False,"","","","","**Informazioni sul ruolo:** Roma rappresenta uno dei principali mercati italiani per comunicazione, pubblicità, servizi creativi e trasformazione digitale. Le aziende hanno bisogno di campagne misurabili che non si limitino a generare visibilità, ma producano contatti qualificati, vendite e risultati commerciali concreti.

In Roto House Creative Systems Italia sviluppiamo soluzioni creative e digitali che aiutano imprese e organizzazioni a comunicare con il proprio pubblico attraverso contenuti, campagne pubblicitarie e strumenti basati sui dati.

Siamo alla ricerca di uno **Specialista in Performance Marketing e Pubblicità Digitale** che possa pianificare, gestire e ottimizzare campagne a pagamento su motori di ricerca, social media e altre piattaforme digitali.

**Traduzione inglese della posizione:** **Performance Marketing and Digital Advertising Specialist**

Non ti limiterai a pubblicare annunci o controllare il numero di clic. Analizzerai il comportamento degli utenti, gestirai i budget pubblicitari e utilizzerai dati e test per migliorare conversioni, costo di acquisizione e rendimento degli investimenti.

La posizione è basata presso la sede di **Via del Commercio 36, 00154 Roma RM, Lazio, Italia**.

**Responsabilità principali:**

**Pianificazione delle campagne:** Definire obiettivi, pubblico, canali, budget e indicatori di performance per ogni iniziativa pubblicitaria.

**Gestione di Google Ads:** Creare e ottimizzare campagne Search, Display, Shopping, Performance Max e YouTube.

**Social advertising:** Gestire campagne su Meta Ads, LinkedIn Ads, TikTok Ads e altre piattaforme rilevanti per i clienti.

**Ricerca delle parole chiave:** Individuare keyword, intenzioni di ricerca e opportunità utili per raggiungere utenti interessati ai prodotti o servizi promossi.

**Segmentazione del pubblico:** Costruire audience basate su interessi, comportamento, dati demografici, interazioni e cronologia delle conversioni.

**Gestione del budget:** Distribuire gli investimenti tra campagne e canali, assicurando il rispetto dei limiti concordati.

**Ottimizzazione delle performance:** Migliorare annunci, offerte, targeting, posizionamenti e pagine di destinazione sulla base dei risultati raccolti.

**Monitoraggio dei KPI:** Controllare impression, clic, CTR, CPC, conversioni, CPA, ROAS e altri indicatori rilevanti.

**Test A/B:** Sperimentare varianti di annunci, creatività, testi, call to action, audience e pagine di destinazione.

**Analisi del funnel:** Esaminare il percorso degli utenti dal primo contatto fino alla conversione e individuare eventuali punti di abbandono.

**Tracciamento delle conversioni:** Configurare e verificare eventi, pixel, tag e obiettivi attraverso Google Tag Manager e strumenti equivalenti.

**Web analytics:** Utilizzare Google Analytics 4 e altre piattaforme per interpretare traffico, comportamento e risultati commerciali.

**Collaborazione creativa:** Preparare brief per designer, copywriter e content specialist, indicando formati, messaggi e requisiti delle campagne.

**Ottimizzazione delle landing page:** Collaborare con i team creativi e tecnici per migliorare usabilità, messaggi e tasso di conversione.

**Reportistica:** Preparare report periodici chiari, evidenziando risultati, criticità, opportunità e azioni consigliate.

**Presentazione dei risultati:** Spiegare performance e raccomandazioni ai responsabili interni e ai clienti senza utilizzare un linguaggio eccessivamente tecnico.

**Analisi della concorrenza:** Monitorare strategie pubblicitarie, posizionamento, offerte e comunicazione dei principali concorrenti.

**Gestione delle piattaforme:** Mantenere organizzati account pubblicitari, accessi, risorse creative, cataloghi e sistemi di fatturazione.

**Controllo della qualità:** Verificare che annunci, collegamenti, tracciamenti e pagine di destinazione funzionino correttamente prima del lancio.

**Aggiornamento professionale:** Seguire le evoluzioni degli algoritmi, delle piattaforme pubblicitarie, delle normative sulla privacy e delle tecnologie di marketing.

**Cosa cerchiamo:**

**Esperienza:** Almeno 3 anni di esperienza nel performance marketing, digital advertising, media buying o gestione di campagne online.

**Google Ads:** Esperienza pratica nella creazione, gestione e ottimizzazione di campagne pubblicitarie complesse.

**Social Ads:** Buona conoscenza di Meta Ads Manager e di almeno un’altra piattaforma pubblicitaria social.

**Analisi dei dati:** Capacità di interpretare KPI, individuare tendenze e trasformare i risultati in decisioni operative.

**Tracciamento:** Familiarità con Google Analytics 4, Google Tag Manager, pixel pubblicitari ed eventi di conversione.

**Ottimizzazione:** Capacità di migliorare CPA, ROAS, tasso di conversione e qualità del traffico rispettando il budget disponibile.

**Strumenti:** Buona conoscenza di Microsoft Excel o Google Sheets per analisi, controllo dei costi e preparazione di report.

**Creatività pubblicitaria:** Capacità di valutare testi, visual, video e call to action in relazione agli obiettivi della campagna.

**Gestione dei progetti:** Riesci a seguire contemporaneamente più campagne, clienti, scadenze e investimenti pubblicitari.

**Attenzione ai dettagli:** Controlli attentamente impostazioni, collegamenti, tracciamenti e distribuzione del budget prima di attivare una campagna.

**Comunicazione:** Sai presentare dati e raccomandazioni in modo chiaro a clienti, colleghi e responsabili aziendali.

**Certificazioni:** Le certificazioni Google Ads, Google Analytics, Meta Blueprint o equivalenti costituiscono un vantaggio.

**Formazione:** Laurea o formazione equivalente in Marketing, Comunicazione, Economia, Statistica, Digital Media o discipline correlate.

**Lingue:** Italiano fluente. Una buona conoscenza dell’inglese è richiesta per utilizzare piattaforme, documentazione e materiali internazionali.

**Mentalità:** Sei una persona analitica, curiosa e orientata ai risultati. Non consideri una campagna efficace solo perché genera traffico; verifichi la qualità degli utenti, il costo delle conversioni e il valore commerciale prodotto.

**Retribuzione:**

**Stipendio mensile lordo:** **€2\.400–€3\.100 al mese**

**Retribuzione annua lorda indicativa:** **€31\.200–€40\.300 all’anno**, calcolata su 13 mensilità.

La retribuzione definitiva sarà determinata in base all’esperienza nella gestione di budget pubblicitari, alla conoscenza di Google Ads e Meta Ads, alle competenze analitiche e alla capacità di migliorare concretamente il rendimento delle campagne.

Retribuzione: €2\.800,00 \- €3\.000,00 al mese

Sede di lavoro: Di persona","","https://it.indeed.comNone","","","","","","","","","","","","","persona qualificata"
"in-f38a6fdc981e8678","indeed","https://it.indeed.com/viewjob?jk=f38a6fdc981e8678","http://it.indeed.com/job/addetto-scansione-documenti-rif-roma-f38a6fdc981e8678","Addetto/a scansione documenti - Rif. Roma","ISPAR S.R.L.","Roma, LAZ, IT","2026-08-04","","","","","","",False,"","","","","**Chi siamo**

ISPar srl è una media impresa sita Mosciano Sant’Angelo (TE), attiva sull’intero territorio nazionale. Opera in tre aree di business principali: i) settore della resocontazione e verbalizzazione; ii) dematerializzazione e gestione degli archivi in outsourcing; iii) sviluppo software. Si avvale di operatori altamente qualificati ed impiega tecnologie di avanguardia. I nostri principali clienti sono realtà pubbliche (tribunali, procure, Enti regionali, provinciali, comunali, aziende sanitarie) e private (consigli di amministrazione, studi legali).

**Ruolo**

Cerchiamo un operatore data entry per attività di inserimento dati, gestione e scarto documenti, digitalizzazione, altre attività di back\-office.

**Requisiti**

Il/la candidato/a ideale possiede:

* Laurea triennale e/o qualifica professionale in ambito amministrativo o come addetto/a all'inserimento dati;
* Esperienza pregressa nel ruolo di Data Entry o in mansioni analoghe;
* Almeno 1 anno di esperienza nelle attività di scansione e digitalizzazione documentale;
* Ottima conoscenza del pacchetto Microsoft Office, in particolare Excel e Word;
* Precisione, organizzazione e attenzione ai dettagli.

**Offerta**

* Contratto iniziale a tempo determinato;
* Orario part\-time di 30 ore settimanali, dal lunedì al venerdì dalle ore 08:30 alle ore 14:30;
* Ambiente di lavoro dinamico e orientato alla collaborazione.

*La selezione è rivolta a candidati di qualsiasi genere, età, origine, orientamento, credo o condizione personale, nel pieno rispetto dei principi di inclusione, diversità e pari opportunità.*

Contratto di lavoro: Tempo determinato

Retribuzione: €1\.000,00 \- €1\.300,00 al mese

Sede di lavoro: Di persona","","https://it.indeed.com/cmp/Ispar-S.r.l.","","","","","","","","","","","","","persona qualificata"
"in-0af9933693de75e6","indeed","https://it.indeed.com/viewjob?jk=0af9933693de75e6","https://jsv3.recruitics.com/redirect?rx_cid=3436&rx_jobId=R-01357329_rxr-1&rx_url=https%3A%2F%2Fjobs.thermofisher.com%2Fglobal%2Fen%2Fjob%2FR-01357329%2FQC-Sampling-Technician%3Frx_a%3D0%26rx_c%3D%26rx_ch%3Djobp4p%26rx_group%3D123525%26rx_id%3D6a3cf659-951b-11f1-bd3e-31d96461a9ef%26rx_job%3DR-01357329_rxr-1%26rx_medium%3Dcpc%26rx_r%3Dnone%26rx_source%3Dindeed%26rx_ts%3D20260811T080440Z%26rx_vp%3Dcpc%26utm_medium%3Dppc%26utm_source%3Drecruitics_indeedorganic","QC Sampling Technician","Thermo Fisher Scientific","Ferentino, LAZ, IT","2026-08-10","fulltime","","","","","",False,"","","","","**Work Schedule**


Flex Shifts 40 hrs/wk**Environmental Conditions**


Adherence to all Good Manufacturing Practices (GMP) Safety Standards**Job Description**

**Job Summary**


Performs sampling activities for pharmaceutical raw materials, packaging components, intermedi, and finished products in compliance with GMP, SOPs, and safety guidelines. Ensures samples are representative, properly handled, documented, and delivered to the QC laboratory for analysis.

**Key Responsibilities**

* Performs sampling of raw materials, packaging materials, intermedi, and finished products according to approved procedures and sampling plans.
* Ensures correct identification, labeling, and traceability of collected samples.
* Operates within classified environments (e.g., cleanrooms, warehouses) following GMP requirements.
* Performs cleaning and verification of sampling tools and equipment before and after use.
* Documents all sampling activities accurately in logbooks and electronic systems (e.g., LIMS).
* Recognizes and reports deviations, discrepancies, or non\-conformities during sampling activities.
* Supports investigations (e.g., deviations, OOS) when required.
* Coordinates with QC laboratory and warehouse personnel for sample management and logistics.
* Ensures compliance with Standard Operating Procedures, Good Manufacturing Practices, and Safety guidelines at all times.
* Maintains sampling areas in a clean and organized state.

**Education**

* Diploma or degree in a scientific or technical field is recommended (e.g., Chemistry, Biology, Biotechnology, or similar).

**Experience**

* 0–2 years of experience in a GMP environment (QC, production, or warehouse preferred).
* Previous experience in sampling activities is considered a plus.

**Knowledge, Skills, Abilities**

* Basic knowledge of GMP requirements and data integrity principles.
* Familiarity with documentation practices (paper\-based and/or electronic systems such as LIMS).
* Proactivity and attention to detail.
* Flexibility and ability to work in a dynamic environment.
* Problem\-solving attitude.
* Good organizational and communication skills.
* Ability to work both independently and as part of a team.","Industrial Manufacturing","https://it.indeed.com/cmp/Thermo-Fisher-Scientific","https://d2q79iu7y748jz.cloudfront.net/s/_squarelogo/256x256/65bd2e4bebb79b1432ac3277ffd57ae7","https://www.thermofisher.com/","168 Third Avenue, Waltham, MA USA 02451","10,000+","more than $10B (USD)","At Thermo Fisher Scientific, our professionals develop critical solutions—and build rewarding careers.","","","","","","","GMP compliance"
"in-f800c82ee24c67d4","indeed","https://it.indeed.com/viewjob?jk=f800c82ee24c67d4","https://jsv3.recruitics.com/redirect?rx_cid=3436&rx_jobId=R-01359952&rx_url=https%3A%2F%2Fjobs.thermofisher.com%2Fglobal%2Fen%2Fjob%2FR-01359952%2Fproduction-supervisor%3Frx_a%3D0%26rx_c%3D%26rx_ch%3Djobp4p%26rx_group%3D123525%26rx_id%3D1bab2164-9065-11f1-a477-3db580adeaa9%26rx_job%3DR-01359952%26rx_medium%3Dcpc%26rx_r%3Dnone%26rx_source%3Dindeed%26rx_ts%3D20260811T080440Z%26rx_vp%3Dcpc%26utm_medium%3Dppc%26utm_source%3Drecruitics_indeedorganic","production supervisor","Thermo Fisher Scientific","Ferentino, LAZ, IT","2026-08-04","fulltime","","","","","",False,"","","","","**Work Schedule**


Standard (Mon\-Fri)**Environmental Conditions**


Office**Job Description**


As part of the Thermo Fisher Scientific team, you’ll discover meaningful work that makes a positive impact on a global scale. Join our colleagues in bringing our Mission to life every single day to enable our customers to make the world healthier, cleaner and safer. We provide our global teams with the resources needed to achieve individual career goals while helping to take science a step beyond by developing solutions for some of the world’s toughest challenges, like protecting the environment, making sure our food is safe or helping find cures for cancer.

**Position Summary**
--------------------


As a **Formulation Manufacturing Supervisor**, you will lead daily manufacturing operations in a sterile production environment, ensuring compliance with GMP, safety, quality, and production targets. You will be responsible for supervising and developing a team of approximately 50 employees, coordinating formulation activities, optimizing production performance, and ensuring the timely delivery of high\-quality products. Working cross\-functionally with Quality, Engineering, Maintenance, and Supply Chain, you will drive operational excellence, continuous improvement, and a strong culture of safety and compliance.

**Key Responsibilities**
------------------------

* Supervise daily sterile manufacturing activities in compliance with GMP and company procedures.
* Lead, coach, and develop a team of approximately 50 operators and technicians.
* Ensure production schedules, quality standards, and safety requirements are achieved.
* Monitor and improve operational KPIs (Safety, Quality, Delivery, OEE, Yield).
* Support investigations, deviations, CAPA, and change controls.
* Collaborate with Quality, Engineering, Maintenance, and Supply Chain to ensure efficient operations.
* Drive continuous improvement and Lean initiatives.

**Qualifications**
------------------

* Bachelor's degree in Life Sciences, Pharmacy, Engineering, or a related field.
* 5\+ years of experience in sterile pharmaceutical manufacturing.
* Previous experience managing large production teams (40–60 employees).
* Strong knowledge of GMP, aseptic processing, and sterile manufacturing operations.
* Proven leadership, problem\-solving, and communication skills.
* Good command of English.","Industrial Manufacturing","https://it.indeed.com/cmp/Thermo-Fisher-Scientific","https://d2q79iu7y748jz.cloudfront.net/s/_squarelogo/256x256/65bd2e4bebb79b1432ac3277ffd57ae7","https://www.thermofisher.com/","168 Third Avenue, Waltham, MA USA 02451","10,000+","more than $10B (USD)","At Thermo Fisher Scientific, our professionals develop critical solutions—and build rewarding careers.","","","","","","","GMP compliance"
"in-73e31231f6da8e4c","indeed","https://it.indeed.com/viewjob?jk=73e31231f6da8e4c","https://careers.novonordisk.com/job/Roma-Clinical-Trial-Administrator-Lazi/1424305933/","Clinical Trial Administrator","Novo Nordisk, Inc.","Roma, LAZ, IT","2026-08-07","internship","","","","","",False,"","","","","Clinical Trial Administrator


**Category:** Clinical Development
**Location:**Roma, Lazio, IT  

Clinical Trial Administrator (Fixed Term, One Year Contract)  

Research \& Development, Clinical Development Centre Italy  

Rome, Italy  



Every clinical trial that reaches patients depends on meticulous coordination behind the scenes. Join us in Rome and be the person who keeps our groundbreaking trials running with precision – directly supporting the science that transforms lives.

  


**Your new role**



As a Clinical Trial Administrator, you will be instrumental in providing comprehensive administrative and operational support to ensure the smooth conduct of clinical trials in compliance with regulatory requirements and study protocols. .


You will support the local study team across all phases of trial preparation, execution and close\-out, including document management, trial tracking, and coordination of study activities to maintain high\-quality trial delivery. As part of the Business Operational Unit, the CTA also manages vendors and provides smooth payments process.

  



Your key responsibilities will include:



* **Operational Support:** Provide operational and administrative support across all phases of clinical trials


* **Manage Trial Documentation and Compliance:** Support set\-up and maintenance of electronic Trial Master File (eTMF), including Investigator Trial Master File (iTMF)


* **Study Start\-up Support:** Support documentation preparation and submission


* **Stakeholder Engagement \& Communication:** Ensure cross\-functional engagement and collaboration to support smooth clinical trial execution


* **Quality Oversight:** Support high\-quality execution of trials and maintenance of inspection readiness


* **Vendor management:** Establish and maintain partnerships with internal and external stakeholders related to vendor management


* **Payment Execution:** Timely execution of clinical trial site payments, including tracking and monitoring of payments and resolving issues.
  


**Your new department**



In Global Trial Portfolio (GTP), you'll be part of a department that explores bold scientific ideas and advances them into clinical testing. We combine curiosity, AI tools, and human data to develop transformative therapies. Through collaboration and operational excellence, we shape and deliver an innovative pipeline to meet future patient needs.

  



You will join the Clinical Development Centre (CDC), the dedicated hub for clinical operations in Italy and an integral part of Trial Operations EUCAN in GTP department. Here, a team of passionate professionals brings Novo Nordisk's global pipeline to Italian patients, running trials with excellence, agility and a shared commitment to quality. It is a place where curiosity is rewarded, collaboration is the norm, and every contribution has a direct impact on advancing therapies for people living with serious chronic diseases.

  


**Your skills \& qualifications**



We're looking for a Clinical Trial Administrator who combines attention to detail with a proactive, solutions\-oriented mindset. To succeed in this role, you will bring:


* A Bachelor's degree in life sciences or a related field
* Experience in the pharmaceutical industry or a Clinical Research Organisation (CRO) is strongly preferred
* Comprehensive understanding of clinical trial phases, regulatory guidelines, Good Clinical Practice (GCP), and ethical considerations
* Proficiency in using Clinical Trial Management Systems (CTMS) and other digital tools to manage study documentation, track activities, and support efficient clinical trial operations
* Expertise in managing multiple tasks, timelines, and stakeholders, ensuring smooth trial operations and timely completion of milestones
* Strong written and verbal communication skills with the ability to build relationships with internal and external stakeholders
* Analytical and problem\-solving capabilities to address study\-related issues and propose solutions
* Strong attention to detail, integrity, and ability to exercise good judgement
* Willingness to embrace new digital tools and methodologies to enhance efficiency and improve ways of working
* Flexibility and adaptability in a fast\-paced and changing clinical trial environment

  


**Working at Novo Nordisk**



Every day we seek the solutions that defeat serious chronic diseases. To do this, we approach our work with determination, constant curiosity and a commitment to finding better ways forward. For over 100 years, this dedication has driven us to build a company focused on lasting change for long\-term health. One where diverse thinking, shared purpose and mutual respect come together to create extraordinary results. When you join us, you're not just starting a job – you're becoming part of a story that spans generations.

  


**What we offer**



At Novo Nordisk, you’ll join a global healthcare company with a unique culture and strong results. We offer continuous learning, career development, and benefits tailored to your life and career stage.  



**Salary:** For this role, the Annual Base Salary ranges from 36,640\.00 to 53,130\.00 EUR, corresponding to the level of the position.


The placement within the salary range will be assessed during the recruitment process based on the candidate’s skills, competencies, knowledge, and relevant experience.  



**Incentives and Benefits:** The salary package may include short\-term and/or long\-term incentives as well as other employee benefits based on position level, location, functional area and relevant market benchmarks.  



Learn more about our Reward Philosophy here.  



**Deadline**



17 August 2026\. Applications are reviewed on an ongoing basis.

  

We commit to an inclusive recruitment process and equality of opportunity for all our job applicants.  



At Novo Nordisk, we're not chasing quick fixes – we're creating lasting change for long\-term health. For over 100 years, we've been driven by a single purpose: to defeat serious chronic diseases and help millions of people live healthier lives. This dedication fuels our constant curiosity and inspires us to push the boundaries of what's possible in healthcare. We embrace diverse perspectives, seek out bold ideas, and build partnerships rooted in shared purpose. Together, we're making healthcare more accessible, treating and preventing diseases, and pioneering solutions that create change spanning generations. When you join us, you become part of something bigger – a legacy of impact that reaches far beyond today.","Pharmaceuticals","https://it.indeed.com/cmp/Novo-Nordisk,-Inc.","https://d2q79iu7y748jz.cloudfront.net/s/_squarelogo/256x256/398c18a63beebc714702f73b11bc0c2b","https://www.novonordisk.com/","Novo Alle 1
2880 Bagsværd
Denmark","10,000+","more than $10B (USD)","Novo Nordisk is a global healthcare company, driving change to defeat diabetes and other serious chronic diseases such as obesity, and rare blood and rare endocrine disease","","","","","","","regulatory submission"
"in-3792100b917049e8","indeed","https://it.indeed.com/viewjob?jk=3792100b917049e8","https://jsv3.recruitics.com/redirect?rx_cid=3436&rx_jobId=R-01364227_1002&rx_url=https%3A%2F%2Fjobs.thermofisher.com%2Fglobal%2Fen%2Fjob%2FR-01364227%2FClinical-Trial-Coordinator%3Frx_a%3D0%26rx_c%3D%26rx_ch%3Djobp4p%26rx_group%3D123525%26rx_id%3D69300988-929e-11f1-918b-89b007fc0319%26rx_job%3DR-01364227_1002%26rx_medium%3Dcpc%26rx_r%3Dnone%26rx_source%3Dindeed%26rx_ts%3D20260811T080440Z%26rx_vp%3Dcpc%26utm_medium%3Dppc%26utm_source%3Drecruitics_indeedorganic","Clinical Trial Coordinator","Thermo Fisher Scientific","Roma, LAZ, IT","2026-08-07","fulltime","","","","","",False,"","","","","**Work Schedule**


Standard (Mon\-Fri)**Environmental Conditions**


Office**Job Description**

**Join Us as a Clinical Trial Coordinator – Make an Impact at the Forefront of Innovation**
===========================================================================================

**What You'll Do**
------------------

### **Clinical Trial \& Documentation Support**

* Coordinate and complete assigned clinical trial activities in accordance with the study task matrix.
* Perform Country and Investigator file reviews and document findings in the appropriate systems.
* Support audit and inspection readiness by ensuring study files are reviewed according to applicable schedules and procedures.
* Ensure assigned activities are completed on time and to a high\-quality standard, proactively communicating potential risks to project leads.
* Process and maintain clinical trial documentation within the electronic Trial Master File (eTMF).
* Review eTMF documentation and support the resolution of missing, incomplete, or outstanding documentation.
* Analyze findings reports and assist with the clarification and resolution of site documentation findings.
* Support the preparation, compilation, and distribution of Investigator Site Files (ISFs), pharmacy binders, and study supplies.
* Assist with study\-specific translations and translation quality control, as required.

### **Site Activation \& Regulatory Support**

* Provide administrative support for site activation and start\-up activities.
* Work with internal teams to help ensure site start\-up activities remain aligned with the site's activation critical path and project timelines.
* Support regulatory submissions and the tracking of local regulatory documentation.
* Transmit required documentation to clients and centralized Institutional Review Boards (IRBs)/Independent Ethics Committees (IECs), as applicable.
* Maintain accurate and timely records of site communications, contact attempts, follow\-ups, and survey responses.
* Review survey information to help ensure responses are complete, accurate, and relevant.
* Support effective site follow\-up plans and escalate concerns or potential risks appropriately.
* Liaise with relevant internal teams to support the timely resolution of investigator queries.

### **Systems \& Study Coordination**

* Provide support for clinical trial systems such as **Activate, eTMF**, and other study platforms.
* Help ensure study databases and systems remain accurate and up to date.
* Maintain study\-specific documentation, team lists, project training requirements, activity plans, and vendor trackers.
* Support Risk\-Based Monitoring (RBM) activities where applicable.
* Assist with scheduling internal and client meetings as required.
* Support study communications, including document distribution, reports, and project\-specific mailings.
* Collaborate closely with project team members to achieve targeted study milestones and deadlines.
* Communicate site\-related issues and potential risks to appropriate clinical and project colleagues.

**What We're Looking For**
--------------------------

### **Minimum Qualifications**

* High school/secondary school diploma or equivalent relevant academic or vocational qualification.
* Additional university\-level education in **life sciences, healthcare, or a related discipline** is an advantage.
* Previous relevant experience may be beneficial; however, candidates who demonstrate the appropriate knowledge, skills, and motivation to develop within clinical research may also be considered.
* Equivalent combinations of education, training, and directly related experience may be considered.

### **Preferred Skills \& Experience**

* Strong organizational skills and excellent attention to detail.
* Ability to manage multiple tasks efficiently while working to project deadlines.
* Ability to analyze project\-specific information and systems to ensure accuracy and completeness.
* Strong customer\-focused mindset.
* Flexibility and adaptability to changing priorities and study timelines.
* Interest in developing a strong working knowledge of **ICH\-GCP**, applicable Italian and European regulations, and clinical research procedures.
* Good written and spoken **English**, together with proficiency in the local language as required.
* Effective written and verbal communication skills.
* Strong interpersonal skills and the ability to collaborate effectively with cross\-functional and international teams.
* Good computer skills, including proficiency in Microsoft Word, Excel, and PowerPoint.
* Ability to quickly learn and confidently work with clinical trial databases and systems.
* Good judgment, problem\-solving, and decision\-making skills.
* Ability to follow study\-specific procedures and project instructions accurately.
* Ability to identify potential risks and escalate them appropriately.
* Self\-motivated with a positive and proactive approach to work.
* Ability to work effectively both independently and as part of a team.

**Working Environment \& Travel**
---------------------------------


This position is primarily performed in an **office and/or home\-office environment**, depending on business requirements.

* Regular travel is not a core requirement of the role.
* Occasional travel or driving to clinical trial sites may be required depending on study needs.
* The position provides exposure to a wide range of clinical trial activities, systems, and cross\-functional teams, supporting continued development within clinical research.

**Why Join Thermo Fisher Scientific?**
--------------------------------------


When you join Thermo Fisher Scientific, you become part of a global team committed to accelerating scientific discovery and improving patient outcomes.


We offer:

* An excellent opportunity to **build and develop your career in clinical research**.
* Exposure to international clinical trials and global project teams.
* Hands\-on experience across site activation, regulatory documentation, clinical trial systems, and study management activities.
* A collaborative and inclusive environment where you can learn from experienced clinical research professionals.
* Continuous learning, professional development, and opportunities for career progression.
* Competitive compensation and benefits.
* The opportunity to contribute to clinical research that can make a meaningful difference in patients' lives.


If you're organized, detail\-oriented, motivated to learn, and excited about developing your career in clinical research, we'd love to hear from you.

**Apply today and help us deliver tomorrow's breakthroughs.**","Industrial Manufacturing","https://it.indeed.com/cmp/Thermo-Fisher-Scientific","https://d2q79iu7y748jz.cloudfront.net/s/_squarelogo/256x256/65bd2e4bebb79b1432ac3277ffd57ae7","https://www.thermofisher.com/","168 Third Avenue, Waltham, MA USA 02451","10,000+","more than $10B (USD)","At Thermo Fisher Scientific, our professionals develop critical solutions—and build rewarding careers.","","","","","","","clinical regulatory"
"in-6a34ef9e747eff53","indeed","https://it.indeed.com/viewjob?jk=6a34ef9e747eff53","https://careers.rina.org/job/Roma-Junior-Engineer-High-Temperatures-Technologies-00128/1363008655/","Junior Engineer - High Temperatures Technologies","RINA","Roma, LAZ, IT","2026-08-05","","","","","","",False,"","","","","Posting Date: 5 Aug 2026
City: Roma
Location:
Roma, IT, 00128


Contract Type: Permanent
Division: Mechanical and Materials Engineering
Level of experience: Junior
RINA is currently recruiting for a **Junior Engineer \- High Temperatures Technologies** to join its office in Rome within the **Mechanical and Materials Engineering** Division.


**Mission**
-----------


The Junior High Temperature Thermodynamics and Technologies Engineer applies advanced thermodynamic and physical chemistry principles to design, model, and optimize high\-temperature industrial processes. In practice, the engineer develops and validates process simulations, defines thermal and material balances, and evaluates reaction kinetics and heat transfer mechanisms. They identify opportunities to improve energy efficiency, optimize furnace or reactor performance, and enhance product quality.  

  



**Key Accountabilities**
------------------------


**High Temperature Technologies – Project \& Technical Delivery**
  

* Develop and maintain project schedules and deliverable timelines under the guidance of consultants and engineers.
* Monitor, analyze, and improve process performance through data\-driven evaluation of operational parameters.
* Implement modifications to equipment, systems, or operating parameters to enhance technical performance and reliability.
* Prepare high\-quality project deliverables, including technical reports, process documentation, and engineering drawings.

**High Temperature Thermodynamics – Research, Analysis \& Process Optimization**
  

* Conduct in\-depth thermodynamic analyses of high\-temperature processes to evaluate efficiency, reaction mechanisms, and material behavior under extreme conditions.
* Develop and apply advanced modeling and simulation tools to optimize thermal and energy performance.
* Collaborate with R\&D teams to translate thermodynamic insights into practical engineering solutions for industrial applications.

**People \& Team Collaboration**
  

* Support internal teams and external consultants with technical input, documentation, and data collection for permit applications and regulatory submissions.

**Quality, Compliance \& Continuous Improvement**
  

* Ensure all assigned activities are executed in full compliance with RINA’s Quality Management System (QMS), policies, and procedures.
* Maintain high standards of accuracy, consistency, and traceability in project documentation and deliverables.
* Identify and report potential non\-conformities or improvement opportunities within projects and workflows.
* Support continuous improvement initiatives by sharing lessons learned and contributing to the refinement of internal methodologies and tools.

**Reporting \& Communication**
  

* Draft and review technical documentation, reports, and correspondence to ensure clarity and completeness.

\#LI\-IG1
**Education**
-------------


Master’s Degree in Energy Engineering or Materials Science
**Qualifications**
------------------


* 0\-3 years of experience in energy science, thermodynamic modeling or related R\&D/industrial activities.
* Knowledge of energy and thermodynamic modeling, particularly in high\-temperature technologies.
* Analytical and problem\-solving skills with attention to detail
* Proficiency with thermodynamic modeling tools/software is a plus.
* Ability to work effectively in a team and to communicate in English (both written and spoken).
* Fluency in Italian (minimum C1 level) and the ability to communicate effectively in a professional environment.


**Competencies**
----------------


* WORKPLACE DYNAMICS \- Resourcefulness in shaping progress and working efficiently.
* PERSONAL EMPOWERMENT \- Ownership for life, work and results, striving to grow professionally and personally.
* INTERPERSONAL INFLUENCE \- Skills and strategies we use to interact effectively with others.
* DOMAIN \& BUSINESS ACUMEN \- Applying a scientific approach and critical thinking in operations and solution development within area of expertise.
* FORESIGHT \& INSIGHT \- Context awareness adopting a systemic perspective and informed decision making.
**Compensation Data**
---------------------


The salary range and job grade for this position are defined based on objective, role\-related criteria, and responsibilities in accordance with **CCNL Metalmeccanico – Industria** (CNEL code C011\).


The gross annual salary range foreseen is between **€30\.000 and €35\.000** and will be finally defined on candidate’s professional experience, qualifications, competencies, and overall alignment with the role.


The overall compensation package is complemented by the Company's welfare.

  

RINA is a multinational company providing a wide range of services in the energy, marine, certification, infrastructure \& mobility, industry, research \& development sectors. Our business model covers the full process of project development, from concept to completion.

  

*At RINA, we endeavor to create a work environment where every single person is valued and encouraged to develop new ideas. We provide equal employment opportunities and are committed to creating a workplace where everyone feels respected and safe from discrimination or harassment of any kind. We are also compliant to the Italian Law n. 68/99\.*","Consulting And Business Services","https://it.indeed.com/cmp/Rina","https://d2q79iu7y748jz.cloudfront.net/s/_squarelogo/256x256/2ed1d01d7be05900aaee793e5ee0fc7d",""," ","51 to 200","$5M to $25M (USD)","Join us and build your own path of excellence.","","","","","","","regulatory compliance"
"in-ce62979abf5def09","indeed","https://it.indeed.com/viewjob?jk=ce62979abf5def09","https://anthesisgroup.pinpointhq.com/postings/a1ca486f-3f07-4d1d-a4db-f080eed3ef2f?utm_medium=job_board&utm_source=indeed","Regulation Expert, Packaging","Anthesis Group","Roma, LAZ, IT","2026-08-03","fulltime","","","","","",False,"","","","","### **Description**

  

**Anthesis is looking for a Regulatory Expert in Packaging to join our Circularity and Value Chain Transformation team** (Note: We are welcoming applicants based in the UK and EMEA for this role.)  

  

You will be a key player in our Products \& Packaging portfolio, where we design data\-driven, future\-proof strategies that minimize environmental impact.  

  

In this role, you’ll bridge the gap between complex legislation—like the PPWR—and actionable business requirements. We are looking for a technical expert who can ensure accuracy and mitigate risk while driving excellence across our global projects.### **Key Responsibilities**

 **Project \& Technical Leadership:*** Manage multiple concurrent projects, delivering high\-quality, high\-impact work that drives results for Anthesis clients.
* Provide technical leadership and guidance to both clients and colleagues on leading standards and trends, integrating this expertise into projects, proposals, and service evolution.
* Draft comprehensive reports and presentations that distill complex information into key messages to inform strategic decision\-making.

**Regulatory Expertise \& Analysis*** Execute detailed regulatory deep\-dives to help clients interpret and action critical requirements, future\-proof their operations, and plan for new legislative initiatives.
* Conduct regulatory readiness assessments focusing on existing and upcoming packaging frameworks.
* Perform landscape reviews, including sustainable packaging regulations and competitor commitments.
* Utilize data analysis to identify gaps or inaccuracies, developing well\-reasoned approaches and assumptions to bridge them.

**Client Relationship \& Business Development*** Lead and grow client relationships, acting as the primary point of contact and trusted advisor with a relentless focus on their sustainability success.
* Develop and deliver high\-impact proposals in collaboration with client managers, while also generating leads with existing clients through a deep understanding of their business goals.

**Innovation \& Thought Leadership*** Proactively monitor and analyze emerging trends in sustainable packaging, supply chains, and innovative materials, translating these insights into actionable client recommendations.
* Collaborate with global experts to represent Anthesis at industry\-leading conferences, fostering strategic connections and partnerships.
* Drive the creation of innovative thought leadership content, transforming complex concepts into accessible and engaging materials for diverse audiences.

  

### **Skills, Knowledge \& Expertise**

 **Education \& Experience Academic Background:*** Bachelor’s degree in Packaging Engineering, Materials Engineering, or a related field; a Graduate degree is highly preferred.
* Expertise \& Tenure: 10\+ years of professional experience, demonstrating a strong track record as a packaging expert.
* Sector Mix: A proven blend of experience across packaging engineering (focused on raw materials, FMCG, or supply chain) and the consulting sector.
* Industry Background: Previous in\-house experience with brands, retailers, or SMEs is highly valued.

**Core Regulatory Expertise (Essential Must\-Haves)*** Subject Matter Expertise: Deep, authoritative knowledge of packaging regulations, specifically SUPD, PPWR, and EPR. This includes mastery of recyclability requirements, substance restrictions (e.g., PFAS), and related EU legislation.
* Regulatory Translation: Proven ability to interpret complex legal and regulatory texts, converting them into practical, actionable guidance for clients and internal teams.

**Technical Mastery \& Data Literacy (Nice to Have)*** Material Science \& Compliance: Strong experience in packaging design and materials, including composition, recyclability, recycled content, and compliance documentation (e.g., Declaration of conformity/DoC).
* Risk Management: Advanced technical risk assessment skills, with a focus on identifying compliance gaps and developing robust mitigation strategies.
* Data Literacy: Proficiency in packaging data collection, validation, and meeting complex regulatory reporting requirements.
* Consulting \& Strategic Delivery Commercial Support: Experience supporting client delivery and proposals, providing technical input into bids and leading high\-level stakeholder discussions.
* Project Delivery: Demonstrated ability to manage complex projects, ensuring total regulatory accuracy while meeting commercial timelines and client expectations.

**Stakeholder Engagement*** Exceptional capability to engage with diverse stakeholders, including suppliers, legal teams, and cross\-functional business units.
* Leadership \& Team Growth Capability Building: Proven ability to build internal expertise by mentoring teams and reducing single\-point dependency through knowledge sharing.
* Communication Excellence: Superior command of English, with the agility to work independently in virtual, fast\-paced matrix environments across multiple time zone

  

### **About Anthesis Group**


**Our commitment to building and maintaining a diverse workforce**  

  

Anthesis has clients across all industry sectors and supports some of the world’s largest multinationals such as Reckitt, Cisco, Tesco, The North Face, and Target. The company brings together 1,300\+ experts operating across 22 countries and 44 office locations with offices in Australia, Belgium, Brazil, Canada, China, Colombia, Finland, France, Germany, Hong Kong, Ireland, Italy, the Middle East, Netherlands, the Philippines, Singapore, South Africa, Spain, Sweden, Switzerland, the UK, and the US.  

  

We encourage all employees to contribute their ideas, perspectives, and experiences to help us create an inclusive and equitable workplace. By embracing diversity and providing equal opportunities, we believe we can drive innovation, foster creativity, and achieve our shared goals. So, if you’re ready to be a part of something truly extraordinary, then we want you! Qualified applicants will receive consideration for employment without regard to race, colour, religion, sex, sexual orientation, gender perception or identity, national origin, age, pregnancy, marital status, protected veteran status, or disability status.  

  

Together, we can continue to build a diverse and inclusive workforce where everyone has an equal opportunity to succeed and thrive.  

  

If you require any reasonable adjustments to be made to your application process, or need this job advert in a different format, just let us know and we’ll be happy to help.","","https://it.indeed.com/cmp/Anthesis-Group","","https://www.anthesisgroup.com/","London","1,001 to 5,000","","Anthesis guides clients to sustainable performance. We are the world’s leading purpose driven, digitally enabled, science-based activator.","","","","","","","regulatory compliance"
