"id","site","job_url","job_url_direct","title","company","location","date_posted","job_type","salary_source","interval","min_amount","max_amount","currency","is_remote","job_level","job_function","listing_type","emails","description","company_industry","company_url","company_logo","company_url_direct","company_addresses","company_num_employees","company_revenue","company_description","skills","experience_range","company_rating","company_reviews_count","vacancy_count","work_from_home_type","search_term"
"in-2e3b7b5bbcc6d7dc","indeed","https://it.indeed.com/viewjob?jk=2e3b7b5bbcc6d7dc","https://jobs.ericsson.com/careers/job/563121776847830?domain=ericsson.com","Group Legal Counsel","Ericsson","Roma, LAZ, IT","2026-07-15","","","","","","",False,"","","","","**Grow with us**
----------------


**Group Legal Counsel – Switzerland \& Italy**

 **About This Opportunity**  

Group Function Legal Affairs EMEA Customer Unit South Europe \& Eurasia is seeking a Legal Counsel to join our dynamic team. This is an exciting opportunity to provide professional legal expertise across Switzerland and Italy, supporting our organization's strategic objectives in contract drafting and negotiations, regulatory compliance, intellectual property rights, and dispute resolution. You will work in a collaborative environment where your legal acumen directly impacts business success across Italy and Switzerland.

 **What You Will Do**  

As our Legal Counsel, your responsibilities will include:  

* Draft, review, and negotiate agreements and legal documents
* Provide legal advice on regulatory and intellectual property
* Lead and drive defined areas of legal expertise and specialized projects
* Ensure ongoing compliance with laws, regulations, and internal policies and directives
* Design and deliver legal training programs
* Manage and drive dispute resolution effectively
 **Key Qualifications**  

* Education: Master of Law
* Minimum Experience: 4 years
* Languages: English (C1 level); German (B1 level)
* Business Acumen: Strong business interest, knowledge, and understanding
* Excellent presentation, communication, drafting, and negotiation skills
* Proven experience in drafting, reviewing, and negotiating agreements
* Knowledge of intellectual property rights (IPR) commercialization and protection
* Knowledge of data protection legislation
* Strong commercial acumen and business judgment
* Ability to work effectively under pressure
  

The position will be based in Milan or Rome, Italy.

**Why join Ericsson?**At Ericsson, you´ll have an outstanding opportunity. The chance to use your skills and imagination to push the boundaries of what´s possible. To build solutions never seen before to some of the world’s toughest problems. You´ll be challenged, but you won’t be alone. You´ll be joining a team of diverse innovators, all driven to go beyond the status quo to craft what comes next.  

  

**What happens once you apply?**Click Here to find all you need to know about what our typical hiring process looks like.Encouraging a diverse and inclusive organization is core to our values at Ericsson, that's why we champion it in everything we do. We truly believe that by collaborating with people with different experiences we drive innovation, which is essential for our future growth. We encourage people from all backgrounds to apply and realize their full potential as part of our Ericsson team. Ericsson is proud to be an Equal Opportunity Employer. learn more.

 **Primary country and city:** Italy (IT) \|\| Roma

**Req ID:** 788067

  



Starting Salary in Primary Location: EUR 55440\.0  

  

The position includes benefits and employment conditions in accordance with the Telecomunications National Collective Labour Agreement and Company\-Union Agreements.  

  

We believe in rewarding talent fairly and transparently. We remain flexible to ensure we attract and retain exceptional people. Final offers may vary depending on experience, skill and other factors aligned with our Total Rewards philosophy.","","https://it.indeed.com/cmp/Ericsson","https://d2q79iu7y748jz.cloudfront.net/s/_squarelogo/256x256/14954b1dc7a89a4721337eb2145894a1","http://www.ericsson.com/careers","Stockholm, Stockholm","10,000+","Decline to state","Do you want to be part of shaping the future? From making connectivity more accessible to the latest IoT solutions, you have an opportunity to be where it begins.","","","","","","","regulatory affairs"
"li-4463247668","linkedin","https://www.linkedin.com/jobs/view/4463247668","","Quality Assurance Compliance Specialist","Tubilux Pharma","Pomezia, Latium, Italy","2026-09-08","","","","","","",False,"","","","","","","https://it.linkedin.com/company/tubilux-pharma","","","","","","","","","","","","","regulatory affairs"
"li-4462862115","linkedin","https://www.linkedin.com/jobs/view/4462862115","","Quality Assurance Associate","Johnson & Johnson Innovative Medicine","Latina, Latium, Italy","2026-09-03","","","","","","",False,"","","","","","","https://www.linkedin.com/company/jnjinnovativemedicine","","","","","","","","","","","","","regulatory affairs"
"li-4463022389","linkedin","https://www.linkedin.com/jobs/view/4463022389","","Regulatory Affairs Expert","Alfasigma","Pomezia, Latium, Italy","","","","","","","",False,"","","","","","","https://it.linkedin.com/company/alfasigma","","","","","","","","","","","","","regulatory affairs"
"in-38b46ff3094b3f6f","indeed","https://it.indeed.com/viewjob?jk=38b46ff3094b3f6f","https://careers.brightstarlottery.com/job/Roma-Quality-Assurance-Lead-00154/1434912633/","Quality Assurance Lead","Brightstar Lottery","Roma, LAZ, IT","2026-09-08","","","","","","",False,"","","","","**Location:**  

Roma, IT, 00154
  
  

**Requisition ID:** 19648
  
  

Brightstar is an innovative, forward\-thinking global leader in lottery that builds on our renowned expertise in delivering secure technology and producing reliable, comprehensive solutions for our customers. As a premier pure play global lottery company, our best\-in\-class lottery operations, retail and digital solutions, and award\-winning lottery games enable our customers to achieve their goals, fulfill player needs and distribute meaningful benefits to communities. We have a longstanding commitment to Responsible Gaming (RG) that is engrained within our core business and the products we offer to customers and players worldwide. Brightstar has a well\-established local presence and is a trusted partner to governments and regulators around the world, creating value by adhering to the highest standards of service, integrity, and responsibility. Brightstar has approximately 6,000 employees. For more information, please visit www.brightstarlottery.com.
  
  

Responsibilities
  
  

Define and govern QA processes, methodologies, standards, and testing strategies across all product streams.
  
Lead and coordinate QA activities, resources, and priorities to support delivery objectives.
  
Participate in Product Owner refinement sessions to ensure requirements are complete, testable, and aligned with business needs.
  
Define and maintain test cases, automation standards, and no\-regression test plans for all changes.
  
Review automated test suites to ensure quality, reliability, maintainability, and adherence to best practices.
  
Monitor testing progress, resolve blockers, and coordinate issue resolution with Product, Development, DevOps, Operations, and third\-party providers.
  
Verify release readiness and provide formal QA sign\-off for product releases and deployments.
  
Define, monitor, and report QA KPIs, quality metrics, and continuous improvement initiatives.
  
Maintain and monitor team capacity plan, recommend changes to align to business demand.
  
People management responsibilities for QA team.
  
Ensure compliance with applicable regulatory, certification, audit, and quality requirements.
  
Working Model
  
  

Hybrid working model in accordance with company policy.
  
Availability to support distributed teams across Italy, Poland, and the United Kingdom and to attend on site meetings when required.
  
Qualification
  
  

Bachelor’s degree in computer science, Software Engineering, Information Technology, or equivalent discipline.
  
ISTQB, Agile Testing, Scrum, SAFe, or equivalent certifications are desirable.
  
Professional Experience / Seniority
  
  

Minimum 8 years of experience in Software Testing, Quality Assurance, or Quality Engineering.
  
Minimum 3 years of experience leading QA teams or QA workstreams.
  
Proven experience defining and implementing automated testing strategies and quality improvement initiatives.
  
Experience supporting complex, business\-critical software platforms in Agile environments.
  
Demonstrated ability to lead cross\-functional teams, drive change, and deliver results through collaboration and influence.
  
Proven track record of managing stakeholders, resolving delivery challenges, and supporting successful release outcomes.
  
Previous experience in Gaming, Lottery, or other regulated industries is highly desirable.
  
Requirements
  
  

Strong leadership, communication, stakeholder management, and influencing skills.
  
Deep knowledge of Software Quality Assurance methodologies and Quality Engineering practices.
  
Experience as people manager.
  
Proven experience with test automation frameworks, strategies, and best practices.
  
Strong understanding of Agile, Scrum, DevOps, and CI/CD methodologies.
  
Experience with SaaS platforms, APIs, distributed systems, and microservice architectures.
  
Strong analytical, organizational, problem\-solving, and decision\-making skills.
  
Ability to manage multiple priorities, resolve conflicts, and drive execution in a fast\-paced environment.
  
Proactive, results\-oriented mindset with a strong sense of ownership and accountability.
  
Experience with release management, defect management, and quality governance processes.
  
Knowledge of Gaming, Lottery, FinTech, or other regulated environments is considered an advantage.
  
Success Profile
  
  

Leading Complexity
  
Leading People
  
Leading the Business
  
Leading Self
  
  

\#LI\-JB1 \#LI\-Hybrid
  
  

This information reflects Brightstar Lottery’s good\-faith estimate of compensation for this position at the time of publication. Actual compensation will be determined in accordance with the applicable collective agreement and internal compensation policies. Factors that we consider include, but are not limited to, role, career level, performance, skills, level of expertise, experience, location, market competitiveness, and internal equity. The estimated starting compensation range is €52\.000– €59\.500\. The Company will comply with all local pay requirements and collective bargaining agreements, where applicable.
  
  

In addition to base salary, employees may be eligible for an annual performance\-based bonus with a set target (15% of salary) aligned with individual and company performance. Eligibility and payout may be prorated based on date of hire and service during the performance period or sales commission.
  
  

**Other Benefits Offered:**  

Paid time off
  
Health insurance, life insurance, and disability insurance
  
Opportunities to volunteer your time to company\-driven initiatives, employee networks or organizations of your choice
  
Variety of well\-being programs
  
Retirement benefits including Supplementary Pension
  
Additional benefits available depending on the seniority of the role
  
Mobility Benefits
  
Meal Vouchers
  
  

This position is governed by collective bargaining agreement, which regulates the main terms and conditions of employment, including minimum salary levels, classification, working hours, leave, and other employment rights.
  
  

Our hiring process is conducted in line with principles of pay transparency and equal pay. We do not request or rely on candidates’ salary history during the selection process.
  
  

All Brightstar employees have a role in information security. Annual training will be assigned and required as appropriate.","","https://it.indeed.com/cmp/Brightstar-Lottery","https://d2q79iu7y748jz.cloudfront.net/s/_squarelogo/256x256/db85956096985e3848346277a3efa0a3","https://www.brightstarlottery.com/","London, England","5,001 to 10,000","$1B to $5B (USD)","Brightstar is an innovative, forward-thinking global leader in lottery that builds on our renowned expertise in delivering secure technology and producing reliable, comprehensive solutions.","","","","","","","regulatory manager"
"in-a5d7967ae1521f60","indeed","https://it.indeed.com/viewjob?jk=a5d7967ae1521f60","https://www.stgeorge.school.it/fs/resource-manager/view/927c0c4f-a3b5-4b54-855b-8e458005424d","Vice Principal - Head of Senior School","St George's British International School","Roma, LAZ, IT","2026-09-08","fulltime","","","","","",False,"","","","","Application Pack  

  



Vice Principal \-
  

Head of Senior School  

  

  

  

  

  



Reference Number:
  

260901  

  



Deadline:
  

Friday 21 September 2026, 4\.00pm CEST  

  



**Welcome to St Georgeʼs British International School**  

**Rome**  



We are delighted that you are considering applying for a leadership position at St Georgeʼs British
  

International School Rome.


St Georgeʼs is the original and leading British curriculum school in Rome. St Georgeʼs was
  

established in 1958 to serve the needs of Romeʼs international and internationally\-minded
  

communities. Many of our families are connected either to the United Nations or to embassies in
  

Rome and the Vatican City. They take pride in belonging to a diverse, inclusive and friendly school
  

community committed to standards of excellence in education that are recognised worldwide.


Our **Vision** is to be the best International School in Europe where all learners discover their passion
  

and purpose, developing the character, skills and confidence to make a difference in the world.
  

**Our Mission** is to ensure that all learners become the best version of themselves, in an
  

environment of collaboration, respect and kindness. We focus on the inspirational teaching and
  

holistic development of highly committed, aspirational and resilient learners.


St Georgeʼs Senior School is based at La Storta, to the North West of the City. St Georgeʼs Seniors is
  

intentionally inclusive, but its results at GCSE and IB are consistently on a par with selective
  

independent schools in the UK. Many pupils proceed to Oxbridge, the Ivy League and to leading
  

universities across continental Europe. According to Spearʼs Schools Index 2026, St Georgeʼs is
  

among the top 10 most academically successful international schools in continental Europe and
  

among the top 100 schools worldwide.
  

  

This is a particularly exciting time to join St Georgeʼs. The school is midway through a multimillion
  

euro redevelopment of its La Storta campus. This programme has already resulted in a near


doubling of the size of the school site and includes plans for a new canteen, state\-of\-the\-art
  

performance spaces and a swimming pool. The governors last year appointed Mr. Alex Crossman as
  

Principal and Chief Executive to lead the next phase of St Georgeʼs evolution and expansion.


**Be A Part of A Special Community**

Our incredible students come from well over 100 different countries and this infuses our school
  

with vibrancy, inclusivity, tolerance, respect and support. Our highly qualified team of teachers
  

includes many leading educationalists and experts in their field who inspire the pupils to genuinely
  

be the best they can be.


We are dedicated to not only recruiting and retaining the best teachers, but also to ensuring that
  

we constantly develop and improve the education that they provide for our pupils through a focus
  

on training, coaching, research and innovation. Unlike many international schools, where high
  

rates of turnover are the norm, St Georgeʼs core faculty and leadership have chosen to stay
  

long\-term and to build lives in Rome. The large number of children of staff who attend the school,
  

across all phases, further contributes to a family atmosphere.


Our resolute commitment to independence and to our not\-for\-profit status further differentiate St
  

Georgeʼs from others and allows us to invest all retained earnings in the quality of our studentsʼ
  

experience.


**School Accolades Include**

* **Top 10 Private Schools in Europe, Spears Index (2025, 2024\)**

 **Top 15 Schools in Europe: Schools Index by Carfax (2025, 2024, 2023, 2022, 2021, 2020\)** **Finalist, British International School of the Year, International Schools of the Year****Awards (October 2024\)** **Top 100 IB Schools in the World (Summer 2025 Examination Session)** **British School Overseas (BSO) Accredited Status (2024 \- 2027\)** **COBIS Accredited Member with Double Beacon Status (*****Learning \& Teaching,***

***Governance*****) (2023\)** **Newcastle United Foundation Football School (the Club and Foundationʼs first**

**International School partner)** **ABRSM Partner Programme School (Second Worldwide International School Partner)** **Trinity Cultural Experience Badge (2025/2026\)** **AFEC (Athlete Friendly Education Centre) School (one of just 40 worldwide)** **UAL Art \& Design Foundation Diploma Accreditation (one of only four centres outside of**

**the UK)**  



Our Commitment to Safeguarding  

  



Our schoolʼs practices reflect and are aligned with the written Expectations of the International
  

Taskforce on Child Protection.  

  



St Georgeʼs British International School is committed to safeguarding and to promoting the safety
  

and welfare of children, young people and adults. Every member of staff employed at St Georgeʼs
  

has a responsibility to safeguard. St Georgeʼs endeavours to provide a safe and welcoming
  

environment where all staff and learners are respected and valued.
  

  

The schoolʼs Safeguarding and Child Protection Policy, applicable to all employees, includes the
  

procedures for spotting and reporting child protection concerns, the role of Designated
  

Safeguarding Leads, procedures, actions, referral processes and support measures.  

  



**Vice Principal \- Senior School**  

St Georgeʼs British International School is seeking an experienced and inspirational Vice Principal
  

to serve as Head of the Senior School at the La Storta Campus.
  

  

The Vice Principal \- Senior School is responsible for defining and delivering St Georgeʼs vision for
  

Secondary education, ensuring that studentsʼ learning, well\-being and enjoyment are consistently
  

excellent. The Vice Principal \- Senior School leads with integrity, clarity and ambition for every
  

child, modelling and driving forward St Georgeʼs core values of internationalism, inclusivity and
  

excellence. The Vice Principal \- Senior School works closely with other members of the school
  

Leadership Team on whole\-school strategy development and delivery. The Vice Principal \- Senior
  

School is a member of St Georgeʼs four\-person Executive Leadership team, along with the
  

Principal/CEO and Vice Principals responsible for Junior Schools and for Finance and Operations,
  

respectively. The Vice Principal \- Senior School reports to the Principal/CEO.

  

**Duties and Responsibilities**
  

  

**Leadership, Management and Strategy**

* Within the framework of St Georgeʼs Values and Strategy, and in conjunction with the

Principal/CEO, define and implement a clear and compelling vision for the Senior School,
  

including the Sixth Form.
* Lead and manage the day\-to\-day operations of the Senior School, including line managing

that schoolʼs Leadership Team.
* Lead continuous school improvement planning for the Senior School, including rigorous

self\-evaluation and the development of realistic improvement targets.
* Ensure the Senior School complies with any and all relevant statutory and regulatory

requirements.
* Ensure the Senior School complies with all relevant St Georgeʼs policies and procedures.
* Manage Senior School admissions in collaboration with the Head of Marketing,

Communications and Admissions and the Principal/CEO.
* Oversee resourcing, including staffing and staffing\-related matters, and budgeting for the
Senior Schools in\-line with agreed whole school targets and in consultation with the
  

Principal/CEO and the Chief Financial Officer.


* Report to the Principal/CEO in a timely manner on all matters pertaining to the Senior

School.
* In relation to Senior School matters, to deputise for the Principal/CEO in their absence.
* Contribute to the development and delivery of the St Georgeʼs Strategy as part of the

Leadership Team.
  

  

**Curriculum, Teaching and Learning**

* Ensure studentsʼ learning, well\-being and enjoyment are central to all Senior School

activity and that the curriculum, schemes of work, assessment practices and teaching
  

strategies remain relevant, effective and consistently applied.
* Monitor and evaluate the quality of teaching and learning, in\-line with whole school

policies and practice, implementing improvement strategies where needed.
* Promote high expectations and achievement for all students, ensuring that individual

learning and pastoral needs, including SEND, are identified early and supported
  

appropriately.
* Champion the effective use of technology to support learning.
* Ensure clear, accurate and timely reporting to parents, consistent with St Georgeʼs wider

policy and practice.
* Develop and promote extracurricular opportunities that enrich studentsʼ experience and
support St Georgeʼs values.
* Work effectively with Junior colleagues to support smooth transitions across academic
phases.  

  



**Pastoral Care and Student Wellbeing**

* Ensure that students and staff are safe and feel safe at all times.
* Ensure a safe, inclusive and equitable learning environment where all students and staff

feel valued.
* To lead the further development and support of whole school behaviour systems in
support of students whose life experience may have hampered their ability to self\-regulate.
* To communicate candidly, respectfully and regularly with parents about studentsʼ
achievement, behaviour, personal development and well\-being.  

  

  

  

**Community, Culture and Collaboration**

* Foster a positive, collaborative and professional team culture, based on St Georgeʼs core

values of internationalism, inclusivity and excellence, and reinforcing a strong sense of
  

community in the Senior School and the wider school.
* Ensure productive and effective teamwork and lead robust processes for staff induction,

performance standards, continuing professional development and self\-evaluation.
* Provide coaching, guidance, motivation and, when necessary, appropriate corrective

action to ensure high professional performance.
* Lead the teaching staff recruitment, induction, appraisal and professional review within

the Senior Schools, consistent with the schoolʼs wider policy and practice.
* Establish and maintain effective dialogue with Senior School parents and contribute to the

development of effective home\-school partnerships.
* Build strong and constructive relationships with other British international schools from

which St Georgeʼs can learn.
* Actively promote the Senior Schools as part of St Georgeʼs rich educational offer internally

and externally via the schoolʼs approved marketing and communication channels.  

  

**Other**

* Perform such other appropriate duties as may reasonably be determined by the

Principal/CEO.  

  

**Personal Skills**

* Possess excellent communication skills and be professional and confident in

communicating with all school stakeholders and external agents
* Be a creative problem\-solver who can manage ambiguity and uncertainty
* Consistently demonstrate the values and behaviours expected of a Head Teacher
* Possess excellent understanding of teaching and learning practices and curriculum

development and prevailing trends in global and British education


* Be able to recognise development needs and able to coach to improve performance, create

opportunities and provide support for career advancement aiming to bring the best out in
  

others especially amongst Middle and Senior Leaders
* Be understanding of the needs and issues facing all stakeholders within the school

community
* Be an exceptional organiser and administrator
* Be IT competent
* Possess powers of diplomacy and persuasion
* Have the ability to develop and foster teamwork
* Be competent in monitoring and evaluating teams and individuals
* Have the ability to think strategically and to contribute to the strategic development of the

whole school
* Be persistent and see tasks through from beginning to end
  

**Formal Qualifications/Experience**

* A good UK Honours Degree (or equivalent)
* A Masters\-level or equivalent degree in Education or Educational Leadership would be

desirable
* Relevant recent experience as a Head or Deputy Head teacher
* A distinguished record of teaching and senior leadership experience
* A strong record of reflective practice and professional learning
  

  

How to Apply
  

  

Reference Number **260901**

Application Deadline **Monday 21 September 2026, 4\.00pm CEST**

Start Date **September 2027**

Availability (full\-time/part\-time) **Full\-time**

Contract **Permanent**

We reserve the right to appoint before the closing date. Early application is strongly encouraged.
  

Please complete an online application form via www.stgeorge.school.it/staff/vacancies.
  

Shortlisted candidates will have references taken up prior to interview.
  

  

**Supporting Statement**
  

The Supporting Statement is an instrumental part of our shortlisting process and should address
  

and detail: the reason you are applying for the role, why you feel that you are a suitable candidate


for the role to which you are applying, your skills and experience, and an explanation of any gaps in
  

employment during your career.


**Additional Application Guidance**  

The Education and Qualifications section of the application form must be completed in full
  

(including grades obtained). References provided should always include your current employer. If
  

you are currently working in education, please note that your first referee must be the
  

Headteacher/Principal of the school that you are currently employed with.


**School Policies**
  

Applicants to St Georgeʼs should be familiar with the schoolʼs Safeguarding and Child Protection
  

Policy available at www.stgeorge.school.it/policies. A copy of the Staff Code of Conduct and
  

Whistleblowing Policy will be made available to shortlisted candidates.  

  



Conditional Offer of Appointment  

  



Any offer to a successful candidate will be conditional upon the following:  



* Verification of identity, qualifications and professional status
* A safeguarding check
* Receipt of at least three satisfactory references (one of which should be from your current

or most recent Principal, Head of School or line manager)
* Verification of medical fitness (completion of a medical declaration)
* Social media screening
**Non\-EU applicants will be required to produce their university transcript with courses taken**  

**and final grade of their first Degree.**


Remuneration  

  



Package details will be available to shortlisted candidates upon request.  

  



Equal Opportunities  

  



St George's is an equal opportunities employer and is fully committed to a policy of treating all its
  

employees and job applicants equally. Discrimination will not be made on the grounds of age,
  

race, religion, disability, marital status, gender, re\-assigned gender, sexual orientation, pregnancy
  

or other basis.","","https://it.indeed.com/cmp/St-George's-British-International-School","","https://www.stgeorge.school.it","Roma","51 to 200","","","","","","","","","regulatory manager"
"in-6e289ad33df39c59","indeed","https://it.indeed.com/viewjob?jk=6e289ad33df39c59","https://jobs.smartrecruiters.com/AbbVie/3743990015039695-clinical-research-associate-ii-immunology-field-role-nationwide-coverage-","Clinical Research Associate II Immunology (Field Role, Nationwide Coverage)","AbbVie","Roma, LAZ, IT","2026-09-03","fulltime","","","","","",True,"","","","","**Company Description** **About AbbVie**


AbbVie's mission is to discover and deliver innovative medicines and solutions that solve serious health issues today and address the medical challenges of tomorrow. We strive to have a remarkable impact on people's lives across several key therapeutic areas including immunology, oncology and neuroscience \- and products and services in our Allergan Aesthetics portfolio. For more information about AbbVie, please visit us at www.abbvie.com. Follow @abbvie on LinkedIn, Facebook, Instagram, X and YouTube.

 **Job Description**  

Advance AbbVie's pipeline by striving for excellence in clinical research, turning science into medicine for our patients and leveraging advanced capabilities to drive industry leading performance.  

Partners with study teams, AbbVie internal R\&D stakeholders, investigators, and site staff for meaningful and effective engagements positioning AbbVie as the choice in clinical trials.  

Focus on site clinical research that ensures appropriate conduct of the trial while driving improvement in data integrity, compliance, overall study performance and customer experience.

* Considered as the primary Sponsor point of contact for the investigative site. High level of competency or experience in providing contextual information on the clinical trials, connects stakeholders to the investigative sites and strengthens AbbVie’s positioning.
* Aligns, trains and motivates the site staff and principal investigator on the goals of the clinical trial program, protocol and patient treatment principles for the trial ensuring a trusted partnership.
* Conducts site evaluation, site training, routine on\-site and off\-site monitoring, and site closure monitoring activities with compliance with the protocol and monitoring plans, in accordance with applicable regulations, Good Clinical Practices (GCPs), ICH Guidelines, AbbVie Standard Operating Procedures (SOPs), and quality standards, ensuring safety and protection of study subjects.
* Advanced understanding of site engagement and ability to customize site engagement strategy for assigned study (ies). Gather local/site insights and utilize site engagement tools to report/track progress and measure impact of that strategy.
* ""Advanced level of competency connecting the study protocol, scientific principles and clinical trial requirements to the day\-to\-day clinical trial execution activities. Evaluate and ensure effective recruitment and retention techniques/plans based on the patient’s disease journey.
* Develop solid knowledge of therapeutic area, asset and clinical landscape / patient journey to enable successful patient recruitment and overall protocol compliance.""
* Possesses experienced level of competency to mentor and train less experienced CRAs on various aspects of work and provides input into their development.
* May participate in global/local task forces and initiatives. Responsible for activities assigned by manager.
* Responsible for continuous risk\-assessment proactively, and in collaboration with Central Monitoring team, monitor activities conducted by clinical sites to detect early overall study performance or patient safety issues. Advanced ability to think critically to resolve site risk signals while having robust understanding of site processes to drive study execution. Ensures preventative and corrective action plans are put into place, as needed, to mitigate risk and promote compliance using a customer centric approach.
* Identifies, evaluates and recommends new/potential investigators/sites on an ongoing basis. Potential sites may be identified through networking or internal AbbVie requests to assist in the placement of planned clinical studies with qualified investigators.
* Ensures quality of data submitted from study sites and assures timely submission of data, including appropriate reporting and follow\-up for all safety events by site personnel.
* Ensures audit and regulatory inspection readiness at always assigned clinical site.
* Manages investigator payments as per executed contract obligations, as applicable.

  

**Qualifications**  

* Bachelor’s degree or equivalent degree; health related preferred (e.g. Medical, Scientific, Nursing, Pharmacy).
* Valid driver’s license
* Minimum of 1 year of clinically related experience, of which a period of 6 months is required in clinical research monitoring of investigational drug or device trials. Familiar with risk‐based monitoring approach, onsite and offsite monitoring.
* Knowledge of appropriate therapeutic area indications with the ability to understand and apply scientific concepts as they relate to the conduct of clinical trials.
* Advanced knowledge on existing and emerging local regulatory and legal requirements, ICH/GCP Guidelines and applicable policies.
* Demonstrate strong cross\-functional collaboration skills among internal and external stakeholders.
* Demonstrate strong planning and organizational skills and the ability to work effectively and efficiently in a dynamic environment with competing projects and deadlines
* Advanced ability to leverage technology, tools and resources to provide customer centric support based on the health of the site.
* Strong interpersonal skills with excellent written, verbal, active listening and presentation skills, with ability to establish and leverage site relationships and trusted partnerships through engagement, motivation, and training.
* Ability to use functional expertise, leverage critical thinking skills and apply good judgement to address clinical site issues.
* Acts with integrity in accordance with AbbVie code of business conduct and leadership values.
* Self\-motivated individuals focused on delivering timely and quality outcomes in a fast\-paced environment.

  

**Additional Information**  

Your total reward package at AbbVie will be made up of multiple components, including compensation, well\-being and benefits.  

In this role, you will receive a number of benefits including life assurance, medical plan, flexible benefits, etc.  

You will also be entitled to receive a company car.


Full details of our comprehensive package will be shared during the recruitment process.


The national collective bargaining agreement applicable to this position is B011 – CCNL Chemical\-Pharmaceuticals Industry.


AbbVie is an equal opportunity employer and is committed to operating with integrity, driving innovation, transforming lives and serving our community. Equal Opportunity Employer/Veterans/Disabled.


US \& Puerto Rico only \- to learn more, visit https://www.abbvie.com/join\-us/equal\-employment\-opportunity\-employer.html


US \& Puerto Rico applicants seeking a reasonable accommodation, click here to learn more:


https://www.abbvie.com/join\-us/reasonable\-accommodations.html","Pharmaceuticals","https://it.indeed.com/cmp/Abbvie","https://d2q79iu7y748jz.cloudfront.net/s/_squarelogo/256x256/140bdbe2ba6f25c02e0f44c4c42f72bb","https://www.abbvie.com","1 N. Waukegan Road
North Chicago, Illinois 60064","10,000+","more than $10B (USD)","","","","","","","","regulatory manager"
"in-81cc05bb6e4df0e7","indeed","https://it.indeed.com/viewjob?jk=81cc05bb6e4df0e7","https://jobs.alfasigma.com/job/Pomezia-Sr-Associate%2C-Quality-Assurance/1432883533/","Sr Associate, Quality Assurance","Alfasigma group","Pomezia, LAZ, IT","2026-09-02","","","","","","",False,"","","","","**.buttontext6ff3b9177bc58513 a{ border:** 1px solid transparent; } .buttontext6ff3b9177bc58513 a: focus{ border: 1px dashed \#000000 !important; outline: none !important; }
  
**Publish Date:** Sep 2, 2026
  
  

Pomezia, IT
  
  

**\#job\-location.job\-location\-inline { display:** inline; }
  
Sr Associate, Quality Assurance
  
  

Alfasigma is a privately held global healthcare company founded over 75 years ago in Italy, where it remains headquartered today in Bologna and Milan. The Group operates in over 100 markets spanning Europe, North and South America, Asia, and Africa.
  
  

Over three years ago, we embarked on a transformative journey to become a truly global innovative healthcare company with a leading focus on Gastrointestinal (GI) health. We have experienced remarkable growth, nearly doubled our revenues, expanding geographically, and integrating several key acquisitions. We have also evolved our portfolio, expanded into rare and specialty segments, and strengthened our pipeline and people's capabilities.
  
  

But our journey is far from complete! In fact, this is just the beginning of a bold new chapter in Alfasigma's history. We are committed to advancing innovation and leveraging our deep expertise to provide better health and a better quality of life for patients and consumers worldwide and expand our reach across diverse markets.
  
  

Responsibilities
  
  

The new employee, reporting directly to the Quality Operation Coordinator, will be part of a team of 9 people.
  
  

As a Quality Operation Specialist, he/she will play a crucial role in conducting investigations related to deviations, complaints, and other quality events. Working closely with Quality Assurance and other internal and external stakeholders, he/she will be responsible for overseeing production activities, verifying on the shop floor the accurate completion of Batch Record Reviews, logbooks, and other GMP documentation, identifying root causes, ensuring the implementation of corrective and preventive actions, and supporting regulatory compliance.
  
  

**Additionally, the Quality Operation Specialist will:**  

Lead and coordinate investigations for deviations, complaints, and quality events, ensuring robust root cause identification, risk assessment, and implementation of effective corrective and preventive actions (CAPAs).
  
Manage market and customer complaints, including product impact assessments, recurrence analysis, and coordination of investigations with internal and external stakeholders.
  
Facilitate cross\-functional investigation teams and ensure the timely closure of deviations, complaints, and CAPAs in accordance with internal procedures and GMP requirements.
  
Monitor investigation and CAPA performance metrics and escalate quality risks when necessary.
  
Draft detailed investigation reports by assessing product impact, identifying root causes, and defining corrective and preventive actions, while verifying their execution and effectiveness.
  
Oversee production activities to ensure compliance with Standard Operating Procedures (SOPs) and Good Manufacturing Practices (GMP).
  
Support audits and regulatory inspections, ensuring compliance with industry standards and driving continuous process improvement.
  
Contribute to periodic quality reviews through the analysis of deviations, complaints, CAPA effectiveness, and quality trends.
  
Author, review, and update GMP documentation, including SOPs and Master Batch Records.
  
Maintain quality records within the electronic Quality Management System (TrackWise), ensuring data accuracy, compliance, and the timely closure of assigned quality events.
  
Specific Skills, Educational Requirements and Experience
  
Bachelor's degree in Pharmaceutical Chemistry and Technology (CTF), Pharmacy, Chemistry, or a related scientific field.
  
Minimum of 3 to 4 years of experience within a pharmaceutical manufacturing environment.
  
Knowledge of investigation and root cause analysis tools, such as Fishbone Diagram, 5 Whys, and FMEA, is preferred.
  
Strong command of both English and Italian; excellent technical writing skills are essential.
  
Familiarity with liquid and solid oral dosage manufacturing processes would be considered an advantage.
  
Strong analytical, communication, and cross\-functional collaboration skills.
  
Demonstrated problem\-solving abilities and strong attention to detail.
  
Ability to manage multiple priorities and meet deadlines in a dynamic environment.
  
  

Pay range 40\.000€ \- 46\.000€
  
  

The compensation range indicated in this job posting represents an estimated average range for the position. The final remuneration will be determined based on the selected candidate’s experience, skills, and qualifications, in accordance with applicable EU pay transparency and pay equity requirements
  
  

**Why Join Alfasigma:**  

At Alfasigma, we foster a culture where the courage to innovate is key to our success.
  
We offer a competitive salary, comprehensive benefits, and extensive opportunities for professional growth and development.
  
  

Our commitment to people and patients is at the heart of everything we do. We value diversity and welcome individuals with unique perspectives and experiences. We believe that open\-mindedness, collaboration, and a shared passion for innovation are essential to achieving meaningful progress.
  
  

Join Alfasigma and become part of a forward\-thinking team dedicated to shaping the future of the pharmaceutical industry.
  
  

**.buttontextfaae22f704d4ef6e a{ border:** 1px solid transparent; } .buttontextfaae22f704d4ef6e a: focus{ border: 1px dashed \#000000 !important; outline: none !important; }","","https://it.indeed.com/cmp/Alfasigma-Group","","","","","","","","","","","","","regulatory specialist"
"li-4445968052","linkedin","https://www.linkedin.com/jobs/view/4445968052","","Quality Assurance Engineer","SEGULA Technologies","Rome, Latium, Italy","2026-09-08","","","","","","",False,"","","","","","","https://fr.linkedin.com/company/segula-technologies","","","","","","","","","","","","","specialista affari regolatori"
"li-4462218442","linkedin","https://www.linkedin.com/jobs/view/4462218442","","Junior IT Compliance & Demand Specialist","Buffetti Finance SpA","Rome, Latium, Italy","2026-09-07","","","","","","",False,"","","","","","","https://it.linkedin.com/company/buffettifinance","","","","","","","","","","","","","specialista affari regolatori"
"li-4462796322","linkedin","https://www.linkedin.com/jobs/view/4462796322","","Quality Assurance Practitioner","MBDA ITALIA S.P.A.","Rome, Latium, Italy","2026-09-03","","","","","","",False,"","","","","","","https://www.linkedin.com/company/mbda-italia-s.p.a.","","","","","","","","","","","","","specialista affari regolatori"
"li-4449547248","linkedin","https://www.linkedin.com/jobs/view/4449547248","","Quality Assurance Consultant   - Pharma Sector","PQE Group","Latium, Italy","","","","","","","",False,"","","","","","","https://it.linkedin.com/company/pqe-group","","","","","","","","","","","","","quality assurance pharma"
"in-befbff3a99681f25","indeed","https://it.indeed.com/viewjob?jk=befbff3a99681f25","https://wd3.myworkdaysite.com/en-US/recruiting/wfp/job_openings/job/Rome-Italy/Disability-Inclusion-Officer_JR126615","Disability Inclusion Officer","World Food Programme","Roma, LAZ, IT","2026-09-08","fulltime","","","","","",True,"","","","global.inclusion@wfp.org, global.hrerecruitment@wfp.org","**DEADLINE FOR APPLICATIONS**


28 September 2026\-23:59\-GMT\+01:00 Central European Time (Rome)*WFP celebrates and embraces diversity. It is committed to the principle of equal employment opportunity for all its employees and encourages qualified candidates to apply irrespective of race, colour, national origin, ethnic or social background, genetic information, gender, gender identity and/or expression, sexual orientation, religion or belief, HIV status or disability.*

 **ABOUT WFP**  

  

The World Food Programme is the world’s largest humanitarian organization saving lives in emergencies and using food assistance to build a pathway to peace, stability and prosperity, for people recovering from conflict, disasters and the impact of climate change.

  

At WFP, people are at the heart of everything we do and the vision of the future WFP workforce is one of diverse, committed, skilled, and high performing teams, selected on merit, operating in a healthy and inclusive work environment, living WFP's values (Integrity, Collaboration, Commitment, Humanity, and Inclusion) and working with partners to save and change the lives of those WFP serves.  

  

To learn more about WFP, visit our website: https://www.wfp.org

**WHY JOIN WFP?**

* WFP is a 2020 Nobel Peace Prize Laureate.
* WFP offers a highly inclusive, diverse, and multicultural working environment.
* WFP invests in the personal \& professional development of its employees through a range of training, accreditation, coaching, mentorship, and other programs as well as through internal mobility opportunities.
* A career path in WFP provides an exciting opportunity to work across the various country, regional and global offices around the world, and with passionate colleagues who work tirelessly to ensure that effective humanitarian assistance reaches millions of people across the globe.
* We offer an attractive compensation package (please refer to the **Terms and Conditions** section of this vacancy announcement).


JOB TITLE: Disability Inclusion Officer  

TYPE OF CONTRACT: Consultant level III  

UNIT/DIVISION: Gender Protection and Inclusion Unit/ PO  

DUTY STATION (City, Country): Rome/ Italy or remote  

DURATION: 11 months**BACKGROUND AND PURPOSE OF THE ASSIGNMENT:**


The United Nations World Food Programme (WFP) is the world's largest humanitarian agency, fighting hunger worldwide. We are seeking to fill the position of Disability Inclusion Officer based at our Headquarters in Rome, Italy or remotely. WFP is well\-known for its ability to deliver food assistance rapidly to people in need. In order to respond effectively in the challenging contexts in which WFP operates, staff require sound knowledge of the fundamentals of programming, as well as skills in specialized areas, such as humanitarian access, protection, accountability to affected populations (AAP), and conflict sensitive programming. The Gender, Protection and Inclusion (GPI) team at WFP Headquarters supports the integration of gender equality, protection and inclusion considerations across WFP’s policies, programmes and operations. This includes strengthening how evidence is generated, analysed and used to inform programme design, implementation, and corporate reporting, and ensuring that people\-centred approaches are consistently reflected across the programme cycle. The Programme Quality and Excellence team within GPI ensures that high standards of each thematic area covered by GPI, including Disability Inclusion, remain adequately addressed in WFP’s programmes and operations. Under the overall supervision of the Senior Disability Inclusion Advisor, the Disability Inclusion Officer will undertake the following duties

**ACCOUNTABILITIES/RESPONSIBILITIES:**


Five workstreams

**Engagement with Organizations of Persons with Disabilities (OPDs)**

* Lead OPD engagement work on behalf of WFP.
* Develop and foster partnerships with OPDs on behalf of WFP at the global and regional level that are mutually beneficial to both WFP and OPD partners.
* Update guidelines and roll\-out for consultation with persons with disabilities, namely through their representative organizations, that ensure accessibility and inclusiveness, and promote representation of the diversity of persons with disabilities and intersectionality.
* Streamline systems for consultation with OPDs globally, including through direct contributions to the BHA project \- Outcome 2 – Engage as well as other aspects of the Localization Portfolio insofar as they relate to Disability Inclusion.
* In collaboration with the Partnerships division, review and update field level agreements and/or other partnership frameworks to reflect the relationship with OPDs.

**Accessibility**

* Work across support GHQ and CO functions to provide support on accessibility related topics including through the ED Assurance Framework and as part of WFP minimum programming standards.
* Promote accessibility of the built environment at WFP headquarters and across country offices through establishment and implementation of standards and guidance.
* Support completion of ICT accessibility assessment and progress of implementation of emanating recommendations.
* Support with baseline assessment and subsequent approach for ensuring accessibility of Conferences and Services in collaboration with the Conference Servicing Unit

**Supporting Country Offices and Global HQ Regions**

* Provide technical assistance and capacity building to Regionally Outposted Colleagues and COs, in partnership with cross\-cutting Protection, AAP, Gender and/or Disability Inclusion regional or CO advisors.
* Support and provide technical support to at least one Regional Office to develop and manage their DI work plans, including Regional/ CO workplans. Provide back\-up support for a second Regional Office.
* Support DI mainstreaming throughout Country Strategic Plans through the FAR (CSP); data collection and utilization for CSP development, Annual Country Reporting and CRF reporting.

**Cross Functional**

* Provide guidance to the Steering Committee and the Working Group in relevant policy and technical areas with respect to the deliverables particularly in relation to the roll out of UNDIS 2\.0
* Deliver accessible trainings on consultation with OPDs, accessibility, reasonable accommodation and other related topics reflected in this TOR.
* Participate in relevant employee resources groups or working groups related to disability inclusion as well as to the Community of Practice for DI.
* Contribute to future strategy development on disability inclusion including capacity strengthening plans.

**People Operations/Human Resources**

* Provide technical support and recommendations to Human Resources on Reasonable Accommodation through rolling out the Reasonable Accommodation guidance and policy in line with the Diversity \& Inclusion team requests.
* Provide strategic inputs and guidance to existing human resources policies and processes from the disability inclusion perspective, as requested.
* Embed disability inclusion throughout end\-to\-end recruitment cycle to increase employment of persons with disabilities at WFP.
* Work with recruiters and human resources globally to enhance knowledge, capacity and practices on recruitment, retention and career development.
* Assist with capacity building initiatives (on\-line and in person) as well as advocacy materials in co\-ordination with the Diversity and Inclusion Team

**DELIVERABLES AT THE END OF THE CONTRACT:**

* Update guidance note on enabling persons with disabilities to participate in all processes that that assess, plan, design, implement, monitor and evaluate WFP operations and programming, at the headquarters, regional and country levels in line with GPI minimum standards as well as UNDIS 2\.0 programme standards and FAR integration
* Partnerships with key representative OPDs at the global, regional and country office levels including those set up through the Engage programme and relevant contracting mechansims
* Project plan for Regional Roll outs of concerned ROs including budget, timelines and monitoring information with action plans and reporting on all Country Office progress within the selected Regions.
* Technical assistance to COs on GPI minimum standards as well as specific technical advice provided on targeted DI interventions. These will be categorized through assistance for the Integrated Context Analysis and Risk Assessment tool, the FAR, the Gender Equality Certification Programme \+ DI and other GPI corporate processes.
* Training on all new UNDIS indicators through the DIWG Focal Points system, the Disability Inclusion Network and the COP\-DI

**QUALIFICATIONS \&** **EXPERIENCE** **REQUIRED:**

**Education:**


Masters degree in one or more of the following disciplines: social sciences, development studies, international relations, sociology or other relevant field.

**Experience:**

* At least six years of progressively responsible professional experience in development projects or humanitarian assistance, of which at least two dedicated to disability inclusion.
* Demonstrated field and policy\-oriented experience working on disability inclusion is required.
* Experience in operational research and programme design in the areas covered under this TOR is desirable.

 **Knowledge \& Skills:**

* Demonstrated knowledge of the normative framework on Disability Inclusion;
* Experience in coordination is required;
* Experience on guidance and training development is an asset;
* Previous UN experience, preferably with WFP, is highly desirable;
* Demonstrated strong analytical and writing skills;
* Ability to write in an engaging and informative manner, and conceptualize and clearly synthesize information;
* Ability to work on short timelines, under pressure, and managing multiple priorities simultaneously with minimal supervision; and
* Initiative, enthusiasm, creativity, and flexibility with excellent interpersonal skills and team spirit.

**Languages:**


Fluency in English is required, knowledge of another UN language is strongly desirable.

**WFP LEADERSHIP FRAMEWORK**

  

WFP Leadership Framework guides to the common standards of behavior that guide HOW we work together to accomplish our mission.

 **REASONABLE ACCOMMODATION**

  

WFP is committed to supporting individuals with disabilities by providing reasonable accommodations throughout the recruitment process. If you require a reasonable accommodation, please contact: global.inclusion@wfp.org

**NO FEE DISCLAIMER**

  

The United Nations does not charge any application, processing, training, interviewing, testing or other fee in connection with the application or recruitment process. Should you receive a solicitation for the payment of a fee, please disregard it. Furthermore, please note that emblems, logos, names and addresses are easily copied and reproduced. Therefore, you are advised to apply particular care when submitting personal information on the web.

 **REMINDERS BEFORE YOU SUBMIT YOUR APPLICATION**

* All applications must be submitted exclusively through our online recruiting system. We do not consider CVs or applications sent by email, LinkedIn, or any other channel.
* We strongly recommend that your Workday profile is accurate and complete, and that all sections are filled in, including your employment history, academic qualifications, language skills, and UN grade (if applicable). Once your profile is completed, please apply, and submit your application.
* If you experience technical issues while submitting your application, you may contact us at global.hrerecruitment@wfp.org. Please note that this email is **only** for technical issues with an application \- **unsolicited applications or documents sent to this inbox will not receive a reply**.
* At the application stage, the only required documents are your CV and Cover Letter. Additional documents (passport, certificates, recommendation letters, etc.) may be requested later in the process.
* Only shortlisted candidates will be contacted and invited to proceed to the next stage of the recruitment process.

*All employment decisions are made on the basis of organizational needs, job requirements, merit, and individual qualifications. WFP is committed to providing an inclusive work environment free of sexual exploitation and abuse, all forms of discrimination, any kind of harassment, sexual harassment, and abuse of authority. Therefore, all selected candidates will undergo rigorous reference and background checks.*

 *No appointment under any kind of contract will be offered to members of the UN Advisory Committee on Administrative and Budgetary Questions (ACABQ), International Civil Service Commission (ICSC), FAO Finance Committee, WFP External Auditor, WFP Audit Committee, Joint Inspection Unit (JIU) and other similar bodies within the United Nations system with oversight responsibilities over WFP, both during their service and within three years of ceasing that service.*","Organization","https://it.indeed.com/cmp/World-Food-Programme","https://d2q79iu7y748jz.cloudfront.net/s/_squarelogo/256x256/dc18dc6cce83c27f7add1743b1e294fc","https://www1.wfp.org/","Via Cesare Giulio Viola, 68, 00148 Rome RM, Italy","10,000+","more than $10B (USD)","WFP is best known for its life-saving work in emergencies.​ When disaster strikes, WFP gets vital food and non-food assistance to people in need. ​","","","","","","","qualified person"
"in-0a9e6d9ab320702e","indeed","https://it.indeed.com/viewjob?jk=0a9e6d9ab320702e","https://jobs.fao.org/careersection/fao_external/jobdetail.ftl?job=2601899&tz=GMT-05%3A00&tzname=America%2FChicago","Multistakeholder Partnership Specialist","Food and Agriculture Organization of the United Nations","Roma, LAZ, IT","2026-09-08","internship","","","","","",False,"","","","","**Job Posting**
---------------


: 08/Sep/2026
**Closure Date**
----------------


: 09/Oct/2026, 4:59:00 PM
Organizational Unit: NSA \- Animal Production and Health
**Job Type**
------------


: Non\-staff opportunities
Type of Requisition: Consultant / PSA (Personal Services Agreement)
Grade Level: N/A
**Primary Location**
--------------------


: Italy\-Rome
Duration: 11 Months
Post Number: N/A
IMPORTANT NOTICE: Please note that Closure Date and Time displayed above are based on date and time settings of your personal device  

* FAO is committed to achieving workforce diversity in terms of gender, nationality, background and culture.
* Qualified female applicants, qualified nationals of non\-and under\-represented Members and person with disabilities are encouraged to apply;
* Everyone who works for FAO is required to adhere to the highest standards of integrity and professional conduct, and to uphold FAO's values
* FAO, as a Specialized Agency of the United Nations, has a zero\-tolerance policy for conduct that is incompatible with its status, objectives and mandate, including sexual exploitation and abuse, sexual harassment, abuse of authority and discrimination
* All selected candidates will undergo rigorous reference and background checks
* All applications will be treated with the strictest confidentiality

*FAO’s commitment to environmental sustainability is integral to our strategic objectives and operations.*  

  

**Organizational Setting**


The FAO Livestock Environmental Assessment and Performance (LEAP) Partnership is a dynamic multistakeholder initiative committed to improving the environmental performance of livestock supply chains while ensuring their economic and social viability. The partnership develops comprehensive guidelines and methodologies to assess the environmental performance of livestock supply chains. The objective is to provide stakeholders with the tools and insights needed to shape evidence\-based policy measures and business strategies, ultimately driving positive change within the livestock sector. The Partnership encourages dialogues and facilitates collaboration among diverse stakeholder groups, including governments, the private sector, academia, NGOs and civil society organizations.


Hosted by the FAO Animal Production and Health Division, the Secretariat ensures that the FAO LEAP activities are grounded in international best practices. As a central coordinating body of the Partnership, the Secretariat provides technical and administrative support to the FAO LEAP partners. In addition, it facilitates the work of Technical Advisory Groups (TAGs), guiding the content development of the guidelines and ensuring their alignment with FAO and the Partnership's mission.

  

**Reporting Lines**

  

  

The Multistakeholder Partnership Specialist reports to the Livestock Policy Officer and LEAP Secretariat Manager under the overall guidance of the Chief of the Livestock Innovation, Climate and Post\-Harvesting Solutions Branch (NSAL).  



**Technical Focus**

  

  

The incumbent will serve as a full member of the Secretariat of the FAO LEAP Partnership, providing technical and administrative support to strengthen its governance, coordination, knowledge sharing, outreach and work programme delivery. The role will advance multistakeholder collaboration for sustainable livestock and agrifood systems, with a focus on environmental assessment and performance. It will support the coordination, dissemination and uptake of FAO LEAP guidelines, technical reports, methodologies, tools and good practices; facilitate science–policy–practice dialogue; contribute to technical communication, knowledge management and capacity development; and strengthen engagement with governments, research institutions, international organizations, civil society, producer organizations, the private sector, financial institutions and other relevant partners. The incumbent will also help identify and promote emerging scientific, policy and partnership opportunities for sustainable livestock transformation, including digital innovation, environmental data, sustainable finance and responsible private\-sector engagement.  



**Tasks and responsibilities**

  

  

• Support the day\-to\-day coordination and delivery of the LEAP Partnership work programme, including follow\-up on agreed actions, workplans, timelines and deliverables.
  

• Assist with the coordination, preparation, review, editing, dissemination and uptake of LEAP guidelines, technical reports, policy briefs, e\-learning courses, methodologies, tools, presentations and other knowledge products.
  

• Support training, technical guidance, webinars and other capacity\-development activities that promote the global use of LEAP guidelines, tools and good practices.
  

• Map key stakeholders and build lasting relationships with LEAP Steering Committee members and partners across the public, research, private and civil society sectors, including producer organizations and financial institutions.
  

• Assist with the preparation and follow\-up of meetings of the LEAP Steering Committee, Technical Advisory Groups, Scientific Advisory Group and other Partnership bodies.
  

• Support the organization and facilitation of technical consultations, expert meetings, webinars, workshops, LEAP global conferences, the FAO Livestock Conference and other events involving LEAP partners and external stakeholders.
  

• Help identify strategic partnership opportunities, engage donors, prepare concept notes and project proposals, and coordinate related fundraising and partnership\-development activities.
  

• Maintain accurate, accessible and up\-to\-date records of partners, contacts, meetings, workplans, technical outputs, correspondence and other Secretariat documentation.
  

• Perform other relevant technical, coordination, communication and administrative duties as needed to support the effective operation of the FAO LEAP Partnership Secretariat.  



  

**CANDIDATES WILL BE ASSESSED AGAINST THE FOLLOWING**  



**Minimum Requirements**

  

  

For Consultants:


* **For Consultants**: Advanced University degree from an institution recognized by the International Association of Universities (IAU)/UNESCO in Agricultural, Biological, Animal, Environmental, Food, Social or Veterinary Science, Livestock Engineering, Agronomy, Natural Resource Management, Agricultural or Development Economics, International Development or Relations, international or Public Policy, Programme or Project Management, Business or Public Administration, Partnership Development Management, Public Relations or Affairs, Communications, or another field directly relevant to the work of FAO and multistakeholder partnerships. Consultants with a bachelor's degree need two additional years of relevant professional experience.

  

  

• **For PSA Subscribers**: University degree or technical specialization in Agricultural, Biological, Animal, Environmental, Food, Social or Veterinary Science, Livestock Engineering, Agronomy, Natural Resource Management, Agricultural or Development Economics, International Development or Relations, international or Public Policy, Programme or Project Management, Business or Public Administration, Partnership Development Management, Public Relations or Affairs, Communications, or another field directly relevant to the work of FAO and multistakeholder partnerships.  



  

• At least 1 year (Category C) or 5 years (Category B) of relevant experience in multistakeholder partnership coordination, project coordination or management, including engagement with governments, research and/or academic institutions, international organizations, civil society, private\-sector actors and/or development partners.
  

• Working knowledge of English (Level C)  



**FAO Core Competencies**

  

  

• Results Focus
  

• Teamwork
  

• Communication
  

• Building Effective Relationships
  

• Knowledge Sharing and Continuous Improvement  



  

**Selection criteria**  



  

• Knowledge of a second FAO language is an asset  

  



Please note that all candidates should adhere to FAO Values of Commitment to FAO, Respect for All and Integrity and Transparency

  

**ADDITIONAL INFORMATION**
* FAO does not charge any fee at any stage of the recruitment process (application, interview, processing)
* Please note that FAO will only consider academic credentials or degrees obtained from an educational institution recognized in the IAU/UNESCO list
* Please note that FAO only considers higher educational qualifications obtained from an institution accredited/recognized in the World Higher Education Database (WHED), a list updated by the International Association of Universities (IAU) / United Nations Educational, Scientific and Cultural Organization (UNESCO). The list can be accessed at http://www.whed.net/
* For more information, visit the FAO employment website
* Appointment will be subject to certification that the candidate is medically fit for appointment, accreditation, any residency or visa requirements, and security clearances.
  
**HOW TO APPLY**
* To apply, visit the recruitment website at Jobs at FAO and complete your online profile. We strongly recommend that your profile is accurate, complete and includes your employment records, academic qualifications, and language skills
* Candidates are requested to attach a letter of motivation to the online profile
* Once your profile is completed, please apply, and submit your application


* Please note that FAO only considers higher educational qualifications obtained from an institution accredited/recognized in the World Higher Education Database (WHED), a list updated by the International Association of Universities (IAU) / United Nations Educational, Scientific and Cultural Organization (UNESCO). The list can be accessed at http://www.whed.net/. These qualifications should be in alignment with the International Standard Classification of Education (ISCED) mappings.

  

  

* Candidates may be requested to provide performance assessments and authorization to conduct verification checks of past and present work, character, education, military and police records to ascertain any and all information which may be pertinent to the employment qualifications
* Incomplete applications will not be considered
* Personal information provided on your application may be shared within FAO and with other companies acting on FAO’s behalf to provide employment support services such as pre\-screening of applications, assessment tests, background checks and other related services. You will be asked to provide your consent before submitting your application. You may withdraw consent at any time, by withdrawing your application, in such case FAO will no longer be able to consider your application
* Only applications received through the FAO recruitment portal will be considered
* Your application will be screened based on the information provided in your online profile
* We encourage applicants to submit the application well before the deadline date.
If you need help or have queries, please create a one\-time registration with FAO’s client support team for further assistance: **https://fao.service\-now.com/csp**


**FAO IS A NON\-SMOKING ENVIRONMENT**","","https://it.indeed.com/cmp/Food-and-Agriculture-Organization-of-the-United-Nations","https://d2q79iu7y748jz.cloudfront.net/s/_squarelogo/256x256/95322d664de7b475a6a8c6df19680a38","http://www.fao.org","Roma","1,001 to 5,000","","","","","","","","","qualified person"
"in-8fbf996427dcbb76","indeed","https://it.indeed.com/viewjob?jk=8fbf996427dcbb76","https://abb.wd3.myworkdayjobs.com/External_Career_Page/job/Quartino-Ticino-Switzerland/Global-Supplier-Quality-Engineer---PCBA-Cables_JR00045934","Global Supplier Quality Engineer – PCBA&Cables","ABB","Frosinone, LAZ, IT","2026-09-07","","","","","","",True,"","","","","At **ABB**, we help industries run leaner and cleaner—and every person here makes that happen. You’ll be empowered to lead, supported to grow, and proud of the impact we create together. Join us and help run what runs the world.

**This position reports to:**


Global Quality \& Continuous Imp Manager
\_\_


We are looking for a **Global Supplier Quality Engineer (SQE)** – **Commodity PCBA \& Cable**, who will be responsible for leading the qualification, development, and performance management of a panel of approximately **10–15 global EMS suppliers** located across different regions worldwide.


This position plays a key role within the rapidly growing **Critical Power business**, driven by the strong expansion of the data center market.


The work model for the role is: Hybrid / remote.  

  

**Roles and Responsibilities:**

* Ensures the execution of the supplier qualification process and that the relevant suppliers are fully qualified and remain compliant with the required standards.
* Leads improvement projects in collaboration with the on\-site Supplier team (Supplier Development)
* Uses supplier quality management tools and systems for collaboration, reporting, monitoring and disposition of quality, delivery, cost, and compliance metrics
* Ensure consistency in the process/product controls performed on the different parts purchased from different ABB Manufacturing Units/ Local Sales Unit (LSOs).
* Leads in promptly addressing supply issues related to quality, deliveries, non\-compliant products, or project services.
* Promotes early supplier involvement in product development activities to maximize capture of supplier innovation and drive improvements in quality, delivery, cost, and risk management.

**Preferred Qualifications:**

* Bachelor’s or master’s degree in electronic or electrical engineering
* **10\+ years of experience in Quality Management roles** within **a EMS (Electronic Manufacturing Services) Industry**
* Deep product knowledge of **IPC Standard.** Being an IPC\-A\-610/IPC\-A\-620 trainer is considered a plus
* Proven experience in cross\-functional and cross\-site Quality management, including **RCA methodologies, CAPA processes, and KPI\-driven performance management**
* **Green Belt of Black belt** certifications
* Strong communication and stakeholder management skills, with the ability to influence and align global teams across different cultures and organizational levels


Building a cleaner, smarter future takes all kinds of minds: the curious, the courageous, and the creative. That's why we welcome people from all backgrounds and experiences.




Ready to make an impact?


Apply today or visit **https://www.abb.com** to learn more about the impact of our solutions across the globe.","","https://it.indeed.com/cmp/Abb","https://d2q79iu7y748jz.cloudfront.net/s/_squarelogo/256x256/6998783079e0a69c900c56473963cc0c","http://www.global.abb/group/en","Zürich","10,000+","more than $10B (USD)","","","","","","","","qualified person"
"in-86c4b1e7c33b2366","indeed","https://it.indeed.com/viewjob?jk=86c4b1e7c33b2366","https://jobs.fao.org/careersection/fao_external/jobdetail.ftl?job=2601874&tz=GMT-05%3A00&tzname=America%2FChicago","Ethics Policy Specialist","Food and Agriculture Organization of the United Nations","Roma, LAZ, IT","2026-09-02","internship","","","","","",False,"","","","","**Job Posting**
---------------


: 02/Sep/2026
**Closure Date**
----------------


: 16/Sep/2026, 4:59:00 PM
Organizational Unit: ETH \- Ethics Office
**Job Type**
------------


: Non\-staff opportunities
Type of Requisition: Consultant / PSA (Personal Services Agreement)
Grade Level: N/A
**Primary Location**
--------------------


: Italy\-Rome
Duration: Up to 11 months
Post Number: N/A
IMPORTANT NOTICE: Please note that Closure Date and Time displayed above are based on date and time settings of your personal device  

* FAO is committed to achieving workforce diversity in terms of gender, nationality, background and culture.
* Qualified female applicants, qualified nationals of non\-and under\-represented Members and person with disabilities are encouraged to apply;
* Everyone who works for FAO is required to adhere to the highest standards of integrity and professional conduct, and to uphold FAO's values
* FAO, as a Specialized Agency of the United Nations, has a zero\-tolerance policy for conduct that is incompatible with its status, objectives and mandate, including sexual exploitation and abuse, sexual harassment, abuse of authority and discrimination
* All selected candidates will undergo rigorous reference and background checks
* All applications will be treated with the strictest confidentiality

*FAO’s commitment to environmental sustainability is integral to our strategic objectives and operations.*  

  

**Organizational Setting**  



  

The Food and Agriculture Organization of the United Nations (FAO) is committed to fostering an organizational culture of ethics and a harmonious and inclusive work environment, anchored in the values of integrity, accountability, transparency, mutual respect and professionalism. The Ethics Office is integral to this effort, and it has an overall mandate to act as an independent organ. The office is working under the leadership of the Senior Ethics Officer who reports directly to the Director\-General.


This Call for expression of interest (EOI) is issued to build a pool of suitable candidates from junior to senior level, who can undertake a range of different tasks as and when required depending on the specific needs of the Ethics Office. The technical focus of the specific assignment may therefore not comprehend all the areas mentioned above.

  

**Reporting Lines**

  

  

The incumbent will work under the direct supervision of the Ethics Officer.  



**Technical Focus**

  

  

Substantial support to all the areas of the Ethics Office’s mandate, specifically:
  

Policy development, Prima facie reviews of retaliation complaints, Training and outreach activities.  



**Tasks and responsibilities**

  

  

In close collaboration with the Ethics Office personnel, the incumbent will:
  

• Support formulation of FAO\-wide policies and procedures on Ethics matters in alignment with FAO’s organizational strategy, the practical realities of operating in the field, UN Reform, FAO’s work environment, and the public environment with the safety and dignity of those we serve at the core of all the work.
  

• Review, advise and support standard setting and policy support activities of other departments including country and regional offices, helping to ensure that the corporate policies are adequately implemented on the ground.
  

• Review individual cases and provide advice and guidance on issues related to the Ethics office mandate and in particular on conflicts of interest and protection from retaliation.
  

• Provide advice, conduct preliminary assessments, and propose appropriate recommendations for complaints of Retaliation
  

• Monitor current developments and best practices in organizational ethics and proactively suggest improvements to internal policies, SOPs and practices.
  

• Develop internal and public outreach material in all key policy and functional areas of the Ethics Office to create awareness and mainstream ethical principles across the Organization, facilitating also accountability towards external stakeholders.
  

• Support the development of ethics training materials and programmes.
  

• Support the development of project documents, administrative reports, power point presentations and webinars, to staff and senior management.
  

• Any other task related to carrying out successfully the Ethics Office mandate.  



  

**CANDIDATES WILL BE ASSESSED AGAINST THE FOLLOWING**  



**Minimum Requirements**

  

  

• Advanced university degree from an institution recognized by the International Association of Universities (IAU)/UNESCO in political science, law, public administration, communication or other relevant areas. Consultants with bachelor's degree need two additional years of relevant professional experience.
  

• At least 1 (one) year of experience for category C and at least 5 (five) years of relevant experience for category B with focus on ethics, compliance, UN administrative law, policy drafting and development, risk assessment and management, etc.
  

• Working knowledge of English (level C).  



**FAO Core Competencies**

  

  

• Results Focus
  

• Teamwork
  

• Communication
  

• Building Effective Relationships
  

• Knowledge Sharing and Continuous Improvement  



**Technical/Functional Skills**

  

  

• Strong analytical and conceptual thinking, with ability to collect, collate and analyze data in an efficient manner;
  

• Strong demonstrated written skills with emphasis in legal policy drafting, report writing and editing
  

• Excellent communication and negotiation skills, e.g. to provide advice and guidance, give presentations, and to network, consult and build effective working relationships with internal and external stakeholders.
  

• Advanced knowledge and understanding of theories, concepts and approaches relevant to UN administrative law and the Standards of Conduct of the International Civil Service.
  

• Extent and relevance of experience in supporting or leading protection against retaliation assessments.
  

• Experience from a UN/Multilateral organization;
  

• High standards of ethics and ethical conduct, impeccable integrity, and respect for confidentiality;
  

• Proven ability to produce outputs independently with minimal supervision or guidance, while at the same time seeking innovative ways to mainstream Ethics across the Organization.  



**Selection criteria**

  

  

• Relevant ethics experience within an international organization is considered an asset.
  

• Working knowledge of French and/or Spanish is desired, and knowledge of Arabic, Chinese, or Russian is considered as an asset

  

Please note that all candidates should adhere to FAO Values of Commitment to FAO, Respect for All and Integrity and Transparency

  

**ADDITIONAL INFORMATION**
* FAO does not charge any fee at any stage of the recruitment process (application, interview, processing)
* Please note that FAO will only consider academic credentials or degrees obtained from an educational institution recognized in the IAU/UNESCO list
* Please note that FAO only considers higher educational qualifications obtained from an institution accredited/recognized in the World Higher Education Database (WHED), a list updated by the International Association of Universities (IAU) / United Nations Educational, Scientific and Cultural Organization (UNESCO). The list can be accessed at http://www.whed.net/
* For more information, visit the FAO employment website
* Appointment will be subject to certification that the candidate is medically fit for appointment, accreditation, any residency or visa requirements, and security clearances.
  
**HOW TO APPLY**
* To apply, visit the recruitment website at Jobs at FAO and complete your online profile. We strongly recommend that your profile is accurate, complete and includes your employment records, academic qualifications, and language skills
* Candidates are requested to attach a letter of motivation to the online profile
* Once your profile is completed, please apply, and submit your application


* Please note that FAO only considers higher educational qualifications obtained from an institution accredited/recognized in the World Higher Education Database (WHED), a list updated by the International Association of Universities (IAU) / United Nations Educational, Scientific and Cultural Organization (UNESCO). The list can be accessed at http://www.whed.net/. These qualifications should be in alignment with the International Standard Classification of Education (ISCED) mappings.

  

  

* Candidates may be requested to provide performance assessments and authorization to conduct verification checks of past and present work, character, education, military and police records to ascertain any and all information which may be pertinent to the employment qualifications
* Incomplete applications will not be considered
* Personal information provided on your application may be shared within FAO and with other companies acting on FAO’s behalf to provide employment support services such as pre\-screening of applications, assessment tests, background checks and other related services. You will be asked to provide your consent before submitting your application. You may withdraw consent at any time, by withdrawing your application, in such case FAO will no longer be able to consider your application
* Only applications received through the FAO recruitment portal will be considered
* Your application will be screened based on the information provided in your online profile
* We encourage applicants to submit the application well before the deadline date.
If you need help or have queries, please create a one\-time registration with FAO’s client support team for further assistance: **https://fao.service\-now.com/csp**


**FAO IS A NON\-SMOKING ENVIRONMENT**","","https://it.indeed.com/cmp/Food-and-Agriculture-Organization-of-the-United-Nations","https://d2q79iu7y748jz.cloudfront.net/s/_squarelogo/256x256/95322d664de7b475a6a8c6df19680a38","http://www.fao.org","Roma","1,001 to 5,000","","","","","","","","","qualified person"
"in-fd09f2800540bb30","indeed","https://it.indeed.com/viewjob?jk=fd09f2800540bb30","https://www.amazon.jobs/jobs/10532049/rme-technician-dlz?cmpid=DA_INAD200785B","RME Technician, DLZ7","Amazon.com","Fiumicino, LAZ, IT","2026-08-26","fulltime","","","","","",False,"","","","","**DESCRIPTION**
---------------


Job summary  

Amazon Operations sits at the heart of the Amazon customer experience. We look after everything from the moment a customer clicks buy, to the moment their item is delivered – from desktop to doorstep.  

  

Across Europe we have more than 50 Fulfillment Centers, hundreds of Delivery Stations, thousands of machines, and tens of thousands of employees, all working together in harmony to make sure the right item gets delivered to the right person, in the right place, at the right time.  

  

Working in Amazon Operations is for people who like to be active and give their all. We work in a busy, dynamic environment and are part of a bigger team delivering on the expectations of millions of customers every single day.  

  

  

We are open, inclusive and welcome individuality and diversity. The culture in our Operation is built on the way teams bond and the work ethic that enables our business run like clockwork. Our teams take pride in a job well done, looking out for one another, ensuring the highest safety standards and playing their part in delivering the quality service Amazon is known for around the world.  

  

Join us in the Amazon Reliability Maintenance Engineering team. We maintain and optimize technologies in the Global Amazon Warehouse \& Delivery Network.  

  

PURPOSE OF THE JOB:  

  

We are looking for motivated, customer\-focused people who want to join our team as a Reliability Maintenance Engineering Technician.
  

  

The focus of the Reliability Maintenance Engineering Technician role is to ensure safety regulations and policies are adhered to, to ensure preventative maintenance is conducted on time to a high standard and to provide high levels of equipment availability through continuous improvement.
  

  

Shift Pattern: This role includes working in non\-traditional shift pattern, which may include nights and weekends  

  

Key job responsibilities  

* Put health \& safety best practices first in all work carried out ensuring compliance with all health \& safety standards and regulations.
* Carry out planned preventative maintenance on the full range of equipment within the site.
* React quickly to breakdowns, communicate clearly with affected parties and work efficiently to fix the issue.
* Support continuous improvement by learning from breakdowns and sending feedback and suggestions for improvements through the line manager.
* Provide high levels of equipment availability to our internal customers.
* Support and learn from Senior Reliability Engineering Technicians.
* Management of contractors.
* Carry out compliance tasks in line with country legislation that do not require specialist intervention.
* On\-site support and responsibility for management and escalation of high severity tickets.
* Management of escalations to specialist subcontractors where required.
* Engineering tasks qualified as basic, standard, advanced and expert (Levels 1\-4\) – Responsibility is for levels 1\-3 for reactive and planned tasks and Level 4 is when specialist is required.
* Control and management of cleaning and waste companies.
* Carry out scheduled/ad hoc audits using online tools (iAuditor, EAM).
* Management of critical spare parts inventory utilizing CMMS system (EAM).
* Work in a hands\-on manner and demonstrate required knowledge on all Material Handling Equipment in the building.

  

Key job responsibilities  

  

Interventi di manutenzione preventiva e a guasto su un’ampia gamma di macchinari in sede.  

  

Eseguire riparazioni di emergenza e diagnosi dei guasti nei magazzini di distribuzione.  

  

Utilizzo di strumenti all’avanguardia per massimizzare l’efficacia dei macchinari.  

  

Conformità a tutte le normative e prassi in materia di salute e sicurezza.
  

  

Favorire lo sviluppo e l’avanzamento di chi partecipa ai programmi di apprendistato nelle nostre sedi.  

  

Sovraintendere a progetti di miglioramento continuo e implementare procedure chiave in una gamma di sedi europee.  

  

A day in the life  

La giornata tipo  

  

I nostri RME Technician operano sul campo, in modo da intervenire prontamente nell’eventualità di problemi ai macchinari. A intervalli prestabiliti, eseguirai una serie di interventi di manutenzione preventiva sui macchinari delle nostre sedi, per assicurarne il corretto funzionamento. In qualità di RME Technician, interverrai prontamente in caso di guasti, investigandone le cause e implementando soluzioni in maniera tempestiva. Inoltre, indicherai possibili miglioramenti a lungo termine da apportare per scongiurare problematiche in futuro.  

Affiancando i colleghi senior, ti occuperai della manutenzione ordinaria, come la tinteggiatura o l’idraulica, con il supporto di professionisti esterni se necessario. Il tuo lavoro sarà organizzato su diversi turni, per assicurare assistenza 24 ore su 24, in modo da consentire ad Amazon di effettuare le consegne con la velocità che ci contraddistingue.
**BASIC QUALIFICATIONS**
------------------------

* Knowledge of statistics or other analytical techniques

**PREFERRED QUALIFICATIONS**
----------------------------

* Experience working cross functionally with tech teams

  

Amazon is an equal opportunities employer. We believe passionately that employing a diverse workforce is central to our success. We make recruiting decisions based on your experience and skills. We value your passion to discover, invent, simplify and build. Protecting your privacy and the security of your data is a longstanding top priority for Amazon. Please consult our Privacy Notice (https://www.amazon.jobs/en/privacy\_page) to know more about how we collect, use and transfer the personal data of our candidates.  

  

Our inclusive culture empowers Amazonians to deliver the best results for our customers. If you have a disability and need a workplace accommodation or adjustment during the application and hiring process, including support for the interview or onboarding process, please visit https://amazon.jobs/content/en/how\-we\-hire/accommodations for more information. If the country/region you’re applying in isn’t listed, please contact your Recruiting Partner.  

La retribuzione lorda iniziale per questa posizione è indicata di seguito. Il pacchetto retributivo di Amazon può includere ulteriori componenti retributive, ove applicabili. Il team di recruiting condividerà lo stipendio finale, in base ai requisiti specifici del ruolo e a eventuali integrazioni retributive applicabili in conformità al CCNL e al livello di inquadramento.


Oltre ai benefici previsti dalla legge e quelli applicabili al CCNL di riferimento, potrebbero essere previsti ulteriori benefici aziendali, soggetti a termini aggiuntivi.


Di seguito la retribuzione lorda iniziale per questa posizione:

  

Fiumicino, ITA \- 38,900\.00 EUR Annually","Internet And Software","https://it.indeed.com/cmp/Amazon.com","https://d2q79iu7y748jz.cloudfront.net/s/_squarelogo/256x256/3e9d43f5c277de169808abdcaf49ba2c","https://www.amazon.jobs","440 Terry Ave N, Seattle, WA, United States, Washington","10,000+","more than $10B (USD)","Our mission is to be Earth's most customer-centric company.","","","","","","","qualified person"
"in-07ec7b6b9a9f6d9d","indeed","https://it.indeed.com/viewjob?jk=07ec7b6b9a9f6d9d","http://it.indeed.com/job/meccanico-qualificato-07ec7b6b9a9f6d9d","Meccanico qualificato","","Roma, LAZ, IT","2026-09-08","fulltime","","","","","",False,"","","","","**​MECCANICO MECCATRONICO ESPERTO (ALMENO 10 ANNI DI ESPERIENZA) – RICERCA CON CARATTERE DI ESTREMA URGENZA**

​ADACARS, azienda operante nel settore automotive con consolidata esperienza nella vendita di autoveicoli, ricerca con disponibilità e inserimento immediati un Meccanico / Meccatronico Senior da inserire presso la propria officina a Roma, zona Tiburtina.

​Stiamo cercando una figura professionale completa, altamente qualificata e con ampia autonomia, in grado di guidare gli interventi operativi dell'officina e di assumere un ruolo di responsabilità e riferimento.

La risorsa sarà affiancata e supportata da un altro meccanico nel lavoro quotidiano, potendo contare su un valido sostegno di squadra. ​

Siamo una realtà altamente meritocratica e in forte espansione: valorizziamo concretamente l'impegno, le competenze e i risultati, offrendo reali prospettive di crescita e di sviluppo professionale di pari passo con la crescita e il futuro ampliamento dell'azienda.

**​Requisiti necessari**: ​

* Esperienza consolidata di almeno 10 anni nel settore delle riparazioni meccatroniche ed elettrauto; ​
* Padronanza completa dell'uso di strumenti di diagnosi elettronica (in particolare conoscenza ed utilizzo dei sistemi Texa); ​
* Competenze ed esperienza diretta nel servizio pneumatici (smontaggio, rimontaggio, equilibratura e sostituzione gomme); ​
* Solida preparazione in materia di elettrauto ed elettronica dell'automobile; ​
* Elevata autonomia organizzativa, precisione, affidabilità e capacità di gestione dei carichi di lavoro. ​

**Mansioni principali: ​**

* Esecuzione autonoma di interventi di meccanica complessa, manutenzione ordinaria e straordinaria;
* ​Diagnosi elettronica e ricerca guasti tramite strumentazione Texa; ​
* Gestione completa del servizio pneumatici (smontaggio/rimontaggio e manutenzione); ​
* Gestione e coordinamento operativo delle lavorazioni in affiancamento con il secondo meccanico; ​
* Collaborazione diretta con la direzione ed il Responsabile Tecnico per l'ottimizzazione del flusso dell'officina**. ​**

**Offriamo:** 

* **​**Contratto full\-time con inserimento immediato; ​
* Retribuzione di sicuro interesse, commisurata all'elevata esperienza e commisurata al merito; ​
* Ruolo di responsabilità all'interno di un'azienda meritocratica, solida e in forte crescita; ​
* ​Concrete opportunità di sviluppo professionale legate all'espansione dell'attività. ​

**La ricerca ha carattere di ESTREMA URGENZA. È richiesta disponibilità immediata. ​Sede di lavoro: Roma – Zona Tiburtina**

Retribuzione: €1\.400,00 \- €2\.000,00 al mese

Domande di preselezione:

* SEI IN POSSESSO DI PATENTE B?

Esperienza:

* MECCATRONICO: 10 anni (Preferenziale)

Abilitazione/Certificazione:

* DIPLOMA O LAUREA MECCATRONICA (Preferenziale)

Sede di lavoro: Di persona","","https://it.indeed.comNone","","","","","","","","","","","","","persona qualificata"
"in-c23985e679ac558d","indeed","https://it.indeed.com/viewjob?jk=c23985e679ac558d","http://it.indeed.com/job/educatore-operatore-con-esperienza-nellautismo-roma-rm-c23985e679ac558d","Educatore/ Operatore con esperienza nell'autismo - Roma (RM)","Sitterabile","Roma, LAZ, IT","2026-09-08","","","","","","",False,"","","","","**Sitterabile cerca un educatore, operatore socio\-educativo o professionista con esperienza nell’autismo** per una collaborazione occasionale a **Roma, zona Labaro**, il **10 ottobre 2026**.

La ricerca è rivolta a una persona **referenziata e con esperienza concreta nella gestione di adolescenti con autismo**, capace di instaurare una relazione positiva e di accompagnare il ragazzino nelle attività della giornata.

La persona da affiancare

Si tratta di un **adolescente** **di 16 anni con autismo ad alto funzionamento**, verbale e autonomo nelle attività di base.

Presenta alcune **difficoltà nell'area relazionale** e può manifestare comportamenti problema. È quindi importante che l'operatore sappia mantenere calma e autorevolezza, senza farsi intimorire, utilizzando un approccio empatico e rispettoso.

**Mansioni**

L'intervento prevede principalmente:

* supervisione e affiancamento dell'utente durante la giornata;
* instaurazione di una relazione positiva e di fiducia;
* supporto nella gestione delle difficoltà relazionali;
* gestione di eventuali comportamenti problema;
* stimolo alla partecipazione ad attività all'aperto;
* proposta di attività coerenti con i suoi interessi, favorendo il coinvolgimento e l'autonomia.

Non si tratta semplicemente di una presenza di sorveglianza: cerchiamo una persona **dinamica, capace di coinvolgere l'utente e di favorire una giornata piacevole e strutturata**.

**Requisiti**

È richiesta:

* **esperienza concreta con persone con autismo**, preferibilmente adolescenti;
* esperienza nell'ambito della **disabilità**;
* capacità di gestione di eventuali comportamenti problema;
* buone capacità relazionali e comunicative;
* approccio **empatico, paziente e autorevole**;
* capacità di proporre e svolgere attività con l'utente ;
* affidabilità e puntualità;
* disponibilità a fornire referenze.

Saranno valutati positivamente **educatori professionali, operatori socio\-educativi, OSS, terapisti o altri professionisti** con esperienza specifica nell'autismo.

Dettagli della collaborazione

**Data:** 10 ottobre 2026  
**Luogo:** Roma, zona Labaro  
**Orario:** dalle 9:00 alle alla mezzanotte oppure con pernotto fino alle 10:00 del giorno dopo

**Tipologia:** collaborazione occasionale  
**Compenso:** da concordare in base all'esperienza, alla formazione e alle competenze del professionista  
**Partita IVA:** si valutano anche professionisti con P.IVA.

***Entra nella rete Sitterabile***

La collaborazione del 10 ottobre può rappresentare anche un'opportunità per **entrare nella rete di professionisti Sitterabile**.

Sitterabile mette in relazione famiglie e professionisti qualificati nell'ambito della disabilità. Cerchiamo operatori con cui poter costruire **collaborazioni anche future**, in base alle richieste delle famiglie presenti sulla piattaforma.

Se hai **esperienza nell'autismo**, lavori con adolescenti con disabilità e pensi di avere le competenze adatte a questo intervento, **inviaci la tua candidatura** indicando il tuo ruolo professionale, la tua esperienza con l'autismo e le tue eventuali disponibilità.

""Il presente annuncio è **rivolto ad entrambi i sessi**, ai sensi delle leggi 903/77 e 125/91, **e a persone di tutte le età e tutte le nazionalità**, ai sensi dei decreti legislativi 215/03 e 216/03″

Retribuzione: a partire da €15,00 all'ora

Domande di preselezione:

* Scrivi una breve presentazione di te e motiva perché dovremmo sceglierti: (Questa è la parte più importante tra tutte le domande)
* Qual è il tuo Comune di residenza?
* Quanto tempo di esperienza hai nell'autismo?
* Saresti disponibile per il pernottamento in una stanza separata?

Sede di lavoro: Di persona","","https://it.indeed.com/cmp/Sitterabile","https://d2q79iu7y748jz.cloudfront.net/s/_squarelogo/256x256/3a692239b2d860b0b26b8ebe1ae71fcb","https://www.sitterabile.it/","","","","Il Nostro Impegno: Semplificare la quotidianità e offrire momenti di sollievo dai compiti di cura ai genitori di bambini con disabilità","","","","","","","persona qualificata"
"in-aa994581068b8dc3","indeed","https://it.indeed.com/viewjob?jk=aa994581068b8dc3","https://fa-evkm-saasfaprod1.fa.ocs.oraclecloud.com/hcmUI/CandidateExperience/en/sites/CX_1004/requisitions/preview/33887","JUNIOR CYBER INTELLIGENCE ANALYST","Eni Spa","Roma, LAZ, IT","2026-09-07","","","","","","",False,"","","","","**Cosa vuoi fare DI grande?**

Potrai entrare a far parte di una global energy tech company che, impegnata nello sviluppo delle nuove energie e di soluzioni per la decarbonizzazione, punta sulle competenze e sulla crescita delle persone, investendo nella ricerca di soluzioni tecnologiche innovative.  



**Immagina il tuo lavoro:**

Come **Junior Cyber Intelligence Analyst** , entrerai a far parte della funzione **Security.** Il tuo team , a diretto riporto del Responsabile dell’unità Cyber Intelligence, segue le attività di monitoraggio, raccolta, classificazione e analisi preliminare delle informazioni relative a minacce cyber, vulnerabilità, campagne malevole ed esposizioni digitali di interesse Eni.  



**Attività principali:**

* Supportare l’attività di monitoraggio dell’esposizione digitale dell’organizzazione tramite l’utilizzo del ciclo dell’intelligence, utilizzando canali specialistici e qualificati, fonti tecniche e, ove previsto, deep/dark web, contribuendo all’identificazione di eventi e segnali di minaccia rilevanti
* Raccogliere, normalizzare e classificare informazioni e indicatori, curando l’aggiornamento della knowledge base e della documentazione operativa
* Contribuire alla predisposizione di alert, report sintetici e dashboard informative per interlocutori tecnici e operativi
* Supportare l’analisi, anche attraverso l’interpretazione, la lettura e l’esplorazione di log di sicurezza/sistema/audit, di fenomeni quali intrusioni/incidenti, phishing, brand abuse, data leakage, compromissione di credenziali, esposizione digitale e minacce rivolte ad asset, persone e terze parti
* Collaborare con le strutture interne coinvolte nella sicurezza informatica, fornendo elementi di contesto utili alla qualificazione degli eventi e alla prioritizzazione delle attività
* Partecipare ad attività di ricerca su trend di minaccia, vulnerabilità emergenti e scenari cyber rilevanti per il settore energia e infrastrutture critiche
* Supportare iniziative di miglioramento continuo di processi, strumenti, tassonomie e use case di cyber intelligence

**Caratteristiche richieste:**

* Laurea magistrale in discipline tecnico\-scientifiche, informatiche, ingegneristiche, economico\-gestionali o affini alla cybersecurity, intelligence o risk management. Potranno essere presi in considerazione titoli di studio differenti, anche inferiori, a fronte di attività professionalizzanti/corsi/prime esperienze nel settore della cybersecurity, cyber intelligence, SOC, OSINT, analisi dati o sicurezza delle informazioni
* Esperienza di massimo 3 anni
* Conoscenza di base dei principali concetti di cybersecurity, cyber threat intelligence, indicatori di compromissione, TTP e framework MITRE ATT\&CK
* Conoscenza, anche accademica, di metodologie di analisi strutturata e valutazione delle fonti informative
* Conoscenza di base di metodologie OSINT e capacità di ricerca, verifica e sintesi delle informazioni provenienti da fonti eterogenee
* Conoscenza di base delle principali normative e framework di riferimento cyber, incluse NIS2, Perimetro di Sicurezza Nazionale Cibernetica e modelli di governance della sicurezza
* Capacità di correlare informazioni provenienti da fonti aperte, fonti tecniche e contesto organizzativo per produrre valutazioni analitiche e supportare i processi decisionali
* Buona conoscenza della lingua inglese scritta e parlata

**Completano il profilo:**

* Curiosità investigativa, precisione, riservatezza, spirito di collaborazione, orientamento all’apprendimento e buone capacità di comunicazione scritta
* Buona padronanza degli strumenti di produttività individuale e capacità di produrre documentazione chiara, ordinata e tracciabile
* Conoscenza di ulteriori lingue oltre italiano e inglese

**Sede:**  

Roma  

  

  



Promuoviamo forme flessibili di lavoro, offrendo opzioni di smart working ed orari flessibili al fine di sostenere il maggior equilibrio tra vita professionale e personale. (ove applicabile)  



**Proponiamo:**

* Contratto di lavoro a tempo indeterminato / apprendistato professionalizzante
* Il nostro contratto collettivo nazionale di lavoro di riferimento è il CCNL Energia e Petrolio
* Proponiamo una retribuzione annua lorda iniziale compresa tra 43\.000€ e 46\.000€
* In caso di contratto di apprendistato professionalizzante, sarà applicata la percentualizzazione sulla retribuzione prevista dal CCNL
* L’offerta finale sarà formulata in coerenza con l’esperienza professionale, le competenze tecniche e trasversali possedute dalla risorsa funzionali per il ruolo e apprezzabili per l’azienda
* Sistema di reward e programma articolato di benefits e iniziative di welfare in ambito sanitario, previdenziale, di supporto al reddito e per la conciliazione vita\-lavoro

Scopri di più: **link welfare*** Ambiente di lavoro in cui ogni risorsa possa sentirsi riconosciuta e apprezzata nella propria unicità

Le candidature ritenute di maggior interesse saranno contattate per le fasi successive.


Per informazioni sul processo di selezione e consigli utili puoi cliccare **qui** .  



**Chi siamo**

Eni è una società integrata lungo l’intera catena del valore e impegnata con azioni concrete a fornire energia sempre più sicura, diversificata e a emissioni progressivamente ridotte.


Il modello di business punta alla creazione di **valore di lungo termine** per tutti gli stakeholder.


Le nostre persone sono il motore di questa strategia, il cui talento, know\-how e impegno guidano una crescita costante e trasformano la nostra visione in progressi concreti.  



\#LI\-ECU \#LI\-Hybrid","","https://it.indeed.com/cmp/Eni-Spa","https://d2q79iu7y748jz.cloudfront.net/s/_squarelogo/256x256/4ffb2541a0d8e4aac8b4bcd4cc66616d","","","","","","","","","","","","persona qualificata"
"in-e4f33006b4b14016","indeed","https://it.indeed.com/viewjob?jk=e4f33006b4b14016","https://inrecruiting.intervieweb.it/annunci.php?l=credit-advisor-terni-726707&lang=it&d=indeed&LAC=signorprestito","Credit Advisor Terni","SIGNORPRESTITO SPA","Terni, UMB, IT","2026-09-07","","","","","","",False,"","","","","* In SignorPrestito mettiamo le persone al centro. Siamo un punto di riferimento nel settore del credito; specializzati in soluzioni finanziarie su misura come la Cessione del Quinto e i Prestiti Personali, lavoriamo ogni giorno con trasparenza e professionalità per realizzare i progetti concreti dei nostri clienti.

  

Far parte di SignorPrestito significa entrare in **un’azienda solida e dinamica** che investe costantemente nella crescita delle proprie persone. Supportiamo lo sviluppo delle competenze tecniche e relazionali di ogni collaboratore, perché crediamo che **la qualità del nostro servizio nasca dal valore di chi ne fa parte**.

  

Qui, **ogni talento ha l'opportunità di fare la differenza** in un contesto innovativo e in forte espansione.

  

  

**Posizione:**
--------------

**Il ruolo**


Entrerai a far parte di un ufficio commerciale e consulenziale, dove il tuo lavoro si concentrerà su:

* Analisi del fabbisogno del cliente e consulenza finanziaria personalizzata
* Presentazione di soluzioni di finanziamento su misura: prestiti personali, cessione del quinto, finanziamenti, rinegoziazione e consolidamento debiti
* Gestione pratiche di finanziamento dalla proposta alla liquidazione
* Sviluppo e gestione del portafoglio clienti
* Trasformazione di lead qualificati e di portafoglio, forniti dall'azienda, in contratti liquidati
* Non è prevista ricerca a freddo di clienti, i contatti sono forniti dall'azienda

 **Cosa offriamo**

* Academy Certificata – 8 settimane retribuite: le prime 2 presso la tua filiale, le successive 6 in sede a Verona con vitto e alloggio a carico dell'azienda
* Contratto \- CCNL Commercio Conflavoro Terziario e Servizi.
* Lead generation attiva – portafoglio clienti operativo da subito
* Istruttoria pratiche a supporto
* Percorso di crescita concreto nel settore della consulenza finanziaria e commerciale
* Fascia retributiva annuale: 23\.500€ \- 25\.000€ \+ Sistema Premiante bonus individuali mensili, trimestrali e annuali, correlati al raggiungimento di obiettivi quantitativi e qualitativi, oltre a campagne incentivanti e contest periodici con ulteriori riconoscimenti economici

 **Iter di selezione**


Sono previsti 3 colloqui:

* 2 online su piattaforma Zoom con il Team Hr
* 1 in presenza presso la filiale con il Direttore Commerciale

**Requisiti:**
--------------

**Il profilo che cerchiamo**

  

* Preferenziale: esperienza pregressa come consulente del credito, consulente finanziario o in ambito bancario o in ambito assicurativo
* Esperienza consolidata in ambito commerciale o sales: assicurativo, immobiliare, telecomunicazioni, finanziario, vendita diretta
* Diploma di maturità (requisito di legge)
* Eccellenti doti comunicative e capacità di negoziazione
* Orientamento al risultato e perseveranza nella gestione degli obiettivi

  

Benefit: Formazione sul lavoro, Formazione retribuita, Supporto allo sviluppo professionale, Opportunità di crescita professionale, Sconti o convenzioni aziendali esclusive, Programma di riconoscimenti e premi, Eventi aziendali / Attività di team building, Gadget aziendali / Kit di benvenuto","","https://it.indeed.com/cmp/Signorprestito-Spa","https://d2q79iu7y748jz.cloudfront.net/s/_squarelogo/256x256/53d614e300c073042f44a26ec0463c6e","http://www.signorprestito.it","Verona","201 to 500","Decline to state","Ambizione, professionalità, preparazione. Queste sono le caratteristiche che rendono unico il nostro team. L’obiettivo è crescere insieme.","","","","","","","persona qualificata"
"in-7e84cecf59b57990","indeed","https://it.indeed.com/viewjob?jk=7e84cecf59b57990","https://app.ncoreplat.com/jobposition/810716/beauty-advisor-viterbo-it/douglas-italia-spa","Beauty Advisor - Viterbo","DOUGLAS","Viterbo, LAZ, IT","2026-09-07","","","","","","",False,"","","","","**Costruisci il tuo futuro con noi**


Il Gruppo Douglas, con oltre 2000 profumerie in 19 paesi europei, è il retailer di riferimento nel mondo della profumeria selettiva. Alla base della crescita e della continua espansione del gruppo ci sono 20\.000 collaboratori qualificati e motivati che amano prendersi cura dei clienti, un assortimento con più di 160\.000 prodotti di bellezza e lifestyle ed un e\-commerce all'avanguardia.


Douglas ispira a vivere la propria **unicità**: la nostra mission è incoraggiare i nostri clienti ad **amarsi** e a celebrare la loro **bellezza** anche attraverso le proprie azioni nel mondo.


Le persone sono il nostro core, ci differenziano e sono l’anima di Douglas.


**Uniti**, rappresentiamo una società **inclusiva**, **diversificata** e **paritaria**. Lavoriamo insieme per un mondo in cui tutti si sentono **visti**, **ascoltati** e **valorizzati**.

Perché in Douglas ognuno di noi è unico: celebriamo **l'individualità**!


Per il nostro punto vendita di **Viterbo**, siamo alla ricerca di un/a **Beauty Avdisor:**


**OVERVIEW DEL TUO RUOLO**

* Accogliere, assistere e supportare la clientela durante la fase di acquisto;
* Fornire consulenze personalizzate al fine di garantire il pieno soddisfacimento delle esigenze della clientela;
* Collaborare attivamente con il team al fine di raggiungere gli obiettivi qualitativi e quantitativi prestabiliti dall’Azienda;
* Collaborare con il team per garantire l’allestimento dello store secondo le linee guida definite dai diversi Dipartimenti preposti (Marketing, Visual Merchandising...);
* Gestire e assicurare un’efficiente organizzazione del magazzino.

**IL TUO VALORE AGGIUNTO**


* Hai una precedente esperienza di vendita nel settore beauty e hai orientamento commerciale;
* Hai una conoscenza approfondita delle tecniche di make\-up;
* Sei disponibile a lavorare su turni, anche sabato o domenica;
* Ti piace lavorare in un contesto dinamico e hai un forte spirito di iniziativa, curiosità e self motivation;
* Hai ottime capacità relazionali, predisposizione al problem solving e al lavoro in team.

**PERCHÉ UNIRTI A NOI?**


* Perché aiutiamo i nostri clienti a vivere la loro bellezza in modo divertente e innovativo
* Perché offriamo un percorso formativo completo (on the job, digital e in class) per accompagnare la tua crescita professionale
* Perché vivrai in un ambiente stimolante, dinamico, anticipatore dei trend
* Perché hai la possibilità di entrare in un’Azienda multinazionale leader in Europa

**Pacchetto retributivo:**


* RAL compresa tra € 23\.000,00 e € 25\.000,00 ccnl Distribuzione Moderna Organizzata, artt. 97 e seguenti.


La retribuzione sarà riproporzionata sulla base dell'orario contrattuale.


* Sistema welfare


* Scontistica per i dipendenti e iniziative di well\-being


**È quello che stai cercando?**


Invia la tua candidatura, non vediamo l’ora di conoscerti!","","https://it.indeed.com/cmp/Douglas-b75307c8","https://d2q79iu7y748jz.cloudfront.net/s/_squarelogo/256x256/0c85ff2ab29127fa6731649f5a8a4731","","","Decline to state","Decline to state","Douglas, der führende europäische Premium-Beauty-Händler","","","","","","","persona qualificata"
"in-5bc9c14e2662b021","indeed","https://it.indeed.com/viewjob?jk=5bc9c14e2662b021","http://it.indeed.com/job/tecnico-diagnostico-meccatronico-automotive-5bc9c14e2662b021","Tecnico Diagnostico / Meccatronico Automotive","R-TRUCKS SRL","Aprilia, LAZ, IT","2026-09-07","fulltime","","","","","",False,"","","","","***Officina autorizzata Fiat Professional***, operante nel settore della manutenzione e riparazione di veicoli, per ampliamento del proprio organico ricerca un ***Tecnico Diagnostico / Meccatronico Automotive*** da inserire stabilmente all’interno della propria squadra.

Cerchiamo una persona qualificata, motivata e orientata alla qualità, con passione per il mondo automotive e desiderosa di crescere professionalmente in un ambiente strutturato e in continua evoluzione.

La risorsa si occuperà di:

\* Eseguire interventi di ***manutenzione ordinaria e straordinaria*** su autoveicoli e veicoli commerciali.

\* Effettuare ***diagnosi meccaniche, elettroniche ed elettriche*** attraverso strumenti diagnostici professionali.

\* Individuare e ***risolvere guasti con precisione,*** metodo e autonomia.

\* Eseguire interventi nel ***rispetto degli standard qualitativi*** e delle procedure previste.

\* ***Utilizzare attrezzature, strumenti diagnostici e software professionali.***

\* Gestire le lavorazioni assegnate ***rispettando tempi e priorità.***

\****Collaborare con il team dell’officina*** per garantire un servizio efficiente e un elevato livello di soddisfazione del cliente.

\* ***Partecipare a percorsi di formazione e aggiornamento tecnico.***

Requisiti richiesti:

\* ***Esperienza pregressa nel ruolo di Meccanico Meccatronico / Tecnico Diagnostico Automotive.***

\* Buona ***dimestichezza nell’utilizzo di strumenti diagnostici*** e software dedicati.

\* Buona capacità di ***individuazione e risoluzione dei guasti***.

\* ***Autonomia*** nell’organizzazione ***del proprio lavoro***.

\* ***Precisione, affidabilità*** e senso di responsabilità.

\* ***Predisposizione al lavoro di squadra.***

\* ***Disponibilità alla formazione*** e all’aggiornamento professionale.

Cosa offriamo:

\****Inserimento stabile*** all’interno dell’organico.

\* ***Ambiente di lavoro professionale*** e dinamico.

\****Formazione e aggiornamento tecnico continuo***.

\* ***Possibilità di crescita*** professionale e di sviluppo delle proprie competenze.

\* ***Contratto e retribuzione commisurati*** all’esperienza e alle competenze del candidato.

Orario di lavoro

***Full\-time***

***Inviare candidature a: info@r\-trucks.it***

Retribuzione: a partire da €1\.500,00 al mese

Benefit:

* Parcheggio libero

Sede di lavoro: Di persona","","https://it.indeed.com/cmp/R--trucks-Srl","","","","","","","","","","","","","persona qualificata"
"in-054f6330d77f2341","indeed","https://it.indeed.com/viewjob?jk=054f6330d77f2341","http://it.indeed.com/job/fabbro-serramentista-054f6330d77f2341","FABBRO SERRAMENTISTA","Orvi Industrie Srl","Roma, LAZ, IT","2026-09-05","fulltime","","","","","",False,"","","","","**Orvi Industrie**, un'azienda leader nel settore dei serramenti a Roma, è alla ricerca di una nuova **figura di Fabbro Serramentista** da poter integrare all'interno del proprio organico. Se sei un professionista qualificato nel settore e sei interessato al nostro annuncio, ti invitiamo a candidarti per questa opportunità.

**COSA CERCHIAMO**

* Capacità di leggere e interpretare disegni tecnici
* Precisione e attenzione ai dettagli
* Capacità di lavorare in team
* Abilità nell'organizzazione lavorativa
* Attitudine al lavoro in team ed al focus aziendale
* Problem solving

**COSA OFFRIAMO**

* Ambiente di lavoro stimolante e collaborativo
* Assunzione con contratto full time a tempo indeterminato
* Rapporto di lavoro stabile e continuativo
* Crescita professionale
* Formazione ed affiancamento costante

Se in linea con quanto sopra descritto, vi invitiamo ad inoltrarci il vostro curriculum aggiornato tramite email o contattarci allo 06\.7222\.114

Contratto di lavoro: Tempo pieno

Retribuzione: a partire da €1\.400,00 al mese

Benefit:

* Parcheggio libero
* Supporto allo sviluppo professionale

Esperienza:

* fabbro: 2 anni (Obbligatorio)

Sede di lavoro: Di persona","","https://it.indeed.com/cmp/Orvi-Industrie-Srl","","","","","","","","","","","","","persona qualificata"
"in-63a479198d2c4cb9","indeed","https://it.indeed.com/viewjob?jk=63a479198d2c4cb9","https://careers.amaris.com/jobs/45009","QA Automation Engineer","Amaris Consulting","Roma, LAZ, IT","2026-09-04","","","","","","",False,"","","","","Vuoi iniziare una nuova avventura professionale come **QA Automation Engineer** in una delle nostre opportunità nel settore **Defense \& Cybersecurity** a **Roma**?


**Cosa farai?**


* Ti occuperai della **progettazione, sviluppo e manutenzione di test automatici** su applicazioni software complesse.
* Svilupperai e manterrai **script di test in Python**, utilizzando framework e strumenti di test automation.
* Eseguirai attività di **functional testing, regression testing, integration testing ed end\-to\-end testing**.
* Ti occuperai dell’esecuzione di **smoke test, acceptance test e bug re\-testing**.
* Analizzerai i risultati dei test, identificando anomalie e supportando le attività di **defect management**.
* Contribuirai alle attività di **Test Management, Release Management e Quality Assurance**.
* Utilizzerai strumenti dedicati alla gestione dei test, dei bug e del ciclo di vita del software.

✍️ **Cosa richiediamo?**


* Buona/ottima conoscenza di **Python**.
* Esperienza nello sviluppo di **test automatici**.
* Esperienza con **Pytest** e/o **Selenium**.
* Conoscenza dei principali processi e metodologie di **Software Testing e Quality Assurance**.
* Esperienza o familiarità con strumenti di **CI/CD**, quali **Jenkins, Git, SonarQube, JFrog e Terraform**.
* Conoscenza di strumenti di **Test e Defect Management**, come **TestRail, YouTrack e/o Jira**.
* Conoscenza di base di sistemi **Unix/Linux e Windows**.
* Familiarità con tecnologie di containerizzazione e orchestrazione, in particolare **Docker e Kubernetes**.
* Familiarità con ambienti **Cloud**, preferibilmente **Microsoft Azure**.
* Ottima conoscenza della lingua italiana.
* Disponibilità a lavorare in modalità **ibrida** (3 giorni in sede e 2 giorni in smart working).

✨ **Che cosa offriamo?**


* Una comunità internazionale che riunisce oltre 110 nazionalità diverse.
* Un ambiente in cui la fiducia è centrale e la crescita interna è valorizzata.
* Un solido sistema di formazione con Academy interna e moduli disponibili.
* Un ambiente di lavoro dinamico con eventi interni (afterwork, team building, ecc.).
* Un forte impegno verso benessere e work\-life balance.

*Benefici locali in Italia:*


* Buoni pasto.
* Programma di welfare con sconti e vantaggi per le persone dipendenti.
* Opzioni di lavoro flessibili secondo policy aziendale.
* Assicurazione sanitaria e programmi di benessere, ove applicabili.

**Remunerazione e trasparenza**


* Gross Annual Salary Range / RAL iniziale fissa: **EUR 26,000\.00 – EUR 40,000\.00**
* CCNL del Commercio.
* La fascia retributiva è definita secondo criteri oggettivi e neutri rispetto al genere.
* Componente variabile: eventuali premi discrezionali non garantiti non inclusi nella RAL indicata.
* Durante il processo di selezione non chiederemo informazioni sulla tua retribuzione attuale o precedente.

*Le nostre fasce retributive sono volutamente ampie, perché cerchiamo persone di talento, non “profili standard”. Uno stesso ruolo può attrarre candidature molto diverse tra loro, e crediamo sia importante lasciare spazio a questa varietà. La collocazione all’interno della fascia dipenderà dalla tua esperienza specifica, dalle tue competenze e da ciò che potrai portare nel ruolo.*

  

**La persona ideale si riconosce in questi valori:**


**Boldness:** il nostro spirito di avventura imprenditoriale è ciò che ci unisce tutti e ci porta al successo.


**Trust:** la fiducia è il fondamento di tutte le relazioni e ci consente di promuovere libertà di espressione, creatività e innovazione.


**Performance:** questo si traduce in un desiderio costante di andare avanti e non smettere mai di chiedere di più a noi stessi.


**Commitment:** non ci limitiamo a rispettare i nostri impegni e lavoriamo duramente per ottenere grandi risultati.


**Independence:** Amaris Consulting appartiene a chi l'ha creata e a chi la sviluppa ogni giorno.


Candidandoti per questa posizione, potresti avere l'opportunità di entrare a far parte di un'azienda che supporta i propri partner nei settori Automotive \& Motorsport, Avionic \& Aerospace, Difesa, Railway, Industrial, Domotica e Robotica, con attività di ingegneria meccanica ed elettronica nelle aree Development \& Design, Testing \& Validation, System Engineering, R\&D e Project Management.


**Diversità e Inclusione**


Amaris Consulting promuove pari opportunità e valuta le candidature sulla base di competenze, esperienza e potenziale. Accogliamo candidature qualificate senza discriminazioni legate a genere, identità o espressione di genere, orientamento sessuale, origine etnica, nazionalità, religione o convinzioni personali, età, disabilità, stato civile o familiare, o altre caratteristiche protette.


**Who are we?**
---------------


**Amaris Consulting** is an independent technology consulting firm providing guidance and solutions to businesses. With more than 1000 clients across the globe, we have been rolling out solutions in major projects for over a decade – this is made possible by an international team of 7,600 people spread across 5 continents and more than 60 countries. Our solutions focus on four different Business Lines: Information System \& Digital, Telecom, Life Sciences and Engineering. We’re focused on building and nurturing a top talent community where all our team members can achieve their full potential. Amaris is your steppingstone to cross rivers of change, meet challenges and achieve all your projects with success.
  

  

At Amaris, we strive to provide our candidates with the best possible recruitment experience. We like to get to know our candidates, challenge them, and be able to give them proper feedback as quickly as possible. Here's what our recruitment process looks like:
  

  

**Brief Call**: Our process typically begins with a brief virtual/phone conversation to get to know you! The objective? Learn about you, understand your motivations, and make sure we have the right job for you!
  

  

**Interviews** (the average number of interviews is 3 \- the number may vary depending on the level of seniority required for the position). During the interviews, you will meet people from our team: your line manager of course, but also other people related to your future role. We will talk in depth about you, your experience, and skills, but also about the position and what will be expected of you. Of course, you will also get to know Amaris: our culture, our roots, our teams, and your career opportunities!
  

  

**Case study**: Depending on the position, we may ask you to take a test. This could be a role play, a technical assessment, a problem\-solving scenario, etc.
  

  

As you know, every person is different and so is every role in a company. That is why we have to adapt accordingly, and the process may differ slightly at times. However, please know that we always put ourselves in the candidate's shoes to ensure they have the best possible experience.
  

We look forward to meeting you!","Consulting And Business Services","https://it.indeed.com/cmp/Amaris-Consulting","https://d2q79iu7y748jz.cloudfront.net/s/_squarelogo/256x256/556f3b571e9908371ecfe5855cdc6581","https://amaris.com/","Geneva, Switzerland ","5,001 to 10,000","$500M to $1B (USD)","Amaris Consulting is an independent technology consulting firm providing guidance and solutions to businesses. It gathers more than 7,500 people across 5 continents and more than 60 countries.","","","","","","","persona qualificata"
"in-6fc2644e2df31280","indeed","https://it.indeed.com/viewjob?jk=6fc2644e2df31280","https://careers.amaris.com/jobs/45007","Head of Platform Engineer_CY4GATE","Amaris Consulting","Roma, LAZ, IT","2026-09-04","","","","","","",False,"","","","","Vuoi iniziare una nuova avventura professionale come **Head of Platform Engineer** in una delle nostre opportunità nel settore **Defense \& Cybersecurity** a **Roma**?


Cerchiamo una figura senior che possa guidare il team di Platform Engineering, contribuendo alla progettazione, evoluzione e gestione delle piattaforme tecnologiche a supporto dello sviluppo software.


**Cosa farai?**


* Guiderai e svilupperai il **team di Platform Engineering**, favorendo crescita professionale, collaborazione e condivisione delle competenze.
* Definirai e gestirai la **roadmap evolutiva delle piattaforme tecnologiche**, in linea con le esigenze dei team di sviluppo e con gli indirizzi tecnologici aziendali.
* Contribuirai alla definizione e diffusione di standard e best practice in ambito **Engineering, DevOps, MLOps, Secure SDLC e Infrastructure as Code**.
* Gestirai e farai evolvere le piattaforme **CI/CD** e le infrastrutture **private e public cloud**, assicurandone integrazione, automazione e manutenibilità.
* Collaborerai con i team **Development, Security e Operations** per assicurare una corretta integrazione tra piattaforme, applicazioni e processi.
* Coordinerai la definizione e il mantenimento della **documentazione tecnica e degli standard operativi**.
* Supporterai la crescita dei team attraverso attività di **coaching, mentoring e condivisione delle best practice**.

✍️ **Cosa richiediamo?**


* Almeno **8 anni di esperienza** in ambito **Platform Engineering, DevOps, Cloud Engineering** o ruoli equivalenti.
* Almeno **2 anni di esperienza nella gestione e nel coordinamento di team tecnici**.
* Solida esperienza nella progettazione e gestione di piattaforme tecnologiche a supporto dello **sviluppo software**.
* Esperienza nella definizione di **roadmap tecnologiche** e nella gestione di iniziative trasversali.
* Ottima conoscenza delle pratiche **DevOps, GitOps, automazione dei processi e self\-service engineering**.
* Esperienza nella progettazione e implementazione di pipeline **CI/CD** e relativi toolchain, come **Jenkins, GitLab CI, Azure DevOps e ArgoCD**.
* Esperienza con piattaforme **Public Cloud**, come **Azure, AWS o GCP**, e con ambienti **Private Cloud**.
* Esperienza con architetture **cloud\-native**, containerizzazione e orchestrazione tramite **Kubernetes**.
* Esperienza con strumenti di **Infrastructure as Code e Configuration Management**, in particolare **Terraform e Ansible**.
* Esperienza nell'integrazione di pratiche **DevSecOps**, con familiarità con approcci e strumenti quali **SAST, SCA, DAST, Vulnerability Assessment e Security Testing automatizzato**.
* Conoscenza di linguaggi di sviluppo come **Java, Python o Go**, sufficiente a collaborare efficacemente con i team software.
* Ottima conoscenza della lingua italiana.
* Disponibilità a lavorare in modalità **ibrida** (3 giorni in sede e 2 giorni in smart working).

✨ **Che cosa offriamo?**


* Una comunità internazionale che riunisce oltre 110 nazionalità diverse.
* Un ambiente in cui la fiducia è centrale e la crescita interna è valorizzata.
* Un solido sistema di formazione con Academy interna e moduli disponibili.
* Un ambiente di lavoro dinamico con eventi interni (afterwork, team building, ecc.).
* Un forte impegno verso benessere e work\-life balance.

*Benefici locali in Italia:*


* Buoni pasto.
* Programma di welfare con sconti e vantaggi per le persone dipendenti.
* Opzioni di lavoro flessibili secondo policy aziendale.
* Assicurazione sanitaria e programmi di benessere, ove applicabili.

**Remunerazione e trasparenza**


* Gross Annual Salary Range / RAL iniziale fissa: **EUR 26,000\.00 – EUR 50,000\.00**
* CCNL del Commercio.
* La fascia retributiva è definita secondo criteri oggettivi e neutri rispetto al genere.
* Componente variabile: eventuali premi discrezionali non garantiti non inclusi nella RAL indicata.
* Durante il processo di selezione non chiederemo informazioni sulla tua retribuzione attuale o precedente.

*Le nostre fasce retributive sono volutamente ampie, perché cerchiamo persone di talento, non “profili standard”. Uno stesso ruolo può attrarre candidature molto diverse tra loro, e crediamo sia importante lasciare spazio a questa varietà. La collocazione all’interno della fascia dipenderà dalla tua esperienza specifica, dalle tue competenze e da ciò che potrai portare nel ruolo.*

  

**La persona ideale si riconosce in questi valori:**


**Boldness:** il nostro spirito di avventura imprenditoriale è ciò che ci unisce tutti e ci porta al successo.


**Trust:** la fiducia è il fondamento di tutte le relazioni e ci consente di promuovere libertà di espressione, creatività e innovazione.


**Performance:** questo si traduce in un desiderio costante di andare avanti e non smettere mai di chiedere di più a noi stessi.


**Commitment:** non ci limitiamo a rispettare i nostri impegni e lavoriamo duramente per ottenere grandi risultati.


**Independence:** Amaris Consulting appartiene a chi l'ha creata e a chi la sviluppa ogni giorno.


Candidandoti per questa posizione, potresti avere l'opportunità di entrare a far parte di un'azienda che supporta i propri partner nei settori Automotive \& Motorsport, Avionic \& Aerospace, Difesa, Railway, Industrial, Domotica e Robotica, con attività di ingegneria meccanica ed elettronica nelle aree Development \& Design, Testing \& Validation, System Engineering, R\&D e Project Management.


**Diversità e Inclusione**


Amaris Consulting promuove pari opportunità e valuta le candidature sulla base di competenze, esperienza e potenziale. Accogliamo candidature qualificate senza discriminazioni legate a genere, identità o espressione di genere, orientamento sessuale, origine etnica, nazionalità, religione o convinzioni personali, età, disabilità, stato civile o familiare, o altre caratteristiche protette.


**Who are we?**
---------------


**Amaris Consulting** is an independent technology consulting firm providing guidance and solutions to businesses. With more than 1000 clients across the globe, we have been rolling out solutions in major projects for over a decade – this is made possible by an international team of 7,600 people spread across 5 continents and more than 60 countries. Our solutions focus on four different Business Lines: Information System \& Digital, Telecom, Life Sciences and Engineering. We’re focused on building and nurturing a top talent community where all our team members can achieve their full potential. Amaris is your steppingstone to cross rivers of change, meet challenges and achieve all your projects with success.
  

  

At Amaris, we strive to provide our candidates with the best possible recruitment experience. We like to get to know our candidates, challenge them, and be able to give them proper feedback as quickly as possible. Here's what our recruitment process looks like:
  

  

**Brief Call**: Our process typically begins with a brief virtual/phone conversation to get to know you! The objective? Learn about you, understand your motivations, and make sure we have the right job for you!
  

  

**Interviews** (the average number of interviews is 3 \- the number may vary depending on the level of seniority required for the position). During the interviews, you will meet people from our team: your line manager of course, but also other people related to your future role. We will talk in depth about you, your experience, and skills, but also about the position and what will be expected of you. Of course, you will also get to know Amaris: our culture, our roots, our teams, and your career opportunities!
  

  

**Case study**: Depending on the position, we may ask you to take a test. This could be a role play, a technical assessment, a problem\-solving scenario, etc.
  

  

As you know, every person is different and so is every role in a company. That is why we have to adapt accordingly, and the process may differ slightly at times. However, please know that we always put ourselves in the candidate's shoes to ensure they have the best possible experience.
  

We look forward to meeting you!","Consulting And Business Services","https://it.indeed.com/cmp/Amaris-Consulting","https://d2q79iu7y748jz.cloudfront.net/s/_squarelogo/256x256/556f3b571e9908371ecfe5855cdc6581","https://amaris.com/","Geneva, Switzerland ","5,001 to 10,000","$500M to $1B (USD)","Amaris Consulting is an independent technology consulting firm providing guidance and solutions to businesses. It gathers more than 7,500 people across 5 continents and more than 60 countries.","","","","","","","persona qualificata"
"in-a06001595b849fa8","indeed","https://it.indeed.com/viewjob?jk=a06001595b849fa8","https://public.reversegroup.hr/jobs/facility-manager-9020760642","FACILITY MANAGER","Reverse","Roma, LAZ, IT","2026-09-03","","","","","","",False,"","","","","Tipo di Contratto: Tempo Indeterminato
  

Area: Roma
  

Range RAL: 50\.000\-60\.000 €
  

  

\_
  

  

Per un gruppo imprenditoriale leader nel panorama ristorativo romano e in forte espansione, siamo alla ricerca di una figura di **FACILITY MANAGER**.
  

  

Con un fatturato di 60 milioni, una squadra di 600 persone e un portafoglio di 18 attività appartenenti a brand ormai iconici e ad altissima attrattiva di pubblico, questa realtà si distingue per un modello di sviluppo unico, che valorizza l'imprenditorialità e lo spirito di squadra.
  

  

**IL RUOLO**
  

A diretto riporto della Direzione, la risorsa si occuperà di gestire in totale autonomia il patrimonio immobiliare e manutentivo dell'azienda, intervenendo con decisione su ogni esigenza operativa.
  

Le principali attività includono:  

  



* **Gestione del budget di manutenzione:** Coordinare e allocare in autonomia il budget annuale per interventi ordinari e straordinari.
* **Risoluzione tempestiva dei problemi:** Presidiare l'operatività con un approccio altamente pratico, azzerando o quasi i tempi di fermo dei locali.
* **Gestione dei fornitori e della rete territoriale:** Selezionare, coordinare e ingaggiare ditte esterne e professionisti qualificati presenti sul territorio per garantire interventi rapidi ed efficaci.
* **Organizzazione della manutenzione:** Preservare la qualità e la sicurezza degli impianti e delle strutture di tutte le 18 location del gruppo.
  

  

**CHI CERCHIAMO**
  

Si ricerca una figura senior, dotata di grande polso, forte autonomia e spiccata attitudine alla risoluzione dei problemi, capace di prendere in carico le situazioni e gestirle dall'inizio alla fine.
  

**Requisiti e competenze richieste:**  

  



* Esperienza consolidata e senior nel ruolo di Facility Manager maturata in contesti multi\-sito (Ristorazione, Retail, Hospitality) oppure come ex responsabile di ditte di ristrutturazioni, edilizia o impiantistica.
* Approccio estremamente pratico, concreto e orientato all'azione immediata.
* Possesso di una rete di ditte e professionisti tecnici affidabili.
* Spiccate capacità di negoziazione, fermezza e gestione del budget.

  
**Summary**
-----------


* 50\.000\-60\.000 €
* On\-site
* Permanent
* Rome","","https://it.indeed.com/cmp/Reverse","https://d2q79iu7y748jz.cloudfront.net/s/_squarelogo/256x256/a6d60c0d3ed83edbdcd0aa417a7875fc","","","","","","","","","","","","persona qualificata"
"in-0bd29d5422714dbf","indeed","https://it.indeed.com/viewjob?jk=0bd29d5422714dbf","http://it.indeed.com/job/estetisto-qualificato-0bd29d5422714dbf","Estetisto/a Qualificato/a","","Roma, LAZ, IT","2026-09-02","parttime","","","","","",False,"","","","Dlbeauty@libero.it","Centro estetico sito in Via Domenico purificato 152/154 ad Acilia ricerca una figura part\-time di estetista.

La figura che si ricerca deve avere esperienza in tutta l'estetica di base e regolare attestato di qualifica. Inoltre si richiede esperienza anche in semipermanente e gel. Astenersi se non si hanno questi requisiti.

Si richiede puntualità, serietà e flessibilità.

Offriamo regolare contratto di assunzione da 20 ore settimanali.

Offriamo possibilità di crescita professionale e aumento dell'orario lavorativo con l'avanzare del tempo.

inviare CV all'email Dlbeauty@libero.it oppure su whatsapp al 3663006515\.

Contratto di lavoro: Part\-time

Retribuzione: €800,00 \- €1\.000,00 al mese

Benefit:

* Orario flessibile

Sede di lavoro: Di persona","","https://it.indeed.comNone","","","","","","","","","","","","","persona qualificata"
"in-ab362c1f1553597f","indeed","https://it.indeed.com/viewjob?jk=ab362c1f1553597f","http://it.indeed.com/job/junior-sem-specialist-ab362c1f1553597f","JUNIOR SEM SPECIALIST","pro advice solutions srl","Frascati, LAZ, IT","2026-09-02","fulltime","","","","","",False,"","","","","JUNIOR SEM SPECIALIST

\*Sede: Frascati (RM) – In presenza\*

\*Pro\-Advice Solutions\* ricerca un/una \*Junior SEM Specialist\* da inserire nel proprio team Marketing \& Comunicazione.

Cerchiamo una figura giovane, dinamica e fortemente orientata al mondo del \*Digital Advertising, capace di gestire e ottimizzare campagne pubblicitarie online con un obiettivo preciso: \*\*generare contatti qualificati e contribuire all’acquisizione di nuovi clienti\*.

La risorsa lavorerà a stretto contatto con il team Marketing e Comunicazione, occupandosi principalmente della pianificazione, gestione, monitoraggio e ottimizzazione delle campagne ADV.

\#\# Di cosa ti occuperai

\* Creazione e gestione di \*campagne Google Ads\*, in particolare Search, Display, Performance Max e remarketing;

\* gestione di campagne \*Meta Ads\* su Facebook e Instagram;

\* pianificazione di campagne finalizzate alla \*lead generation e customer acquisition\*;

\* individuazione e segmentazione dei pubblici target;

\* keyword research e analisi degli intenti di ricerca;

\* creazione e ottimizzazione di campagne, gruppi di annunci e inserzioni;

\* gestione e ottimizzazione dei budget pubblicitari;

\* monitoraggio delle performance e dei principali KPI: CPC, CTR, CPL, CPA, conversion rate e ROAS;

\* utilizzo di \*Google Analytics 4\* per l'analisi dei risultati;

\* utilizzo di \*Google Tag Manager\* e strumenti di tracciamento delle conversioni;

\* realizzazione di report periodici sulle performance delle campagne;

\* attività di \*A/B testing\* su creatività, copy, audience e landing page;

\* collaborazione con il team nella definizione di strategie per aumentare conversioni e acquisizione clienti;

\* supporto nella realizzazione e nell'adattamento di contenuti grafici e video destinati alle campagne ADV.

\#\# Competenze richieste

Cerchiamo una figura \*Junior\*, ma che abbia già una buona familiarità con le principali piattaforme e strumenti di Digital Advertising:

\* \*Google Ads\*

\* \*Meta Ads Manager / Business Manager\*

\* \*Google Analytics 4\*

\* \*Google Tag Manager\*

\* \*Google Keyword Planner\*

\* strumenti per la ricerca e l'analisi delle keyword

\* \*Canva\*

\* conoscenza base di strumenti di editing grafico e video come \*Adobe Photoshop, Premiere Pro o CapCut\*

Costituisce un plus la conoscenza di \*Looker Studio\*, SEO/SEM, landing page e strumenti CRM o di marketing automation.

\#\# Il profilo che cerchiamo

Non cerchiamo semplicemente qualcuno che sappia “mettere online una sponsorizzata”.

Cerchiamo una persona che abbia voglia di capire \*come trasformare un investimento pubblicitario in opportunità commerciali concrete\*, analizzando i dati e migliorando progressivamente le performance delle campagne.

Sono quindi importanti:

\* forte interesse per Digital Marketing e Performance Marketing;

\* approccio analitico e orientamento ai risultati;

\* capacità di leggere e interpretare i dati;

\* precisione nella gestione delle campagne e dei budget;

\* curiosità e aggiornamento costante sulle evoluzioni delle piattaforme;

\* creatività e sensibilità verso contenuti e comunicazione;

\* capacità di lavorare in team;

\* autonomia, organizzazione e proattività.

\#\# Cosa offriamo

\*Contratto di apprendistato\* finalizzato alla successiva trasformazione a \*tempo indeterminato\*.

\*Retribuzione: €1\.200 mensili.\*

È previsto un primo periodo di \*6 mesi, al termine del quale, in caso di valutazione positiva, verrà definito un percorso strutturato di crescita professionale all'interno dell'azienda, con \*\*progressivi avanzamenti di ruolo e incrementi economici legati alle competenze acquisite e ai risultati raggiunti\*.

L'obiettivo di Pro\-Advice Solutions è investire su una risorsa da formare e far crescere nel tempo, con la possibilità di assumere progressivamente maggiori responsabilità nell'area Digital Advertising e Performance Marketing.

\#\# Sede di lavoro

\*Frascati (RM)\*

La posizione prevede attività lavorativa \*in presenza\*.

Se il mondo dell'Advertising ti appassiona, ti piace sperimentare, analizzare numeri e performance e vuoi trasformare campagne digitali in risultati concreti, inviaci la tua candidatura.

Retribuzione: €1\.200,00 al mese

Sede di lavoro: Di persona","","https://it.indeed.com/cmp/Pro-Advice-Solutions-Srl","","","","","","","","","","","","","persona qualificata"
"in-b05ca1d0c8fadd72","indeed","https://it.indeed.com/viewjob?jk=b05ca1d0c8fadd72","http://it.indeed.com/job/praticante-avvocato-b05ca1d0c8fadd72","Praticante avvocato/a","Studio Legale Fiore","Roma, LAZ, IT","2026-09-02","internship","","","","","",False,"","","","info@studiolegalefiore.com","Lo Studio Legale Fiore, con sede in zona Nomentano, ricerca un/una praticante avvocato/a da inserire nel proprio organico ai fini dello svolgimento della pratica forense.

Lo Studio offre un percorso di formazione professionale qualificata, con attività giudiziale, stragiudiziale e di consulenza, nell'ambito del diritto civile, con particolare attenzione al diritto immobiliare e locatizio.

**Di cosa ti occuperai:**

* Redazione di atti giudiziari e pareri in materia di diritto civile, contrattualistica, locazioni, diritti reali e contenzioso immobiliare.
* Ricerche dottrinali e giurisprudenziali.
* Partecipazione attiva alle udienze.
* Gestione degli adempimenti di cancelleria e notifiche telematiche.

**Cosa offriamo:**

* Affiancamento costante per una formazione pratica e di sostanza.
* Coinvolgimento diretto sulle pratiche dello studio.
* Rimborso spese / compenso da concordare in sede di colloquio, parametrato alle effettive competenze e al percorso di crescita.

Gli interessati possono inviare la propria candidatura all’indirizzo e\-mail dello studio *info@studiolegalefiore.com* o in alternativa inviare il cv tramite il sito dello studio *www.studiolegalefiore.com* nella sezione dedicata.

Sede di lavoro: Di persona","","https://it.indeed.com/cmp/Studio-Legale-Fiore","","","","","","","","","","","","","persona qualificata"
"in-2029637c1cf2aed2","indeed","https://it.indeed.com/viewjob?jk=2029637c1cf2aed2","https://grnh.se/opazfxq62us","Meccanico Campervan","Indie Campers","Roma, LAZ, IT","2026-09-02","","","","","","",False,"","","","","**CHI SIAMO**



Indie Campers, il principale marketplace per campervan, ha la missione di rendere i viaggi on the road accessibili a tutti. Grazie al suo approccio digitale e alla forte attenzione al cliente, Indie Campers ha sviluppato un'esperienza di prenotazione eccellente e viaggi di alta qualità a prezzi competitivi.



Con oltre un milione di notti prenotate tramite la nostra piattaforma, abbiamo accolto più di 300\.000 viaggiatori provenienti da 169 Paesi. Offriamo una gamma completa e in continua espansione di possibilità di viaggio: noleggi a breve termine di camper, abbonamenti a lungo termine e la possibilità di acquistare uno dei nostri veicoli disponibili.



Con un forte orientamento tecnologico, le nostre sfide sono allo stesso tempo entusiasmanti e impegnative, e richiedono talento e motivazione per essere affrontate con successo. Stiamo ampliando il nostro team e cerchiamo persone interessate a perseguire questa visione insieme a noi, entrando a far parte di un percorso professionale in costante evoluzione.

  


**IL RUOLO**

  


Stiamo cercando persone qualificate e appassionate, con esperienza nella meccanica, nel problem\-solving pratico e nelle lavorazioni manuali, per unirsi al nostro team come Meccanico Campervan presso il nostro deposito.



Questo ruolo è fondamentale per garantire che la nostra flotta di campervan sia sempre mantenuta ai più alti standard, consentendo ai nostri clienti di partire per viaggi indimenticabili.



Come Meccanico Campervan, entrerai a far parte del team di **Roma** e collaborerai con il Team Regionale dell'Europa Centrale. La tua responsabilità principale sarà assicurare che i nostri campervan siano sempre disponibili e nelle migliori condizioni possibili, contribuendo così all'efficienza operativa e alla soddisfazione dei clienti. È un'opportunità per utilizzare competenze tecniche specialistiche, offrire un servizio eccezionale e generare un impatto significativo.



Se ti piace risolvere problemi meccanici, avere un impatto immediato sugli obiettivi e sei motivato/a a far parte di un team guidato da una missione comune, ti invitiamo a portare la tua esperienza nella nostra organizzazione.

  


**DI COSA TI OCCUPERAI**



Riportando direttamente al responsabile locale, ti occuperai dell'esecuzione di tutti i processi e le procedure relative a questo obiettivo, tra cui:


* Effettuare ispezioni sistematiche sui veicoli e diagnosticare problemi ai sistemi meccanici, elettrici, di riscaldamento e idraulici;
* Eseguire manutenzione e riparazioni su camper e motorhome, inclusi:


	+ Manutenzione preventiva e correttiva;
	+ Piccole riparazioni di carrozzeria che comportano la sostituzione di pezzi (lampadine, finestre, specchietti retrovisori);
	+ Sostituzione e riparazione di parti specifiche dei campervan;
	+ Diagnosi e riparazione degli elettrodomestici dei campervan;
* Mantenere e sviluppare i rapporti con partner esterni;
* Coordinare gli interventi sui veicoli con fornitori esterni e team regionali;
* Aggiornare tutti i sistemi di gestione delle informazioni dei veicoli secondo le procedure stabilite;
* Spostare i veicoli da e verso fornitori locali, parcheggi o altri depositi;
* Mantenere organizzata e pulita l'attrezzatura del deposito e le parti di ricambio;
* Garantire che i sistemi di inventario dei ricambi siano sempre aggiornati.

Come parte del team locale, contribuirai anche alle operazioni quotidiane del deposito, tra cui:


* Preparazione dei veicoli e dell'attrezzatura per i clienti;
* Supporto nella gestione delle prenotazioni, accoglienza dei clienti, check\-in e check\-out;
* Ricezione e organizzazione delle spedizioni e delle forniture, registrazione dei consumi e dei nuovi ordini;
* Mantenimento dell'attrezzatura del deposito, degli extra e dei materiali di consumo.

  




**CHI STIAMO CERCANDO**


* Candidati con una formazione certificata in meccanica, meccatronica o in un programma simile nel settore automobilistico;
* Candidati con almeno 5 anni di comprovata esperienza in riparazioni meccaniche ed elettriche pratiche — l'esperienza su campervan è considerata un plus;
* Diploma di scuola superiore o equivalente (preferibile diploma tecnico);
* Ottima conoscenza dell'inglese e dell'italiano (obbligatorio);
* Idoneità al lavoro in Italia, patente di guida valida e sicurezza nella guida di campervan (obbligatorio);
* Disponibilità a lavorare nei weekend e nei giorni festivi.

  





**L'IMPEGNO INDIE**


* Entrare a far parte di un'azienda giovane, in rapida crescita e innovativa, in cui il tuo contributo fa la differenza;
* Opportunità di sviluppo professionale nelle Field Operations e possibilità di trasferimento nei nostri uffici di Lisbona, Città del Messico o Manila;
* Formazione continua e coaching per sviluppare le competenze che contano di più per te;
* Pacchetto retributivo che comprende bonus di performance e bonus referral;
* Road Trips gratuiti per vivere l'esperienza Indie in Europa, Nord America e Oceania.

  




***Are you ready to Go Indie?***","","https://it.indeed.com/cmp/Indie-Campers","https://d2q79iu7y748jz.cloudfront.net/s/_squarelogo/256x256/6e32c45502ed81bae88a86b0a1d4d106","https://www.indiecampers.com/careers","Lisbon","201 to 500","","We’re a fast-growing, international company with a talented team of professionals, taking the travel industry by storm. We’re also a tight-knit group of friends who love spreading the travel bug.","","","","","","","persona qualificata"
"li-4459989301","linkedin","https://www.linkedin.com/jobs/view/4459989301","","Demand Planning Manager","The Magnum Ice Cream Company","Rome, Latium, Italy","2026-09-02","","","","","","",False,"","","","","","","https://nl.linkedin.com/company/the-magnum-ice-cream-company","","","","","","","","","","","","","persona qualificata"
"in-bd90140e779ad0d2","indeed","https://it.indeed.com/viewjob?jk=bd90140e779ad0d2","https://jobs.smartrecruiters.com/Ergomed/744000148285238-pharmacovigilance-auditor-freelance-position-1fte-or-0-6-fte-and-above-","Pharmacovigilance Auditor - Freelance Position (1FTE or 0.6 FTE and above)","Adamas Consulting","Roma, LAZ, IT","2026-09-08","fulltime","","","","","",True,"","","","","**Company Description**  

Medicine moves forward here. So will you.


ADAMAS Consulting helps the world's pharmaceutical and biotechnology companies uphold the highest standards of quality, compliance and patient safety. Since 2007 we have partnered with organizations across GCP, GVP, GMP, GLP and Computer Systems Compliance, and we are trusted by many of the most respected names in life sciences.


We think of our work as more than auditing. At its best it is intelligence: helping clients see the compliance risks that matter most and prevent the problems that could put patients at risk. That takes sharp, independent thinking and deep expertise, which is exactly what our people bring.


Here your knowledge is valued and shared, not kept in silos. We have built a supportive, collaborative environment where professional growth is encouraged and where you can make a real impact across the industry, working alongside some of the most respected companies in the field.

 **Job Description**  

ADAMAS Consulting is looking for PV Auditor on a freelance basis to cover audits across Europe. Both full and part time (0\.6\+ FTE) will be considered

* Planning, preparation, conduct, reporting and follow up (including CAPA plans) of various types of Pharmacovigilance (PV) audits according to expected quality and timelines
* Executing audits based on a comprehensive understanding of all regulatory requirements and Good Pharmacovigilance Practice (GVP)
* Performing GVP quality assurance projects on behalf of client companies within the pharmaceutical/biotechnology industry.

 **Qualifications*** Experience in conducting and leading internal and external Pharmacovigilance audits for a variety of stakeholders
* Expert knowledge of national and international Pharmacovigilance legislation and guidelines
* Proficient in managing projects and ensuring deliverables are provided timeously
* Ability to identify issues and offer solutions in a pragmatic way
* Bachelor’s Degree in Life Sciences preferred
* Travel will be required for audits, additional to conducting remote audits

 **Additional Information**  

When you join Ergomed Group, you make a difference by helping to bring safe and effective pharmaceutical treatment to patients around the world. You’ll join a passionate and collaborative team of experts in clinical research, pharmacovigilance, and quality consulting.


We are diverse in many ways, yet our values unite us. Our values are how we work, not words on a wall. If they sound like you, you will feel at home here.

* Quality: we hold ourselves to the standard patients deserve.
* Integrity and trust: we do the right thing, especially when it is hard.
* Drive and passion: we care about the outcome, because someone is waiting on it.
* Agility and responsiveness: we move quickly, because patients cannot wait.
* Belonging: everyone is welcome, and every voice counts.
* Collaborative partnerships: we go further by going together.


We look forward to welcoming your application.","","https://it.indeed.com/cmp/Adamas-Consulting","","","","","","","","","","","","","GMP compliance"
"in-ce2bebfdeb7156f8","indeed","https://it.indeed.com/viewjob?jk=ce2bebfdeb7156f8","https://jsv3.recruitics.com/redirect?rx_cid=3436&rx_jobId=R-01359952_rxr-1&rx_url=https%3A%2F%2Fjobs.thermofisher.com%2Fglobal%2Fen%2Fjob%2FR-01359952%2Fproduction-supervisor%3Frx_a%3D0%26rx_c%3D%26rx_ch%3Djobp4p%26rx_group%3D123525%26rx_id%3D968ba82c-a7f7-11f1-be88-ddaa0d86708b%26rx_job%3DR-01359952_rxr-1%26rx_medium%3Dcpc%26rx_r%3Dnone%26rx_source%3Dindeed%26rx_ts%3D20260909T120423Z%26rx_vp%3Dcpc%26utm_medium%3Dppc%26utm_source%3Drecruitics_indeedorganic","production supervisor","Thermo Fisher Scientific","Ferentino, LAZ, IT","2026-09-03","fulltime","","","","","",False,"","","","","**Work Schedule**


Standard (Mon\-Fri)**Environmental Conditions**


Office**Job Description**


As part of the Thermo Fisher Scientific team, you’ll discover meaningful work that makes a positive impact on a global scale. Join our colleagues in bringing our Mission to life every single day to enable our customers to make the world healthier, cleaner and safer. We provide our global teams with the resources needed to achieve individual career goals while helping to take science a step beyond by developing solutions for some of the world’s toughest challenges, like protecting the environment, making sure our food is safe or helping find cures for cancer.

**Position Summary**
--------------------


As a **Formulation Manufacturing Supervisor**, you will lead daily manufacturing operations in a sterile production environment, ensuring compliance with GMP, safety, quality, and production targets. You will be responsible for supervising and developing a team of approximately 50 employees, coordinating formulation activities, optimizing production performance, and ensuring the timely delivery of high\-quality products. Working cross\-functionally with Quality, Engineering, Maintenance, and Supply Chain, you will drive operational excellence, continuous improvement, and a strong culture of safety and compliance.

**Key Responsibilities**
------------------------

* Supervise daily sterile manufacturing activities in compliance with GMP and company procedures.
* Lead, coach, and develop a team of approximately 50 operators and technicians.
* Ensure production schedules, quality standards, and safety requirements are achieved.
* Monitor and improve operational KPIs (Safety, Quality, Delivery, OEE, Yield).
* Support investigations, deviations, CAPA, and change controls.
* Collaborate with Quality, Engineering, Maintenance, and Supply Chain to ensure efficient operations.
* Drive continuous improvement and Lean initiatives.

**Qualifications**
------------------

* Bachelor's degree in Life Sciences, Pharmacy, Engineering, or a related field.
* 5\+ years of experience in sterile pharmaceutical manufacturing.
* Previous experience managing large production teams (40–60 employees).
* Strong knowledge of GMP, aseptic processing, and sterile manufacturing operations.
* Proven leadership, problem\-solving, and communication skills.
* Good command of English.","Industrial Manufacturing","https://it.indeed.com/cmp/Thermo-Fisher-Scientific","https://d2q79iu7y748jz.cloudfront.net/s/_squarelogo/256x256/65bd2e4bebb79b1432ac3277ffd57ae7","https://www.thermofisher.com/","168 Third Avenue, Waltham, MA USA 02451","10,000+","more than $10B (USD)","At Thermo Fisher Scientific, our professionals develop critical solutions—and build rewarding careers.","","","","","","","GMP compliance"
"in-c1d00e593ef0bb7d","indeed","https://it.indeed.com/viewjob?jk=c1d00e593ef0bb7d","https://jsv3.recruitics.com/redirect?rx_cid=3436&rx_jobId=R-01359944_rxr-1&rx_url=https%3A%2F%2Fjobs.thermofisher.com%2Fglobal%2Fen%2Fjob%2FR-01359944%2FTeam-leader-PDS-FD-AD-Lab%3Frx_a%3D0%26rx_c%3D%26rx_ch%3Djobp4p%26rx_group%3D123525%26rx_id%3D968ba208-a7f7-11f1-9576-ddaa0d86708b%26rx_job%3DR-01359944_rxr-1%26rx_medium%3Dcpc%26rx_r%3Dnone%26rx_source%3Dindeed%26rx_ts%3D20260909T120423Z%26rx_vp%3Dcpc%26utm_medium%3Dppc%26utm_source%3Drecruitics_indeedorganic","Team leader, PDS FD/AD Lab","Thermo Fisher Scientific","Ferentino, LAZ, IT","2026-09-03","fulltime","","","","","",False,"","","","","**Work Schedule**


Standard (Mon\-Fri)**Environmental Conditions**


Laboratory Setting**Job Description**

  

. As Laboratory Team Leader, you'll coordinate and oversee formulation and analytical activities while ensuring compliance with GMP standards and client expectations. This role combines technical expertise with leadership, as you'll guide a team of analysts while conducting sophisticated analytical work supporting product development, stability testing, and method validation.  

  

You'll manage laboratory operations, from coordinating testing schedules to resolving complex analytical challenges. Working with advanced instrumentation, you'll ensure the highest quality standards in testing raw materials, in\-process samples, and finished products. Your expertise will be essential in method development, validation, and transfer activities, while maintaining strong relationships with internal teams and external clients.  

  

This position offers the opportunity to contribute to pharmaceutical development while growing your leadership skills and technical expertise in a collaborative, innovative environment.  

  

REQUIREMENTS:  

* Advanced Degree with no prior experience required, OR Bachelor's Degree plus 2 years of experience in pharmaceutical, biotechnology, or related industry
* Preferred Fields of Study: Chemistry, Chemical Engineering, Biology, Biotechnology, Pharmaceutical Sciences, or related field
* Expertise in analytical techniques and instrumentation (HPLC, GC, FT\-IR, UV\-Spectrophotometer)
* Demonstrated proficiency in method development, validation, and transfer
* Strong working knowledge of GMP regulations and pharmaceutical quality systems
* Experience with laboratory information management systems and Empower software
* Leadership and team management experience
* Project management and organizational skills
* Problem\-solving and analytical troubleshooting capabilities
* Proficient in MS Office applications
* Written and verbal communication skills in English
* Ability to interact effectively with clients and cross\-functional teams
* Experience in conducting laboratory investigations and OOS investigations
* Knowledge of data integrity principles (ALCOA)
* Ability to prepare and review technical documentation and reports
* Physical capabilities to perform laboratory work, including standing for extended periods
* Ability to adapt to changing priorities and deadlines","Industrial Manufacturing","https://it.indeed.com/cmp/Thermo-Fisher-Scientific","https://d2q79iu7y748jz.cloudfront.net/s/_squarelogo/256x256/65bd2e4bebb79b1432ac3277ffd57ae7","https://www.thermofisher.com/","168 Third Avenue, Waltham, MA USA 02451","10,000+","more than $10B (USD)","At Thermo Fisher Scientific, our professionals develop critical solutions—and build rewarding careers.","","","","","","","GMP compliance"
"in-49bfe937b77b1959","indeed","https://it.indeed.com/viewjob?jk=49bfe937b77b1959","https://careers.catalent.com/us/en/job/CATAUS0096641EXTERNALENUS/Contracts-Manager-for-Clinical-Supply-Services?utm_source=indeed&utm_medium=phenom-feeds","Contracts Manager for Clinical Supply Services","Catalent Pharma Solutions","Aprilia, LAZ, IT","2026-09-02","fulltime","","","","","",False,"","","","DisabilityAccommodations@catalent.com, spam@catalent.com","**Catalent is a global leader in clinical supply services, working with clinical trial sponsors of all sizes to reliably supply their clinical trials. With 9 GMP facilities in the US, EU, and Asia/Pacific region, and more than 50 depots covering 6 continents, our Clinical \& Specialty Services (CSS) segment delivers flexible, integrated solutions to accelerate product development and ensure reliable global supply chain execution**
--------------------------------------------------------------------------------------------------------------------------------------------------------------------------------------------------------------------------------------------------------------------------------------------------------------------------------------------------------------------------------------------------------------------------------------------------

**Position Summary**
--------------------


We have an opportunity for a Contracts Manager for Clinical Supply Services to join our team. In this role, you will work closely with Business Development, Site Operations, and Legal teams across EMEA and APAC. You will lead negotiations and manage the execution of customer contracts, ensuring compliance with company standards and supporting business growth. This position is key to maintaining strong customer relationships and driving operational excellence.

**Location: Aprilia, Italy**  

**100% Onsite**

**The Role**
------------

* Serve as a strategic partner to Business Development, Site Operations, and Legal teams across EMEA and APAC.
* Lead the negotiation and execution of customer contracts, ensuring alignment with commercial goals and legal standards.
* Negotiate customer contracts in partnership with Business Development, Legal, and other functional leads to achieve timely deal closure and support business growth.
* Act as the lead on negotiations with customers on commercial contracting terms.
* Assess and mitigate contractual risks, recommending language that supports business objectives.
* Ensure contracts reflect company priorities and comply with legal and organizational policies and procedures.
* Maintain accurate records and tracking of contract status and progress.
* Support continuous improvement initiatives and contribute to enhancing customer experience.
* Liaise with internal and external legal counsel as needed.

**The Candidate**
-----------------

* Bachelor’s or Master’s degree in Life Sciences, Business, or a related field.
* Proven experience negotiating contracts with senior stakeholders.
* Strong understanding of commercial contract terms in both Europe and the US.
* Excellent communication and problem\-solving skills, with a customer\-focused mindset.
* Ability to communicate clearly and persuasively, both verbally and in writing.
* Fluency in English

### **Preferred Skills \& Background**

* Experience negotiating the commercial aspects of contracts.
* Solid understanding of payment terms, liability, and insurance clauses.
* Pharmaceutical industry experience is a plus, but not essential.
* Minimum of 5 years’ experience working directly with customers and managing contract\-related discussions.
* Understanding of the customer onboarding process and how it relates to contractual obligations.
**Catalent offers rewarding opportunities to further your career!** Join the global drug development and delivery leader and help us bring over 7,000 life\-saving and life\-enhancing products to patients around the world. Catalent is an exciting and growing international company where employees work directly with pharma, biopharma and consumer health companies of all sizes to advance new medicines from early development to clinical trials and to the market. Catalent produces more than 70 billion doses per year, and each one will be used by someone who is counting on us. Join us in making a difference.

  



personal initiative. dynamic pace. meaningful work.


Visit Catalent Careers to explore career opportunities.


Catalent is an Equal Opportunity Employer, including disability and veterans.


If you require reasonable accommodation for any part of the application or hiring process due to a disability, you may submit your request by sending an email, and confirming your request for an accommodation and include the job number, title and location to DisabilityAccommodations@catalent.com. This option is reserved for individuals who require accommodation due to a disability. Information received will be processed by a U.S. Catalent employee and then routed to a local recruiter who will provide assistance to ensure appropriate consideration in the application or hiring process.

  



Notice to Agency and Search Firm Representatives: Catalent Pharma Solutions (Catalent) is not accepting unsolicited resumes from agencies and/or search firms for this job posting. Resumes submitted to any Catalent employee by a third party agency and/or search firm without a valid written \& signed search agreement, will become the sole property of Catalent. No fee will be paid if a candidate is hired for this position as a result of an unsolicited agency or search firm referral. Thank you.


Important Security Notice to U.S. Job Seekers:


Catalent NEVER asks candidates to provide any type of payment, bank details, photocopies of identification, social security number or other highly sensitive personal information during the offer process, and we NEVER do so via email or social media. If you receive any such request, DO NOT respond— it is a fraudulent request. Please forward such requests to spam@catalent.com for us to investigate with local authorities.","Industrial Manufacturing","https://it.indeed.com/cmp/Catalent-Pharma-Solutions","https://d2q79iu7y748jz.cloudfront.net/s/_squarelogo/256x256/fb6f747c4eabf33c7cd373615312609d","http://www.catalent.com","41st Floor, Bank of America Plaza, 101 E Kennedy Blvd, Tampa, Florida 33602","10,000+","$1B to $5B (USD)","Catalent, Inc. is a leading global contract development and manufacturing organization (CDMO) and trusted partner to pharma, biotech, and consumer health companies worldwide.","","","","","","","GMP compliance"
"li-4464499519","linkedin","https://www.linkedin.com/jobs/view/4464499519","","Profilo amministrativo/a - UOC Ematologia e Trapianto di cellule staminali Emopoietiche","Fondazione Policlinico Universitario Agostino Gemelli IRCCS","Rome, Latium, Italy","","","","","","","",False,"","","","","","","https://it.linkedin.com/company/fondazione-policlinico-universitario-agostino-gemelli-irccs","","","","","","","","","","","","","registrazione farmaci"
"in-da0b2b4727209123","indeed","https://it.indeed.com/viewjob?jk=da0b2b4727209123","https://app.eightfold.ai/careers/job/446721020828?domain=qualcomm.com","TRM Analyst - Qualcomm, Turin or Rome, Italy","Qualcomm","Roma, LAZ, IT","2026-09-09","","","","","","",True,"","","","-accomodations@qualcomm.com","**Company:**
------------

Qualcomm Europe, Inc. Italy Branch Office
**Job Area:**
-------------

Human Resources Group, Human Resources Group \> Total Rewards Management
**General Summary:**

The People Strategy and Organization – Total Rewards role will be responsible for implementation and administration of Qualcomm’s compensation and benefits programs for the assigned geography/region/countries (EMEA). This role reports into the Total Rewards Lead in People Strategy and Organization team and works in strong partnership with the Compensation and Benefits Communities of Practice (COE\-Centre of Excellence) team. The incumbent should have experience in working with global teams and matrix structure for seamless delivery of total rewards services


### **PRINCIPAL DUTIES AND RESPONSIBILITIES:**

**Compensation**

* Manage end\-to\-end compensation benchmarking and maintain salary ranges for the assigned geographies, including survey submission, analyzing survey results, and market pricing by role.
* Conduct ad\-hoc salary analyses and compensation studies to maintain internal and external parity within employees including new hires and internal transfers, and share the findings with the leadership
* Support the process of conducting bi\-annual employee data audits to ensure that employees are in the correct job codes
* Support the execution of Annual review cycle including salary increases, bonuses, and RSU awards
* Handle and resolve employee inquiries, and respond to escalated compensation issues within SLA
* Assist senior leadership in retaining critical talent by means of retention analysis
* Partner with Compensation Community of Practice (Centre of Excellence) on the execution of any compensation philosophy and program changes
* Support in policy and process execution, and communication
* Manage and resolve employee compensation queries through service now portal

**Benefits**

* Support the administration of employee benefits programs, including health insurance, retirement plans, and wellness initiatives.
* Coordinate with benefits vendors and brokers to manage annual enrollments, and changes.
* Implement employee wellness programs to promote health and well\-being.
* Ensure compliance with regulatory requirements and manage reporting and documentation related to benefits.
* Responsible for processing and managing employee leave of absence requests, ensuring compliance with company policies and relevant labor laws, and maintaining accurate records of all leave transactions.
* Handle and resolve employee inquiries, and respond to escalated benefits issues within SLA
* Support in policy and process execution, and communication
* Manage and resolve employee benefits queries through service now portal.

**Minimum Qualifications:**

* Bachelor's degree and 2\+ years of Compensation, Benefits, or related work experience.

OR
  

Associate's degree and 4\+ years of Compensation, Benefits, or related work experience.
  

OR
  

High School Diploma or equivalent and 6\+ years of Compensation, Benefits, or related work experience.
  

  

* Completed advanced degrees in a relevant field may be substituted for up to two years (Master’s \= one year, Doctorate \= two years) of work experience.

### **MINIMUM PREFERRED QUALIFICATIONS:**

* Bachelor's degree and 2\+ years of Compensation, Benefits, or related work experience

### **PREFERRED QUALIFICATIONS:**

* 2\- 4 years of Compensation, Benefits Consulting, Benefits Administration (Employer or Vendor) or related work experience. Multicounty experience will be an added advantage
* 2\- 4 years of utilizing Compensation and Benefits\-related systems/tools (e.g., Advanced Excel, Workday, Tech Industry Surveys, etc.)
* Experience in utilizing Workday/SuccessFactors/Global ERP/ Service Now at operational level
* Proficiency in compensation and benefits methodologies from leading survey providers such as Radford, Mercer, Willis Towers Watson (WTW), Aon
* Understanding of global/regional/country specific labor regulatory environments
* Certification in compensation and benefits programs is preferable, or plan to obtain
* Understanding and experience of multi country compensation and benefits programs in EMEA
* Mandatory language skills \- English plus any other European language (EMEA Specific)

### **PHYSICAL REQUIREMENTS:**

* Frequent travel between offices, buildings, and campuses.
* Performs required tasks at various heights (e.g., standing or sitting).
* Monitors and utilizes computers and test equipment for more than 6 hours a day.
* Continuous communication which includes the comprehension of information with colleagues, customers, and vendors both in person and remotely.

\*References to a particular number of years experience are for indicative purposes only. Applications from candidates with equivalent experience will be considered, provided that the candidate can demonstrate an ability to fulfill the principal duties of the role and possesses the required competencies.


Qualcomm is an equal opportunity employer. If you are an individual with a disability and need an accommodation during the application/hiring process, rest assured that Qualcomm is committed to providing an accessible process. You may e\-mail disability\-accomodations@qualcomm.com or call Qualcomm's toll\-free number found here . Upon request, Qualcomm will provide reasonable accommodations to support individuals with disabilities to be able participate in the hiring process. Qualcomm is also committed to making our workplace accessible for individuals with disabilities. (Keep in mind that this email address is used to provide reasonable accommodations for individuals with disabilities. We will not respond here to requests for updates on applications or resume inquiries).


Qualcomm expects its employees to abide by all applicable policies and procedures, including but not limited to security and other requirements regarding protection of Company confidential information and other confidential and/or proprietary information, to the extent those requirements are permissible under applicable law.


**To all Staffing and Recruiting Agencies** : Our Careers Site is only for individuals seeking a job at Qualcomm. Staffing and recruiting agencies and individuals being represented by an agency are not authorized to use this site or to submit profiles, applications or resumes, and any such submissions will be considered unsolicited. Qualcomm does not accept unsolicited resumes or applications from agencies. Please do not forward resumes to our jobs alias, Qualcomm employees or any other company location. Qualcomm is not responsible for any fees related to unsolicited resumes/applications.  



  

**Pay range and Other Compensation \& Benefits:**

€37,200\.00 \- €56,400\.00 annual (Gross)  

  

  

The above pay range reflects the broad, minimum to maximum, pay range for this job code for the location for which it has been posted. This range includes two additional months of pay as part of the annual salary. Even more importantly, please note that salary is only one component of total compensation at Qualcomm. We also offer a competitive annual discretionary bonus program and opportunity for annual RSU grants (employees on sales\-incentive plans are not eligible for our annual bonus). In addition, our highly competitive benefits package is designed to support your success at work, at home, and at play. Your recruiter will be happy to discuss all that Qualcomm has to offer – and you can review more details about our benefits at this link.


If you would like more information about this role, please contact Qualcomm Careers .","Computers And Electronics","https://it.indeed.com/cmp/Qualcomm","https://d2q79iu7y748jz.cloudfront.net/s/_squarelogo/256x256/badc0b836563d31ae5cd80092a302a94","https://www.qualcomm.com/company/careers","5775 Morehouse Drive, San Diego, CA 92121","10,000+","more than $10B (USD)","At Qualcomm, we are passionate about creating an environment where we are limitless— where every employee can thrive and contribute to the game-changing innovation only we can bring to the world.","","","","","","","regulatory submission"
"in-840d6b2a5efd181f","indeed","https://it.indeed.com/viewjob?jk=840d6b2a5efd181f","https://careers.marriott.com/it/chief-engineer/job/D1241A95562839B49656FE3A39699FC7?utm_medium=jobboard&utm_source=indeed","Chief Engineer","Marriott International","Roma, LAZ, IT","2026-09-08","fulltime","","","","","",True,"","","","","**Additional Information**  

**Job Number**26115238  

**Job Category**Engineering \& Facilities  

**Location**Salita di San Nicola da Tolentino 14, Rome, Rome, Italy, 187  

**Schedule**Full Time  

**Located Remotely?**N  

**Position Type** Management  

**Pay Range:** EUR 40000\-60000 Annual Salary
**JOB SUMMARY**

  

  

Manages all engineering/maintenance operations, including maintaining the building, grounds and physical plant with particular attention towards safety, security and asset protection. Accountable for managing the budget, capital expenditure projects, preventative maintenance and energy conservation. Responsible for maintaining regulatory requirements. Leads the emergency response team for all facility issues.

  



**CANDIDATE PROFILE**

  



**Education and Experience**


* High school diploma or GED; 4 years experience in the engineering and maintenance or related professional area; technical training in HVAC\-R/electrical/plumbing.


OR


* 2\-year degree from an accredited university in Building and Construction, Engineering, Mechanics, or related major; 2 years experience in the engineering and maintenance or related professional area; technical training in HVAC\-R/electrical/plumbing.

  



**CORE WORK ACTIVITIES**

  



**Managing Property Operations and Engineering Budgets**


* Supervises Engineering in the absence of the Director of Engineering.


* Assists in managing the physical plant including equipment, refrigeration, HVAC, plumbing, water treatment, electrical and life safety systems.


* Maintains and operates equipment at optimum effectiveness, efficiency and safety.


* Establishes and manages an effective rooms maintenance program.


* Ensures compliance with all Engineering departmental policies, standards and procedures.


* Manages department's controllable expenses to achieve or exceed budgeted goals.


* Select and order or purchase new equipment, supplies, and furnishings.


* Inspect and evaluate the physical condition of facilities in order to determine the type of work required.


* Recommend or arrange for additional services such as painting, repair work, renovations, and the replacement of furnishings and equipment.


* Supervises the day to day operations of Engineering.

  



**Maintaining Property Standards**


* Maintains accurate logs and records as required.


* Assists in effectively planning, scheduling and evaluating preventative maintenance programs.

  



**Providing Exceptional Customer Service**


* Handles guest problems and complaints effectively.


* Empowers employees to provide excellent customer service.


* Displays leadership in guest hospitality by exemplifying excellent customer service and creating a positive atmosphere for guest relations.

  



**Managing Profitability**


* Helps establish priorities for total property maintenance needs.


* Ensures on\-going communication occurs in all areas of responsibility to create awareness of business objectives, awareness of expectations and recognition of exemplary performance.

  



**Managing and Conducting Human Resources Activities**


* Celebrates successes and publicly recognizes the contributions of team members.


* Establishes and maintains open, collaborative relationships with employees.


* Ensures employees are treated fairly and equitably.


* Strives to improve service performance.


* Provides feedback to employees based on observation of service behaviors.


* Supervises employee's ability to execute departmental and property emergency procedures.


* Reviews employee satisfaction results to identify and address employee problems or concerns.


* Solicits employee feedback.


* Helps ensure regulatory compliance to facility regulations and safety standards.


* Ensures disciplinary procedures and documentation are completed according to Standard and Local Operating Procedures (SOPs and LSOPs) and support the Peer Review Process.


* Ensures property policies are administered fairly and consistently.
  

*At Marriott International, we are dedicated to being an equal opportunity employer, welcoming all and providing access to opportunity. We actively foster an environment where the unique backgrounds of our associates are valued and celebrated. Our greatest strength lies in the rich blend of culture, talent, and experiences of our associates. We are committed to non\-discrimination on any protected basis, including disability, veteran status, or other basis protected by applicable law.*


EDITION Hotels unisce il genio visionario dell'albergatore boutique Ian Schrager, il servizio di un hotel di lusso di prestigio mondiale e la portata globale di Marriott International, per creare un'esperienza del tutto nuova nel mondo alberghiero. EDITION offre il meglio sotto ogni aspetto, in un delicato gioco di equilibri: tra raffinatezza e personalità, tra perfezionismo e individualismo, tra comfort, carisma e fascino. Il brand si rivolge a un pubblico sofisticato e consapevole che riconosce e apprezza la qualità, l'originalità, il design e l'eccellenza del servizio e vuole questi elementi senza limitazioni, rompendo i limiti delle convenzioni e richiedendo un atteggiamento e una sensibilità confezionati ad arte per esaltare l'eccezionalità.  




  

Ma per creare questa esperienza magica abbiamo bisogno di te. Cerchiamo persone estroverse e davvero straordinarie alla ricerca di un posto di lavoro che le ispiri, le metta alla prova e le renda orgogliose di venire al lavoro. Un luogo in cui il servizio viene dal cuore, non da un manuale. Un luogo che offre uno spettacolo teatrale senza fine che delizia e incanta continuamente ogni singolo ospite.
  

Ti invitiamo a unirti a noi oggi stesso. Entrando a far parte di Design Hotels ti unirai a un portfolio di brand con Marriott International. **Scegli** un ambiente dove puoi svolgere al meglio il tuo lavoro, **iniziare** il tuo percorso verso i tuoi obiettivi, **entrare a far parte** di un fantastico team globale e **diventare** la versione migliore di te.","Restaurants Travel And Leisure","https://it.indeed.com/cmp/Marriott-International","https://d2q79iu7y748jz.cloudfront.net/s/_squarelogo/256x256/35c575587ce04e0f016b7d1b7f3215cf","https://www.marriott.com","Global Headquarters

7750 Wisconsin Avenue
Bethesda, MD 20817","10,000+","more than $10B (USD)","With more than 8,300 hotels and 30+ hotel brands worldwide, the career opportunities with Marriott are endless. Experience our story.","","","","","","","regulatory compliance"
"in-488f72e5e293b3f2","indeed","https://it.indeed.com/viewjob?jk=488f72e5e293b3f2","https://jobs.ashbyhq.com/IT%20Labs/8294c8eb-787b-43a6-b93b-acfbf08cf03c?utm_source=YDgE2kmvB1","Senior DevSecOps Engineer","IT Labs","Roma, LAZ, IT","2026-09-08","fulltime","","","","","",True,"","","","","At IT Labs, we work with premier global consulting organizations to help Tier 1 banks and insurance companies transform operations through AI, automation, and advanced analytics, with a special focus on Anti\-Financial Crime. Our client's expertise includes AI\-driven fraud prevention, Anti\-Money Laundering (AML), and Know Your Customer (KYC) solutions—designing and implementing intelligent systems that enhance detection, automate investigations and due diligence, boost efficiency, and help institutions stay ahead of regulatory change.


You’ll work at the intersection of business transformation, data science, AI engineering, cloud technologies, and financial services, tackling complex challenges with innovative technology for banking and insurance clients across Europe.


Help enable leading consulting organizations to deliver advanced solutions to top global banks and insurers—as they use AI to safeguard millions of customers and vast financial assets. If building secure, compliant, and highly available cloud platforms for enterprise AI excites you, we want you on our team.

**Responsibilities**

* Design, deploy, and maintain secure, automated **CI/CD pipelines** tailored for **AI** applications and enterprise delivery environments
* Implement and manage **Infrastructure as Code (IaC)** using tools such as **Terraform** or **CloudFormation** across cloud platforms
* Embed automated security scanning, vulnerability detection, and compliance guardrails directly into the software delivery lifecycle
* Manage containerization strategies, orchestration environments, and **Kubernetes** clusters, including **EKS** and **AKS**
* Administer cloud infrastructure permissions, identity access controls, and secure networking configurations across environments
* Establish robust monitoring, alerting, and logging systems to ensure high availability, operational visibility, and platform uptime
* Collaborate with enterprise IT and security teams to support penetration testing, incident readiness, and secure network boundaries
* Support secure and scalable deployment of AI services, cloud\-hosted applications, and containerized workloads in production environments

**Required Skills \& Experience**

* **5–10 years** of experience in **DevOps**, **DevSecOps**, **platform engineering**, or **cloud infrastructure engineering**
* Strong hands\-on experience with **AWS** cloud infrastructure, security controls, networking, and container platforms
* Experience designing and managing automated **CI/CD pipelines** for complex cloud\-native applications
* Strong expertise in **Infrastructure as Code**, especially with **Terraform** or **CloudFormation**
* Experience with **Docker**, **Kubernetes**, and orchestration of containerized workloads in enterprise environments
* Familiarity with security scanning tools, vulnerability management, compliance controls, and secure software delivery practices
* Experience with monitoring, logging, alerting, and reliability practices for production systems
* Hands\-on experience with **Git**, **CI/CD tooling**, and infrastructure automation workflows
* Prior engagement in large\-scale enterprise environments and mission\-critical systems
* Candidate **must be located in an EU member country**
* Excellent communication skills in **English**

**Nice to Have**

* Experience with Azure and hybrid cloud environments
* Experience in fintech or financial services
* Familiarity with enterprise security frameworks, penetration testing coordination, and regulated environments

**Working Conditions**

* Full\-time (40 hours/week)
* Individual Contract or B2B arrangement
* Paid Time Off (PTO) provided
* Remote

**Our values**


We are a company that seeks the best for both our employees and clients, reaching beyond expectations in turning dreams into reality. Our way of working is rooted in our core values (Integrity, Excellence, Proactivity, Innovation, and People), with an expectation that our future colleagues will make these their second nature in their everyday work and life. We don’t ask for perfection, but we do appreciate people motivated to better themselves in every conceivable aspect.

**About IT Labs**


Founded in 2005, IT Labs is an international software tech company, specializing in purpose and process\-driven teams for high\-performance, innovation, transformation, and efficiency. Our HQ is in Palm Beach Gardens, Florida, and we have teams around the world \- the UK, the Netherlands, Brazil, Argentina, Serbia, Croatia, BIH, Montenegro, North Macedonia, and the Middle East. We are constantly growing, and we would love for you to become part of our team!","","https://it.indeed.com/cmp/IT-Labs","","","","","","","","","","","","","regulatory compliance"
"in-496dd57a51796091","indeed","https://it.indeed.com/viewjob?jk=496dd57a51796091","https://join.com/companies/offerista/16680664-senior-machine-learning-engineer?pid=a13795120131dbe48464","Senior Machine Learning Engineer","ShopFully","Roma, LAZ, IT","2026-09-08","","","","","","",True,"","","","","**We are the platform turning browsing into shopping**. We connect 200 million shoppers with deals they love while boosting local sales for hundreds of top retailers and brands.



We help consumers save time and money while making smart shopping decisions, and we support retailers and brands in engaging customers from online research to in\-store purchases.



Ready to **spark** your growth with us?


**WHO WE LOOK FOR**

We are looking for a **Senior Machine Learning Engineer** to join our Audience Platform team within Ad Products. In this role, you will own and extend both the machine learning systems and the corresponding backend infrastructure that power 1P, 2P, and 3P audience data across Flipp and Shopfully.



This is an engineering\-first role for someone who builds and operates production ML systems end\-to\-end—not a research scientist handing off code to someone else to productionize.



You bring hands\-on comfort with statistics, model selection, building, tuning, and experiment design, combined with strong software engineering fundamentals to build scalable pipelines on core tables running into tens of billions of rows.



If you are passionate about MLOps, scalable feature engineering, and shipping production ML systems that drive measurable business impact, this role is for you!


**WHAT YOU WILL DO**


* **End\-to\-End ML Systems Ownership:** Design, build, deploy, and monitor production ML models and pipelines—such as the IAB Segmentation Model, Retailer \& Category Affinity Segments, and Custom Segment Toolkits.
* **Feature \& Data Engineering at Scale:** Build and maintain high\-volume feature engineering and data pipelines using Spark, Databricks, Python, and SQL, working with core tables containing tens of billions of rows.
* **MLOps \& Model Lifecycle Management:** Implement robust MLOps practices, including model registries, offline/online evaluation, experiment tracking (MLflow or equivalent), and monitoring for data/model drift and quality.
* **Audience Platform Integration:** Collaborate on the platform side (Audience API, User Profile API, Kafka Topics, and activation integrations like DV360, Braze, and TTD) to ensure models seamlessly integrate into downstream production services.
* **Experimentation \& Model Tuning:** Design and execute offline evaluations and A/B tests to validate modeling impact, optimize hyperparameters, and unlock new data signals (e.g., Store Trip Data).
* **Privacy \& Compliance:** Plan and execute modeling and data pipeline initiatives in strict accordance with data regulatory laws (GDPR, CCPA, consent management).
* **Cross\-Functional Collaboration \& AI Workflows:** Partner with Product Analytics, Marketing Science, Data Engineers, and Software Engineers to drive revenue OKRs. Utilize AI\-assisted development tools (e.g., Cursor, Claude Code) to maximize daily throughput.


**WHAT YOU WILL NEED**


* **Strong Software Engineering Fundamentals:** Comfortable owning and operating production backend/data systems end\-to\-end, including participating in the team's on\-call rotation.
* **End\-to\-End Production ML Track Record:** Proven experience across the full ML lifecycle: feature engineering on Databricks/Spark, model training, evaluation, deployment, and monitoring in production.
* **Genuine Modeling \& Statistics Skills:** Ability to build, tune, and evaluate models from scratch, with solid grounding in statistics, hyperparameter tuning, and experiment design (A/B testing).
* **Data Scale \& Tech Stack Mastery:** Strong proficiency in Python, Spark, SQL, and Databricks. Comfort with distributed data pipelines at real scale.
* **MLOps Fluency:** Experience with ML lifecycle tools (MLflow or equivalent), model registries, and production monitoring for drift/quality.
* **Active Use of AI Coding Agents:** Hands\-on use of AI development tools (e.g., Cursor, Claude Code) to increase personal engineering throughput.
* **Education:** Bachelor's degree in Computer Science, Mathematics, Physics, Engineering, or a related quantitative field.
* **Fluent in English:** Strong written and spoken communication skills with overlap availability into North American hours (9am to 12pm EST)


At our company, we value diversity and actively encourage it — we believe a variety of perspectives and backgrounds makes us stronger. We focus on potential rather than on having a “perfect” CV. If this role excites you and you believe you could grow into it — even if you don’t tick every single box in the requirements — we’d love to hear from you!


**NICE TO HAVE**

* Ad\-tech or programmatic advertising context.
* Privacy engineering background (GDPR, CCPA).
* Deep Databricks platform administration knowledge.
* Familiarity with LLM platforms (OpenAI, Gemini) and embedding research.


**SALARY RANGE ️ : €50,000 – €70,000 fixed gross salary per year.**


**LOCATION**

While we have offices in **Milan**, **Barcelona** and Sofia, you can benefit from our flexible hybrid model, empowering you to work where you’re most effective in Europe. **Full remote available from Europe.**


**WHAT YOU WILL FIND AT SHOPFULLY**

An opportunity to thrive in a rapidly scaling multinational company



️ A vibrant, informal, and inclusive work environment



We champion autonomy, flexibility, and a hybrid work model, empowering you to own your work



Access to learning opportunities and regular feedback sessions



Enjoy our central, modern offices featuring fresh snacks, coffee (including vegan options!), and ergonomic setups



Engage in meaningful team events: offsites, happy hours, company parties and celebrations that unite us beyond daily tasks



We provide all the necessary equipment for you to work effectively and set up your workspace, wherever you are



Benefit from additional country\-specific advantages based on local contracts and practices


**WHO WE ARE**


We’re a team of 450 people (and counting!), from 30 different nationalities. We’re on a mission to innovate, and we believe the key to that is seeing the world through a variety of perspectives. That’s why building a more diverse team, as well as bringing in even more talent, is so important for us.


**TO FEEL AT HOME ️ IN SHOPFULLY YOU NEED**

* **Progress Over Perfection**: We move forward. Always. In a fast\-moving world, speed with purpose beats certainty without action. Momentum matters—not for its own sake, but because it drives results.
* **Clarity Through Transparency**: We bring each other along. We work in teams, not silos. Transparency gives context, and context enables action. That means we share decisions early, publish work in progress, and document outcomes so others can learn, move faster, and build better.
* **Learn Loudly**: We grow by doing and by daring. Big bets unlock big breakthroughs. But real innovation demands risk, and risk always carries the possibility of failure. That’s not a flaw. It’s the price of ambition.
* **Challenge with Empathy**: We speak up, even when it’s hard—because candor shows care, and leads to better outcomes. Listening deeply is how we grow. Disagreeing openly is how we build trust.

**Always Build Better: We are builders—of products, systems, and ideas. But more than that, we are builders of better. Better has no finish line. It’s a mindset.**


* *Affiliates shall mean any entity that directly or indirectly controls, is controlled by or is under common control with ShopFully SpA and its Affiliates’ subsidiaries, meaning any entity which is directly or indirectly controlled by the Affiliates.*","","https://it.indeed.com/cmp/Shopfully","","https://corporate.shopfully.com/it/","","","","","","","","","","","regulatory compliance"
"in-5115c52f2a602368","indeed","https://it.indeed.com/viewjob?jk=5115c52f2a602368","https://careers.brightstarlottery.com/job/Roma-Business-System-Analysis-Professional-00154/1434553633/","Business System Analysis Professional","Brightstar Lottery","Roma, LAZ, IT","2026-09-07","","","","","","",False,"","","","","**Location:**  

Roma, IT, 00154
  
  

**Requisition ID:** 19628
  
  

Brightstar is an innovative, forward\-thinking global leader in lottery that builds on our renowned expertise in delivering secure technology and producing reliable, comprehensive solutions for our customers. As a premier pure play global lottery company, our best\-in\-class lottery operations, retail and digital solutions, and award\-winning lottery games enable our customers to achieve their goals, fulfill player needs and distribute meaningful benefits to communities. We have a longstanding commitment to Responsible Gaming (RG) that is engrained within our core business and the products we offer to customers and players worldwide. Brightstar has a well\-established local presence and is a trusted partner to governments and regulators around the world, creating value by adhering to the highest standards of service, integrity, and responsibility. Brightstar has approximately 6,000 employees. For more information, please visit www.brightstarlottery.com.
  
  

**Overview:**  

The Business Analyst plays a critical role in defining, optimizing, and supporting the delivery of Brightstar’s iLottery digital products and omnichannel player experiences. This position partners closely with Product, UX, Engineering, and third‑party vendors to ensure digital solutions are high‑quality, compliant, and aligned with business strategy.
  
  

**Responsabilities:**  

**Digital Product Definition:** Lead the end‑to‑end elicitation, analysis, and documentation of functional and non‑functional requirements for iLottery digital products. This includes defining enhancements for mobile applications, instant‑win experiences, and web‑based draw results to ensure cohesive, high‑quality player interactions.
  
  

**Omnichannel Experience Design:** Develop and maintain comprehensive player journey maps that seamlessly connect digital and retail environments. Examples include Click \& Collect prize claims, retail‑to‑digital engagement flows, and promotional mechanisms that unify physical and online channels.
  
  

**Business–Technology Alignment:** Translate strategic business objectives into detailed User Stories and Acceptance Criteria for Agile delivery teams. Ensure squads understand the business rationale behind each requirement and support them throughout refinement, development, and testing phases.
  
  

**Integration \& Systems Requirements:** Define and manage requirements for integrations with third‑party providers such as secure payment processors, identity and age‑verification platforms, and Brightstar’s retail\-focused systems. Ensure integrations meet performance, security, and compliance standards.
  
  

**Player\-Centric Insights \& Analysis:** Leverage data from digital platforms, retail systems, analytics dashboards, and player feedback to identify pain points and optimisation opportunities. Partner with Product and UX teams to recommend data‑driven improvements to journey flows and user experiences.
  
  

**Regulatory Compliance \& Product Integrity:** Ensure all digital products fully comply with relevant gaming regulations, Responsible Gaming (RG) standards, and data protection requirements (including GDPR). Maintain rigor in documentation and change control processes to uphold product integrity.
  
  

**Qualifications:**  

**Professional Experience:** Minimum 3 years’ experience as a Business Analyst in a digital‑first environment (eCommerce, Fintech, iGaming, or similar), ideally with exposure to physical retail operations and their supporting technologies.
  
  

**Omnichannel \& Retail Technology Understanding:** Hands‑on experience delivering solutions that bridge digital products with physical hardware or retail systems (e.g., EPOS systems, mobile scanning features, loyalty platforms).
  
  

**Agile Delivery Expertise:** Strong command of the Software Development Lifecycle within Agile frameworks (Scrum or Kanban). Proficient in backlog management and documentation using Jira, Confluence, and similar tools.
  
  

**Analytical \& Visualisation Skills:** Proficiency across MS Office tools, Visio, and digital whiteboarding or wireframing applications such as Figma, Miro, or equivalent platforms.
  
  

**Stakeholder Communication \& Influence:** Ability to distill complex technical concepts into clear, business‑friendly language for non‑technical stakeholders while maintaining the necessary level of detail and precision for engineering teams.
  
  

Ability to communicate fluently in English in a professional context
  
  

Success Profile
  
  

* Leading Complexity
* Leading People
* Leading the Business
* Leading Self \#LI\-YG1 \#LI\-Hybryd


This information reflects Brightstar Lottery’s good\-faith estimate of compensation for this position at the time of publication. Actual compensation will be determined in accordance with the applicable collective agreement and internal compensation policies. Factors that we consider include, but are not limited to, role, career level, performance, skills, level of expertise, experience, location, market competitiveness, and internal equity. The estimated starting compensation range is €35\.086 – € 43\.105\. The Company will comply with all local pay requirements and collective bargaining agreements, where applicable.
  
  

**Other Benefits Offered:**  

Paid time off
  
Health insurance, life insurance, and disability insurance
  
Opportunities to volunteer your time to company\-driven initiatives, employee networks or organizations of your choice
  
Variety of well\-being programs
  
Retirement benefits including Supplementary Pension
  
Additional benefits available depending on the seniority of the role
  
Mobility Benefits
  
Meal Vouchers
  
  

This position is governed by collective bargaining agreement, which regulates the main terms and conditions of employment, including minimum salary levels, classification, working hours, leave, and other employment rights.
  
  

Our hiring process is conducted in line with principles of pay transparency and equal pay. We do not request or rely on candidates’ salary history during the selection process.
  
  

All Brightstar employees have a role in information security. Annual training will be assigned and required as appropriate.","","https://it.indeed.com/cmp/Brightstar-Lottery","https://d2q79iu7y748jz.cloudfront.net/s/_squarelogo/256x256/db85956096985e3848346277a3efa0a3","https://www.brightstarlottery.com/","London, England","5,001 to 10,000","$1B to $5B (USD)","Brightstar is an innovative, forward-thinking global leader in lottery that builds on our renowned expertise in delivering secure technology and producing reliable, comprehensive solutions.","","","","","","","regulatory compliance"
"li-4462836850","linkedin","https://www.linkedin.com/jobs/view/4462836850","","Sales Account | Telematics","Teltonika","Rome, Latium, Italy","2026-09-03","","","","","","",False,"","","","","","","https://lt.linkedin.com/company/teltonika","","","","","","","","","","","","","notified body"
"li-4461161270","linkedin","https://www.linkedin.com/jobs/view/4461161270","","OPTICAL ENGINEER ZEMAX","Soluzioni Differenti","Rome, Latium, Italy","2026-09-04","","","","","","",False,"","","","","","","https://it.linkedin.com/company/soluzionidifferenti","","","","","","","","","","","","","CE marking"
