"id","site","job_url","job_url_direct","title","company","location","date_posted","job_type","salary_source","interval","min_amount","max_amount","currency","is_remote","job_level","job_function","listing_type","emails","description","company_industry","company_url","company_logo","company_url_direct","company_addresses","company_num_employees","company_revenue","company_description","skills","experience_range","company_rating","company_reviews_count","vacancy_count","work_from_home_type","search_term"
"in-d2927386b2f5c9ff","indeed","https://it.indeed.com/viewjob?jk=d2927386b2f5c9ff","https://careers.marriott.com/talent-acquisition-early-careers-recruitment-events-manager-italy/job/9DF70C0A06CA20D2BD32E87509D0B063?utm_medium=jobboard&utm_source=indeed","Talent Acquisition, Early Careers & Recruitment Events Manager - Italy","Marriott International","Roma, LAZ, IT","2026-08-19","fulltime","","","","","",True,"","","","","**Additional Information**  

**Job Number**26105139  

**Job Category**Human Resources  

**Location**Via del Pattinaggio 100, Rome, Città Metropolitana di Roma, Italy, 00144  

**Schedule**Full Time  

**Located Remotely?**N  

**Position Type** Management  

The **Early Careers \& Recruitment Events Manager, Talent Acquisition,** is responsible for building and nurturing a solid pipeline for early career roles.


This role is part of the EMEA Talent Acquisition team, reporting to the Senior Manager, Talent Acquisition.


The role works closely with partners across EMEA Talent Acquisition Hub Team, HR Data \& Analytics, property HR teams, local HR teams, and a range of external stakeholders, including educational institutions and youth employment partners. It represents Marriott International across the region in attracting early career talent for Internships, Apprenticeships, Voyage Graduate Leadership Development Program and direct entry roles. The Early Careers \& Recruitment Events Manager role is responsible for delivering impactful recruitment events that strengthen talent pipelines, accelerate hiring outcomes, and support the successful filling of critical roles across the region.

 **Scope**

**Stakeholder Engagement (Hotels)**

* Develop an understanding of our brands and local hotel portfolio to confidently promote opportunities to early career talent and align candidates with roles.
* Establish relationships with ADHRs, Hotel HR leaders, Hiring Managers at a country level to understand their recruitment needs and champion youth programs within the country
* Develop an understanding of localisation initiatives and initiate a tailored outreach plan to attract talent
* Drive Early Careers Program needs (Internships, Apprenticeships, Voyage) across hotels, facilitating group information sessions and tailored one\-to\-one‑to‑one discussions with hotel leadership where appropriate.
* Develop insight and remain updated on local labor market trends and competitor practices in market trends and competitor practices in ‑market trends and competitor practices in early‑career recruitment.
* Collaborate with EMEA Youth Champion Programs, partnering with Hotels and Next Gen representatives to increase reach and engagement within local country level schools and NGOs.

**Stakeholder Engagement (Partners)**

* Create a concise database of educational institutions and partners
* Build solid relationships, nurture and actively engage with educational institutions and partners
* Leading timely engagement with partner institutions including career fairs, exclusive Marriott on Campus Days, Property Site Inspections
* Deliver engaging and impactful presentations on career opportunities at Marriott International to inspire and attract early careers talent
* Coach, guide and mentor early careers and present opportunities at Marriott International at any given opportunity
* Serve as an ambassador for Marriott International at all partner institutions consistently reflecting the brand in a positive and professional manner.

**Recruitment Events**

* Develop and maintain an annual calendar of career and recruitment events, including campus engagements, key source markets outreach and local hotel hiring initiatives.
* Represent Marriott International at career fairs and events hosted by universities and local institutions.
* Lead the end\-to\-end\-to\-end‑to‑end execution of recruitment events—from goal setting, planning and logistics, candidate registration and communications, event promotion, onsite management, through to post‑event evaluation and reporting.
* Leverage digital platforms and technology to design and deliver virtual recruitment experiences that maximize reach and candidate engagement.
* Activate effective platforms and source target markets for promoting recruitment events to maximize both candidate volume and quality, including channels such as LinkedIn and Sprinklr Campaigns

**Process**

* Partner with Hubs team to remain up to date on all open roles’ potential for early careers talent
* Partner with local market Hubs team on in initiatives where appropriate
* Develop sourcing strategies to ensure a solid pipeline for early careers open roles with specific attention to ageing requisitions

**Technology, Tools, and Integration**

* Stay current on key hiring metrics and leverage data insights to guide strategic decisions in early career recruitment.
* Champion digital transformation initiatives to streamline recruitment and candidate and hiring manager experiences

 **Candidate Profile**

**Required Experience**

* 3\+ years in Human Resources, Talent Acquisition, Event Management or Sales \& Marketing (hospitality industry preferred)
* Craft and deliver compelling presentations that captivate and inspire audiences
* Solid experience leading or supporting end\-to\-end event or program management, including planning, logistics, vendor coordination, registration, and post\-event evaluation.
* Exposure to youth or early careers programs, campus engagement and recruitment events
* Demonstrated ability to manage and collaborate with multiple stakeholders designing solutions where required to increase applications and elevate the candidate and hiring manager experience
* Experience in creating marketing content for events or recruitment campaigns (e.g. Canva, digital outreach)
* Familiarity with virtual recruitment/event platforms or technology enabled engagement tools.
* Knowledge of hospitality industry trends, early career talent, and local labor markets is a plus.
* Strong data capability to design metrics and interpret program performance.

**Success Measures**

* Increase direct applications from event\-related campaigns
* Increase youth applications and youth hires at all entry points. Total conversion on key youth programs such as the Voyage Leadership Development Program, Internships, apprenticeships (fill ratio, time to fill, quality of hire)
* Growth of partnerships with local institutions measured by number of active relationships and repeat engagements
* Increase brand presence at campus and industry events (measured through participation, reach)
* Improved stakeholder confidence in the HUB model.

 **Skills and competencies**

**Skills and Behaviours**

* Project management and operational organization, planning, execution skills
* Proactive in building and nurturing relationships
* Stakeholder management and influencing
* Highly effective in communication and cross functional collaboration‑functional collaboration
* Enterprise mindset \- Goal oriented and committed to driving local initiatives forward ‑oriented and
* Passion for youth and developing innovative solutions to facilitate connecting early career talent to opportunities
* Creative and innovative storyteller with a strong marketing mindset
* Digitally fluent, with strong capability in using digital platforms and social media to support engagement and outreach
* Adaptability and agility
* Data driven decision making
* University or professional project qualification is preferred
* Language requirements: High proficiency in English is required. Additional language knowledge or proficiency is desirable.


Note: This is an EMEA regional role, and regular travel across the region will be required. In addition, when not travelling, the expectation is to be based at the Local office three days a week or as needed.

**WHY JOIN MARRIOTT INTERNATIONAL?**


Marriott International has been recognized as one of Fortune’s 100 Best Companies to Work For™ in 2026 by Great Place to Work®. This is a reflection of our people\-first culture, commitment to wellbeing, and collaborative workplace. This accolade joins a growing list of regional honors, reinforcing our dedication to creating an exceptional environment where associates thrive.

*At Marriott International, we are dedicated to being an equal opportunity employer, welcoming all and providing access to opportunity. We actively foster an environment where the unique backgrounds of our associates are valued and celebrated. Our greatest strength lies in the rich blend of culture, talent, and experiences of our associates. We are committed to non\-discrimination on any protected basis, including disability, veteran status, or other basis protected by applicable law.*


\#LI\-EF1


Marriott International is the world’s largest hotel company, with more brands, more hotels and more opportunities for associates to grow and succeed. **Be** where you can do your best work, **begin** your purpose, **belong** to an amazing global team, and **become** the best version of you.","Restaurants Travel And Leisure","https://it.indeed.com/cmp/Marriott-International","https://d2q79iu7y748jz.cloudfront.net/s/_squarelogo/256x256/35c575587ce04e0f016b7d1b7f3215cf","https://www.marriott.com","Global Headquarters

7750 Wisconsin Avenue
Bethesda, MD 20817","10,000+","more than $10B (USD)","With more than 8,300 hotels and 30+ hotel brands worldwide, the career opportunities with Marriott are endless. Experience our story.","","","","","","","talent acquisition"
"in-353cf874af2f3da9","indeed","https://it.indeed.com/viewjob?jk=353cf874af2f3da9","http://it.indeed.com/job/talent-acquisition-specialist-intern-353cf874af2f3da9","Talent Acquisition Specialist Intern","Gruppo I.V.A. SpA","Roma, LAZ, IT","2026-08-19","fulltime","","","","","",False,"","","","","**Gruppo Italia Vendita Auto S.p.A**. è leader nel settore Automotive. Grazie all’apertura di nuove sedi e al successo dei nostri brand, siamo diventati il punto di riferimento per l'usato e il Km 0 nel Centro Italia.

Per il potenziamento del nostro Team HR, siamo alla ricerca di un/a **Junior Talent Acquisition Specialist!** In affiancamento alla Responsabile della Selezione sarai coinvolto/a nei principali processi HR, con particolare focus sulla ricerca e selezione del personale.

*Ti occuperai di:*

* ***Selezione del Personale***: Supporto operativo in tutte le fasi di reclutamento, dalla stesura e pubblicazione job posting sui principali portali allo screening dei CV, dal primo contatto telefonico con i candidati alla partecipazione ai colloqui conoscitivi.
* ***Employer Branding \& Sourcing***: Ricerca attiva di profili tramite LinkedIn e database aziendali, contribuendo ad alimentare la nostra banca dati di talenti.
* ***Onboarding \& Candidate Experience***: Supporto nell'accoglienza dei nuovi inseriti e cura della comunicazione con i candidati lungo tutto l'iter selettivo, assicurando un percorso chiaro, trasparente ed efficace.
* ***Supporto Amministrativo alla Selezione***: Raccolta della documentazione iniziale dei candidati idonei per il passaggio della pratica all'amministrazione HR.

*Chi stiamo cercando*

* Hai un background accademico in ambito Umanistico o Economico e una reale passione per il mondo del Recruiting e della Talent Acquisition.
* Sei una persona precisa, analitica, con spiccate doti relazionali e forte orientamento agli obiettivi
* Hai un’ ottima conoscenza di Excel (fondamentale per la gestione dei report, il tracciamento dei dati e l'organizzazione del lavoro) e familiarità con l'intero Pacchetto Office.

Retribuzione: €800,00 al mese

Sede di lavoro: Di persona","","https://it.indeed.com/cmp/Gruppo-I.v.a.-Spa","https://d2q79iu7y748jz.cloudfront.net/s/_squarelogo/256x256/72aceb21a277f69f6a81621e6c41fc4c","","","51 to 200","","Primo reseller nel centro Italia di auto usate e Km 0 multibrand. In forte espansione sul territorio nazionale.","","","","","","","talent acquisition"
"in-59be509c1505c2b5","indeed","https://it.indeed.com/viewjob?jk=59be509c1505c2b5","https://careers.tfscro.com/jobs/8234311-freelance-senior-clinical-research-associate","Freelance Senior Clinical Research Associate","TFS","Roma, LAZ, IT","2026-08-18","fulltime","","","","","",True,"","","","","TFS HealthScience is a leading global mid\-size Contract Research Organization (CRO) that partners with biotechnology and pharmaceutical companies throughout their entire clinical development journey. Our expertise includes full service\-capabilities, resourcing and Functional Service (FSP) solutions.

**Join Our Team as a** **Freelance Senior Clinical Research Associate (0\.4 FTE) \- home based in Italy.**

***Interested in future opportunities with TFS HealthScience?***

*We are currently building a network of experienced Freelance Senior Clinical Research Associates for an anticipated ophthalmology project. While this position is not yet actively open for immediate recruitment / onboarding, we encourage interested candidates to apply and join our talent community. Once sponsor requirements are confirmed, our Talent Acquisition Team we will reach out to candidates whose experience best aligns with the project needs.*

**About this role**


As part of our **Ophthalmology** team you will be working alongside passionate and innovative professionals to ensure our customers achieve their goals.  

  

The **Freelance Senior Clinical Research Associate** is part of Clinical Development Services (CDS) within TFS HealthScience, will function operationally as a member of a Project Team and is responsible for the initiation, on\-site and/or remote monitoring and close out of study sites during study conduct, according to company policies, SOPs and regulatory requirements.


The **Freelance Senior Clinical Research Associate** will provide Unmasked Clinical Research Associate support for assigned clinical studies, including management of investigational product accountability, oversight of unblinded site activities, and monitoring of protocol compliance in accordance with study requirements and applicable regulations. The **Freelance Senior Clinical Research Associate** will collaborate with study teams, investigative sites and sponsors to ensure timely execution of study deliverables while maintaining the integrity of study blinding and data quality.

**Key Responsibilities:**

* Monitor on\-site and remotely clinical trials in accordance with TFS and/or sponsor Standard Operating Procedures GCP and ICH guidelines and applicable regulatory regulations. Perform all required monitoring activities at the study sites to assess and ensure subjects safety, data integrity and quality.
* Verify the protection of study participants by informed consent procedures and protocol requirements that follow appropriate regulations.
* Review CRFs (electronic or paper) and subject source documentation for validity and accuracy
* Verify proper management and accountability of Investigational Product
* Timely reporting of actions taken during monitoring visits in Monitoring Visit Report including findings, corrective and preventive actions already taken and update applicable tracking systems, as required; escalate observed deficiencies and issues as appropriate.
* Providing site with the listing of issues identified during monitoring visit and action items which will need to be addressed in a timely manner.
* Timely delivering site documents to eTMF or paper TMF.
* Verify that the Investigator's Site File (ISF) is maintained in accordance with GCP and ICH guidelines and local regulatory requirements.
* Update CTMS and all other required by projects systems with accurate site level information
* Participate in audit and/or inspection, it’s preparation and follow\-up activities, as needed.
* Order, ship, and reconcile clinical investigative supplies for study sites, if applicable.
* May assist the Clinical Research Manager or Project Manager in certain aspects of project activities which may include:


	+ project tracking,
	+ monitoring plans,
	+ Review of monitoring reports
	+ CRA resources management within the project
* May perform Assessment Site Visits (ASV) when requested.
* May act as a mentor to CRAs.
* May develop and implement therapeutic area training for other CRAs and project team members.
* May participate in capabilities presentations.

**Qualifications:**

* Bachelor’s Degree, preferably in life science or nursing; or equivalent
* \>5 years of independent on\-site monitoring experience and at least 1 year experience as an unmasked monitor is required.
* At least 1 year Ophthalmology, ideally within a retina indication (i.e. Age\-related Macular Degeneration, Diabetic Macular Edema, Geographic Atrophy, RVO, BRVO, CRVO, etc.), experience is preferred.
* Able to work in a fast\-paced environment with changing priorities.
* Understand basic medical terminology and science associated with the assigned drugs and therapeutic areas.
* Possess the understanding of Good Clinical Practice regulations, ICH guidelines.
* Ability to work independently as well as in a team matrix organization.
* Excellent written and verbal communication skills
* Fluent in English and local language
* Excellent organizational skills
* Technology savvy and good software and computer skills
* Soft skills requirements: Self\-awareness, resolute, flexibility, collaborative mindset, proactivity, analytic approach, and attention to detail, coach ability, motivated to take on new challenges, facilitation of discussion, diplomacy in difficult situations.
* Ability to take the ownership of the assigned tasks.
* Ability to manage complex or early phases studies.
* Ability and willingness to travel up to 60\-80%, overnight and abroad, if applicable.

**What We Offer**


We provide a competitive compensation package, comprehensive benefits, and the opportunity for personal and professional growth in a rewarding environment. You’ll be joining a team that values collaboration, innovation, and making a difference in the lives of patients

***We welcome applications from candidates belonging to protected categories under art. 1 L. 68/99\.***

**A Bit More About Us**


Our journey began over 25 years ago in Sweden, in the city of Lund. As a global CRO with the ultimate goal of ensuring patients’ safety and well\-being, we provide biotechnology and pharmaceutical companies with tailored clinical development solutions. We currently operate in 17 countries across Europe, North America, Asia Pacific and the Middle East.


Our core values of Trust, Quality, Flexibility and Passion are what make TFS Healthscience the successful company it is today. Our values shape our culture and work ethic. They reflect what we stand for and guide our organization.

**\#Together we make a difference**","Pharmaceuticals","https://it.indeed.com/cmp/Tfs-36766917","https://d2q79iu7y748jz.cloudfront.net/s/_squarelogo/256x256/f24848d37429a16835afe885a79b64b5","https://tfscro.com/","Sweden, Lund - Scheeletorget 1 Building 601, 4th floor, 223 81 
                                                                                           
","501 to 1,000","","Leading mid-sized Contract Research Organisation (CRO) with over 800 employees in 20 countries. Strongly focused on people, TFS strives for flexibility, growth and excellence.","","","","","","","talent acquisition"
"in-c1ef32b0b2a8b4b4","indeed","https://it.indeed.com/viewjob?jk=c1ef32b0b2a8b4b4","https://vrtx.wd501.myworkdayjobs.com/en-US/vertex_careers/job/Rome-Italy/Marketing-Associate-Director--Hemoglobinopathies---Italy_REQ-29600","Marketing Associate Director, Hemoglobinopathies - Italy","Vertex Pharmaceuticals","Roma, LAZ, IT","2026-08-17","fulltime","","","","","",True,"","","","ApplicationAssistance@vrtx.com","**Job Description**

**General Summary:**

The Marketing Associate Director is accountable for understanding the market landscape, defining and developing key business activities and tactics to support goals of the brand/portfolio, and measuring the success of those activities/tactics.


**Key Duties and Responsibilities:**

* Partners with brand/team\-lead to help shape the brand strategy, segment the market, develop messaging and launch into new segments, including label expansions
* Directs the development and implementation of strategic and tactical plans for assigned product
* Collaborates with Vertex external communications review committee to approve materials for external use with customers
* Generates and consolidates key insights across HCPs and patient stakeholders through market research, ad boards, etc.
* Develops strong partnerships with cross\-functional team to support business goals
* Ensures appropriate metrics are in place to measure impact of tactics in field
* Leads and manages agency partners to ensure on budget and timely deliverables
* Acts as an advisor or coach to mentor other members of the team

**Knowledge and Skills:**

* Direct experience with communications review committee for review of tactics
* Ability to oversee generation of insights and apply those insights to business problems/opportunities
* Strong analytical mindset to lead others to solve complex problems
* Demonstrated ability to develop strategy, make strategic recommendations, and monitor performance
* Strong working knowledge of market forecasts and relationship of business drivers to revenue
* Strong working knowledge of MS Office applications, including PPT, Excel and Word
* Experience in pharmaceutical marketing or closely related field(s) (e.g., pharmaceutical sales, ad agency, etc.)

**Education and Experience:**

* Bachelor's degree in marketing, business, or scientific degree
* Typically requires 8 years of experience or the equivalent combination of education and experience

**Flex Designation:**

Hybrid\-Eligible Or On\-Site Eligible
**Flex Eligibility Status:**

In this Hybrid\-Eligible role, you can choose to be designated as:
  

1\. **Hybrid** : work remotely up to two days per week; **or select**  

2\. **On\-Site** : work five days per week on\-site with ad hoc flexibility.


Note: The Flex status for this position is subject to Vertex’s Policy on Flex @ Vertex Program and may be changed at any time.  



  

\#LI\-Hybrid  

  



**Company Information**

Vertex is a global biotechnology company that invests in scientific innovation.


Vertex is committed to equal employment opportunity and non\-discrimination for all employees and qualified applicants without regard to a person's race, color, sex, gender identity or expression, age, religion, national origin, ancestry, ethnicity, disability, veteran status, genetic information, sexual orientation, marital status, or any characteristic protected under applicable law. Vertex is an E\-Verify Employer in the United States. Vertex will make reasonable accommodations for qualified individuals with known disabilities, in accordance with applicable law.


Any applicant requiring an accommodation in connection with the hiring process and/or to perform the essential functions of the position for which the applicant has applied should make a request to the recruiter or hiring manager, or contact Talent Acquisition at ApplicationAssistance@vrtx.com","","https://it.indeed.com/cmp/Vertex-Pharmaceuticals","https://d2q79iu7y748jz.cloudfront.net/s/_squarelogo/256x256/c3fd846d6e80591445e9606e0f5067f6","http://www.vrtx.com","Boston, MA","5,001 to 10,000","$5B to $10B (USD)","At Vertex, we invest in scientific innovation to create transformative medicines for people with serious diseases with a focus on specialty markets.","","","","","","","talent acquisition"
"in-fff10bd8d3233c9b","indeed","https://it.indeed.com/viewjob?jk=fff10bd8d3233c9b","https://jobs.smartrecruiters.com/JYSK/744000143274298-sales-assistant-21-h-terni-categorie-protette-l-68-99","Sales Assistant 21 h - Terni Categorie Protette L.68/99","JYSK","Terni, UMB, IT","2026-08-13","parttime","","","","","",False,"","","","","**Descrizione dell'azienda**  

JYSK è un retailer internazionale di arredamento per la casa con radici scandinave che rende facile arredare ogni ambiente di qualsiasi casa e giardino.


Con oltre 3\.600 negozi e online shop in 49 paesi, JYSK propone sempre grandi offerte e un servizio competente a portata di mano, indipendentemente da come i clienti scelgono di fare acquisti.


Il fondatore Lars Larsen ha aperto il suo primo negozio in Danimarca nel 1979\. Oggi, JYSK impiega 34\.000 collaboratori.

 **Descrizione del lavoro**  

Ami la vendita? Vuoi fornire il miglior servizio clienti in Italia insieme al tuo team JYSK? T piacciono i lavori dinamici e un ambiente frenetico?


Allora potresti essere la persona che stiamo cercando come Sales Assistant!

**COSA OFFRIAMO**


Avrai la possibilità di entrare a far parte di un'azienda retail che vuole essere la prima scelta dei candidati quando cercano un nuovo lavoro. Siamo un’azienda dinamica: con noi i tuoi contributi contano, sarai sempre coinvolto e il tuo sviluppo sarà una priorità. Inoltre, in qualità di ambasciatore JYSK, avrai i seguenti vantaggi:

* Opportunità di sviluppo e responsabilità – abbiamo l’obiettivo di nominare l’80% dei nostri futuri manager internamente. Scopri di più qui
* Competizioni interne tra negozi con premi interessanti
* Attività sociali e un luogo di lavoro divertente
* Bonus competitivi che premiano grandi risultati di vendita
* Un orario di lavoro flessibile
* Sconto del 20% presso le aziende del Gruppo JYSK e Lars Larsen
* Inquadramento e RAL IV livello del CCNL Commercio e Servizi pari 25\.047,40 euro lordi annui (da riproporzionare in caso di part time).

**LE TUE RESPONSABILITÀ**

* Assicurare eccellenti vendite nel negozio: offrire ai nostri clienti un servizio eccellente sempre con il sorriso!
* Garantirai che il negozio sia in ordine al 100% e ben fornito con i nostri prodotti
* Aiuterai a ricevere, disimballare e riporre la merce, sia nel magazzino che nel piano vendita quindi non hai paura del lavoro fisico
* Avrai l’opportunità crescere come referente di una o più aree del negozio


Incontra uno/a dei nostri Sales Assistant e scopri di più su di noi qui.

**IL TUO VALORE AGGIUNTO**

* Sei comunicativo/a, prendi iniziative e sai dare ai nostri clienti la migliore esperienza di acquisto che possano immaginare
* Hai un entusiasmo contagioso e ti appassiona relazionarti con i clienti
* Sei un/a buon/a collega per la tua squadra – insieme fate il possibile per ottenere grandi risultati
* Ti piace il lavoro dinamico e sei flessibile: sia nelle attività che in termini di orari di lavoro.

  

**Informazioni aggiuntive**  

La nostra ambizione è essere la prima scelta dei lavoratori all'interno del retail, ovunque sia presente JYSK nel paese. Ciò significa che ci impegniamo sempre ad essere un luogo attrattivo in cui lavorare e che i nostri colleghi apprezzino il tempo che trascorrono al lavoro. Siamo anche orgogliosi di premiare l'impegno tra i nostri colleghi.


Pertanto, quando lavori in JYSK incontrerai molte opportunità di carriera sia a livello nazionale che internazionale e godrai di grandi vantaggi per i dipendenti.


Credi che JYSK faccia per te? Scopri di più su di noi come luogo di lavoro, **visita la nostra** **career page**.


""*L'offerta di lavoro si intende rivolta ad entrambi i sessi, nel rispetto delle disposizioni delle leggi D.lgs. 903/77 e D.lgs. 125/91*"".

*Scopri come trattiamo i tuoi dati nella sezione* *Policy sulla Privacy**.*


Per aiutarci a gestire le candidature in modo equo ed efficace, utilizziamo un sistema che verifica e valuta quanto ogni candidatura sia adatta al ruolo. Il sistema analizza le tue risposte ad alcune domande di screening: le domande sono state create dal sistema e poi revisionate dal Talent Acquisition Team di JYSK. Ogni domanda e ogni risposta hanno un valore, e in base alle tue risposte il sistema ordina i candidati per darci un'idea di quanto il ruolo possa essere in linea con il tuo profilo. Questo ci permette di gestire tutte le candidature e garantire che ogni persona venga trattata in modo uguale. Il risultato del sistema indica se la tua candidatura passerà o meno alla fase successiva, ma non preoccuparti: la decisione finale è sempre presa da una persona. Se vuoi saperne di più su come trattiamo i tuoi dati personali e sui tuoi diritti, puoi consultare la nostra Privacy Policy.","","https://it.indeed.com/cmp/Jysk","https://d2q79iu7y748jz.cloudfront.net/s/_squarelogo/256x256/a1ece345739bdbb0889f8bbe72ad3519","https://www.jysk.com/","Brabrand","10,000+","Decline to state","When you grow, we grow. It’s that simple. At JYSK, we are committed to the ongoing development of our colleagues. We have locations in BC, Alberta, Saskatchewan, Manitoba, Ontario, and Quebec.","","","","","","","talent acquisition"
"in-c9da86b7df7b7397","indeed","https://it.indeed.com/viewjob?jk=c9da86b7df7b7397","https://careers.zespri.com/job/Aprilia-Export-Documentation-Assistant-LT/1365146566/","Export Documentation Assistant","zespri","Aprilia, LAZ, IT","2026-07-31","internship","","","","","",True,"","","","careers@zespri.com","**Date:** 31 Jul 2026
  
  

**Location:** Aprilia, LT, IT
  
  

**\#job\-location.job\-location\-inline { display:** inline; }
  
  

**Company:** Zespri Group Limited
  
  

Kō wai mātou? Who are we?
  
  

Zespri is more than simply the world's single\-largest marketer of kiwifruit. We like to think of ourselves as fruit on a mission and as rebels with a cause: to help people, communities and the environment around the world thrive through the goodness of kiwifruit. We are proudly the world's largest marketer of kiwifruit, selling kiwifruit in more than 50 countries. We work with around 2,800 New Zealand and 1,500 international growers and post\-harvest companies to source the best\-quality Zespri Kiwifruit which we supply through our distribution partners to wholesale and retail customers. We are one of New Zealand's best\-known international brands, dedicated to creating sustainable long\-term value for growers.
  
  

He aha te mahi? What's the role?
  
  

Based in Bologna, the Export Documentation Assistant will assist the Supply Chain team in planning, creating and communicating the European and international market programs.
  
  

This is an internship for 6 months from begin September 2026 until February 2027, based in Bologna.
  
  

**Accountabilities:**  

Support export documentation processes ensuring accuracy and data consistency for international shipments.
  
Assist the Supply Chain team to ensure the European and Overseas Markets set of documents are delivered in due time.
  
Collaborate to follow up the loading plan for the European and Overseas Markets, ensuring the plans provided are accurate guaranteeing a perfect operation coordination.
  
Collaborate with internal teams and external partners to ensure smooth execution of export flows.
  
Maintaining accurate records of export shipments for reporting purposes.
  
Perform checks on key documents (invoices, packing lists, B/L, certificates) to meet customs requirements and customers satisfaction.
  
Identify and flag discrepancies, supporting issue resolution and compliance standards.
  
Develop autonomy in managing export documentation within the supply chain with the supervision of the Global Export Documentation Lead.
  
Ko wai koe? Who are you?
  
  

We are looking for someone who is detail oriented, reliable and a strong interest in the fresh food industry and an international environment. The successful candidate will have:
  
  

Ability to communicate well in English (both written and verbal). French or Greek is an advantage.
  
Good communication, organizational, and problem\-solving skills.
  
Strong attention to detail and accuracy.
  
Analytical mindset with focus on data consistency and compliance.
  
Ability to manage tasks, priorities, and deadlines in a dynamic environment.
  
Interest in international trade, customs processes, and supply chain operations.
  
Experience in logistic, import/export operations or related fields is a plus.
  
SAP knowledge is preferred.
  
He aha e tika ai a Zespri? Why Zespri?
  
  

Our people are what makes our culture so irresistible and uniquely Zespri. We are a passionate and mighty team of 850\+ employees in 23 different locations globally. Working at Zespri is an opportunity to join a fast\-paced, culture\-driven environment unlike any other. We want people who share our values of making it happen, creating real connections, and leaving a legacy. Join us in shaping our future and be part of a truly unique organisation.
  
  

Gross base salary of EUR1,200\.
  
FlexWELL flexible work ethos; WFH \& the office.
  
Meal Allowance \- based on working days
  
  

Tono mai inaianei!
  
  

At Zespri, we understand the importance of diverse perspectives and experiences, and a fair hiring process is the first step to getting there. We want to attract a diverse range of people and encourage everyone from all backgrounds and walks of life to apply. Please let us know if you need any assistance or reasonable adjustments to take part in the recruitment and selection process by reaching out to our Talent Acquisition team via email at careers@zespri.com.
  
  

Agency
  
  

Zespri will not accept applications or contact from any temporary staffing agency, placement service or professional recruiter for this vacancy (“Agency”).
  
  

Where Zespri requires the support of an agency to fulfil a vacancy, we will proactively seek this support from our network of Agencies. We respectfully ask that you do not contact Zespri or any of its affiliates/employees regarding vacancies, and reserve the right not to reply.
  
  

Zespri will not be responsible for, and will not pay, any fees, commissions or other payments related to such unsolicited resumes.","","https://it.indeed.com/cmp/Zespri","","","","","","","","","","","","","talent acquisition"
"li-4441838169","linkedin","https://www.linkedin.com/jobs/view/4441838169","","HR Business Partner Support Intern","Ayvens","Rome, Latium, Italy","2026-08-15","","","","","","",False,"","","","","","","https://www.linkedin.com/company/ayvens","","","","","","","","","","","","","talent acquisition"
"li-4454398929","linkedin","https://www.linkedin.com/jobs/view/4454398929","","Junior HR Generalist","LDC Hotels Italy","","2026-08-14","","","","","","",False,"","","","","","","https://it.linkedin.com/company/ldc-hotels-&-resorts-group","","","","","","","","","","","","","talent acquisition"
"li-4444943236","linkedin","https://www.linkedin.com/jobs/view/4444943236","","HR Business Partner Lazio","GXO Logistics, Inc.","Colleferro, Latium, Italy","2026-08-14","","","","","","",False,"","","","","","","https://www.linkedin.com/company/gxologistics","","","","","","","","","","","","","talent acquisition"
"li-4452975497","linkedin","https://www.linkedin.com/jobs/view/4452975497","","HR Business Partner - Italy","TVS Motor Company","Rome, Latium, Italy","2026-08-13","","","","","","",False,"","","","","","","https://in.linkedin.com/company/tvs-motor-company","","","","","","","","","","","","","talent acquisition"
"li-4450458528","linkedin","https://www.linkedin.com/jobs/view/4450458528","","Addetto formazione risorse umane","Direzione Lavoro","Ardea, Latium, Italy","2026-08-13","","","","","","",False,"","","","","","","https://it.linkedin.com/company/direzione-lavoro","","","","","","","","","","","","","talent acquisition"
"li-4456191120","linkedin","https://www.linkedin.com/jobs/view/4456191120","","Human Resources Director Europe & UK (Based in Rome)","Plaza Premium Group","Rome, Latium, Italy","","","","","","","",False,"","","","","","","https://cn.linkedin.com/company/plaza-premium-lounge-management-limited","","","","","","","","","","","","","talent acquisition"
"li-4456338348","linkedin","https://www.linkedin.com/jobs/view/4456338348","","Global HR Business Partner (CRO / Life Science experience required)","ERGOMED","Rome, Latium, Italy","","","","","","","",False,"","","","","","","https://uk.linkedin.com/company/ergomed-clinical-research","","","","","","","","","","","","","talent acquisition"
"in-a940d395d7f49f64","indeed","https://it.indeed.com/viewjob?jk=a940d395d7f49f64","https://salus.tuolavoro.com/jobs/8243431-addetto-a-risorse-umane-per-area-personale","Addetto/a Risorse Umane per area personale","CAM","Latina, LAZ, IT","2026-08-19","fulltime","","","","","",False,"","","","","Un'attività commerciale strutturata nella vendita al dettaglio, con punti vendita presenti sul territorio, offre l'opportunità di inserirsi nell'ufficio Risorse Umane come supporto operativo al team HR. La risorsa affiancherà il responsabile nella gestione amministrativa e organizzativa del personale, contribuendo al corretto svolgimento delle attività quotidiane dell'ufficio.


Attività previste:  

* inserimento e aggiornamento delle anagrafiche e dei contratti del personale tramite gestionale dedicato
* monitoraggio presenze, ferie e permessi, con elaborazione dei relativi report periodici
* supporto nelle fasi di selezione e onboarding dei nuovi assunti
* gestione dei fascicoli del personale e archiviazione digitale dei documenti
* collaborazione nell'organizzazione di corsi formativi interni e visite mediche obbligatorie

Requisiti richiesti:  

* diploma di scuola secondaria superiore
* buona conoscenza del pacchetto Office (Word, Excel, Outlook)
* precisione, riservatezza e capacità di gestione delle scadenze
* attitudine al lavoro di squadra e buone doti comunicative
* possibilità di inizio immediato

Offerta e benefit:  

* contratto a tempo determinato della durata di 12 mesi
* orario full\-time dal lunedì al venerdì, 09:00\-13:00 / 14:00\-18:00
* Formazione continua e affiancamento iniziale retribuito
* Buoni pasto e Welfare aziendale
* Retribuzione lorda mensile indicativa: 1\.400\-1\.750 €

Sede di lavoro: Latina","","https://it.indeed.com/cmp/Cam","","","","","","","","","","","","","recruiter"
"in-89f05822068b8813","indeed","https://it.indeed.com/viewjob?jk=89f05822068b8813","https://csd.tuolavoro.com/jobs/8242812-addetto-a-risorse-umane-per-azienda-moda","Addetto/a Risorse Umane per azienda moda","Cosma solution","Roma, LAZ, IT","2026-08-19","fulltime","","","","","",False,"","","","","PMI del settore moda e abbigliamento con sede a Roma, circa 80 dipendenti tra reparti produttivi e retail, ricerca una figura da inserire nell'area Risorse Umane.


La persona selezionata si occuperà di:  

* aggiornamento e gestione dei fascicoli individuali del personale
* amministrazione delle assunzioni e delle variazioni contrattuali su TeamSystem
* supporto operativo ai processi di selezione del personale
* gestione delle comunicazioni interne tra HR e i reparti produttivi e retail
* monitoraggio delle scadenze contrattuali e degli adempimenti amministrativi

Requisiti:  

* diploma di scuola superiore
* familiarità con il pacchetto Office (Excel, Word, Outlook)
* attenzione ai dettagli e riservatezza nella gestione dei dati sensibili
* attitudine al lavoro di squadra

Offerta e benefit:  

* Retribuzione 1\.500\-1\.800 € lordi mensili
* Contratto a tempo indeterminato, full\-time
* Buoni pasto
* Formazione continua
* Assicurazione sanitaria
* Welfare aziendale

Sede di lavoro: Roma (RM)","","https://it.indeed.com/cmp/Cosma-Solution","","","","","","","","","","","","","recruiter"
"in-afddff1999610b5f","indeed","https://it.indeed.com/viewjob?jk=afddff1999610b5f","https://next.tuolavoro.com/jobs/8242480-addetto-a-risorse-umane-per-rete-gdo","Addetto/a risorse umane per rete GDO","Novati","Terni, UMB, IT","2026-08-19","fulltime","","","","","",False,"","","","","Cerchiamo Addetto/a risorse umane da inserire per seguire le attività operative del personale in una rete di punti vendita della grande distribuzione organizzata. La persona si occuperà della gestione quotidiana delle presenze, della documentazione per assunzioni e cessazioni, oltre al supporto nelle selezioni e nell'onboarding dei nuovi collaboratori.


Offerta e benefit:  

* Retribuzione lorda mensile indicativa: 1450\-1650 €
* Buoni pasto
* Formazione continua
* Orario full\-time
* Contratto a tempo indeterminato
* Rimborso spese

Ti offriamo un ambiente strutturato con affiancamento iniziale e la possibilità di gestire processi HR concreti. Avrai responsabilità su aggiornamenti anagrafici, archiviazione digitale e comunicazioni interne ai punti vendita.


Requisiti:  

* diploma di scuola superiore
* dimestichezza con pacchetto Office e gestionali HR
* precisione e riservatezza nella gestione dati
* capacità organizzative e relazionali
* apertura a turni estivi per sostituzioni ferie
* ingresso in azienda da subito

L'orario prevede turni su 5 giorni.
  

Sede di lavoro: Terni","","https://it.indeed.com/cmp/Novati","","","","","","","","","","","","","recruiter"
"in-681bd9220eed347f","indeed","https://it.indeed.com/viewjob?jk=681bd9220eed347f","https://mobile.tuolavoro.com/jobs/8238799-addetto-a-hr-sistemi-supporto-riposo-notturno","Addetto/a HR - Sistemi supporto riposo notturno","Mobile 1","Velletri, LAZ, IT","2026-08-19","fulltime","","","","","",False,"","","","","Azienda attiva nel settore dei sistemi per il supporto al riposo notturno ricerca un Addetto alle Risorse Umane per gestire le operazioni legate alla gestione del personale.


Attività Previste:

* Gestione e monitoraggio delle turnazioni del personale
* Pianificazione dei turni di lavoro notturni
* Gestione delle richieste di permessi e ferie del personale notturno
* Assistenza al personale per questioni amministrative legate ai turni notturni
* Coordinamento con il reparto operativo per garantire la copertura notturna


Requisiti:

* Conoscenza delle normative sul lavoro notturno
* Capacità di gestire un alto volume di informazioni e dettagli
* Eccellenti doti organizzative e capacità di multitasking
* Comunicazione efficace e capacità di lavorare in team
* Attitudine al problem solving e flessibilità


Offerta

* Inserimento con formula full time e contratto a termine
* Non è richiesta esperienza nel ruolo
* Ambiente di lavoro condiviso e orientato al supporto reciproco","","https://it.indeed.com/cmp/Mobile-1","","","","","","","","","","","","","recruiter"
"in-549bc7b7e6148876","indeed","https://it.indeed.com/viewjob?jk=549bc7b7e6148876","https://next.tuolavoro.com/jobs/8236649-addetto-a-selezione-personale-per-centro-servizi","Addetto/a selezione personale per centro servizi","Novati","Terni, UMB, IT","2026-08-18","fulltime","","","","","",False,"","","","","Gestiamo servizi di assistenza clienti e supporto tecnico per grandi aziende di telecomunicazioni e retail. Per potenziare l'area HR, cerchiamo una persona che si occupi della ricerca e selezione dei nuovi operatori.


Avrai il compito di gestire l'intero flusso di acquisizione: analizzerai circa 60\-80 curricula a settimana, effettuerai i primi screening telefonici per verificare le soft skill e organizzerai i colloqui conoscitivi. Lavorerai a stretto contatto con i responsabili di reparto per coprire rapidamente le posizioni aperte, aggiornando costantemente il database interno.


Offerta e benefit:  

* contratto a tempo indeterminato
* tempo pieno full\-time
* Retribuzione lorda mensile indicativa: 1\.450\-1\.700 €
* Buoni pasto
* Formazione continua
* Bonus su obiettivi

Requisiti:  

* diploma di scuola superiore
* esperienza non indispensabile
* ottime doti comunicative e capacità di ascolto
* precisione nell'uso di email e fogli di calcolo
* attitudine al lavoro per obiettivi

Sede di lavoro: Terni","","https://it.indeed.com/cmp/Novati","","","","","","","","","","","","","recruiter"
"in-616fdd33a0733d12","indeed","https://it.indeed.com/viewjob?jk=616fdd33a0733d12","https://next.tuolavoro.com/jobs/8234669-addetto-a-recruiting-per-commercio-all-ingrosso","Addetto/a recruiting per commercio all'ingrosso","Novati","Terni, UMB, IT","2026-08-18","fulltime","","","","","",False,"","","","","Nel settore della distribuzione commerciale all'ingrosso, cerchiamo un Addetto/a alla selezione del personale per supportare il team HR nelle attività di recruiting e inserimento delle nuove risorse. Ti occuperai di gestire le prime fasi del processo di selezione, dal contatto con i candidati all'organizzazione dei colloqui, collaborando con i responsabili di reparto per garantire un inserimento efficace.


Mansioni principali:  

* Screening dei curriculum e preselezione dei candidati ricevuti
* Contatto telefonico ed email con i profili selezionati
* Organizzazione e coordinamento dei colloqui di selezione
* Aggiornamento del database interno con le informazioni sui candidati
* Supporto alla predisposizione della documentazione per gli inserimenti
* Collaborazione con i referenti interni per la raccolta dei fabbisogni di personale

Offerta e benefit:  

* Retribuzione lorda mensile: 1\.500\-1\.800 € (CCNL commercio)
* Contratto a tempo determinato iniziale con prospettiva di stabilizzazione
* Orario full\-time, dal lunedì al venerdì
* Buoni pasto giornalieri
* Formazione continua sulle procedure aziendali
* Ambiente strutturato e supporto dell'ufficio HR durante l'inserimento

Requisiti:  

* diploma di scuola secondaria superiore
* buona padronanza del pacchetto Office e degli strumenti digitali
* capacità organizzative e precisione nella gestione dei dati
* ottime capacità comunicative e relazionali
* disponibilità a partire da subito

Inserimento previsto nelle prossime settimane.  

Sede di lavoro: Terni","","https://it.indeed.com/cmp/Novati","","","","","","","","","","","","","recruiter"
"in-451431c6050df04a","indeed","https://it.indeed.com/viewjob?jk=451431c6050df04a","http://it.indeed.com/job/hr-administration-manager-451431c6050df04a","HR & Administration Manager","1citytour","Roma, LAZ, IT","2026-08-18","parttime","","","","","",False,"","","","","Cerchiamo una figura **part\-time (20 ore settimanali)** che supporti la gestione amministrativa e delle risorse umane di un'azienda Tour Operator.

La risorsa si occuperà principalmente di **amministrazione ordinaria, gestione documentale, rapporti con il consulente del lavoro, presenze, ferie e pratiche del personale, supporto nei processi di selezione e assunzione, onboarding e organizzazione interna**.

Cerchiamo una persona precisa, affidabile, organizzata e capace di lavorare in autonomia dotata di una formazione giuridica per l'espletamento delle pratiche amministrative.

Retribuzione: €800,00 al mese

Lingua:

* Inglese (Obbligatorio)

Sede di lavoro: Di persona","","https://it.indeed.com/cmp/1citytour-1","","","","","","","","","","","","","recruiter"
"in-4bca3fdc7d702217","indeed","https://it.indeed.com/viewjob?jk=4bca3fdc7d702217","https://atla.tuolavoro.com/jobs/8232508-responsabile-risorse-umane-junior-settore-assistenza-vendita","Responsabile Risorse Umane Junior Settore Assistenza Vendita","Ablio","Latina, LAZ, IT","2026-08-18","fulltime","","","","","",False,"","","","","Azienda attiva nel settore dei servizi cerca un Responsabile delle risorse umane junior per supportare le attività aziendali legate alla gestione del personale e alla promozione di un clima lavorativo positivo. Il candidato sarà coinvolto nella selezione del personale, nella gestione degli incentivi e nella risoluzione delle problematiche legate al reparto HR.


Attività Previste:

* Gestione del processo di selezione del personale
* Coordinamento delle attività legate alla formazione interna
* Supporto nella gestione delle performance dei dipendenti
* Gestione della comunicazione interna
* Assistenza nella redazione di contratti di lavoro e documenti amministrativi
* Partecipazione alle attività di gestione delle relazioni sindacali
* Monitoraggio delle normative del settore delle risorse umane


Requisti:

* Laurea in discipline umanistiche o giuridiche
* Buona conoscenza della normativa del lavoro
* Eccellenti capacità comunicative e relazionali
* Attitudine al lavoro di squadra
* Orientamento al problem solving
* Precisione e attenzione ai dettagli
* Discrezione e riservatezza nella gestione delle informazioni sensibili


Offerta

* Inserimento iniziale con contratto a tempo determinato full time
* Valutazione aperta anche a candidati al primo impiego
* Supporto pratico disponibile nella gestione delle attività quotidiane
* Avvio graduale delle mansioni con supporto interno","","https://it.indeed.com/cmp/Ablio","","","","","","","","","","","","","recruiter"
"in-552e2c04728a4ef1","indeed","https://it.indeed.com/viewjob?jk=552e2c04728a4ef1","https://atla.tuolavoro.com/jobs/8232458-junior-hr-manager-soluzioni-per-un-acqua-sicura","Junior HR Manager - Soluzioni per un'acqua sicura","Ablio","Roma, LAZ, IT","2026-08-18","fulltime","","","","","",False,"","","","","Azienda attiva nel campo delle soluzioni per la purificazione dell'acqua ricerca un Responsabile delle Risorse Umane Junior incaricato di fornire supporto nelle attività operative e organizzative. Il ruolo prevede la gestione delle pratiche relative al personale, la partecipazione alla selezione e formazione dei dipendenti, nonché il coordinamento delle attività quotidiane del dipartimento HR.


Attività Previste:

* Gestione dei processi di reclutamento e selezione del personale
* Gestione amministrativa del personale
* Sviluppo e implementazione di politiche e procedure HR
* Gestione delle relazioni sindacali e del personale
* Formazione e sviluppo del personale


Requisiti:

* Capacità organizzative e di pianificazione
* Ottime capacità comunicative
* Orientamento al problem solving
* Conoscenza della normativa in materia di lavoro
* Attitudine al lavoro di squadra


Offerta

* La posizione prevede un contratto a termine con impegno full time
* Affiancamento previsto nelle prime attività operative
* Contesto operativo strutturato e orientato alla collaborazione
* Posizione adatta a chi ha da poco concluso il percorso di studi
* Supporto pratico disponibile nella gestione delle attività quotidiane","","https://it.indeed.com/cmp/Ablio","","","","","","","","","","","","","recruiter"
"in-f76961c9dace8956","indeed","https://it.indeed.com/viewjob?jk=f76961c9dace8956","https://atla.tuolavoro.com/jobs/8232460-assistente-risorse-umane-settore-pubblico","Assistente Risorse Umane - Settore Pubblico","Ablio","Roma, LAZ, IT","2026-08-18","fulltime","","","","","",False,"","","","","Azienda attiva nel settore dei servizi cerca un Junior HR da inserire nel team per supportare le attività legate alla gestione delle risorse umane. Il candidato sarà coinvolto nella selezione del personale, gestione degli incentivi e supporto alle funzioni amministrative del dipartimento HR.


Attività Previste:

* Gestione amministrativa del personale
* Supporto nella gestione dei colloqui di selezione
* Aggiornamento e archiviazione della documentazione relativa al personale
* Partecipazione alla redazione di report e documenti sul personale
* Supporto nella gestione delle pratiche relative all'assunzione e alla cessazione del personale


Requisiti:

* Conoscenza delle normative in materia di personale
* Capacità di gestire la documentazione relativa al personale
* Precisione e attenzione ai dettagli
* Capacità organizzative
* Capacità di lavorare in team


Offerta

* Inserimento con formula full time e contratto a termine
* Affiancamento previsto nelle prime attività operative
* Opportunità rivolta a candidati in uscita da percorsi scolastici
* Percorso di crescita basato su formazione pratica e operativa
* Attività strutturate secondo indicazioni operative definite
* Ruolo pensato anche per profili junior con diploma","","https://it.indeed.com/cmp/Ablio","","","","","","","","","","","","","recruiter"
"in-1b43a020365dfb1e","indeed","https://it.indeed.com/viewjob?jk=1b43a020365dfb1e","https://seven.tuolavoro.com/jobs/8232445-responsabile-amministrativo-e-selezione-del-personale-nella-gestione-prodotti","Responsabile amministrativo e selezione del personale nella gestione prodotti","Baar","Roma, LAZ, IT","2026-08-18","fulltime","","","","","",False,"","","","","Azienda operante nella gestione del flusso dei prodotti cerca un Responsabile amministrativo e di selezione del personale per facilitare lo sviluppo delle attività aziendali. La figura ricercata si occupa di gestire l'aspetto amministrativo e di selezionare il personale necessario per il corretto funzionamento dell'azienda.


Attività Previste:

* Gestione dell'amministrazione aziendale, inclusi budget e contabilità
* Supervisione del processo di selezione del personale
* Coordinamento della gestione dei prodotti
* Assicurare il rispetto delle normative fiscali e legali
* Elaborazione di report finanziari e analisi di costi


Requisti:

* Eccellenti capacità organizzative e di pianificazione
* Conoscenza delle pratiche contabili e fiscali
* Ottime capacità relazionali e di comunicazione
* Competenze nella gestione del personale e nelle procedure di selezione
* Capacità analitiche e di problem solving


Offerta

* Assunzione con formula di apprendistato e orario full time
* Ambiente dinamico con attività integrate tra reparti
* Ruolo adatto a candidati interessati a un percorso formativo pratico
* Posizione aperta a candidati con percorso formativo recente
* Inserimento con affiancamento iniziale da parte del team
* L’esperienza pregressa non è considerata un requisito indispensabile","","https://it.indeed.com/cmp/Baar","","","","","","","","","","","","","recruiter"
"in-a10ad2c3a083a34f","indeed","https://it.indeed.com/viewjob?jk=a10ad2c3a083a34f","http://it.indeed.com/job/impiegato-amministrativo-a10ad2c3a083a34f","Impiegato amministrativo","","La Rustica, LAZ, IT","2026-08-18","fulltime","","","","","",False,"","","","","Siamo alla ricerca di N. 1 impiegato Amministrativo Ufficio Risorse Umane dinamico e proattivo per unirsi al nostro team.

La persona selezionata sarà responsabile della gestione completa dei processi di amministrazione del personale, dall'assunzione alla cessazione del rapporto di lavoro, garantendo la conformità alle normative vigenti e supportando attivamente la crescita del nostro team.

Responsabilità:

\- Gestione completa del processo di assunzione.

\- Redazione e gestione della contrattualistica: assunzioni, proroghe, trasformazioni, cessazioni.

\- Gestione delle comunicazioni obbligatorie agli enti competenti (ANPAL, etc.).

\- Gestione dei contratti di rete.

\- Aggiornamento costante dei fascicoli del personale.

\- Gestione delle pratiche amministrative relative al personale

Competenze richieste:

\- Esperienza pregressa nel ruolo di Addetto/a Ufficio Risorse Umane.

\- Ottima conoscenza della legislazione del lavoro e dei contratti collettivi nazionali.

\- Conoscenza dei principali strumenti informatici (pacchetto Office, software HR).

\- Capacità di gestione del tempo e delle priorità.

\- Precisione e attenzione ai dettagli.

\- Ottime capacità comunicative e relazionali.

\- Capacità di lavorare in team e in autonomia.

\- Automunito/a (sede di lavoro: La Rustica).

Competenze desiderabili:

\- Conoscenza di gestionali, preferibilmente Mexal Passpartout

Istruzione:

\- Diploma o laurea in discipline economiche, giuridiche o umanistiche.

Esperienza:

\- Verrà valutata una minima esperienza nel settore ma soprattutto un'attitudine al lavoro metodico ed al lavoro di team.

Cosa offriamo:

\- Lavoro full time dal lunedi al venerdi dalle ore 9 alle ore 18\.

\- Ambiente di lavoro giovane e dinamico.

\- Opportunità di crescita professionale e futura opportunità di smart working al 30%.

\- Retribuzione commisurata all'esperienz. Retribuzione minima € 1000,00 \+ 13\+14\.

\- Stabilizzazione Contrattuale.

Retribuzione: €1\.000,00 al mese

Benefit:

* Buoni pasto
* Distributori automatici di snack e bevande
* Parcheggio libero
* Rimborso Internet
* Rimborso spese cellulare

Sede di lavoro: Di persona","","https://it.indeed.comNone","","","","","","","","","","","","","recruiter"
"in-72c5c1d7efc50aa4","indeed","https://it.indeed.com/viewjob?jk=72c5c1d7efc50aa4","https://air.tuolavoro.com/jobs/8229834-addetto-a-risorse-umane","Addetto/a risorse umane","AIR","Guidonia Montecelio, LAZ, IT","2026-08-17","fulltime","","","","","",False,"","","","","Selezioniamo un/una addetto/a risorse umane per l'ufficio personale di un'attività commerciale focalizzata sulla vendita al dettaglio di prodotti non alimentari, con gestione operativa del personale e supporto ai responsabili di negozio. Inserimento previsto a breve, disponibilità immediata.
  
  

**Attività previste/principali:**  

gestione anagrafiche del personale e aggiornamento dati sul gestionale HR (variazioni contrattuali, documentazione di assunzione)
  
monitoraggio presenze, gestione ferie, permessi e malattie, aggiornamento scadenzari
  
**supporto operativo alle attività di selezione:** pubblicazione annunci, screening CV e convocazione candidati
  
organizzazione onboarding e affiancamento dei nuovi assunti in collaborazione con i responsabili locali
  
  

**Requisiti richiesti:**  

diploma di scuola secondaria di secondo grado
  
buona padronanza del pacchetto Office (in particolare Excel) e confidenza con strumenti digitali di base
  
precisione nella gestione documentale e rispetto delle scadenze
  
buone capacità comunicative e attitudine al lavoro di squadra
  
**anche senza esperienza pregressa:** valutiamo candidati alla prima esperienza
  
  

**Offerta e benefit:**  

inquadramento CCNL commercio con retribuzione 1\.500\-1\.800 € lordi/mese
  
formazione continua e affiancamento operativo
  
Buoni pasto
  
Orario full\-time
  
  

**Sede di lavoro:** Guidonia Montecelio","","https://it.indeed.com/cmp/Air","","","","","","","","","","","","","recruiter"
"in-37a045971e423188","indeed","https://it.indeed.com/viewjob?jk=37a045971e423188","https://speed.tuolavoro.com/jobs/8227245-addetto-a-risorse-umane-per-societa-di-servizi-b2b","Addetto/a risorse umane per società di servizi B2B","LifeEnergy","Roma, LAZ, IT","2026-08-17","fulltime","","","","","",False,"","","","","Addetto/a risorse umane per società di servizi e consulenza che supporta clienti B2B. La risorsa gestisce attività operative dell'area personale e collabora con amministrazione e referenti di progetto. Si richiede precisione e capacità di lavorare su più pratiche contemporaneamente.\\n\\nAttività previste/principali: \\n\- gestione contratti di lavoro e pratiche assunzione/cessazione\\n\- inserimento e aggiornamento anagrafiche personale su gestionale HR\\n\- gestione presenze, ferie, permessi e supporto nella predisposizione F.T. per gli enti competenti\\n\- supporto nei processi di selezione: screening CV e convocazione candidati\\n\- coordinamento visite mediche e attività di onboarding dei neoassunti\\n\\nRequisiti richiesti: \\n\- diploma di scuola secondaria di secondo grado o titolo equipollente\\n\- conoscenza di strumenti informatici di base (Office, Excel) e dimestichezza con gestionali HR\\n\- precisione, riservatezza e buona capacità organizzativa\\n\- valutiamo anche candidati con esperienza non richiesta o breve esperienza nel ruolo\\n\- disponibilità a iniziare entro 3\-4 settimane\\n\\nOfferta e benefit: \\n\- tempo pieno full\-time\\n\- retribuzione lorda mensile indicativa: 1\.500\-1\.800 €\\n\- formazione continua e affiancamento iniziale\\n\- Buoni pasto\\n\- Rimborso spese per trasferte occasionali\\n\- Computer aziendale o supporto per strumentazione\\n\\nSede di lavoro: Roma","","https://it.indeed.com/cmp/Lifeenergy","","","","","","","","","","","","","recruiter"
"in-de2ced311490a59a","indeed","https://it.indeed.com/viewjob?jk=de2ced311490a59a","https://csd.tuolavoro.com/jobs/8225435-addetto-a-risorse-umane-industria-manifatturiera","Addetto/a Risorse Umane Industria Manifatturiera","Cosma solution","Roma, LAZ, IT","2026-08-16","","","","","","",False,"","","","","Ti piacerebbe entrare a far parte di un'realtà produttiva nel settore manifatturiero a Roma, che valorizza le proprie persone e la loro crescita professionale? Ricerchiamo un/una Addetto/a Risorse Umane desideroso/a di contribuire attivamente alla gestione e allo sviluppo del personale.


Come parte integrante del team HR, ti occuperai della gestione amministrativa e operativa del personale, garantendo il corretto svolgimento delle pratiche quotidiane:  

* Gestione delle pratiche di assunzione, cessazione e trasformazione (circa 15\-20 pratiche al mese)
* Supporto all'elaborazione delle presenze e delle timbrature tramite software gestionale (es. Zucchetti Paghe Web)
* Aggiornamento anagrafiche dipendenti e archiviazione documentale digitale
* Affiancamento nelle attività di selezione e onboarding di nuove risorse in produzione
* Monitoraggio delle scadenze contrattuali e gestione dei documenti legati alla sicurezza (DPI, visite mediche)

Un percorso di crescita professionale ti attende, in un ambiente dinamico e orientato al benessere delle persone. Ti offriamo:  

* Contratto a tempo indeterminato, CCNL Metalmeccanico Industria
* Retribuzione lorda mensile indicativa: 1\.500\-1\.800 €
* Buoni pasto giornalieri
* Formazione continua sulle normative del lavoro e sui sistemi HR
* Welfare aziendale con servizi dedicati ai dipendenti

Cerchiamo persone con una forte motivazione e un approccio proattivo. I requisiti che valutiamo sono:  

* Diploma di scuola superiore
* Adatto anche a profili junior
* Conoscenza base delle normative sul lavoro e del CCNL Metalmeccanico
* Familiarità con i principali software Office e gestionali HR
* Ottime capacità organizzative, riservatezza e precisione
* Disponibilità all'possibilità di inizio immediato

Orario di lavoro full\-time dal lunedì al venerdì.  

Sede di lavoro: Roma","","https://it.indeed.com/cmp/Cosma-Solution","","","","","","","","","","","","","recruiter"
"in-50b5873ef61dce85","indeed","https://it.indeed.com/viewjob?jk=50b5873ef61dce85","https://salus.tuolavoro.com/jobs/8225233-addetto-a-risorse-umane-per-commercio-al-dettaglio","Addetto/a Risorse Umane per commercio al dettaglio","CAM","Aprilia, LAZ, IT","2026-08-15","fulltime","","","","","",False,"","","","","Nel settore della distribuzione retail, ricerchiamo un/una Addetto/a Risorse Umane da inserire nel nostro ufficio del personale. Supporterai il team HR nelle attività amministrative e operative, garantendo un'organizzazione efficiente della gestione del personale.
  
  

**Attività previste:**  

Gestione delle pratiche amministrative relative ad assunzioni, proroghe e cessazioni
  
Screening dei curriculum e supporto operativo nelle fasi di selezione e colloqui conoscitivi
  
Monitoraggio delle presenze e delle assenze tramite sistemi digitali aziendali
  
Aggiornamento e archiviazione della documentazione personale e contrattuale
  
Supporto nella predisposizione dei dati per l'elaborazione dei cedolini
  
Coordinamento con i responsabili di area per identificare le esigenze di inserimento
  
Organizzazione delle attività di onboarding e primo orientamento dei nuovi dipendenti
  
  

**Requisiti:**  

Diploma di scuola secondaria di secondo grado
  
Buone capacità organizzative, comunicative e relazionali
  
Competenze informatiche di base (Excel, Word, Outlook)
  
Precisione, riservatezza e attitudine al lavoro in team
  
Anche senza esperienza pregressa valutiamo candidati motivati e disponibili all'apprendimento
  
  

**Offerta e benefit:**  

Contratto a tempo determinato di 6 mesi con possibile proroga
  
Retribuzione 1\.450–1\.750 € lordi mensili
  
Orario full\-time dal lunedì al venerdì (09:00–13:00 / 14:00–18:00\)
  
Buoni pasto
  
Affiancamento operativo e formazione continua sulle procedure HR
  
Formazione continua nel settore
  
  

Disponibilità immediata.
  
  

**Sede di lavoro:** Aprilia","","https://it.indeed.com/cmp/Cam","","","","","","","","","","","","","recruiter"
"in-93fb97830a7279f4","indeed","https://it.indeed.com/viewjob?jk=93fb97830a7279f4","https://next.tuolavoro.com/jobs/8221089-addetto-a-risorse-umane-per-consulenza-alle-imprese","Addetto/a risorse umane per consulenza alle imprese","Novati","Terni, UMB, IT","2026-08-14","fulltime","","","","","",False,"","","","","Ti occuperai della gestione operativa del personale e del supporto alle pratiche amministrative HR all'interno di uno studio di consulenza e servizi alle imprese con clientela diffusa sul territorio umbro. Lavorerai a stretto contatto con i consulenti del lavoro e i responsabili di area per garantire fluidità nei processi di gestione del personale.


Avrai modo di crescere su più fronti: dalla predisposizione delle pratiche assunzionali al controllo delle presenze, fino all'aggiornamento dei database interni. Ti affiancheremo passo dopo passo, anche se arrivi da una prima esperienza.


Offerta e benefit:  

* contratto a tempo indeterminato dopo periodo iniziale
* retribuzione tra 1\.400 e 1\.600 € lordi mensili (CCNL commercio e servizi)
* Buoni pasto
* Formazione continua
* affiancamento diretto durante le prime settimane
* orario full\-time dal lunedì al venerdì

Requisiti:  

* diploma di scuola superiore (maturità o qualifica professionale)
* buona dimestichezza con Excel e strumenti digitali
* precisione e riservatezza nella gestione dei dati
* attitudine al lavoro in team e ai rapporti interpersonali
* anche senza esperienza pregressa nel ruolo

Inserimento previsto a breve.


Sede di lavoro: Terni","","https://it.indeed.com/cmp/Novati","","","","","","","","","","","","","recruiter"
"in-7c3b922c6517fd42","indeed","https://it.indeed.com/viewjob?jk=7c3b922c6517fd42","https://atla.tuolavoro.com/jobs/8220463-responsabile-amm-e-hr-sistemi-medici","Responsabile Amm. e HR - Sistemi Medici","Ablio","Latina, LAZ, IT","2026-08-14","fulltime","","","","","",False,"","","","","Azienda attiva nel settore dei sistemi medici è alla ricerca di un Responsabile amministrativo e Risorse Umane per ampliare il team. Il ruolo comporta la gestione e il coordinamento delle attività amministrative e del personale, fornendo supporto nelle procedure contabili e garantendo il corretto adempimento degli obblighi normativi. Inoltre, si occupa della gestione della documentazione relativa alle risorse umane, partecipa alla definizione delle politiche aziendali e supporta il team nella risoluzione di questioni legate al personale.


Attività Previste:

* Gestione della contabilità aziendale
* Gestione delle pratiche amministrative
* Organizzazione delle attività HR
* Reclutamento e selezione del personale
* Gestione delle relazioni sindacali


Requisti:

* Conoscenza delle normative fiscali e del lavoro
* Eccellenti capacità organizzative
* Ottime competenze comunicative
* Esperienza nella gestione del personale
* Attitudine al problem solving


Offerta

* Inquadramento iniziale con contratto a tempo determinato full time
* Valutazione di profili con breve o prima esperienza lavorativa
* Sviluppo delle competenze attraverso attività operative quotidiane
* Lavoro organizzato in collaborazione con il team interno
* Inserimento accessibile a profili in fase di primo inserimento lavorativo","","https://it.indeed.com/cmp/Ablio","","","","","","","","","","","","","recruiter"
"in-1e7dd589dfdcf4b2","indeed","https://it.indeed.com/viewjob?jk=1e7dd589dfdcf4b2","https://atla.tuolavoro.com/jobs/8220467-responsabile-hr-relazioni-clienti","Responsabile HR relazioni clienti","Ablio","Roma, LAZ, IT","2026-08-14","fulltime","","","","","",False,"","","","","L'assistenza clienti ricerca una figura di Responsabile delle risorse umane per supportare la gestione delle risorse aziendali.


Attività Previste:

* Sviluppare e gestire relazioni con i clienti
* Coordinare e supervisionare il team HR dedicato ai clienti
* Fornire consulenza e supporto strategico alle aziende clienti
* Gestire le attività di recruiting e selezione del personale per i clienti
* Monitorare e valutare la soddisfazione dei clienti
* Gestire i processi di risoluzione delle problematiche dei clienti


Requisiti:

* Ottima capacità di comunicazione e relazione interpersonale
* Competenza nel settore HR e conoscenza delle best practices
* Capacità organizzative e gestionali
* Orientamento al cliente e problem\-solving
* Capacità di lavorare in team e sotto pressione
* Proattività e flessibilità nell'affrontare nuove sfide


Offerta

* La posizione prevede un contratto a termine con impegno full time
* L’esperienza pregressa non è considerata un requisito indispensabile
* Opportunità rivolta a candidati in uscita da percorsi scolastici
* Presenza di un riferimento interno per le attività assegnate
* Lavoro organizzato in collaborazione con il team interno","","https://it.indeed.com/cmp/Ablio","","","","","","","","","","","","","recruiter"
"in-75aac01000ea53fe","indeed","https://it.indeed.com/viewjob?jk=75aac01000ea53fe","https://hjt.tuolavoro.com/jobs/8220366-hr-nel-campo-della-consulenza-professionale","HR nel campo della consulenza professionale","magazzino","Rieti, LAZ, IT","2026-08-14","fulltime","","","","","",False,"","","","","Il nostro studio associato, attivo nel campo della consulenza e dei servizi professionali, ricerca personale specializzato nel settore Risorse Umane \- HR per gestire la documentazione aziendale.


Attività Previste:

* Gestione del processo di recruiting
* Valutazione dei profili candidati
* Sviluppo e implementazione di politiche HR
* Formazione e sviluppo del personale
* Gestione delle relazioni sindacali
* Supporto nella gestione delle performance
* Assistenza nella gestione dei conflitti


Requisiti:

* Eccellenti capacità comunicative
* Conoscenza delle normative sul lavoro
* Capacità di lavoro in team
* Proattività nell'individuare soluzioni
* Forti competenze analitiche
* Orientamento al cliente interno
* Discrezionalità e riservatezza


Offerta

* Offerta con contratto di apprendistato su orario full time
* L’esperienza pregressa non è considerata un requisito indispensabile
* Valutazione aperta a candidati con diploma recente","","https://it.indeed.com/cmp/Magazzino-1","","","","","","","","","","","","","recruiter"
"in-68397f41e6269478","indeed","https://it.indeed.com/viewjob?jk=68397f41e6269478","https://atla.tuolavoro.com/jobs/8220369-hr-officer-per-soluzioni-di-filtrazione-acqua-potabile","HR Officer per soluzioni di filtrazione acqua potabile","Ablio","Roma, LAZ, IT","2026-08-14","fulltime","","","","","",False,"","","","","Azienda attiva nel settore delle soluzioni per la filtrazione dell'acqua potabile cerca un HR Officer per gestire le attività relative alla gestione del personale


Attività Previste:

* Collaborare con la direzione aziendale nella definizione delle politiche HR
* Gestire il processo di selezione e assunzione del personale
* Pianificare e condurre attività di formazione e sviluppo del personale
* Gestire i processi di valutazione delle prestazioni
* Gestire le relazioni sindacali e gestire eventuali controversie
* Assistere i dipendenti nelle questioni legate alla gestione del personale
* Assicurare la conformità legislativa sul lavoro e sull'occupazione


Requisiti:

* Eccellenti capacità di comunicazione e relazionali
* Ottime competenze organizzative e di problem solving
* Conoscenza della normativa del lavoro e dei processi di selezione del personale
* Capacità di lavorare in team e gestire le relazioni interpersonali
* Proattività e capacità di gestione dei conflitti
* Attitudine al problem solving e orientamento ai risultati
* Conoscenza dei principali strumenti informatici per la gestione delle risorse umane
* Etica professionale e riservatezza


Offerta

* Inserimento con formula full time e contratto a termine
* Ambiente dinamico con attività integrate tra reparti
* Attività svolte secondo procedure operative condivise
* Inserimento aperto anche a candidati senza esperienza
* Graduale acquisizione delle competenze attraverso esperienza diretta
* Supporto operativo costante durante lo svolgimento delle mansioni","","https://it.indeed.com/cmp/Ablio","","","","","","","","","","","","","recruiter"
"in-474d520ad23e9440","indeed","https://it.indeed.com/viewjob?jk=474d520ad23e9440","https://speed.tuolavoro.com/jobs/8219962-addetto-a-alla-selezione-e-sviluppo-risorse-umane","Addetto/a alla selezione e sviluppo risorse umane","LifeEnergy","Roma, LAZ, IT","2026-08-14","fulltime","","","","","",False,"","","","","Impresa commerciale in crescita nel settore della distribuzione di articoli per la casa e la persona seleziona un/una impiegato/a per l’ufficio risorse umane.


La figura si occuperà della gestione amministrativa e organizzativa del personale, con attività di aggiornamento delle anagrafiche, predisposizione di contratti e proroghe, gestione delle assenze e supporto al calendario formativo interno.


Il ruolo prevede un contatto diretto con i reparti aziendali, garantendo precisione e supporto costante alle funzioni HR e contribuendo all’efficienza dei processi organizzativi.


Requisiti richiesti:

* Diploma e/o laurea in ambito umanistico o amministrativo
* Ottima capacità organizzativa e attenzione al dettaglio
* Buone competenze relazionali e comunicative
* Padronanza degli strumenti informatici di base


Offerta:

* Contratto a tempo determinato, con possibilità di proroga
* Orario full time dal lunedì al venerdì (40 ore settimanali)
* Inserimento con formazione retribuita e supporto operativo


Retribuzione 1400\-1600 € lordi mensili","","https://it.indeed.com/cmp/Lifeenergy","","","","","","","","","","","","","recruiter"
"in-b16e7a1ba2b36b97","indeed","https://it.indeed.com/viewjob?jk=b16e7a1ba2b36b97","https://salus.tuolavoro.com/jobs/8218840-addetto-a-del-personale-settore-energia","Addetto/a del personale settore energia","CAM","Aprilia, LAZ, IT","2026-08-13","fulltime","","","","","",False,"","","","","Un percorso chiaro, formazione concreta e spazio per crescere. Entrerai in un ufficio risorse umane che supporta attività legate a energia e utilities, con lavoro organizzato e contatto quotidiano con personale interno e referenti di funzione.


Avrai un ruolo operativo, ma mai ripetitivo. Ti occuperai di presenze, documenti e inserimenti, lavorando con procedure definite e con un affiancamento iniziale pensato per renderti autonomo/a in tempi rapidi; l’inserimento previsto a breve aiuterà il team in una fase di normale intensificazione delle attività.


Attività principali:  

* rilevazione presenze e assenze su Zucchetti, con verifica settimanale di ferie, permessi e malattie
* predisposizione di lettere di assunzione, proroghe e documenti di onboarding per nuovi ingressi
* aggiornamento anagrafiche dipendenti e fascicoli digitali nei sistemi interni
* supporto alla selezione con convocazioni, primo contatto candidati e gestione agenda colloqui
* monitoraggio delle scadenze formative e produzione di report HR mensili

Requisiti richiesti:  

* diploma quinquennale
* valutiamo anche candidati alla prima esperienza
* buon uso di Excel, Word e posta elettronica
* precisione, riservatezza e attenzione ai dettagli
* buone capacità organizzative e rapporto sereno con colleghi e referenti interni

Offerta e benefit:  

* inserimento con tempo determinato di 6 mesi
* tempo pieno dal lunedì al venerdì
* retribuzione lorda mensile indicativa: 1\.400\-1\.650 €
* Formazione continua
* Welfare aziendale
* Computer aziendale

Sede di lavoro: Aprilia","","https://it.indeed.com/cmp/Cam","","","","","","","","","","","","","recruiter"
"in-48d2922dfbe1e463","indeed","https://it.indeed.com/viewjob?jk=48d2922dfbe1e463","https://air.tuolavoro.com/jobs/8218598-addetto-a-risorse-umane-per-catena-retail","Addetto/a risorse umane per catena retail","AIR","Roma, LAZ, IT","2026-08-13","fulltime","","","","","",False,"","","","","Catena di vendita al dettaglio con oltre 15 punti vendita a Roma e provincia ricerca un/a addetto/a da inserire nel team Risorse Umane a supporto della gestione del personale. Inserimento previsto a settembre.
  
  

**Attività previste:**  

aggiornamento anagrafiche e dati del personale sui gestionali aziendali (Zucchetti HR)
  
rilevazione presenze, gestione ferie e permessi con verifica mensile dei cartellini
  
supporto alle pratiche per paghe e contributi con invio documentazione allo studio paghe esterno
  
pubblicazione annunci di selezione e prima scrematura dei curricula ricevuti
  
  

**Requisiti:**  

diploma di scuola secondaria superiore
  
esperienza non richiesta, valutiamo anche candidati alla prima esperienza
  
buona padronanza del pacchetto Office e familiarità con software HR
  
precisione, riservatezza e attitudine al lavoro in team
  
  

**Offerta e benefit:**  

contratto a tempo determinato 12 mesi finalizzato a indeterminato, tempo pieno
  
Retribuzione 1\.450\-1\.650 € lordi mensili
  
Buoni pasto
  
Formazione continua
  
Welfare aziendale
  
  

**Sede di lavoro:** Roma est","","https://it.indeed.com/cmp/Air","","","","","","","","","","","","","recruiter"
"in-332c6073cf7cc106","indeed","https://it.indeed.com/viewjob?jk=332c6073cf7cc106","http://it.indeed.com/job/responsabile-operativo-hotellerie-roma-332c6073cf7cc106","Responsabile Operativo Hotellerie, Roma","CONSORZIO STABILE LGA SERVICE","Roma, LAZ, IT","2026-08-19","fulltime","","","","","",False,"","","","","Siamo una realtà di Facility Management, in forte crescita su tutto il territorio nazionale che vanta tra i suoi clienti prestigiose strutture ricettive . A fronte di un grande incremento del ns. business ricerchiamo un **Responsabile Operativo HOTELLERIE**

Sede di lavoro: Roma e provincia

La nuova risorsa avrà rapporto diretto con l’alto management aziendale e dovrà assicurare l’ottimale svolgimento e organizzazione delle attività di housekeeping nelle strutture alberghiere che gestirà in autonomia.

**Nello specifico, tra le varie attività, si occuperà di:**

\- Monitorare e gestire l'andamento della commessa e relativa turistica del personale in forza

\- Rifornimento e ordini dei vari materiali di consumo

\- Gestire, organizzare e ottimizzare le attività operative dei clienti seguiti;

\- Verificare l’ottimale svolgimento delle attività e assicurare la massima qualità e soddisfazione del cliente;

\- Monitorare, selezionare e formare le risorse per lo svolgimento delle attività;

\- Curare i rapporti con i clienti e cogliere eventuali opportunità di espansione del business;

\- Coordinare il personale e gestire i turni di lavoro;

\- Garantire disponibilità e reperibilità costanti a supporto delle esigenze dei cliente e per la risoluzione di problematiche di carattere operativo.

**Requisiti minimi:**

\- Esperienza pregressa nella Governance

\- Comprovata esperienza nella gestione del personale di pulizia nel settore alberghiero;

\- Ottima capacità di gestione delle risorse umane e dei budget connessi ai progetti seguiti;

\- Ottimo standing e doti relazionali, tali da permettere di rappresentare l’azienda in contesti istituzionali e di alto livello;

\- Grande flessibilità, passione e dedizione per il lavoro svolto e per il settore specifico;

Si offre un contratto con una retribuzione superiore agli standard di mercato \+ auto aziendale \+ bonus al raggiungimento degli obiettivi.

La selezione è aperta a tutti i candidati e le candidate, senza distinzione di genere, età, origine, religione, orientamento sessuale o condizione personale. Valuteremo esclusivamente competenze ed esperienze.

Retribuzione: €1\.500,00 \- €2\.500,00 al mese

Benefit:

* Auto aziendale
* Cellulare aziendale
* Computer aziendale
* Orario flessibile

Sede di lavoro: Di persona","","https://it.indeed.com/cmp/Consorzio-Stabile-Lga-Service-1","","","","","","","","","","","","","selezione personale"
"in-f2805c7de9fcd3e0","indeed","https://it.indeed.com/viewjob?jk=f2805c7de9fcd3e0","https://zinrec.intervieweb.it/annunci.php?l=escavatorista-146069&lang=it&d=indeed&LAC=manuelbregolin","Escavatorista","NETwk","Roma, LAZ, IT","2026-08-18","fulltime","","","","","",False,"","","","","Siamo un'azienda italiana operante nella ricerca e selezione del personale che si occupa di soddisfare le necessità dei clienti offrendo servizi personalizzati.

  

  

**Posizione:**
--------------

Per ampliamento organico, ricerchiamo un profilo con esperienza da inserire come **Escavatorista.**

  

La risorsa opererà nei cantieri stradali eseguendo scavi e movimentazione terra.

**Requisiti:**
--------------

**Requisiti**

* Patentino per macchine movimento terra.
* Almeno 2 anni di esperienza.
* Esperienza nei lavori stradali.
* Ottima dimestichezza negli scavi a sezione obbligata in ambito urbano.
* Capacità di lavorare in squadra.
* Automunito.

**Altre informazioni:**
-----------------------

**Cosa offriamo**

* Contratto CCNL Metalmeccanica Industria.
* Full Time dal lunedì al venerdì.
* No turni.
* Possibilità di stabilizzazione.
* Retribuzione commisurata all’esperienza.

**Sedi di lavoro:** Roma e Civitavecchia.","","https://it.indeed.com/cmp/Netwk","","","","","","","","","","","","","selezione personale"
"in-ce0ce0b45e8d5f41","indeed","https://it.indeed.com/viewjob?jk=ce0ce0b45e8d5f41","https://inrec.intervieweb.it/annunci.php?l=addettoa-pulizie-247300&lang=it&d=indeed&LAC=ntw","Addetto/a Pulizie","NTWK","Roma, LAZ, IT","2026-08-18","","","","","","",False,"","","","","NTWK, azienda italiana operante nella ricerca e selezione del personale, si occupa di soddisfare le necessità dei clienti offrendo servizi personalizzati.

  

  

**Posizione:**
--------------

Impresa di servizi ricerca per ampiamento del proprio organico addetti al servizio pulizie in zona Pignatelli/Quarto Miglio per proprio appalto.

**Requisiti:**
--------------

Si richiede esperienza specifica nel settore e disponibilità a lavorazioni a turnazioni comprese le domeniche;

**Altre informazioni:**
-----------------------

* orario dalle 05:30/08:30 e 14:30\-18:30;
* automuniti e residenti in zona.
* Offresi inquadramento di legge.
* Retribuzione: 1000/1100","","https://it.indeed.com/cmp/Ntwk","","","","","","","","","","","","","selezione personale"
"in-941db52ea41dc170","indeed","https://it.indeed.com/viewjob?jk=941db52ea41dc170","https://inrec.intervieweb.it/annunci.php?l=addetti-pulizie-presso-supermercato-romacasal-del-marmo-247299&lang=it&d=indeed&LAC=ntw","Addetti pulizie presso Supermercato - Roma/Casal del Marmo","NTWK","Roma, LAZ, IT","2026-08-18","","","","","","",False,"","","","","NTWK, azienda italiana operante nella ricerca e selezione del personale, si occupa di soddisfare le necessità dei clienti offrendo servizi personalizzati.

  

  

**Posizione:**
--------------

Impresa di servizi ricerca per ampiamento del proprio organico **addetti al servizio pulizie** in zona Casal del Marmo (Roma) per proprio appalto/Supermercato.

**Requisiti:**
--------------

Si richiede esperienza specifica nel settore e disponibilità a lavorazioni a turnazioni comprese le domeniche;

**Altre informazioni:**
-----------------------

* orario dalle 05:30/08:30 e 14:30\-18:30;
* automuniti e residenti in zona.
* Offresi inquadramento di legge.
* Retribuzione: 1000/1100","","https://it.indeed.com/cmp/Ntwk","","","","","","","","","","","","","selezione personale"
"in-5c15c91d70a24b29","indeed","https://it.indeed.com/viewjob?jk=5c15c91d70a24b29","https://lutech.intervieweb.it/annunci.php?l=senior-architetch-servicenow-723180&lang=it&d=indeed","Senior Architect | ServiceNow","LUTECH SPA","Roma, LAZ, IT","2026-08-17","","","","","","",False,"","","","","**THE DIGITAL EVOLUTION COMPANY OF TODAY AND TOMORROW**

  

Progettiamo soluzioni end\-to\-end per la **Digital Evolution** gestendone ogni area, grazie alle nostre sei anime tecnologiche: Lutech**Consulting**, Lutech**Solutions**, Lutech**Digital**, Lutech**Cybersecurity**, Lutech**Services** e Lutech**Cloud**.


Siamo motivati da una passione inesauribile per l’innovazione e una forte determinazione a superare limiti e ostacoli perché il fulcro di ogni nostro successo sono **le nostre persone**.

  

In Lutech potrai operare all’interno di una vera **community tecnologica**, che contribuirai a far crescere e a migliorare con le tue competenze. Troverai un ambiente **inclusivo** e **informale** in cui nessuno è un numero e tutti siamo un valore. Diamo importanza alla diversità riconoscendo che la forza di un team risiede nelle esperienze, prospettive e background unici che ogni persona porta con sé.

  

  

**Posizione:**
--------------

**PLAY A KEY ROLE WHERE YOUR SKILLS MAKE A DIFFERENCE.**


Come **Senior Architect** nella nostra practice ServiceNow, sotto la guida esperta di People Manager Operativi, ti occuperai di:

* Configurare, sviluppare e manutenere in modo autonomo e proattivo i componenti chiave della soluzione ServiceNow. Oltre al consolidato focus sui moduli ITSM e SPM (PPM, Demand e Resource Management), sarai responsabile dell'implementazione di soluzioni in ambito IRM/GRC (Risk, Compliance, Audit) e HR Service Delivery, garantendo l’integrazione dei processi aziendali su un'unica piattaforma.
* Tradurre i requisiti complessi dei Clienti in architetture tecniche solide, assicurando l'aderenza rigorosa alle Best Practices di ServiceNow. La tua sfida sarà bilanciare le esigenze specifiche dei dipartimenti IT, Risk e HR, garantendo soluzioni robuste, scalabili ed efficienti.
* Contribuire attivamente a tutte le fasi del progetto: dal design funzionale alla configurazione tecnica. Avrai un ruolo chiave nel definire come i processi di Governance \& Risk e la gestione del Capitale Umano possano convergere con la gestione del portafoglio progetti (SPM), assicurando la massima qualità e l'allineamento con gli obiettivi strategici del business.
* Supportare le attività di testing e di change management, identificando criticità tecniche e funzionali. Ti occuperai di fornire formazione specialistica agli utenti (IT Manager, Risk Officer, HR Specialist), facilitando l'adozione delle nuove funzionalità e massimizzando il valore estratto dalla piattaforma.
* Collaborare con stakeholder e team interni per tradurre le esigenze di business in requisiti tecnici. Agirai come consulente fidato, proponendo soluzioni innovative basate sulle roadmap di ServiceNow, con particolare attenzione all'automazione dei workflow e all'ottimizzazione della Employee Experience.

**Requisiti:**
--------------

**IS THIS THE ROLE FOR YOU?**

 **Cerchiamo te se hai:**

* Esperienza professionale di almeno 5 anni in ruoli di sviluppo, configurazione e gestione di progetti su piattaforma ServiceNow.
* Eccellenti capacità di prevendita e di solution design
* Solida preparazione su almeno due dei seguenti moduli SPM\-IRM\-HR\-ITSM: capacità di configurazione di flussi di Demand, gestione di Portfolio/Programmi e pianificazione delle risorse.
* Conoscenza approfondita dei processi ITIL e del modulo ITSM, con capacità di applicarne i principi per migliorare l'efficienza dei servizi IT.
* Eccellenti capacità di Client Facing: esperienza consolidata nella raccolta requisiti, analisi funzionale/tecnica e gestione delle aspettative degli stakeholder.
* Certificazioni ServiceNow: Possesso della certificazione CSA e preferibilmente CIS in ambito SPM, ITSM, HR o SPM.
* Titolo di studio universitario in ambito STEM.

 **Cerchiamo te se hai:**

* Attitudine alla comunicazione
* Attitudine alla gestione del cliente
* Spiccate doti di problem solving
* Passione per l’innovazione, flessibilità e disponibilità al cambiamento

  

La tua sede di lavoro potrà essere **Roma, Napoli, Milano o Bari.** Potrai operare in modalità ibrida.

 **Cosa offriamo:**


Per questa opportunità è previsto un inserimento con CCNL Commercio, inquadramento dal livello I e una retribuzione annua lorda a partire da €50\.000,00, comprensiva di eventuale componente variabile. Il pacchetto retributivo include inoltre Ticket Restaurant.


Nel rispetto della normativa sulla trasparenza retributiva, la retribuzione indicata rappresenta un riferimento iniziale, definito sulla base di criteri oggettivi e neutri rispetto al genere. L'offerta finale sarà determinata tenendo conto delle competenze, dell'esperienza, delle responsabilità associate al ruolo e delle evidenze emerse durante il processo di selezione.  



  

**Altre informazioni:**
-----------------------

Lutech attua una politica di pari opportunità e accoglie le candidature senza operare alcuna discriminazione in base a razza, religione o convinzioni personali, origine etnica o nazionale, disabilità, età, cittadinanza, stato civile, inclusa convivenza di fatto e unione civile, orientamento sessuale, identità di genere, o qualsiasi altra condizione applicabile tutelata dalla legge.

  

\#LI\-CM1","","https://it.indeed.com/cmp/Lutech-Spa","https://d2q79iu7y748jz.cloudfront.net/s/_squarelogo/256x256/8c69e40b41f05725532b31a096b26a67","https://lutech.group/","","","","Crediamo nelle persone prima che nella tecnologia","","","","","","","selezione personale"
"in-d2e1a1491543ef02","indeed","https://it.indeed.com/viewjob?jk=d2e1a1491543ef02","https://joblink.allibo.com/ats9/job-offer.aspx?DM=1604&ID=182805&LN=IT&SG=3&FT=10&MD=1","SALES ASSISTANT PART-TIME 30H LEGAMI - ROMA CORSO 98","Legami","Roma, LAZ, IT","2026-08-17","parttime","","","","","",False,"","","","","LEGAMI è il brand italiano nato nel 2003 con l’obiettivo di far vivere emozioni positive attraverso oggetti che accompagnano la vita quotidiana delle persone.
  
  

“We are Dreamers” è la nostra filosofia e cerchiamo sempre Dreamers talentuosi per collaborare e crescere insieme a noi.
  
  

LEGAMI è un universo di mondi da esplorare costituito da prodotti colorati, originali, divertenti, capaci di emozionare chi li acquista e chi li riceve in regalo: dagli articoli stationery agli accessori per la casa, dai prodotti per il viaggio agli accessori per il beauty, gli accessori Hi\-Tech, i giocattoli vintage e molto altro.
  
  

Nel nostro quartier generale progettiamo tutti gli oltre 5\.000 prodotti che distribuiamo in più di 70 Paesi, nella rete internazionale di Boutique LEGAMI, in più di 500 punti vendita nel mondo in collaborazione con le più prestigiose librerie e department store e sul nostro sito e\-commerce.
  
  

**SALES ASSISTANT PART\-TIME 30H LEGAMI \- ROMA CORSO 98:**  

Per la nostra Boutique di Roma in Via Del Corso 98 cerchiamo una figura di Sales Assistant che contribuisca ad una Customer Experience positiva, supportando il raggiungimento degli obiettivi e assicurando i più alti standard di servizio e immagine del punto vendita.
  
  

**Di cosa ti occuperai:**  

accoglierai e assisterai i clienti durante la loro esperienza in Boutique, contribuendo al raggiungimento degli obiettivi di vendita;
  
ti occuperai dell’allestimento e del mantenimento degli spazi espositivi secondo le linee guida di Visual Merchandising, assicurando la corretta esposizione, prezzatura e disponibilità dei prodotti;
  
gestirai le attività di cassa, inclusi pagamenti, apertura e chiusura cassa;
  
riceverai, controllerai e sistemerai la merce in negozio e in magazzino, assicurandone il corretto rifornimento;
  
contribuirai a mantenere l'ordine e la pulizia degli spazi, nel rispetto delle procedure aziendali, delle normative di sicurezza e degli standard di servizio.
  
  

**Requisiti:**  

esperienza pregressa di almeno 1 anno in ruolo analogo nel settore Retail;
  
ottime capacità relazionali, comunicative e di ascolto e propensione al lavoro di squadra;
  
capacità organizzative, affidabilità, precisione e attenzione ai dettagli;
  
disponibilità a lavorare su turni, nei weekend e nei giorni festivi.
  
  

**Cosa offriamo:**  

contratto part\-time, 30 ore settimanali distribuite 6 giorni su 7;
  
inquadramento al 5° livello del CCNL Commercio Confesercenti, RAL 17\.430 €;
  
  

prezzi agevolati per l'acquisto dei prodotti LEGAMI.
  
  

Se ti piace il settore Retail, hai una forte passione per il mondo delle vendite e ami i prodotti Legami, potresti essere la persona che stiamo cercando.
  
  

DIVENTA UN DREAMER ANCHE TU!
  
  

I dati fornitici saranno trattati per la ricerca e selezione di personale ai sensi del Regolamento UE 679/2016 (GDPR). La selezione rispetta il principio delle pari opportunità (L. 903/1977 e D.Lgs 198/2006\) e accoglie candidature di tutti i generi. L'azienda incoraggia la candidatura di persone appartenenti alle categorie protette (L. 68/99\).","","https://it.indeed.com/cmp/Legami-3","https://d2q79iu7y748jz.cloudfront.net/s/_squarelogo/256x256/85fb91bf688c426ddbe6f72ad7e4781f","","","Decline to state","Decline to state","","","","","","","","selezione personale"
"in-4bde54befe281ff6","indeed","https://it.indeed.com/viewjob?jk=4bde54befe281ff6","https://ars2.equest.com/?response_id=131656199d08c243206e631b07b6261c","Audioprotesista Roma Ciampino/Tor Bella Monaca","Amplifon","Ciampino, LAZ, IT","2026-08-15","fulltime","","","","","",False,"","","","","**Job Description****Il ruolo**
  

  

Siamo sempre orgogliosi di accogliere nuovi audioprotesiste/i nei nostri negozi per aiutarci a far riscoprire alle persone tutte le emozioni dei suoni. Per noi è importante che i clienti si sentano ascoltati e compresi \- siamo davvero a disposizione per migliorare la loro vita.


Per rafforzare la nostra leadership nell'area, abbiamo un'opportunità per un/a audioprotesista che si voglia unire al nostro team di Ciampino e Tor Bella Monaca (RM), Lazio.

**Di cosa ti occuperai?**

Valuterai le esigenze uditive dei tuoi clienti attraverso interviste mirate e test audiologici, applicando i protocolli Amplifon;


Identificherai e offrirai la soluzione migliore in base alle difficoltà uditive del cliente, assicurando il miglior adattamento grazie alle tue competenze audiologiche;


Gestirai l'intera trattativa commerciale con i clienti al fine di proporre la miglior soluzione a seconda delle specifiche esigenze;


Supporterai il cliente durante l'intero percorso di Amplifon, dal test, alla prova e all'applicazione, fino al follow\-up post\-vendita e alla cura della riparazione e della manutenzione degli apparecchi acustici, alimentando un rapporto duraturo;

**Qualifiche e competenze:**

* Laurea triennale in Tecniche Audioprotesiche (L/SNT03\) o titolo equipollente.

* Ottime capacità organizzative e relazionali.

* Doti di negoziazione commerciale.

**Cosa cerchiamo?**


Orientamento al cliente, empatia e capacità di creare solide relazioni con i clienti grazie a buone doti di comunicazione e alla capacità di farli sentire a proprio agio e ascoltati.


Orientamento al business, con buone capacità di negoziazione e una mentalità proattiva per raggiungere gli obiettivi.


Spirito di squadra, capacità di lavorare in team e favorire le relazioni con i colleghi, la classe medica e tutti gli interlocutori.

**Cosa significa lavorare in Amplifon?**

Un ambiente stimolante e dinamico con opportunità di costruire una carriera su misura.


Opportunità di formazione di alto livello per sviluppare continuamente le tue competenze e conoscenze professionali.

**Retribuzione e condizioni**

* Contratto applicato: CCNL Commercio

* Pacchetto retributivo: inserimento al IV livello CCNL Commercio (RAL da 25\.000 a 27\.000 € in base ad esperienza e competenze), a cui si aggiungerà un piano provvigionale connesso agli obiettivi di business tempo per tempo condivisi

* Orario: Full time


Sono al contempo attive ricerche di collaborazioni per lavoratori autonomi con formula di incarico a Partita Iva. In questi casi è previsto un compenso variabile determinato in forma di provvigione ed eventuali ulteriori benefit concordati in fase di trattativa correlati a obiettivi specifici.


Amplifon è un'azienda che garantisce pari opportunità e si impegna a offrire un ambiente di lavoro diversificato ed equo. Crediamo che valorizzando la nostra unicità e rispettando le nostre differenze possiamo raggiungere risultati migliori, e che la diversità arricchisca la nostra cultura. Incoraggiamo le candidature di ogni genere, provenienza geografica e background individuale.


Valutiamo le candidature esclusivamente sulla base delle competenze, dell'esperienza e del potenziale, senza discriminazioni legate a genere, età, origine, nazionalità, disabilità, orientamento sessuale, identità di genere, religione, stato civile, situazione personale o qualsiasi altra caratteristica tutelata dalla legge.


In linea con questo impegno, e nel rispetto degli obblighi previsti dal D.Lgs. 96/2026 attuativo della Direttiva UE 2023/970 e dalla relativa normativa nazionale di recepimento, nonché delle procedure interne dedicate, Amplifon non richiede né raccoglie informazioni sulla retribuzione precedente o sulla qualifica professionale dei candidati: tali informazioni non vengono richieste durante i colloqui, via e\-mail né tramite agenzie di selezione, headhunter o qualsiasi altra terza parte coinvolta nel processo.


Se hai bisogno di assistenza durante il processo di candidatura o di selezione a causa di una disabilità, ti invitiamo a comunicarcelo. Vogliamo garantire che il nostro processo sia accessibile a tutti.


Al termine del processo di selezione, l'Azienda potrà proporre un pacchetto retributivo diverso da quello inizialmente indicato, sulla base dell'esperienza, delle competenze e del profilo complessivo del candidato. Eventuali differenze saranno definite nel rispetto dei requisiti di trasparenza e sulla base di criteri oggettivi e non discriminatori.


La presente ricerca è condotta da Amplifon Italia per conto di una società partner, garantendo un processo trasparente e professionale nel rispetto integrale del dlgs. 96/2026\. Il/La candidato/a selezionato/a sarà inserito/a direttamente dal nostro partner, con cui avrà modo di entrare in contatto nel corso del processo di selezione.","","https://it.indeed.com/cmp/Amplifon","https://d2q79iu7y748jz.cloudfront.net/s/_squarelogo/256x256/d375f0b63b13de3cdd531a29d3aab723","https://careers.amplifon.com/en","","10,000+","$1B to $5B (USD)","We empower people to rediscover all the emotions of sound.","","","","","","","selezione personale"
"in-71f79ee8449ba8ad","indeed","https://it.indeed.com/viewjob?jk=71f79ee8449ba8ad","https://inrec.intervieweb.it/annunci.php?l=impiegatoa-ufficio-tecnico-247095&lang=it&d=indeed&LAC=ntw","Impiegato/a ufficio tecnico","NTWK","Roma, LAZ, IT","2026-08-14","fulltime","","","","","",True,"","","","","NTWK, azienda italiana operante nella ricerca e selezione del personale, si occupa di soddisfare le necessità dei clienti offrendo servizi personalizzati.

  

  

**Posizione:**
--------------

Per affermata Società di Ingegneria con sede a Roma, operante nei settori della Progettazione, Direzione Lavori e Coordinamento della Sicurezza per importanti opere civili e infrastrutturali, si ricercano**Ingegneri Civili (anche junior), Architetti e Geometri** da inserire in un ambiente dinamico e in forte crescita.

 **Cosa farai (Attività principali)**

* Partecipazione attiva alla redazione di progetti civili e infrastrutturali.
* Supporto alla Direzione dei Lavori e al Coordinamento della Sicurezza in fase di Esecuzione.
* Attività di assistenza in cantiere con il ruolo di Ispettore di Cantiere o Direttore Operativo.

**Requisiti:**
--------------

**Cosa richiediamo**

* Laurea Magistrale in Ingegneria Civile/Ambientale, Laurea in Architettura o Diploma di Geometra.
* Ottima conoscenza di AutoCAD, Pacchetto Office e Primus.
* Forte motivazione, attitudine al lavoro di squadra e precisione.

 **Titoli preferenziali (Rappresentano un plus)**

* Indirizzo di studi strutturale o infrastrutturale.
* Conoscenza (anche base) di software di calcolo strutturale, topografici e di grafica.
* Buona conoscenza della lingua inglese.

**Altre informazioni:**
-----------------------

**Cosa offriamo**

* Inquadramento flessibile: Assunzione a tempo determinato (commisurato all’esperienza).
* Flessibilità: Impegno full\-time con possibilità di smart working parziale.
* **Retribuzione:** Da 1500 €/mese.
* Crescita: Opportunità di inserimento all’interno di progetti di rilievo e affiancamento continuo.

 **Sede di lavoro:** Roma (zona EUR / Montagnola) con disponibilità a brevi trasferte o sopralluoghi.","","https://it.indeed.com/cmp/Ntwk","","","","","","","","","","","","","selezione personale"
"in-396a8611384628c6","indeed","https://it.indeed.com/viewjob?jk=396a8611384628c6","https://inrec.intervieweb.it/annunci.php?l=interior-yacht-designer-247092&lang=it&d=indeed&LAC=ntw","Interior Yacht Designer","NTWK","Roma, LAZ, IT","2026-08-14","","","","","","",False,"","","","","NTWK, azienda italiana operante nella ricerca e selezione del personale, si occupa di soddisfare le necessità dei clienti offrendo servizi personalizzati.

  

  

**Posizione:**
--------------

JOB DESCRIPTION – SENIOR INTERIOR YACHT DESIGNER

**YOUR TASKS:**

* Develop luxury interior designs reflecting the studio signature aesthetic;
* Produce architectural nurbs 3d models with precise modelling, texture mapping and organized layers / material coding / information / notes.
* Produce sketches, drawings, technical plans, idea / mood / style / materials boards;
* Research furniture, materials, accessories and design detailing;
* Source FF\&E items and coordinate material samples;
* Manage supplier communication and organize FF\&E documentation;
* Prepare and update material lists, furniture lists and FF\&E schedules in Excel;
* Collaborate with CGI artists and design engineers across project teams;
* Create polished, visually persuasive PDF booklets;

**Requisiti:**
--------------

**WE REQUIRE:**

* 4\-8 years of expertise in superyacht or luxury residential interior design.
* Advanced proficiency in Rhinocerous, ability to work with InDesign and AutoCAD.
* A creative problem\-solver with a pragmatic, results\-oriented approach.
* Self\-motivated professional with a growth mindset and strong adaptability.
* Organizational and communication skills for sourcing and selecting FF\&E
* Resilient and efficient when operating in high\-pressure, fast\-paced studio environments.
* Proficiency in English at a professional level (both written and spoken).
* Based in Rome (or willing to relocate) with a valid EU work authorization.
* Willing to be present in the office for at least 3 days a week.

**Altre informazioni:**
-----------------------

**WORKPLACE:** Rome","","https://it.indeed.com/cmp/Ntwk","","","","","","","","","","","","","selezione personale"
"in-6ee8d6df35055f45","indeed","https://it.indeed.com/viewjob?jk=6ee8d6df35055f45","https://zinrec.intervieweb.it/annunci.php?l=autista-patente-c-settore-costruzioni-cantiere-atac-145855&lang=it&d=indeed&LAC=manuelbregolin","Autista Patente C – Settore Costruzioni (Cantiere ATAC)","NETwk","Roma, LAZ, IT","2026-08-14","","","","","","",False,"","","","","Siamo un'azienda italiana operante nella ricerca e selezione del personale che si occupa di soddisfare le necessità dei clienti offrendo servizi personalizzati.

  

  

**Posizione:**
--------------

Per ampliamento dell’organico, ricerchiamo un Autista con patente C da inserire all’interno del cantiere relativo al deposito tranviario ATAC.


La risorsa lavorerà a diretto riporto del Direttore delle Costruzioni e in coordinamento con il Capo Cantiere, occupandosi principalmente del trasporto materiali funzionali alle attività di cantiere.

 **Attività principali**

* Trasporto materiali da e verso il cantiere (rocce e terre da scavo)
* Supporto logistico alle attività operative di cantiere
* Collaborazione con il team tecnico e operativo

**Requisiti:**
--------------

**Requisiti**

* Patente di guida categoria C (o superiore)
* Esperienza pregressa nel ruolo (anche breve)
* Affidabilità, serietà e capacità di lavorare in contesti operativi
* Disponibilità a lavorare in ambito cantieristico

**Profilo ideale**

* Attitudine al lavoro pratico e dinamico
* Spirito di collaborazione e rispetto delle procedure di sicurezza

**Altre informazioni:**
-----------------------

**Contratto e retribuzione**

* Tipologia contrattuale: da definire (tempo indeterminato/determinato o altra forma)
* Retribuzione commisurata all’esperienza","","https://it.indeed.com/cmp/Netwk","","","","","","","","","","","","","selezione personale"
"in-570d49438b540678","indeed","https://it.indeed.com/viewjob?jk=570d49438b540678","https://zinrec.intervieweb.it/annunci.php?l=system-integrator-it-145902&lang=it&d=indeed&LAC=manuelbregolin","System Integrator IT","NETwk","Roma, LAZ, IT","2026-08-14","parttime, fulltime","","","","","",False,"","","","","Siamo un'azienda italiana operante nella ricerca e selezione del personale che si occupa di soddisfare le necessità dei clienti offrendo servizi personalizzati.

  

  

**Posizione:**
--------------

Per una società che si occupa di tecnologie delle comunicazione IP a livello di:

  

* infrastrutture
* servizi
* sistemi/apparati
* applicativi software

  

Il tutto sia in versione locale che in cloud.

  

Siamo alla ricerca di tre figure nei seguenti settori:

  

– impiantistico/network fisico (installazione apparati IP e prima configurazione) (lavoro prevalentemente presso sedi clienti)


– sistemistico/network (lavoro prevalentemente da sede centrale ufficio – Roma)


– IT management (prevalentemente applicativi software) anche presso sedi clienti con presidio part time / full time in forma dedicata

  

Attività svolte prevalentemente a Roma, con possibilità di trasferte in Toscana, Lombardia, Piemonte, Veneto

**Requisiti:**
--------------

### **Si richiede esperienza pregressa nella mansione.**","","https://it.indeed.com/cmp/Netwk","","","","","","","","","","","","","selezione personale"
"in-a069dc2abf412a69","indeed","https://it.indeed.com/viewjob?jk=a069dc2abf412a69","https://zinrec.intervieweb.it/annunci.php?l=hse-di-cantiere-junior-eo-senior-145889&lang=it&d=indeed&LAC=manuelbregolin","HSE di cantiere junior e/o senior","NETwk","Roma, LAZ, IT","2026-08-14","","","","","","",False,"","","","","Siamo un'azienda italiana operante nella ricerca e selezione del personale che si occupa di soddisfare le necessità dei clienti offrendo servizi personalizzati.

  

  

**Posizione:**
--------------

**Siamo alla ricerca di** HSE Junior e Senior per Cantieri in tutta Italia.

**GARANTIAMO** impiego duraturo nel tempo.

**Requisiti:**
--------------

Preferibile esperienza pregressa nella mansione","","https://it.indeed.com/cmp/Netwk","","","","","","","","","","","","","selezione personale"
"in-41773d56e24f7c3c","indeed","https://it.indeed.com/viewjob?jk=41773d56e24f7c3c","https://zinrec.intervieweb.it/annunci.php?l=facchino-dalbergo-145854&lang=it&d=indeed&LAC=manuelbregolin","Facchino d’albergo","NETwk","Roma, LAZ, IT","2026-08-14","fulltime","","","","","",False,"","","","","Siamo un'azienda italiana operante nella ricerca e selezione del personale che si occupa di soddisfare le necessità dei clienti offrendo servizi personalizzati.

  

  

**Posizione:**
--------------

**Per azienda cliente ricerchiamo Facchino d’Albergo / Operatore Polivalente**

  

La risorsa inserita entrerà a far parte di un’azienda solida e strutturata, operando all’interno del team di una delle nostre strutture partner più esclusive.

  

La figura si occuperà della gestione operativa di diverse attività all’interno dell’hotel:

* Accoglienza clienti e gestione/trasporto dei bagagli.
* Supporto al reparto piani: riassetto e pulizia delle camere.
* Pulizia e decoro delle zone comuni della struttura.
* Gestione, organizzazione e sistemazione dei magazzini.

**Requisiti:**
--------------

### **Requisiti Richiesti**

  

* Forte predisposizione al lavoro in team e capacità di coordinamento con i referenti aziendali.
* Flessibilità, dinamismo e massima precisione.
* La conoscenza della lingua inglese costituisce un titolo preferenziale per la gestione della clientela internazionale.
* Esperienza, anche minima, nel settore delle pulizie professionali o della movimentazione merci.
* Disponibilità a turnazioni mattutine, pomeridiane, notturne e in giorni feriali domenicali e festivi, viste le caratteristiche del settore dell’accoglienza turistica.

**Altre informazioni:**
-----------------------

**Si offre**

* Contratto di lavoro a norma di legge, con inquadramento commisurato all’esperienza.
* Orario di lavoro: 36/40 ore medie settimanali.
* La garanzia e l’affidabilità di una società di outsourcing storica, attenta alla sicurezza sul lavoro e alla puntualità dei pagamenti.
* Assistenza sanitaria integrativa per il rimborso di spese mediche

**Sede di lavoro:** Roma (Zona Stazione Termini)","","https://it.indeed.com/cmp/Netwk","","","","","","","","","","","","","selezione personale"
"in-3eed4f47207cb8be","indeed","https://it.indeed.com/viewjob?jk=3eed4f47207cb8be","https://zinrec.intervieweb.it/annunci.php?l=progettista-reti-fisse-telecomunicazioni-145858&lang=it&d=indeed&LAC=manuelbregolin","Progettista Reti Fisse (Telecomunicazioni)","NETwk","Roma, LAZ, IT","2026-08-14","","","","","","",False,"","","","","Siamo un'azienda italiana operante nella ricerca e selezione del personale che si occupa di soddisfare le necessità dei clienti offrendo servizi personalizzati.

  

  

**Posizione:**
--------------

Siamo alla ricerca di Progettisti Reti Fisse da inserire nel nostro team tecnico per le nostre sedi di Roma e Catania. La risorsa si occuperà della progettazione e dello sviluppo di infrastrutture di telecomunicazioni, collaborando con il team di progettazione e con i responsabili di commessa per garantire la realizzazione di reti efficienti e conformi agli standard di qualità.

 **Principali responsabilità**

* Progettare infrastrutture di rete fissa (FTTH, FTTC e reti in fibra ottica).
* Redigere elaborati tecnici, planimetrie e documentazione progettuale.
* Effettuare studi di fattibilità e analisi dei tracciati.
* Collaborare con enti, gestori di rete e imprese esecutrici.
* Verificare la conformità dei progetti alle normative e alle specifiche tecniche del committente.
* Supportare le attività di autorizzazione e di avanzamento delle commesse.
* Aggiornare la documentazione tecnica e i database di progetto.

**Requisiti:**
--------------

**Requisiti**

* Buona conoscenza di AutoCAD e del pacchetto Microsoft Office.
* Capacità di lettura di cartografia tecnica e planimetrie.
* Precisione, capacità organizzativa e attitudine al lavoro in team.
* Patente B.

 **Costituiscono titolo preferenziale**

* Esperienza nella progettazione di reti FTTH.
* Conoscenza di software GIS e di progettazione dedicati alle telecomunicazioni.
* Esperienza nella gestione di pratiche autorizzative.
* Conoscenza delle normative relative alle infrastrutture di telecomunicazione.

**Altre informazioni:**
-----------------------

**Offriamo**

* Inserimento in un contesto tecnico in crescita.
* Formazione continua e possibilità di sviluppo professionale.
* Coinvolgimento in progetti innovativi nel settore delle telecomunicazioni.
* Retribuzione 5°livello CCNL studi professionali","","https://it.indeed.com/cmp/Netwk","","","","","","","","","","","","","selezione personale"
"in-c04a7b6be7e11c51","indeed","https://it.indeed.com/viewjob?jk=c04a7b6be7e11c51","https://inrec.intervieweb.it/annunci.php?l=sistemista-microsoft-infrastrutturale-247051&lang=it&d=indeed&LAC=ntw","Sistemista Microsoft infrastrutturale","NTWK","Roma, LAZ, IT","2026-08-14","","","","","","",False,"","","","","NTWK, azienda italiana operante nella ricerca e selezione del personale, si occupa di soddisfare le necessità dei clienti offrendo servizi personalizzati.

  

  

**Posizione:**
--------------

Per azienda leader nell’area IT e Software Development, si ricerca un **Sistemista Microsoft Infrastrutturalesenior**con solide competenze nella gestione e amministrazione di ambienti IT complessi, sia on\-premise che ibridi cloud.

  

La risorsa sarà coinvolta nella **progettazione, implementazione e manutenzione dell’infrastruttura IT aziendale**, garantendo stabilità, sicurezza e performance dei sistemi.

**Requisiti:**
--------------

**Richiesta conoscenza approfondita di:**

* Hyper\-V
* Active Directory
* Group Policy
* Microsoft Exchange Server
* Microsoft SharePoint
* PowerShell scripting
* Ambienti Citrix
* Architetture cloud e modelli ibridi

 **Nice to have**

* Esperienza o conoscenza di soluzioni Trellix (ambito sicurezza/processi)

**Altre informazioni:**
-----------------------

**Sede di lavoro:** Roma, con modalità di lavoro ibrida","","https://it.indeed.com/cmp/Ntwk","","","","","","","","","","","","","selezione personale"
"in-4f76ec90d5059b46","indeed","https://it.indeed.com/viewjob?jk=4f76ec90d5059b46","https://inrec.intervieweb.it/annunci.php?l=tecnico-sicurezza-cantieri-percorso-di-crescita-cspcse-247037&lang=it&d=indeed&LAC=ntw","Tecnico Sicurezza Cantieri (Percorso di crescita CSP/CSE)","NTWK","Roma, LAZ, IT","2026-08-14","","","","","","",False,"","","","","NtWK, azienda italiana operante nella ricerca e selezione del personale, si occupa di soddisfare le necessità dei clienti offrendo servizi personalizzati.

  

  

**Posizione:**
--------------

Siamo alla ricerca di una figura tecnica da inserire nel nostro team per la gestione della sicurezza nei cantieri, il controllo della documentazione e il monitoraggio dello stato di avanzamento delle attività.


La risorsa collaborerà con il team tecnico e sarà coinvolta nelle attività di verifica della conformità normativa, gestione documentale e sopralluoghi in cantiere. È previsto un percorso di crescita professionale finalizzato ad assumere il ruolo di Coordinatore della Sicurezza in fase di Progettazione (CSP) e in fase di Esecuzione (CSE).

 **Principali responsabilità**

* Verificare la documentazione relativa alla sicurezza dei cantieri.
* Controllare la conformità documentale di imprese, lavoratori e subappaltatori.
* Effettuare sopralluoghi presso i cantieri.
* Monitorare lo stato di avanzamento dei lavori e predisporre report periodici.
* Collaborare con il team tecnico nella gestione delle attività di cantiere.
* Supportare la redazione e l’aggiornamento della documentazione prevista dalla normativa vigente.
* Interfacciarsi con imprese, committenti, direttori dei lavori e professionisti coinvolti.

**Requisiti:**
--------------

**Requisiti**

* Diploma di Geometra, Perito Industriale o Laurea in Ingegneria, Architettura o discipline affini.
* Conoscenza della normativa sulla sicurezza nei cantieri (D.Lgs. 81/2008\).
* Buona capacità organizzativa e precisione nella gestione documentale.
* Disponibilità a effettuare sopralluoghi presso i cantieri.
* Buona conoscenza del pacchetto Microsoft Office.
* Patente B

 **Requisiti preferenziali**

* Esperienza, anche breve, nella gestione della sicurezza nei cantieri.
* Conoscenza dei principali software tecnici e gestionali.
* Attestati o corsi in materia di sicurezza.

**Altre informazioni:**
-----------------------

**Offriamo**

* Inserimento in un ambiente di lavoro dinamico e orientato alla crescita professionale.
* Formazione continua e affiancamento.
* Percorso finalizzato all’acquisizione delle competenze e dei requisiti necessari per ricoprire il ruolo di CSP/CSE.
* Retribuzione commisurata all’esperienza e alle competenze.

 **Retribuzione:** retribuzione di 5° livello CCNL studi professionali","","https://it.indeed.com/cmp/Ntwk","","","","","","","","","","","","","selezione personale"
"in-b00217c6f8c330e4","indeed","https://it.indeed.com/viewjob?jk=b00217c6f8c330e4","http://it.indeed.com/job/logopedista-psicolog-neuropsicomotricista-b00217c6f8c330e4","Logopedista - Psicolog* - Neuropsicomotricista","","Roma, LAZ, IT","2026-08-14","","","","","","",False,"","","","bonettiphysioup@gmail.com","Cerchiamo una/un Logopedista o Psicolog\* o Neuropsicomotricista in libera professione per collaborazione professionale presso il nostro studio. La figura si occuperà della valutazione e del trattamento secondo la sua professionalità collaborando con il team multidisciplinare e seguendo percorsi terapeutici personalizzati per pazienti adulti e pediatrici.

Offriamo collaborazione in un ambiente moderno e accogliente, con possibilità di crescita professionale, flessibilità organizzativa e utilizzo di una stanza dedicata all’interno dello studio per lo svolgimento dell’attività professionale. La presenza della rete WIFI (FIbra) a libero accesso, la climatizzazione e la conformità dello studio alle norme necessarie per l’attività sanitaria integra l’offerta

Vi preghiamo di inviare il proprio curriculum autorizzando il trattamento dei dati personali

ai sensi del D.lgs. 196 del 30 giugno 2003 e dell’art. 13 GDPR (Regolamento UE 2016/679\) ai fini della ricerca e selezione del personale.

a bonettiphysioup@gmail.com

A presto!

Retribuzione: €700,00 \- €3\.000,00 al mese

Sede di lavoro: Di persona","","https://it.indeed.comNone","","","","","","","","","","","","","selezione personale"
"in-0d3080593a6b5b12","indeed","https://it.indeed.com/viewjob?jk=0d3080593a6b5b12","https://ars2.equest.com/?response_id=e7537f821bee20a16d3461ab44dd85f8","Audioprotesista Rieti (RI)","Amplifon","Rieti, LAZ, IT","2026-08-14","fulltime","","","","","",False,"","","","","**Job Description****Il ruolo**
  

  

Siamo sempre orgogliosi di accogliere nuovi audioprotesiste/i nei nostri negozi per aiutarci a far riscoprire alle persone tutte le emozioni dei suoni. Per noi è importante che i clienti si sentano ascoltati e compresi \- siamo davvero a disposizione per migliorare la loro vita.


Per rafforzare la nostra leadership nell'area, abbiamo un'opportunità per un/a audioprotesista che si voglia unire al nostro team di Rieti (RI), Lazio.

**Di cosa ti occuperai?**

* Valuterai le esigenze uditive dei tuoi clienti attraverso interviste mirate e test audiologici, applicando i protocolli Amplifon;

* Identificherai e offrirai la soluzione migliore in base alle difficoltà uditive del cliente, assicurando il miglior adattamento grazie alle tue competenze audiologiche;

* Gestirai l'intera trattativa commerciale con i clienti al fine di proporre la miglior soluzione a seconda delle specifiche esigenze;

* Supporterai il cliente durante l'intero percorso di Amplifon, dal test, alla prova e all'applicazione, fino al follow\-up post\-vendita e alla cura della riparazione e della manutenzione degli apparecchi acustici, alimentando un rapporto duraturo;

**Qualifiche e competenze:**

* Laurea triennale in Tecniche Audioprotesiche (L/SNT03\) o titolo equipollente.

* Ottime capacità organizzative e relazionali.

* Doti di negoziazione commerciale.

**Cosa cerchiamo?**

* Orientamento al cliente, empatia e capacità di creare solide relazioni con i clienti grazie a buone doti di comunicazione e alla capacità di farli sentire a proprio agio e ascoltati.
* Orientamento al business, con buone capacità di negoziazione e una mentalità proattiva per raggiungere gli obiettivi.

* Spirito di squadra, capacità di lavorare in team e favorire le relazioni con i colleghi, la classe medica e tutti gli interlocutori.

**Cosa significa lavorare in Amplifon?**

* Un ambiente stimolante e dinamico con opportunità di costruire una carriera su misura.

* Opportunità di formazione di alto livello per sviluppare continuamente le tue competenze e conoscenze professionali.

**Retribuzione e condizioni**

* Contratto applicato: CCNL Commercio

* Pacchetto retributivo: inserimento al IV livello CCNL Commercio (RAL da 25\.000 a 27\.000 € in base ad esperienza e competenze), a cui si aggiungerà un piano provvigionale connesso agli obiettivi di business tempo per tempo condivisi

* Orario: Full time


Sono al contempo attive ricerche di collaborazioni per lavoratori autonomi con formula di incarico a Partita Iva. In questi casi è previsto un compenso variabile determinato in forma di provvigione ed eventuali ulteriori benefit concordati in fase di trattativa correlati a obiettivi specifici.


Amplifon è un'azienda che garantisce pari opportunità e si impegna a offrire un ambiente di lavoro diversificato ed equo. Crediamo che valorizzando la nostra unicità e rispettando le nostre differenze possiamo raggiungere risultati migliori, e che la diversità arricchisca la nostra cultura. Incoraggiamo le candidature di ogni genere, provenienza geografica e background individuale.


Valutiamo le candidature esclusivamente sulla base delle competenze, dell'esperienza e del potenziale, senza discriminazioni legate a genere, età, origine, nazionalità, disabilità, orientamento sessuale, identità di genere, religione, stato civile, situazione personale o qualsiasi altra caratteristica tutelata dalla legge.


In linea con questo impegno, e nel rispetto degli obblighi previsti dal D.Lgs. 96/2026 attuativo della Direttiva UE 2023/970 e dalla relativa normativa nazionale di recepimento, nonché delle procedure interne dedicate, Amplifon non richiede né raccoglie informazioni sulla retribuzione precedente o sulla qualifica professionale dei candidati: tali informazioni non vengono richieste durante i colloqui, via e\-mail né tramite agenzie di selezione, headhunter o qualsiasi altra terza parte coinvolta nel processo.


Se hai bisogno di assistenza durante il processo di candidatura o di selezione a causa di una disabilità, ti invitiamo a comunicarcelo. Vogliamo garantire che il nostro processo sia accessibile a tutti.


Al termine del processo di selezione, l'Azienda potrà proporre un pacchetto retributivo diverso da quello inizialmente indicato, sulla base dell'esperienza, delle competenze e del profilo complessivo del candidato. Eventuali differenze saranno definite nel rispetto dei requisiti di trasparenza e sulla base di criteri oggettivi e non discriminatori.


La presente ricerca è condotta da Amplifon Italia per conto di una società partner, garantendo un processo trasparente e professionale nel rispetto integrale del dlgs. 96/2026\. Il/La candidato/a selezionato/a sarà inserito/a direttamente dal nostro partner, con cui avrà modo di entrare in contatto nel corso del processo di selezione.","","https://it.indeed.com/cmp/Amplifon","https://d2q79iu7y748jz.cloudfront.net/s/_squarelogo/256x256/d375f0b63b13de3cdd531a29d3aab723","https://careers.amplifon.com/en","","10,000+","$1B to $5B (USD)","We empower people to rediscover all the emotions of sound.","","","","","","","selezione personale"
"in-349b877a7920733a","indeed","https://it.indeed.com/viewjob?jk=349b877a7920733a","https://ars2.equest.com/?response_id=70b1672f29195088bac81e3e0e43fede","Responsabile Relazione Clienti Tortona (AL)","Amplifon","LAZ, IT","2026-08-14","fulltime","","","","","",False,"","","","","**Job Description****Il ruolo:**


Per rafforzare la nostra leadership nell'area, stiamo ricercando un/a Responsabile Relazioni Clienti che si voglia unire al nostro team della filiale di Tortona (AL), Piemonte. Inserimento con iniziale contratto a tempo determinato 6 mesi, finalizzato al tempo indeterminato, part time 34 ore.


Svolgerai un ruolo chiave nel supportare i clienti nel loro viaggio alla riscoperta di tutte le emozioni del suono, contribuendo a garantire sempre un ottimo livello di soddisfazione, oltre ad un clima di armonia all'interno della filiale. Ti occuperai anche di far coincidere le esigenze dei clienti con gli obiettivi del negozio e di generare nuove opportunità di business.

**Come sarà organizzata la tua giornata:**

**Attività front office negozio:**

  

* Gestirai i momenti chiave del percorso dei nostri clienti: dall'accoglienza, alla gestione delle informazioni nel database, dalla programmazione degli appuntamenti all'esecuzione dei servizi post\-vendita, sarai il punto di contatto dei clienti, gestendo la comunicazione e costruendo un rapporto di fiducia con loro;
* Sarai responsabile della gestione dell'agenda degli appuntamenti, attraverso attività di recall telefonico e attenta gestione del database clienti, allo scopo di rendere efficace l'organizzazione delle visite dei pazienti, fornendo supporto e collaborazione agli audioprotesisti per raggiungere gli obiettivi comuni;

  

**Attività back office negozio:**  

* Sarai responsabile dell'amministrazione del negozio in termini di: gestione dei rapporti con enti esterni e interni, aggiornamento CRM, gestione della modulistica, applicazione delle procedure fiscali e amministrative, gestione delle giacenze di magazzino. Avrai inoltre cura dell'aspetto del negozio.

**Cosa richiediamo:**

  

* E' gradita esperienza precedente, anche minima, in ruoli affini di assistenza clientela (front office, addetta/o alle vendite, customer care...), maturata in contesti strutturati.
* Conoscenza e capacità di utilizzo dei principali pacchetti informatici
* Preferibile esperienza nell'utilizzo di sistemi CRM
* Orientamento al cliente, empatia, ottime doti di comunicazione e ascolto, indispensabili per instaurare relazioni positive e di fiducia con i clienti.
* Mentalità proattiva, spirito di iniziativa, orientamento all'obiettivo e consapevolezza dell'importanza che questo ruolo gioca nel raggiungimento dei risultati del negozio.
* Capacità di pianificazione e di svolgere un'attività multitasking attribuendo le giuste priorità
* Capacità di lavorare in team, spirito collaborativo.

**Cosa offriamo \| Cosa significa lavorare in Amplifon:**

  

* Ambiente professionale incentrato sull'innovazione continua della tecnologia e dei servizi;
* Contesto stimolante e dinamico con colleghi coinvolgenti, inclusivi e collaborativi;
* Opportunità di formazione di alto livello per sviluppare continuamente le proprie competenze e conoscenze professionali.

  

**Retribuzione e condizioni**  

* Luogo di lavoro: Tortona (AL)
* Orario: Part time 34 ore settimanali
* Contratto applicato: CCNL Commercio
* Pacchetto retributivo: inserimento al V livello CCNL Commercio (in base all'esperienza e alle competenze RAL da 23000 a 25000 per il full time, da riproporzionare rispetto al part time).


Amplifon è un'azienda che garantisce pari opportunità e si impegna a offrire un ambiente di lavoro diversificato ed equo. Crediamo che valorizzando la nostra unicità e rispettando le nostre differenze possiamo raggiungere risultati migliori, e che la diversità arricchisca la nostra cultura. Incoraggiamo le candidature di ogni genere, provenienza geografica e background individuale.


Valutiamo le candidature esclusivamente sulla base delle competenze, dell'esperienza e del potenziale, senza discriminazioni legate a genere, età, origine, nazionalità, disabilità, orientamento sessuale, identità di genere, religione, stato civile, situazione personale o qualsiasi altra caratteristica tutelata dalla legge.


In linea con questo impegno, e nel rispetto degli obblighi previsti dalla Direttiva UE 2023/970 e dalla relativa normativa nazionale di recepimento, nonché delle procedure interne dedicate, Amplifon non richiede né raccoglie informazioni sulla retribuzione precedente o sulla qualifica professionale dei candidati: tali informazioni non vengono richieste durante i colloqui, via e\-mail né tramite agenzie di selezione, headhunter o qualsiasi altra terza parte coinvolta nel processo.


Se hai bisogno di assistenza durante il processo di candidatura o di selezione a causa di una disabilità, ti invitiamo a comunicarcelo. Vogliamo garantire che il nostro processo sia accessibile a tutti.


Al termine del processo di selezione, l'Azienda potrà proporre un pacchetto retributivo diverso da quello inizialmente indicato, sulla base dell'esperienza, delle competenze e del profilo complessivo del candidato. Eventuali differenze saranno definite nel rispetto dei requisiti di trasparenza e sulla base di criteri oggettivi e non discriminatori.


La presente ricerca è condotta da Amplifon Italia per conto di una società partner, garantendo un processo trasparente e professionale nel rispetto integrale del dlgs. 96/2026\. Il/La candidato/a selezionato/a sarà inserito/a direttamente dal nostro partner, con cui avrà modo di entrare in contatto nel corso del processo di selezione.","","https://it.indeed.com/cmp/Amplifon","https://d2q79iu7y748jz.cloudfront.net/s/_squarelogo/256x256/d375f0b63b13de3cdd531a29d3aab723","https://careers.amplifon.com/en","","10,000+","$1B to $5B (USD)","We empower people to rediscover all the emotions of sound.","","","","","","","selezione personale"
"in-d8050e562f96dd97","indeed","https://it.indeed.com/viewjob?jk=d8050e562f96dd97","https://zinrec.intervieweb.it/annunci.php?l=progettista-hardware-145771&lang=it&d=indeed&LAC=manuelbregolin","Progettista hardware","NETwk","Roma, LAZ, IT","2026-08-13","","","","","","",False,"","","","","Siamo un'azienda italiana operante nella ricerca e selezione del personale che si occupa di soddisfare le necessità dei clienti offrendo servizi personalizzati.

  

  

**Posizione:**
--------------

Come **progettista HW** avrai il compito di:

* Progettazione di schede elettroniche di alimentazione e mixed signal: digitali\-analogiche
* Progettazione di schematici, layout, documenti di collaudo
* Sarai coinvolto direttamente nel team di progetto. Interagirai con ingegneri meccanici ed elettronici per realizzare, in team, apparti complessi ed allo stato dell’arte.
* Seguire il collaudo delle board, da te progettate, nel nostro laboratorio
* Interagire con fornitori esterni per la definizione di tutti gli step produttivi
* Imparerai a gestire il tuo lavoro in autonomia ed approfondirai tematiche tecniche e di gestione del lavoro.

  

Il nostro scopo è far emergere tutto il tuo potenziale in un team dedicato alla progettazione di circuiti ed apparati per le telecomunicazioni.

 **Le attività si svolgeranno presso la nostra sede di Roma**, dove avrai modo di accedere al nostro laboratorio all’avanguardia.

**Requisiti:**
--------------

**Requisiti richiesti**


Se hai queste caratteristiche sei il nostro candidato ideale:


– Laure in Elettronica votazione minima 90/100


– Esperienza, almeno triennale, nella progettazione circuiti elettronici


– Capacità di realizzazione di disegni tecnici elettronici


– Esperienza con software CAD per PCB


– Esperienza con apparecchiature di test elettriche/elettroniche

**Altre informazioni:**
-----------------------

**Cosa Offriamo**

* Retribuzione: A Partire da 40\.000€
* Percorso di crescita con formazione strutturata, personalizzata
* Corsi di lingue
* Assicurazione medica integrativa
* Welfare aziendale
* Buoni Pasto
* Programma di bonus aziendali su obiettivi

 **Sede di lavoro**: Roma","","https://it.indeed.com/cmp/Netwk","","","","","","","","","","","","","selezione personale"
"in-7cc866a42c1e8e5a","indeed","https://it.indeed.com/viewjob?jk=7cc866a42c1e8e5a","https://zinrec.intervieweb.it/annunci.php?l=addettoa-pulizia-zona-monterotondo-rm-145748&lang=it&d=indeed&LAC=manuelbregolin","ADDETTO/A PULIZIA ZONA MONTEROTONDO (RM)","NETwk","Monterotondo, LAZ, IT","2026-08-13","","","","","","",False,"","","","","Siamo un'azienda italiana operante nella ricerca e selezione del personale che si occupa di soddisfare le necessità dei clienti offrendo servizi personalizzati.

  

  

**Posizione:**
--------------

Impresa di servizi ricerca per ampiamento del proprio organico addetti al servizio pulizie in zona Monterotondo (Roma) e zone limitrofe per proprio appalto presso un supermercato.


L’orari sono dalle 06\.00 alle 08\.30 da lunedì alla domenica con un giorno di riposo a rotazione.

**Requisiti:**
--------------

Si richiede esperienza specifica nel settore e disponibilità a lavorazioni a turnazioni, automuniti e residenti in zona.","","https://it.indeed.com/cmp/Netwk","","","","","","","","","","","","","selezione personale"
"in-008c976e24416c11","indeed","https://it.indeed.com/viewjob?jk=008c976e24416c11","https://zinrec.intervieweb.it/annunci.php?l=addettoa-facchino-145739&lang=it&d=indeed&LAC=manuelbregolin","Addetto/a Facchino","NETwk","Roma, LAZ, IT","2026-08-13","","","","","","",False,"","","","","Siamo un'azienda italiana operante nella ricerca e selezione del personale che si occupa di soddisfare le necessità dei clienti offrendo servizi personalizzati.

  

  

**Posizione:**
--------------

Si ricercano **addetti al servizio di facchinaggio** con il servizio per un mese in zona Casal Monastero (Roma) e successivo spostamento in zona Santa Palomba (Roma) per proprio appalto.

**Requisiti:**
--------------

Si richiede esperienza specifica nel settore e disponibilità a lavorazioni a turnazioni, automuniti e residenti in zona.

**Altre informazioni:**
-----------------------

Offresi inquadramento di legge.

 **Retribuzione:** 800,00/1\.000,00","","https://it.indeed.com/cmp/Netwk","","","","","","","","","","","","","selezione personale"
"in-a118b5f2fa3a5f6a","indeed","https://it.indeed.com/viewjob?jk=a118b5f2fa3a5f6a","https://zinrec.intervieweb.it/annunci.php?l=guardie-particolari-giurate-145760&lang=it&d=indeed&LAC=manuelbregolin","Guardie Particolari Giurate","NETwk","Roma, LAZ, IT","2026-08-13","fulltime","","","","","",False,"","","","","Siamo un'azienda italiana operante nella ricerca e selezione del personale che si occupa di soddisfare le necessità dei clienti offrendo servizi personalizzati.

  

  

**Posizione:**
--------------

Per la azienda cliente ricerchiamo **2 Guardie Particolari Giurate (GPG)**

  

La persona sarà inserita all’interno della Centrale Operativa e sarà dedicata ad attività di verifica e monitoraggio dei siti clienti, con particolare riguardo alle attività di videosorveglianza ed antintrusione. Le attività prevedono la ricezione contemporanea degli allarmi, provenienti da diversi gestionali e Software, da analizzare e gestire allo scopo di sventare le reali intrusioni. Qualora la situazione lo richiedesse verrebbero attivati i servizi di piantonamento e monitoraggio in tutte le fasi di gestione fino al ripristino della sicurezza del sito.

  

Si specifica che l’attività viene svolta in un ambiente isolato ed è richiesta una elevata capacità di concentrazione per interpretare correttamente la natura dei segnali. Inoltre, è richiesta una prontezza di gestione che deve garantire accuratezza e tempestività al fine di sventare situazioni pericolose e di furto.


Completano il profilo la capacità di dialogo e lavoro in squadra e il rispetto delle procedure, le disposizioni e le gerarchie aziendali.

 **Responsabilità principali:**

* Monitoraggio dei Software gestionali e analisi degli allarmi
* Gestione della presunta intrusione nel rispetto delle procedure aziendali
* Attivazione, ove necessario, del servizio del piantonamento
* Gestione delle varie fasi di verifica fisica sul sito
* Aggiornamento intervento
* Aggiornamento dei vari stakeholder
* Redazione documentale

**Requisiti:**
--------------

**Requisiti obbligatori**

* Decreto prefettizio in corso di validità
* Titoli autorizzativi e porto d’armi conformi al TULPS
* Patente di guida categoria B
* Disponibilità al lavoro su turni h24 (ciclo 6\+1\+1\)

 **Requisiti preferenziali**

* Conoscenza e utilizzo di software dedicati alla sicurezza/vigilanza (DUNIA, SICEP)
* Esperienza nella gestione di sistemi di allarme e videosorveglianza
* Esperienza pregressa in servizi di pattugliamento
* Esperienza pregressa presso una Centrale Operativa
* Buone competenze informatiche di base

 **Soft Skills:**

* Affidabilità operativa (puntualità, rispetto procedure, qualità della reportistica)
* Capacità di gestione dello stress e delle emergenze
* Spirito di osservazione e Problem solving

**Titolo di studi:**


Diploma di scuola superiore, preferibilmente ad indirizzo tecnico

**Altre informazioni:**
-----------------------

Sede di lavoro: RM


Orario Full Time su **Turnazione h24 su ciclo 6\+1\+1** (inclusi notturni e festivi)


Contratto a Tempo Determinato o a tempo Indeterminato in base all’esperienza del candidato/a.


Livello di inquadramento: V\-III CCNL Vigilanza privata e Servizi Fiduciari, in funzione delle competenze tecniche maturate e livello di esperienza.","","https://it.indeed.com/cmp/Netwk","","","","","","","","","","","","","selezione personale"
"in-556d5a3970ead51d","indeed","https://it.indeed.com/viewjob?jk=556d5a3970ead51d","https://zinrec.intervieweb.it/annunci.php?l=sap-vim-consultant-145753&lang=it&d=indeed&LAC=manuelbregolin","SAP VIM Consultant","NETwk","Roma, LAZ, IT","2026-08-13","fulltime","","","","","",True,"","","","","Siamo un'azienda italiana operante nella ricerca e selezione del personale che si occupa di soddisfare le necessità dei clienti offrendo servizi personalizzati.

  

  

**Posizione:**
--------------

Ricerchiamo un **Consulente SAP VIM** con esperienza di livello middle per un progetto in ambito consulenza. La risorsa sarà coinvolta in attività di implementazione e supporto del modulo SAP VIM, contribuendo all’ottimizzazione dei processi di gestione delle fatture elettroniche e documenti digitali.

 **Principali attività**

* Implementazione e configurazione del modulo SAP VIM
* Supporto alle attività di integrazione con i moduli SAP FI e AP
* Gestione dei processi di fatturazione elettronica e documenti digitali (E\-Document)
* Collaborazione con il team di progetto per l’analisi funzionale e tecnica
* Supporto agli utenti finali e predisposizione della documentazione tecnica

**Requisiti:**
--------------

**Competenze Primarie**

* Esperienza consolidata su SAP VIM

**Competenze Secondarie**

* Conoscenza di SAP FI e SAP AP
* Esperienza in Fatturazione Elettronica
* Familiarità con E\-Document

**Lingue Richieste**

* Italiano

**Altre informazioni:**
-----------------------

**Tipologia di ingaggio:**

* Modalità di lavoro: Full Remote
* Durata: Dal 29/06/2026 – a progetto
* Impegno: Fulltime","","https://it.indeed.com/cmp/Netwk","","","","","","","","","","","","","selezione personale"
"in-db9ae38b07e31bf3","indeed","https://it.indeed.com/viewjob?jk=db9ae38b07e31bf3","https://zinrec.intervieweb.it/annunci.php?l=expert-business-associate-fluent-in-english-and-italian-145729&lang=it&d=indeed&LAC=manuelbregolin","Expert business associate fluent in English and Italian","NETwk","Roma, LAZ, IT","2026-08-13","","","","","","",False,"","","","","Siamo un'azienda italiana operante nella ricerca e selezione del personale che si occupa di soddisfare le necessità dei clienti offrendo servizi personalizzati.

  

  

**Posizione:**
--------------

Azienda cliente è alla ricerca di una persona dinamica e motivata, con buona esperienza in marketing internazionale che si unisca al loro team.

  

Responsabilità del ruolo:

* Supporto e coordinamento del team di vendite e al CEO nella gestione dei contatti con clienti inbound/outbound e gestione delle informazioni mediante Excel avanzato e database relazionale
* Analisi dati e creazione di report a supporto delle varie funzioni aziendali
* Redazione documenti di vendita e prima nota

**Requisiti:**
--------------

Requisiti:

* Ottima padronanza di italiano e inglese, molto gradita conoscenza della lingua francese e/o spagnola
* Utilizzo evoluto del pacchetto Office, Excel in particolare
* Ottime capacità organizzative, comunicative e di collaborazione in team
* Buone capacità di analisi di dati
* Molto apprezzata la dimestichezza con social media e software multimediale","","https://it.indeed.com/cmp/Netwk","","","","","","","","","","","","","selezione personale"
"in-47e362c5d72256c7","indeed","https://it.indeed.com/viewjob?jk=47e362c5d72256c7","https://emp.jobylon.com/jobs/374435-save-the-children-italia-corporate-partnerships-specialist/","CORPORATE PARTNERSHIPS SPECIALIST","Save the Children","Roma, LAZ, IT","2026-08-18","","","","","","",True,"","","","","**Termine per la candidatura:** 30 Agosto 2026 Rome Ibrido
  
  

POSIZIONE \- Corporate Partnerships Specialist
  
DIREZIONE \- Fundraising, Marketing \& Brand
  
AREA ORGANIZZATIVA \- Corporate Partnerships Growth
  
SEDE DI LAVORO \- Roma
  
LINE MANAGER \- Corporate Partnerships Growth Lead
  
CCNL APPLICATO \- CCNL Terziario – ConfCommercio
  
DURATA CONTRATTO \- Tempo Determinato
  
RANGE RETRIBUTIVO \- € 31\.000 – 36\.000
  
LIVELLO SAFEGUARDING \- 1
  
  

Save the Children ha come priorità il benessere del proprio staff. Promuoviamo percorsi di formazione per favorire un ambiente di lavoro innovativo e dinamico; sosteniamo la salute delle nostre persone attraverso iniziative di prevenzione; incentiviamo il work\-life balance e il sostegno concreto attraverso una policy di smart working distintiva, flessibilità oraria, permessi speciali per i genitori, strumenti di welfare aziendale, credito welfare annuale e ticket restaurant. Inoltre, la nostra Organizzazione garantisce pari opportunità, valorizza le diversità, favorisce un contesto lavorativo equo, inclusivo e rispettoso.
  
  

LA POSIZIONE
  
  

SC Italia è un’organizzazione che si auto\-finanzia. L’89% dei fondi raccolti derivano da donazioni da privati ovvero singoli individui, aziende e fondazioni. Oltre il 10% dei fondi privati sono donazioni da aziende. Uno degli obiettivi della strategia 25\-30 è aumentare le entrate dalle attività ad alto ROI, in quest’ottica la fidelizzazione delle aziende partner riveste grande importanza, rappresentando un key driver per il raggiungimento dei KPI della strategia.
  
  

Il/La Corporate Partnerships Specialist contribuisce al conseguimento degli obiettivi economici e strategici dell’area Corporate Partnerships e, nello specifico, del Corporate Partnerships Growth, attraverso la gestione di un portfolio di aziende donors in ottica di fidelizzazione e crescita. Grazie al proprio lavoro, il/la Corporate Partnerships Specialist lavora alla costruzione di partnership strategiche nell’intento di creare una solida relazione tra il contributo dei Partner e la mission dell’Organizzazione, nel raggiungimento degli obiettivi SDGs.
  
  

PRINCIPALI ATTIVITA’/RESPONSABILITA’
  
  

In coordinamento con il Corporate Partnerships Growth Lead, sviluppa una strategia per ampliare ed accrescere la collaborazione con le aziende del proprio portfolio e raggiungere una posizione leader nel mercato di riferimento, immaginando e mettendo in atto partnership strategiche, innovative e vincenti;
  
Focalizza il suo impegno sulla crescita e sviluppo delle partnership strategiche ed è responsabile delle partnership assegnate;
  
È focal point di area per lo sviluppo di partnership ritenute più strategiche e rilevanti al fine di accrescere e consolidare la relazione esistente;
  
Contribuisce a fissare e monitorare il budget di raccolta e di spesa, dando i giusti segnali in caso di necessità;
  
Collabora con gli altri membri di Save the Children al fine di implementare e/o sviluppare partnership internazionali e multimercato;
  
Contribuisce all’allargamento del network dell’organizzazione identificando nuove opportunità connesse alla rete di contatti esistenti e facilita l’identificazione di nuovi contatti e potenziali partner in collaborazione con tutte le altre aree del Dipartimento Corporate;
  
Gestisce le relazioni con le varie aree organizzative coinvolte sulle partnership del portfolio assegnato (Programmi Nazionali e Internazionali, Comunicazione, Media, Finance, Advocacy, Risorse Umane, Procurement \& Supply Chain, ecc..);
  
Massimizza la raccolta fondi attraverso il rafforzamento degli attuali strumenti, attività ed approcci e sviluppa e sperimenta nuovi metodi per cogliere nuove opportunità di supporto all’Organizzazione;
  
Guida tavoli di lavoro trasversali al dipartimento corporate andando a coinvolgere altri dipartimenti della direzione marketing e/o altre direzioni (programmi, comunicazione, advocacy, ricerche scientifiche) al fine di favorire il raggiungimento degli obiettivi strategici dell’Organizzazione;
  
Sviluppa proposte di finanziamento, report dei progetti finanziati, schede progetto e tutti i materiali utili (presentazioni, documenti word, raccolta foto, storytelling, video, relazioni con fornitori, etc.), nonché la raccolta di dati, foto, storie dei programmi in portfolio corporate;
  
Supporta l’implementazione del database interno CRM per l’area interessata, attraverso l’inserimento e il mantenimento dei dati per lo sviluppo delle partnerships esistenti e per l’analisi dell’andamento delle relazioni esistenti;
  
Contribuisce nell’organizzazione di attività di comunicazione, PR ed eventi legate alle singole partnerships;
  
Svolge missioni nazionali ed internazionali sul Field con il Partner coinvolto, nell’intento di condividere il valore e l’unicità del progetto sostenuto e l’impatto creato attraverso la partnership.
  
  

ESPERIENZE E QUALIFICHE
  
  

Esperienza di 5 anni in area Corporate Partnerships e/o High Value Donors, preferibilmente in una realtà no\-profit, oppure nell’area marketing/relazioni esterne/Corporate Social Responsability nel profit;
  
Laurea;
  
Esperienza consolidata di Project management;
  
Ottima capacità di analisi del mercato di riferimento e dei suoi trend di sviluppo e crescita;
  
Comprovata esperienza nel budgeting;
  
Ottima conoscenza della lingua inglese scritta e parlata.
  
  

SOFT SKILLS
  
  

Teamworking e forte spirito di collaborazione;
  
Capacità di gestione di progetti complessi legati ad obiettivi economici, in contesti strutturati e competitivi;
  
Orientamento al risultato;
  
Ottime competenze organizzative, di prioritizzazione e rispetto delle scadenze;
  
Capacità di negoziazione;
  
Buona abilità a pensare in maniera creativa e ad adottare un approccio proattivo per sviluppare il business e identificare nuove opportunità di crescita delle partnership;
  
**Buone capacità di comunicazione scritta e verbale:** in particolare, esperienza nel public speaking, nella conduzione di meeting e scrittura di report.
  
  

ALTRO
  
  

Disponibilità a trasferte nazionali e internazionali.
  
Condivisione della mission e dei principi di Save the Children.
  
  

SAFEGUARDING
  
  

Save the Children vuole essere un’organizzazione sicura per le persone, minori e adulte, che partecipano nei propri programmi. Tutti coloro che collaborano a qualunque titolo con Save the Children devono essere resi pienamente consapevoli dell’esistenza di rischi di abuso, violenza, maltrattamento e sfruttamento in loro danno. Save the Children intende fare tutto quanto sia in suo potere per prevenire, segnalare e rispondere a tali rischi. Il personale di Save the Children, il personale di organizzazioni Partner, i loro rappresentanti dovranno sempre dimostrare i più alti standard di comportamento nei loro confronti, così come indicato nella Safeguarding Policy\_La Policy per la tutela delle persone che partecipano alle nostre attività (https://www.savethechildren.it/cosa\-facciamo/pubblicazioni/safeguarding\-policy). Tali standard si applicano sia alla vita privata che a quella professionale del personale e di chiunque rappresenti l’Organizzazione.
  
  

LE PERSONE AL CENTRO
  
Lavorare per una missione come quella di Save the Children è importante.
  
  

Crediamo che un’Organizzazione fatta di persone che stanno bene e che hanno passione per il proprio lavoro, è un’Organizzazione innovativa, coesa, agile ed efficiente, che riesce quindi ad essere efficace nel perseguimento dei suoi obiettivi. Per questo cerchiamo sempre di mettere al centro le nostre persone, preservarne il benessere e la motivazione, e valorizzarne le competenze.
  
  

Work\-life balance
  
  

Piano Welfare \& Wellbeing
  
  

Onboarding strutturato
  
  

Apprendimento continuo
  
  

Innovazione
  
  

Divertimento e socialità
  
  

Save the Children è la più importante organizzazione internazionale indipendente che da oltre 100 anni lotta per salvare le bambine e i bambini a rischio e garantire loro un futuro.
  
  

Ogni giorno mettiamo in campo le nostre diverse professionalità, in Italia e nel resto del mondo, per dare alle bambine e ai bambini l'opportunità di nascere e crescere sani, ricevere un'educazione ed essere protetti.
  
  

Entrando a far parte di Save the Children il tuo talento, le tue competenze e la tua esperienza sosterranno la nostra missione.
  
  

Trasparenza
  
Siamo personalmente responsabili nell’utilizzare le nostre risorse in modo efficiente e adottiamo il massimo livello di trasparenza nei confronti dei donatori, dei partner e, più di ogni altro, dei bambini.
  
  

Ambizione
  
Siamo esigenti con noi stessi e con i nostri colleghi, stabiliamo obiettivi ambiziosi e ci impegniamo per migliorare la qualità di tutto ciò che facciamo per i bambini.
  
  

Collaborazione
  
Perseguiamo il rispetto reciproco, valorizziamo le diversità, e lavoriamo con i partner, unendo le forze a livello globale, per migliorare la vita dei bambini.
  
  

Creatività
  
Siamo aperti a nuove idee, ci adoperiamo per il cambiamento, e siamo pronti ad assumerci rischi per sviluppare soluzioni sostenibili per e con i bambini.
  
  

Integrità
  
Lavoriamo aspirando sempre al massimo livello di onestà morale e comportamentale; non compromettiamo mai la nostra reputazione e agiamo sempre nel superiore interesse dei bambini.
  
  

Giulia Cataldo","Organization","https://it.indeed.com/cmp/Save-the-Children","https://d2q79iu7y748jz.cloudfront.net/s/_squarelogo/256x256/74151be2d4fa8b30d01857b50edba38f","https://www.savethechildren.de/","Seesenerstr. 10-13
10709 Berlin
Deutschland","201 to 500","$500M to $1B (USD)","","","","","","","","responsabile risorse umane"
