"id","site","job_url","job_url_direct","title","company","location","date_posted","job_type","salary_source","interval","min_amount","max_amount","currency","is_remote","job_level","job_function","listing_type","emails","description","company_industry","company_url","company_logo","company_url_direct","company_addresses","company_num_employees","company_revenue","company_description","skills","experience_range","company_rating","company_reviews_count","vacancy_count","work_from_home_type","search_term"
"in-3244a25f0e930334","indeed","https://it.indeed.com/viewjob?jk=3244a25f0e930334","https://grnh.se/j4xd9vdi1us","Senior Solutions Consultant","Appian","Roma, LAZ, IT","2026-09-10","","","","","","",True,"","","","ReasonableAccommodations@appian.com","Here at Appian, our values of **Intensity** and **Excellence** define who we are. We set high standards and live up to them, ensuring that everything we do is done with care and quality. We approach every challenge with ambition and commitment, holding ourselves and each other accountable to achieve the best results. When you join Appian, you'll be part of a passionate team dedicated to accomplishing hard things, together.

### **About the Team**



The Appian Solutions Consulting team bridges the gap between complex business challenges and cutting\-edge technology. We work hand\-in\-hand with the sales organization to demonstrate how Appian's platform delivers **AI\-Powered Process Automation** and orchestrates critical enterprise workflows. Our mission is to win the trust of technical and business stakeholders alike under our **SC 2\.0** operating model, proving Appian's undisputed value in competitive enterprise market scenarios.



PLEASE NOTE: For this role you must fluent with Italian and English.


### **The Opportunity**



As a Senior Solutions Consultant, you have a unique opportunity to combine technical creativity with high\-level business acumen. You won't just demo software; you will architect bespoke Proof of Concepts (**POCs**) that solve the absolute biggest operational hurdles faced by Fortune 500 companies. This role gives you a direct hand in securing high\-value enterprise deals, working closely with C\-level executives, mentoring junior team members, and acting as a vital feedback loop to our core Product Management teams within our **Enterprise\-Grade Orchestration** ecosystem.


### **What You'll Do**


* **Lead Technical Strategy:** Partner directly with Account Executives to achieve defined regional sales goals and drive the technical strategy for high\-value target accounts.
* **Architect Custom Solutions:** Lead the scoping, design, and delivery of high\-quality, custom technical Proof of Concepts (**POCs**) and Proof of Values (**POVs**) for prospective enterprise customers.
* **Engage Executive Buyers:** Present complex technical and business architectures confidently to a C\-level audience, effectively positioning Appian's Enterprise\-Grade Orchestration capabilities.
* **Own Technical Validation:** Drive technical responses and functional strategy for **RFPs**, **RFIs**, and detailed client proposals, handling complex technical objections with credibility.
* **Influence the Product Roadmap:** Collaborate cross\-functionally with Product Management to convey real\-world customer requirements and help shape the future software roadmap.
* **Scale the Organization:** Contribute reusable assets—including architectural blueprints, frameworks, and customer stories—while mentoring associate SCs to scale best practices.

### **Required Qualifications**


* **Education:** Minimum of a Bachelor's degree in Computer Science, Engineering, Information Technology, Information Systems, Business Information Technology, or a closely related technical or business field.
* **Experience:** 5\+ years of experience as a Solutions Consultant, Pre\-Sales Engineer, Solution Architect, Technical Consultant, Enterprise Architect, or client\-facing Professional Services consultant involved in enterprise software sales scenarios.
* **Technical Fluency:** Strong technical fluency in enterprise application architecture, **REST APIs**, databases, **SQL**, integrations, cloud environments, or modern development languages.
* **Execution:** Proven success delivering technical demonstrations, custom prototypes, or POCs/POVs for enterprise customers alongside a mastered ability to execute deep technical discovery and requirements analysis.
* **Travel:** Ability to travel to customer locations and field events as required by the assigned region or market, up to 30%–70% travel.

### **Preferred Qualifications**


* Experience designing solution architectures for highly regulated industries (e.g., Financial Services, Insurance, Life Sciences, or Public Sector).
* Familiarity with production environments, including application servers, web servers, AI\-enabled automation, or case management frameworks.
* We value experience with enterprise platforms such as **Salesforce** or **ServiceNow**, as these skills translate well into our **Enterprise\-Grade Orchestration** environment.


\#SaaS \#PreSales \#SolutionsArchitect \#SolutionsConsulting \#EnterpriseSoftware

**Tools and Resources**


* Training and Development: During onboarding, we focus on equipping new hires with the skills and knowledge for success through department\-specific training. Continuous learning is a central focus at Appian, with dedicated mentorship and the First\-Friend program being widely utilized resources for new hires.
* Growth Opportunities: Appian provides a diverse array of growth and development opportunities, including our leadership program tailored for new and aspiring managers, a comprehensive library of specialized department training through Appian University, skills based training, and tuition reimbursement for those aiming to advance their education. This commitment ensures that employees have access to a holistic range of development opportunities.
* Community: We'll immerse you into our community rooted in respect starting on day one. Appian fosters inclusivity through our 8 employee\-led affinity groups. These groups help employees build stronger internal and external networks by planning social, educational, and outreach activities to connect with Appianites and larger initiatives throughout the company.


**Benefits**



Appian offers a comprehensive benefits package designed to support your health, wellbeing, and financial future. Benefits may include health coverage, Employee Assistance Program (EAP) with free mental health support, life and disability insurance, an Employee Stock Purchase Program (ESPP), a retirement/pension plan, wellness dollars, tuition reimbursement, family\-forming benefits and more. Benefits vary by country—please ask your Talent Acquisition contact for details specific to the location you are applying to.


**About Appian**



Appian provides AI automation for mission\-critical work. We automate complex processes in large enterprises and governments. Our platform is known for its unique reliability and scale. We've been automating processes for more than 25 years and understand enterprise operations like no one else. For more information, visit appian.com. \[Nasdaq: APPN]



Follow Appian: LinkedIn, Youtube, Instagram, Facebook


*Appian is an equal opportunity employer that strives to attract and retain the best talent. All qualified applicants will receive consideration for employment without regard to any characteristic protected by applicable federal, state, or local law.*


*Appian provides reasonable accommodations to applicants in accordance with all applicable laws. If you need a reasonable accommodation for any part of the employment process, please contact us by email at* *ReasonableAccommodations@appian.com**. Please note that only inquiries concerning a request for reasonable accommodation will be responded to from this email address.*


*Appian's Applicant \& Candidate Privacy Notice*","","https://it.indeed.com/cmp/Appian-8","https://d2q79iu7y748jz.cloudfront.net/s/_squarelogo/256x256/7d5a34cc47ca3cfa015232184c2140da","http://www.appian.com","McLean, VA","1,001 to 5,000","$100M to $500M (USD)","Appian provides a low-code development platform that accelerates the creation of high-impact business applications.","","","","","","","talent acquisition"
"in-68de2db37719c364","indeed","https://it.indeed.com/viewjob?jk=68de2db37719c364","https://libra.tuolavoro.com/jobs/8349990-junior-talent-acquisition-per-tecnologie-di-filtrazione-e-gestione-dell-acqua","Junior Talent Acquisition per tecnologie di filtrazione e gestione dell'acqua","F&F","Tivoli, LAZ, IT","2026-09-09","fulltime","","","","","",False,"","","","","Azienda attiva nel settore delle tecnologie per la filtrazione e gestione dell'acqua cerca Junior Talent Acquisition per supportare le attività operative della struttura.


Attività Previste:

* Supportare il recruiter nella ricerca e selezione di candidati
* Gestire e aggiornare database candidati
* Pubblicare annunci di lavoro su piattaforme dedicate
* Organizzare e partecipare a eventi di recruiting
* Contribuire alle attività di onboarding dei nuovi assunti


Requisiti:

* Laurea in Psicologia del lavoro o discipline affini
* Buone capacità di comunicazione e relazionali
* Conoscenza del mercato del lavoro e delle tecniche di recruiting
* Proattività e orientamento ai risultati
* Capacità di lavorare in team e gestire diversi progetti contemporaneamente


Offerta

* Proposta contrattuale full time a tempo determinato
* Valutazione di profili con breve o prima esperienza lavorativa
* Ambiente di lavoro condiviso e orientato al supporto reciproco
* Presenza di un riferimento interno per le attività assegnate
* Valutazione aperta a candidati con formazione scolastica di base
* Avvio delle attività con guida interna durante le prime giornate","","https://it.indeed.com/cmp/F&F","https://d2q79iu7y748jz.cloudfront.net/s/_squarelogo/256x256/aecbde056bf4e9ee530cdb4e9ddee06c","http://www.fnf.co.kr","Seoul","51 to 200","","","","","","","","","talent acquisition"
"in-1d64430ac1a3f28e","indeed","https://it.indeed.com/viewjob?jk=1d64430ac1a3f28e","https://jobs.smartrecruiters.com/AbbVie/3743990015139075-business-hr-commercial-associate-manager","Business HR Commercial Associate Manager","AbbVie","Roma, LAZ, IT","2026-09-09","fulltime","","","","","",False,"","","","","**Company Description** **About AbbVie**


AbbVie's mission is to discover and deliver innovative medicines and solutions that solve serious health issues today and address the medical challenges of tomorrow. We strive to have a remarkable impact on people's lives across several key therapeutic areas including immunology, oncology and neuroscience \- and products and services in our Allergan Aesthetics portfolio. For more information about AbbVie, please visit us at www.abbvie.com. Follow @abbvie on LinkedIn, Facebook, Instagram, X and YouTube.

 **Job Description**  

For our Italian Commercial Office in Rome, we are looking for a talented **Business HR Commercial Associate Manager** to join our team, reporting directly to the BHR Commercial Manager.


The Business HR Associate Manager is a senior and autonomous HR professional able to guide and support the business with a large and diverse workforce. The role requires solid HR knowledge across all major disciplines, a comprehensive business understanding, and the ability to independently address complex employee relations and business challenges. Acting as a trusted advisor and credible partner, this position provides practical, evidence\-based solutions and sound guidance to business leaders in areas of scope.

**Key Responsibilities:**

* Serve as the primary HR point of contact for employees and business leaders, delivering day\-to\-day support and reliable advice across all HR related topics in areas of responsibility, in alignment with the HR Manager
* Collaborate closely with Talent Acquisition and Talent Management, actively supporting hiring forecasts, skills planning, onboarding, performance reviews, and development initiatives
* Autonomous in managing relations with Unions and all conflicts and disciplinary cases, including grievances, labor disputes, dismissals, contestations, and sensitive terminations in partnership with IR Manager and HR Manager
* Advice on compensation, rewards, organization design, and personnel matters, ensuring compliance and business alignment
* Guide managers and mentor junior HR staff in handling complex HR issues and difficult conversations, fostering a culture of accountability and growth
* Coordinate local engagement programs, HR transformation, Employees survey, action plans and focus groups, and change management initiatives to promote a positive and inclusive work environment
* Management of employment relationships (dismissals, implementation of union agreements, contacting employees to explain union agreements, requests for early severance pay, day by day admin requests etc.)
* Oversee contractors and temporary workforce coordination, agency relationships, contracts, and compliance
* Prepare, analyze, and share HR data (KPIs, dashboards, reporting), partnering with IT and business teams to enable informed decision\-making
* Manage HR systems, assuring compliance with the law
* Support, advise, and present in business meetings, contribute to planning cycles, KPI reviews, and organizational updates
* Contributes to European and cross\-functional projects, working with a good level of autonomy and seeking support when needed

  

**Qualifications**  

* Minimum of 5\- 6 years of experience in structured, multinational companies operating in the pharmaceutical sector, with proven expertise in HR Management, Italian Labor Law, Conflicts Management and critical cases
* University degree
* Good computer skills and proficiency with Office Suite
* Proficient oral and written English language skills

  

**Additional Information**  

Your total reward package at AbbVie will be made up of multiple components, including compensation, well\-being and benefits.  

In this role, you will receive base pay and annual short term incentive subject to AbbVie's global policy. You will also receive a number of benefits including life assurance, medical plan, flexible benefits, etc.


Full details of our comprehensive package will be shared during the recruitment process.


The national collective bargaining agreement applicable to this position is B011 – CCNL Chemical\-Pharmaceuticals Industry.


AbbVie is an equal opportunity employer and is committed to operating with integrity, driving innovation, transforming lives and serving our community. Equal Opportunity Employer/Veterans/Disabled.


US \& Puerto Rico only \- to learn more, visit https://www.abbvie.com/join\-us/equal\-employment\-opportunity\-employer.html


US \& Puerto Rico applicants seeking a reasonable accommodation, click here to learn more:


https://www.abbvie.com/join\-us/reasonable\-accommodations.html","Pharmaceuticals","https://it.indeed.com/cmp/Abbvie","https://d2q79iu7y748jz.cloudfront.net/s/_squarelogo/256x256/140bdbe2ba6f25c02e0f44c4c42f72bb","https://www.abbvie.com","1 N. Waukegan Road
North Chicago, Illinois 60064","10,000+","more than $10B (USD)","","","","","","","","talent acquisition"
"in-ee6f0ca16e10c7a9","indeed","https://it.indeed.com/viewjob?jk=ee6f0ca16e10c7a9","https://harri.com/Zuma-Rome-2/job/2811749-barback?utm_source=indeed&utm_medium=listing&utm_content=foh-roma-zuma-rome-english-september102026&utm_campaign=indeed-foh","Barback - Categorie Protette (L. 68/99), Part-time","Zuma","Roma, LAZ, IT","2026-09-08","parttime","","","","","",False,"","","","","**Unisciti a Zuma**  

  

**Barback , Categorie Protette (L. 68/99\), Part\-time**


Il vero ingrediente segreto sono le persone.


Zuma è nata da una passione profonda e quasi ossessiva per la cucina giapponese e dalla volontà di interpretarla in modo diverso. ancora oggi portiamo avanti la stessa energia.


siamo alla ricerca di un/una **Barback appartenente alle Categorie Protette (L. 68/99\)** da inserire nel nostro team di Roma con un contratto **part\-time**: una persona capace di portare questa energia in ogni servizio, orgogliosa del proprio lavoro e attenta a contribuire all’atmosfera che rende Zuma così riconoscibile.


sono le nostre persone a fare davvero la differenza e a rendere Zuma ciò che è, ovunque nel mondo.

  

**Cosa farai**


* supportare le consegne di magazzino e spostare le forniture tra le diverse aree in base alle necessità.
* assicurarti che il bar sia sempre rifornito di liquori, birra e di tutto il necessario per garantire un servizio fluido ed efficiente.
* mantenere il bar pulito e ordinato, assicurandoti che rispetti gli standard di igiene, salute e sicurezza.
* rifornire regolarmente i contenitori del ghiaccio e garantire una disponibilità costante di bicchieri puliti, soprattutto nei momenti di maggiore affluenza.
* dare supporto nella preparazione e nel servizio delle bevande, anticipando le esigenze del team del bar e contribuendo a mantenere il servizio efficiente.

  

**cosa cerchiamo:**


* passione per l’ospitalità
* esperienza precedente di lavoro in un bar preferibile, ma non indispensabile.
* spirito di squadra, flessibilità e attitudine collaborativa
* un approccio positivo, orientato all’ospite, capace di creare esperienze memorabili
* **appartenenza alle categorie protette (L.68/99\)**
  

**cosa offriamo:**


* un ambiente elegante, stimolante e internazionale
* formazione continua, pensata per accompagnare la tua crescita personale
* un team dinamico, accogliente e sempre disponibile
* contratto part\-time con condizioni contrattuali competitive

se pensi che questa possa essere la tua occasione, inviaci il tuo CV!  

unisciti alla famiglia Zuma – dove la qualità incontra l’energia!  

  



**Chi è Azumi**


Azumi è il gruppo internazionale di hospitality che ha dato vita a Zuma, ROKA, Oblix, INKO NITO ed ETARU, con ristoranti presenti in alcune delle città e destinazioni più dinamiche e affascinanti del mondo.


**Il nostro impegno per l’inclusività**


Siamo un datore di lavoro che garantisce pari opportunità e accoglie persone di ogni background.


Se c’è qualcosa che possiamo fare per rendere il processo di selezione più semplice e accessibile per te, faccelo sapere: il nostro team Talent Acquisition è a tua disposizione.  

  



Lo stipendio annuo lordo previsto per questa posizione è di 13\.195 €


INDFOH","Food And Beverages","https://it.indeed.com/cmp/Zuma-8","https://d2q79iu7y748jz.cloudfront.net/s/_squarelogo/256x256/438c5be405a58dcf14b478512cbd84ea","https://www.zumarestaurant.com/","5 Raphael St, Knightsbridge, London SW7 1DL","1,001 to 5,000","","","","","","","","","talent acquisition"
"in-da6982028f43ffbd","indeed","https://it.indeed.com/viewjob?jk=da6982028f43ffbd","https://harri.com/Zuma-Rome-2/job/2811635-commis-chef?utm_source=indeed&utm_medium=listing&utm_content=boh-roma-zuma-rome-english-september102026&utm_campaign=indeed-boh","Commis di Cucina– Categorie Protette L.68/99 Part Time","Zuma","Roma, LAZ, IT","2026-09-08","parttime","","","","","",False,"","","","","**Unisciti a Zuma**  

  

**Commis di Cucina, Roma, Categorie Protette (L. 68/99\), Part\-time**


Il vero ingrediente segreto sono le persone.


Zuma è nata da una passione profonda e quasi ossessiva per la cucina giapponese e dalla volontà di interpretarla in modo diverso. ancora oggi portiamo avanti la stessa energia.


siamo alla ricerca di un/una **Commis di Cucina appartenente alle Categorie Protette (L. 68/99\)** da inserire nel nostro team di Roma con un contratto **part\-time**: una persona capace di portare questa energia in ogni servizio, orgogliosa del proprio lavoro e attenta a contribuire all’atmosfera che rende Zuma così riconoscibile.




sono le nostre persone a fare davvero la differenza e a rendere Zuma ciò che è, ovunque nel mondo.

 **cosa cerchiamo:**

* passione per l’ospitalità o per la cucina di alto livello
* spirito di squadra, flessibilità e attitudine collaborativa
* un approccio positivo, orientato all’ospite, capace di creare esperienze memorabili
* **appartenenza alle categorie protette (L.68/99\)**

**cosa offriamo:**

* un ambiente elegante, stimolante e internazionale
* formazione continua, pensata per accompagnare la tua crescita personale
* un team dinamico, accogliente e sempre disponibile
* contratto part\-time con condizioni contrattuali competitive


se pensi che questa possa essere la tua occasione, inviaci il tuo CV!  

unisciti alla famiglia Zuma – dove la qualità incontra l’energia!

 **Chi è Azumi**


Azumi è il gruppo internazionale di hospitality che ha dato vita a Zuma, ROKA, Oblix, INKO NITO ed ETARU, con ristoranti presenti in alcune delle città e destinazioni più dinamiche e affascinanti del mondo.

**Il nostro impegno per l’inclusività**


Siamo un datore di lavoro che garantisce pari opportunità e accoglie persone di ogni background.


Se c’è qualcosa che possiamo fare per rendere il processo di selezione più semplice e accessibile per te, faccelo sapere: il nostro team Talent Acquisition è a tua disposizione.

  

Lo stipendio annuo lordo previsto per questa posizione è di 13\.195 €  

  

  



INDBOH","Food And Beverages","https://it.indeed.com/cmp/Zuma-8","https://d2q79iu7y748jz.cloudfront.net/s/_squarelogo/256x256/438c5be405a58dcf14b478512cbd84ea","https://www.zumarestaurant.com/","5 Raphael St, Knightsbridge, London SW7 1DL","1,001 to 5,000","","","","","","","","","talent acquisition"
"in-73441d897faed2f5","indeed","https://it.indeed.com/viewjob?jk=73441d897faed2f5","https://www.jobs.abbott/us/en/job/ABLAUS31161089ENUSEXTERNAL/Talent-Acquisition-Specialist-Maternity-Cover-Italy?utm_source=indeed&utm_medium=phenom-feeds","Talent Acquisition Specialist (Maternity Cover) Italy","Abbott","Roma, LAZ, IT","2026-09-07","fulltime","","","","","",False,"","","","","Bring Your Talent Expertise to Abbott


At Abbott, we are committed to helping people live healthier lives through breakthrough science and innovative healthcare solutions. As a global healthcare leader, we create opportunities for our employees to grow, develop, and make a meaningful impact.


We are looking for a **Talent Acquisition Specialist** to join our **Corporate Talent Acquisition team in Italy** on a maternity cover contract.


In this role, you will partner with hiring managers and HR colleagues to attract, engage, and hire exceptional talent across a variety of business functions. This is an exciting opportunity for someone who thrives in a dynamic environment, enjoys building strong relationships, and is passionate about delivering an outstanding candidate experience.

**What You'll Do**
------------------

* Partner with hiring managers to understand hiring needs and develop effective recruitment strategies.
* Manage the full recruitment lifecycle from sourcing through offer acceptance.
* Develop and execute sourcing strategies using LinkedIn Recruiter, job boards, referrals, networking, and other talent channels.
* Screen and assess candidates, identifying the best talent for current and future business needs.
* Guide hiring managers through the recruitment process, providing market insights and recruitment expertise.
* Coordinate and manage interview processes while ensuring a seamless candidate experience.
* Build strong partnerships with HR colleagues \& hiring managers
* Maintain accurate recruitment records and ensure compliance with company policies and local employment regulations.
* Monitor recruitment metrics and identify opportunities to improve efficiency and hiring outcomes.
* Support employer branding, university engagement, networking activities, and recruitment events.
* Contribute to Talent Acquisition projects and continuous improvement initiatives.

**What We're Looking For**
--------------------------

### **Required Qualifications**

* Bachelor's degree in Human Resources, Business Administration, Psychology, or a related field.
* At least 2 years of experience in Talent Acquisition, Recruitment, or Executive Search, either in\-house or within an agency environment.
* Experience sourcing candidates through LinkedIn Recruiter and other digital sourcing platforms.
* Strong communication and stakeholder management skills.
* Ability to manage multiple priorities and recruitment processes simultaneously.
* Strong organizational skills and attention to detail.
* Professional approach to handling confidential information.
* Fluent Italian and English, both written and spoken.

### **Preferred Qualifications**

* Experience working with applicant tracking systems, preferably Workday.
* Experience recruiting across multiple business functions and levels.
* Strong direct sourcing and talent\-mapping capabilities.
* Experience working within a multinational or matrix organization.
* Exposure to healthcare, pharmaceutical, medical device, life sciences, or other highly regulated industries.
* Experience working with external recruitment agencies and suppliers.

**Why Abbott?**
---------------


At Abbott, you can build a rewarding career while helping create a healthier future for people around the world. We offer:

* Career development opportunities within a global healthcare leader.
* A collaborative and inclusive work environment.
* Exposure to a broad range of business functions and stakeholders.
* Opportunities to learn, develop, and grow professionally.
* A company recognized globally for its commitment to diversity, inclusion, and employee development.","","https://it.indeed.com/cmp/Abbott","https://d2q79iu7y748jz.cloudfront.net/s/_squarelogo/256x256/75bf1a6fa23927699207a21afa4f2b8d","http://www.abbott.com","Abbott Park, IL","10,000+","more than $10B (USD)","Abbott employees do work that matters as part of a global community dedicated to helping people live better and healthier with our life-changing technologies.","","","","","","","talent acquisition"
"li-4464505545","linkedin","https://www.linkedin.com/jobs/view/4464505545","","Tirocinante HR – Safety e Recruiting","T-Defence","","2026-09-10","","","","","","",False,"","","","","","","https://it.linkedin.com/company/t-defence","","","","","","","","","","","","","talent acquisition"
"li-4463040839","linkedin","https://www.linkedin.com/jobs/view/4463040839","","Stage | Employer Branding, Talent Attraction & Digital HR","Employerland","","2026-09-09","","","","","","",False,"","","","","","","https://it.linkedin.com/company/employerland","","","","","","","","","","","","","talent acquisition"
"li-4464469090","linkedin","https://www.linkedin.com/jobs/view/4464469090","","Junior Recruiter","EDISON SCHOOL | Lingue & Informatica","Latina, Latium, Italy","2026-09-08","","","","","","",False,"","","","","","","https://it.linkedin.com/company/edison-school","","","","","","","","","","","","","talent acquisition"
"li-4463522508","linkedin","https://www.linkedin.com/jobs/view/4463522508","","Talent Acquisition, Early Careers & Recruitment Events Manager - Italy","Marriott International","","2026-09-08","","","","","","",False,"","","","","","","https://www.linkedin.com/company/marriott-international","","","","","","","","","","","","","talent acquisition"
"li-4464629315","linkedin","https://www.linkedin.com/jobs/view/4464629315","","Recruiter – Corporate Internal Function – Tempo Determinato","BIP","Rome, Latium, Italy","2026-09-08","","","","","","",False,"","","","","","","https://it.linkedin.com/company/bip-global","","","","","","","","","","","","","talent acquisition"
"li-4462509402","linkedin","https://www.linkedin.com/jobs/view/4462509402","","Recruiting & Employer Branding Intern","Piemme S.p.A.","Rome, Latium, Italy","2026-09-08","","","","","","",False,"","","","","","","https://it.linkedin.com/company/piemme-s-p-a","","","","","","","","","","","","","talent acquisition"
"li-4464639689","linkedin","https://www.linkedin.com/jobs/view/4464639689","","HRBP Intern","Allianz Trade in Italia","Rome, Latium, Italy","2026-09-08","","","","","","",False,"","","","","","","https://it.linkedin.com/company/allianz-trade-italia","","","","","","","","","","","","","talent acquisition"
"li-4462955731","linkedin","https://www.linkedin.com/jobs/view/4462955731","","People Development/ Sviluppo Risorse Umane Specialist","Gruppo BCC Iccrea","Rome, Latium, Italy","2026-09-07","","","","","","",False,"","","","","","","https://it.linkedin.com/company/gruppobcciccrea","","","","","","","","","","","","","talent acquisition"
"li-4464344959","linkedin","https://www.linkedin.com/jobs/view/4464344959","","HR Consultant - Roma","Hays","Rome, Latium, Italy","2026-09-07","","","","","","",False,"","","","","","","https://uk.linkedin.com/company/hays","","","","","","","","","","","","","talent acquisition"
"li-4463691255","linkedin","https://www.linkedin.com/jobs/view/4463691255","","Talent Acquisition Specialist","Jet HR","Rome, Latium, Italy","2026-09-05","","","","","","",False,"","","","","","","https://it.linkedin.com/company/jethr","","","","","","","","","","","","","talent acquisition"
"li-4461987130","linkedin","https://www.linkedin.com/jobs/view/4461987130","","Addetto/a Risorse Umane","PILK SRL","Rome, Latium, Italy","2026-09-04","","","","","","",False,"","","","","","","https://it.linkedin.com/company/pilk-srl","","","","","","","","","","","","","talent acquisition"
"li-4463481623","linkedin","https://www.linkedin.com/jobs/view/4463481623","","CLIENT RECRUITMENT SPECIALIST OFF SITE","Gi Group","Rome, Latium, Italy","","","","","","","",False,"","","","","","","https://it.linkedin.com/company/gi-group","","","","","","","","","","","","","talent acquisition"
"li-4463492704","linkedin","https://www.linkedin.com/jobs/view/4463492704","","HR Business Partner Support Intern","Ayvens","Rome, Latium, Italy","","","","","","","",False,"","","","","","","https://www.linkedin.com/company/ayvens","","","","","","","","","","","","","talent acquisition"
"in-070846a220ef3691","indeed","https://it.indeed.com/viewjob?jk=070846a220ef3691","http://it.indeed.com/job/responsabile-ufficio-risorse-umane-070846a220ef3691","Responsabile ufficio risorse umane","HSK Facility","Roma, LAZ, IT","2026-09-10","fulltime","","","","","",True,"","","","","HSK Facility ricerca un/una Responsabile Ufficio Risorse Umane

**HSK Facility** fa parte di un **Gruppo composto da 5 società**, attivo nel settore **ristorativo e hospitality**, e ricerca un/una **Responsabile Ufficio Risorse Umane** da inserire all’interno della propria struttura.

La risorsa avrà un ruolo di responsabilità e sarà chiamata a **coordinare il team dell’Ufficio Risorse Umane**, assicurando la corretta gestione di tutti i principali processi di amministrazione del personale e fungendo da punto di riferimento per la Direzione e per i collaboratori.

Il ruolo richiede **autonomia, esperienza consolidata e capacità di coordinamento**, oltre a una solida conoscenza della normativa del lavoro e dei processi di payroll.

Principali responsabilità

La persona sarà responsabile di:

* Coordinare e supervisionare il **team dell’Ufficio Risorse Umane**;
* Gestire e supervisionare tutte le attività di **amministrazione del personale e payroll**;
* Coordinare le **elaborazioni delle buste paga**, con il supporto del consulente del lavoro esterno, verificandone la correttezza;
* Gestire le attività di **riconciliazione e verifica** dei dati relativi al personale e al costo del lavoro;
* Gestire l’intero ciclo amministrativo del rapporto di lavoro: **assunzioni, proroghe, trasformazioni, cessazioni e relative comunicazioni**;
* Gestire **malattie, ferie, permessi, assenze, infortuni** e tutte le attività connesse alla gestione del personale;
* Supervisionare la corretta gestione della documentazione e degli adempimenti amministrativi relativi ai dipendenti;
* Gestire le tematiche di carattere **giuslavoristico e legale**, avvalendosi del supporto dell’ufficio/studio legale esterno;
* Interfacciarsi con **consulenti del lavoro, studi professionali, ufficio legale esterno e altri interlocutori**;
* Fornire supporto alla Direzione nella gestione delle principali problematiche relative al personale;
* Garantire il rispetto della **normativa vigente, delle procedure aziendali e delle scadenze**;
* Contribuire all’ottimizzazione dei processi interni dell’area HR e alla crescita organizzativa del Gruppo.

Requisiti indispensabili

Il/la candidato/a ideale possiede:

* **Almeno 5 anni di esperienza in un ruolo di Responsabile HR / Responsabile Amministrazione del Personale**;
* Solida esperienza nella gestione di processi di **payroll e amministrazione del personale**;
* Buona conoscenza della **normativa del lavoro** e dei principali adempimenti connessi alla gestione dei rapporti di lavoro;
* Esperienza nella gestione di assunzioni, proroghe, trasformazioni, cessazioni, malattie, ferie, permessi e altre pratiche amministrative;
* **Percorso formativo in Giurisprudenza o in discipline umanistiche**;
* Esperienza nella gestione e nel **coordinamento di un team**;
* Ottime capacità organizzative, precisione e attenzione al dettaglio;
* Autonomia nella gestione delle attività e capacità di lavorare per priorità e scadenze;
* Buone capacità relazionali, comunicative e di problem solving;
* Elevata **riservatezza e affidabilità**, indispensabili per il ruolo.

Requisiti preferenziali

Costituirà titolo preferenziale:

* Aver maturato una precedente esperienza in **aziende del settore hospitality, ristorazione, hotellerie o servizi**;
* Aver lavorato in contesti caratterizzati da una **gestione strutturata di un numero significativo di dipendenti**;
* Aver maturato esperienza nella gestione di realtà organizzative composte da più società;
* Conoscenza dei principali **CCNL** Multiservizi e Turismo
* Conoscenze del gestionale **INAZ PAGHE**

Offerta:  
Contratto di lavoro a tempo indeterminato, full\-time.

Orario 9\.00\-18\.00 dal lunedì al Venerdì

Sede di lavoro: Prima Porta, con possibilità di smart working 1 volta a settimana

Retriuzione: 35\-40k

Retribuzione: €2\.000,00 \- €2\.500,00 al mese

Sede di lavoro: Di persona","","https://it.indeed.com/cmp/Hsk-Facility","","","","","","","","","","","","","recruiter"
"in-09c56a8a7c0db009","indeed","https://it.indeed.com/viewjob?jk=09c56a8a7c0db009","http://it.indeed.com/job/amministrativo-09c56a8a7c0db009","Amministrativo","progettare srl","Roma, LAZ, IT","2026-09-10","fulltime","","","","","",True,"","","","","Per importante società di servizi si ricerca una risorsa da inserire all’interno dell’area Risorse Umane. La figura affiancherà il responsabile di riferimento garantendo il corretto svolgimento delle attività operative quotidiane dell'ufficio e fornendo supporto negli aspetti amministrativi e giuridici legati alla gestione del personale, con particolare attenzione alle fasi più delicate del rapporto di lavoro.

**Mansioni Principali** In costante affiancamento al responsabile, la persona si occuperà della gestione delle problematiche operative quotidiane legate ai rapporti di lavoro, della predisposizione della documentazione necessaria per il precontenzioso e della raccolta del materiale utile in caso di controversie. Curerà direttamente la redazione di comunicazioni aziendali, contestazioni e provvedimenti disciplinari, seguendo anche le pratiche relative alla cessazione dei rapporti di lavoro. Tra le attività rientrano il monitoraggio rigoroso delle scadenze procedurali, la consultazione dei contratti collettivi nazionali (CCNL) applicati in azienda, l'interfaccia con i consulenti del lavoro ed i professionisti esterni, e l'attività di ricerca e verifica di informazioni normative o contrattuali sulle varie casistiche aziendali.

**Requisiti** Per ricoprire la posizione è richiesto il possesso di un diploma di scuola superiore o titolo equivalente, unito a un vivo interesse per la materia giuslavoristica. È fondamentale saper leggere e interpretare i CCNL, possedere un'ottima proprietà di linguaggio utile alla stesura di documenti e comunicazioni formali, e dimostrare grande precisione e rispetto delle scadenze. È inoltre richiesta una buona padronanza dell'uso del computer e dei principali strumenti del pacchetto Office.

**Competenze Personali e Titoli Preferenziali** Completano il profilo spiccate doti di riservatezza e affidabilità, essenziali per il trattamento di informazioni aziendali sensibili, oltre all'equilibrio e alla lucidità necessari per gestire situazioni delicate o potenzialmente conflittuali. Si richiedono un approccio pratico e orientato alla risoluzione dei problemi, unite a buone capacità relazionali e di ascolto. Costituirà titolo preferenziale una precedente esperienza, anche breve o svolta in forma di tirocinio, all'interno di uffici HR, contesti amministrativi o studi di consulenza del lavoro.

**Dettagli dell'Offerta e Sede di Lavoro**

* **Sede di lavoro:** La Rustica (RM)
* **Orario di lavoro:** Full\-time
* **Inquadramento e benefit:** 1\.100 € netti al mese con 13ª e 14ª mensilità, oltre ai buoni pasto. È prevista la possibilità di usufruire dello smart working a seguito del raggiungimento di una concreta autonomia nello svolgimento del proprio ruolo.

Retribuzione: a partire da €1\.100,00 al mese

Benefit:

* Parcheggio libero

Sede di lavoro: Di persona","","https://it.indeed.com/cmp/Progettare-Srl","","","","","","","","","","","","","recruiter"
"in-a7783e554f33d66d","indeed","https://it.indeed.com/viewjob?jk=a7783e554f33d66d","https://libra.tuolavoro.com/jobs/8358474-responsabile-risorse-umane-per-il-benessere-fisico","Responsabile Risorse Umane per il benessere fisico","F&F","Roma, LAZ, IT","2026-09-10","fulltime","","","","","",False,"","","","","Azienda nel settore degli strumenti per il benessere fisico sta cercando un Responsabile Risorse Umane da aggiungere al proprio team. Il candidato dovrà gestire tutte le attività legate alla gestione delle risorse umane, inclusi processi di assunzione, formazione e sviluppo del personale.


Attività Previste:

* Gestione dei programmi di benessere fisico per i dipendenti
* Sviluppo e implementazione di politiche aziendali per la promozione della salute sul luogo di lavoro
* Collaborazione con fornitori di servizi sanitari e professionisti del settore


Requisiti:

* Conoscenza approfondita delle normative sulla salute e sicurezza sul lavoro
* Eccellenti capacità organizzative e di gestione del tempo
* Comprovata esperienza nella gestione dei programmi di benessere fisico in un contesto aziendale


Offerta

* Proposta di inserimento full time con contratto di durata definita
* Valutazione aperta a candidati con formazione scolastica di base
* Contesto operativo strutturato e orientato alla collaborazione
* Opportunità aperta a candidati in fase di inserimento nel mondo del lavoro
* Coordinamento interno nelle attività operative","","https://it.indeed.com/cmp/F&F","https://d2q79iu7y748jz.cloudfront.net/s/_squarelogo/256x256/aecbde056bf4e9ee530cdb4e9ddee06c","http://www.fnf.co.kr","Seoul","51 to 200","","","","","","","","","recruiter"
"in-fd2cc1423d8d8892","indeed","https://it.indeed.com/viewjob?jk=fd2cc1423d8d8892","https://libra.tuolavoro.com/jobs/8358381-hr-generalist-retail","HR Generalist Retail","F&F","Roma, LAZ, IT","2026-09-10","fulltime","","","","","",False,"","","","","Azienda operante nel settore della vendita al dettaglio cerca una figura HR generalist responsabile delle attività operative e organizzative del reparto risorse umane.


Attività Previste:

* Gestione del processo di assunzione del personale
* Formulazione di politiche e procedure di risorse umane
* Assistenza ai dipendenti su questioni HR
* Gestione delle relazioni sindacali
* Pianificazione e implementazione dei programmi di formazione
* Assistenza nella valutazione delle prestazioni dei dipendenti


Requisiti:

* Ottime capacità di comunicazione
* Conoscenza approfondita delle leggi e delle normative sul lavoro
* Eccellenti capacità organizzative
* Abilità nel problem solving
* Capacità di lavorare in team


Offerta

* Inserimento iniziale con contratto a tempo determinato full time
* Posizione adatta anche a profili junior o alla prima esperienza","","https://it.indeed.com/cmp/F&F","https://d2q79iu7y748jz.cloudfront.net/s/_squarelogo/256x256/aecbde056bf4e9ee530cdb4e9ddee06c","http://www.fnf.co.kr","Seoul","51 to 200","","","","","","","","","recruiter"
"in-dabaff16deeb6d0f","indeed","https://it.indeed.com/viewjob?jk=dabaff16deeb6d0f","https://air.tuolavoro.com/jobs/8357457-addetto-a-risorse-umane-servizi-e-consulenza","Addetto/a risorse umane - servizi e consulenza","AIR","Roma, LAZ, IT","2026-09-10","fulltime","","","","","",False,"","","","","Ricerca finalizzata alla copertura di un ruolo di addetto/a risorse umane all'interno di una società che offre servizi di consulenza alle imprese nel campo delle relazioni industriali e gestione del personale. La figura entrerà a supporto dell'area HR per attività operative e di contatto con clienti aziendali nel mercato B2B.


Attività previste/principali  

* gestione anagrafiche e documentazione del personale con aggiornamento su software HR aziendale
* supporto alle procedure di assunzione: screening CV, convocazione e organizzazione colloqui
* monitoraggio presenze, ferie e permessi e gestione della relativa reportistica
* supporto nelle attività di onboarding e formazione dei neoassunti
* predisposizione di documenti e comunicazioni interne legate a scadenze contrattuali

Requisiti richiesti:  

* diploma di scuola secondaria di secondo grado o titolo equivalente
* esperienza non richiesta, anche prima esperienza in ambito HR valutata positivamente
* buona padronanza del pacchetto Office e familiarità con strumenti digitali
* precisione, riservatezza e buone capacità comunicative

Offerta e benefit:  

* contratto a tempo pieno full\-time
* retribuzione lorda mensile indicativa: 1\.500\-1\.800 €
* formazione continua
* Buoni pasto
* Rimborso spese

Sede di lavoro: Roma est


Inserimento previsto: ingresso in azienda da subito.","","https://it.indeed.com/cmp/Air","","","","","","","","","","","","","recruiter"
"in-78d86b3afbafdbdb","indeed","https://it.indeed.com/viewjob?jk=78d86b3afbafdbdb","https://www.criroma.org/jobs/impiegato-a-ufficio-risorse-umane-3/","IMPIEGATO/A UFFICIO RISORSE UMANE","CRI Roma","Roma, LAZ, IT","2026-09-09","","","","","","",False,"","","","","Croce Rossa Italiana Comitato Area Metropolitana di Roma Capitale è alla ricerca di un/una **impiegato/a per l’Ufficio Risorse Umane.**

**Attività**


* Gestire gli adempimenti amministrativi relativi al personale dipendente e in collaborazione, dall’instaurazione, alla gestione, alla cessazione del rapporto di lavoro;
* Supportare i Responsabili di Area nella fase di ricerca e selezione del personale;
* Svolgere tutte le attività propedeutiche all’elaborazione dei prospetti paga, monitorando la corretta registrazione delle presenze e dei giustificativi di assenza del personale dipendente, utilizzando i gestionali dedicati;
* Fornire supporto agli studi di consulenza esterni con i quali l’ufficio collabora per la gestione degli adempimenti amministrativi e legali, connessi al rapporto di lavoro;
* Curare la relazione con gli enti previdenziali e con gli uffici pubblici/privati coinvolti nel settore;
* Svolgere servizio di help desk interno ai quesiti di natura giuslavoristica relativi al personale;
* Monitorare e gestire le scadenze dell’ufficio.


**Requisiti**


* Comprovata e pluriennale esperienza nel ruolo;
* Laurea in discipline umanistiche;
* Conoscenza del Pacchetto Office con particolare riguardo a Excel e Word;
* Conoscenza della Piattaforma Google con particolare riguardo a Gmail e Drive.

**Requisiti trasversali**


* Condivisione della mission e dei principi di Croce Rossa;
* Capacità di lavoro in Team;
* Precisione e attenzione ai dettagli;
* Flessibilità;
* Capacità di gestione dello stress;
* Ottime capacità di ascolto e comunicazione.


**Posizione**


* **Sede di lavoro:** Roma (RM)
* **Inserimento:** Novembre 2026
* **Informazioni contrattuali:** tempo determinato di 12 mesi con possibilità di rinnovo, full time (38 ore), livello D1 – CCNL ANPAS

*Le persone interessate devono inviare il proprio Curriculum Vitae*  

*– completo dell’autorizzazione al trattamento dei dati personali secondo il D. Lgs. 196/2003 “Codice in materia di protezione dei dati personali” e del GDPR (Regolamento UE 2016/679\), data e firma – compilando il form sottostante.*  

*Il presente annuncio è rivolto a tutti i sessi, ai sensi delle leggi 903/77 e 125/91 .*","","https://it.indeed.com/cmp/Cri-Roma","","https://www.criroma.org/","","","","","","","","","","","recruiter"
"in-f1ea714f2c91e767","indeed","https://it.indeed.com/viewjob?jk=f1ea714f2c91e767","https://speed.tuolavoro.com/jobs/8349785-impiegato-a-ufficio-hr-presso-studio-di-consulenza-amministrativa","Impiegato/a ufficio HR presso studio di consulenza amministrativa","LifeEnergy","Viterbo, LAZ, IT","2026-09-09","","","","","","",False,"","","","","Si ricerca una figura da inserire in un team operativo nel settore della consulenza amministrativa, che si occuperà principalmente di supporto nella gestione dei dati relativi alle risorse umane.


Attività Previste:

* Gestione pratiche amministrative del personale
* Supporto nella gestione delle assunzioni e dei contratti di lavoro
* Organizzazione e gestione della documentazione aziendale
* Assistenza nella redazione di documenti interni
* Partecipazione alla gestione delle procedure HR interne


Requisiti:

* Conoscenza delle normative e procedimenti relativi alle risorse umane
* Ottime capacità organizzative e precisione
* Competenze nell'utilizzo di software per la gestione amministrativa
* Discrezione e riservatezza nella gestione delle informazioni aziendali
* Orientamento al lavoro di squadra e alla collaborazione con colleghi


Offerta

* Proposta di inserimento con contratto di apprendistato
* Valutazione aperta a candidati con formazione scolastica di base
* Mansioni assegnate secondo l’organizzazione aziendale interna
* Opportunità per candidati motivati ad apprendere un’attività
* Ambiente di lavoro condiviso e orientato al supporto reciproco","","https://it.indeed.com/cmp/Lifeenergy","","","","","","","","","","","","","recruiter"
"in-907a342d776e054f","indeed","https://it.indeed.com/viewjob?jk=907a342d776e054f","https://libra.tuolavoro.com/jobs/8349776-junior-specialist-hr-operativo","Junior Specialist HR operativo","F&F","Roma, LAZ, IT","2026-09-09","fulltime","","","","","",False,"","","","","Struttura specializzata nel settore commerciale ricerca una figura Junior HR generalist per gestire le attività legate alla gestione del personale e supportare le esigenze operative della società.


Attività Previste:

* Gestione delle pratiche amministrative legate al personale
* Supporto nella selezione del personale
* Gestione dei processi di onboarding e offboarding
* Supporto nella gestione delle buste paga
* Partecipazione alla redazione di annunci di lavoro e gestione delle candidature


Requisti:

* Ottime capacità organizzative e attenzione al dettaglio
* Ottime capacità relazionali e di problem solving
* Conoscenza base della normativa in materia di lavoro e contrattualistica
* Orientamento al lavoro di team e capacità di lavorare sotto pressione
* Ottime competenze informatiche, in particolare del pacchetto Office


Offerta

* Inserimento con contratto a tempo determinato e orario full time
* Attività svolte in coordinamento con personale esperto
* Presenza di un riferimento interno per le attività assegnate
* Ruolo pensato anche per profili junior con diploma
* Posizione accessibile anche a chi desidera sviluppare competenze operative
* Inserimento aperto a profili con formazione scolastica recente","","https://it.indeed.com/cmp/F&F","https://d2q79iu7y748jz.cloudfront.net/s/_squarelogo/256x256/aecbde056bf4e9ee530cdb4e9ddee06c","http://www.fnf.co.kr","Seoul","51 to 200","","","","","","","","","recruiter"
"in-7254ac3a02d18d00","indeed","https://it.indeed.com/viewjob?jk=7254ac3a02d18d00","https://libra.tuolavoro.com/jobs/8337369-coordinatore-hr-caffe","Coordinatore HR - Caffè","F&F","Roma, LAZ, IT","2026-09-08","fulltime","","","","","",False,"","","","","Stiamo cercando un HR coordinator da inserire nella nostra struttura operativa nel settore del caffè. Il candidato selezionato si occuperà di gestire le attività legate alla risorse umane, supportando l'organizzazione e la pianificazione delle attività quotidiane del dipartimento HR.


Attività Previste:

* Pianificare e gestire processi di selezione del personale
* Implementare politiche e procedure HR aziendali
* Supportare i dipendenti nelle questioni di risorse umane
* Progettare e condurre attività di formazione e sviluppo del personale
* Gestire relazioni sindacali e laborali
* Monitorare l'applicazione delle normative relative alle risorse umane
* Creare reportistica e analisi sui dati HR
* Supervisionare le attività amministrative del personale


Requisti:

* Conoscenza delle normative e leggi sul lavoro
* Eccellenti capacità comunicative e relazionali
* Orientamento ai risultati e capacità decisionali
* Capacità di gestire situazioni complesse e risoluzioni dei problemi
* Profonda comprensione dei processi di selezione e sviluppo del personale
* Abilità nell'uso di strumenti informatici per la gestione delle risorse umane
* Flessibilità e capacità di lavorare in team
* Elevata discrezione e riservatezza


Offerta

* Proposta contrattuale full time a tempo determinato
* Inserimento con orientamento pratico sulle attività da svolgere
* Valutazione aperta a candidati con formazione scolastica di base
* Ambiente dinamico con attività integrate tra reparti
* Presenza di un riferimento interno per le attività assegnate
* Contesto adatto a profili in fase di avvio professionale","","https://it.indeed.com/cmp/F&F","https://d2q79iu7y748jz.cloudfront.net/s/_squarelogo/256x256/aecbde056bf4e9ee530cdb4e9ddee06c","http://www.fnf.co.kr","Seoul","51 to 200","","","","","","","","","recruiter"
"in-1ce7128895a9c64c","indeed","https://it.indeed.com/viewjob?jk=1ce7128895a9c64c","https://libra.tuolavoro.com/jobs/8337287-responsabile-hr-per-tecnologie-salute","Responsabile HR per tecnologie salute","F&F","Roma, LAZ, IT","2026-09-08","fulltime","","","","","",False,"","","","","In un punto assistenza clienti nel settore delle tecnologie per la salute si ricercano figure professionali di Responsabile delle Risorse Umane. Il candidato selezionato contribuirà all'organizzazione e alla gestione delle risorse umane, garantendo il corretto svolgimento delle attività quotidiane del team.


Attività Previste:

* Gestione del processo di selezione e recruiting del personale
* Implementazione di politiche e procedure HR
* Pianificazione e amministrazione delle risorse umane
* Gestione della formazione e dello sviluppo del personale
* Assistenza nella risoluzione di questioni legate alle risorse umane


Requisti:

* Ottima conoscenza delle dinamiche HR nel settore delle tecnologie per la salute
* Abilità di comunicazione e relazionali eccellenti
* Capacità di gestire progetti e risorse umane in modo efficace
* Orientamento ai risultati e problem solving
* Conoscenza della normativa in materia di lavoro e delle leggi sulla privacy


Offerta

* Proposta contrattuale full time a tempo determinato
* Opportunità aperta a candidati in fase di inserimento nel mondo del lavoro","","https://it.indeed.com/cmp/F&F","https://d2q79iu7y748jz.cloudfront.net/s/_squarelogo/256x256/aecbde056bf4e9ee530cdb4e9ddee06c","http://www.fnf.co.kr","Seoul","51 to 200","","","","","","","","","recruiter"
"in-79202637193ca0cd","indeed","https://it.indeed.com/viewjob?jk=79202637193ca0cd","http://it.indeed.com/job/hr-recruiter-79202637193ca0cd","HR Recruiter","Il Metodo by Effetto Domino","Roma, LAZ, IT","2026-09-08","fulltime, internship","","","","","",False,"","","","","**Il Metodo by Effetto Domino**, con sede a **Formello**, è un’azienda dinamica e in crescita, attiva nella formazione e nella ricerca e selezione del personale. Per ampliamento dell’area HR, siamo alla ricerca di un/una **HR Recruiter** da inserire nel team.

La risorsa sarà inserita in un percorso di formazione strutturato che la porterà gradualmente a svolgere in autonomia le attività previste dal ruolo, tra cui:

* preparazione e pubblicazione degli annunci di lavoro
* ricerca attiva e screening dei CV
* conduzione dei colloqui e identificazione dei profili in linea con le job description dei clienti

**Requisiti desiderati:**

* esperienza nel recruiting di almeno 6 mesi
* interesse per il settore HR e per le attività di recruiting
* capacità di comunicazione e attenzione alle persone
* attitudine all’apprendimento continuo e alla crescita professionale
* orientamento agli obiettivi e senso di responsabilità nella gestione delle attività

**Cosa offriamo:**

* contratto determinato, di apprendistato
* formazione continua e affiancamento
* reale possibilità di crescita professionale all’interno dell’azienda

Se desideri intraprendere un percorso di sviluppo nel recruiting e contribuire ai progetti dei nostri clienti, inviaci il tuo CV indicando il riferimento **ERJ326\.**

**Sede di lavoro: Formello**

Retribuzione: €1\.000,00 \- €1\.300,00 al mese

Sede di lavoro: Di persona","","https://it.indeed.com/cmp/Il-Metodo-By-Effetto-Domino","","","","","","","","","","","","","recruiter"
"in-43e7182641b3f4c2","indeed","https://it.indeed.com/viewjob?jk=43e7182641b3f4c2","https://wd3.myworkdaysite.com/en-US/recruiting/wfp/job_openings/job/Rome-Italy/CST-HR---Payroll-transformation--level-1-_JR126523","CST HR & Payroll transformation (level 1)","World Food Programme","Roma, LAZ, IT","2026-09-07","fulltime","","","","","",True,"","","","global.inclusion@wfp.org, global.hrerecruitment@wfp.org","**DEADLINE FOR APPLICATIONS**


20 September 2026\-23:59\-GMT\+01:00 Central European Time (Rome)*WFP celebrates and embraces diversity. It is committed to the principle of equal employment opportunity for all its employees and encourages qualified candidates to apply irrespective of race, colour, national origin, ethnic or social background, genetic information, gender, gender identity and/or expression, sexual orientation, religion or belief, HIV status or disability.*

 **ABOUT WFP**  

  

The World Food Programme is the world’s largest humanitarian organization saving lives in emergencies and using food assistance to build a pathway to peace, stability and prosperity, for people recovering from conflict, disasters and the impact of climate change.

  

At WFP, people are at the heart of everything we do and the vision of the future WFP workforce is one of diverse, committed, skilled, and high performing teams, selected on merit, operating in a healthy and inclusive work environment, living WFP's values (Integrity, Collaboration, Commitment, Humanity, and Inclusion) and working with partners to save and change the lives of those WFP serves.  

  

To learn more about WFP, visit our website: https://www.wfp.org

**WHY JOIN WFP?**

* WFP is a 2020 Nobel Peace Prize Laureate.
* WFP offers a highly inclusive, diverse, and multicultural working environment.
* WFP invests in the personal \& professional development of its employees through a range of training, accreditation, coaching, mentorship, and other programs as well as through internal mobility opportunities.
* A career path in WFP provides an exciting opportunity to work across the various country, regional and global offices around the world, and with passionate colleagues who work tirelessly to ensure that effective humanitarian assistance reaches millions of people across the globe.
* We offer an attractive compensation package (please refer to the **Terms and Conditions** section of this vacancy announcement).

**JOB TITLE:** CST HR \& Payroll transformation (level 1\)

**TYPE OF CONTRACT:** CST REG

**UNIT/DIVISION:** HRMOI/HRM

**DUTY STATION (City, Country):** Rome, Italy or remote

**DURATION:** Through 31 December 2026, with possible extension subject to organizational needs, funding availability, and the duration of the One Payroll Programme.

**BACKGROUND AND PURPOSE OF THE ASSIGNMENT:**


The United Nations World Food Programme (WFP) is the world’s largest humanitarian organization fighting hunger. The Human Resources Technology and Analytics Branch (HRMOI) serve as the digital backbone of the Human Resources Division, delivering standardized business processes, enterprise HR technologies, data, analytics, and digital solutions that support the full employee lifecycle across WFP.


HRMOI is organized into five functional streams:

* Payroll, Time and Audit Operations
* HR Technology and Talent Solutions
* People Analytics and Reporting
* Organizational Governance
* HR Enablement and Systems Adoption


WFP is currently undertaking the One Payroll Programme, a strategic multi\-year transformation initiative to modernize and harmonize payroll operations across the organization. The programme aims to replace fragmented payroll processes with a standardized global operating model, strengthen governance and compliance, improve employee experience, and enable greater operational efficiency through modern digital solutions. The first implementation phase is planned through December 2027, followed by a second implementation phase supporting the Passport programme throughout 2028\.


The implementation of One Payroll requires significant subject matter expertise from the Payroll, Time and Audit Operations team. To ensure uninterrupted delivery of critical payroll services while enabling dedicated support to the transformation programme, HRMOI is temporarily strengthening its operational capacity through this assignment.


Under the overall supervision of the Head of Payroll, Time and Audit Systems, the incumbent will provide operational payroll support while contributing to the successful implementation of the One Payroll Programme. The assignment will help maintain business continuity, support system readiness, facilitate business process harmonization, and enable the successful delivery of payroll transformation activities across WFP.

**ACCOUNTABILITIES/RESPONSIBILITIES****(not all\-inclusive, within delegated authority)****:**


Under the guidance of the HR Local Staff Lead, the incumbent will support the continuity of core HR and payroll operations while contributing to the implementation of payroll transformation initiatives, including the One Payroll Programme, ensuring effective business support, system readiness and process harmonization across WFP.

**Business Support to Payroll Transformation and Systems Integration**


1\. Contribute to the implementation of One Payroll and other payroll transformation initiatives by supporting business analysis, requirements gathering and process design activities across core HR and payroll processes, including employee lifecycle events from hire to rehire and separation.


2\. Support the identification, documentation and validation of business requirements, ensuring alignment between HR policies, operational needs, payroll requirements and system capabilities.


3\. Contribute to the design, review and harmonization of end\-to\-end HR and payroll processes and support the development of system solutions that improve operational efficiency, compliance and user experience.


4\. Prepare and execute system, integration and user acceptance testing (UAT), validate business scenarios, document testing outcomes and ensure solutions meet functional and operational requirements prior to deployment.


5\. Support cutover and go\-live activities, including business readiness assessments, issue resolution, payroll validation exercises and post\-deployment stabilization activities, ensuring continuity of payroll operations and minimizing business disruption.


6\. Assist in payroll parallel runs, reconciliation activities and validation of payroll outputs during implementation phases to ensure accuracy and compliance.


7\. Contribute to change management and adoption activities by supporting stakeholder engagement, preparing user communications, developing guidance materials and delivering knowledge\-transfer and training initiatives to facilitate the successful adoption of new processes and systems.

**HR Systems and Payroll Operational Support**


8\. Provide functional support for HR and payroll\-related processes and systems, ensuring continuity of business operations during the transformation period.


9\. Act as a focal point for HR users worldwide, responding to inquiries and resolving system\- and payroll\-related issues in accordance with established procedures and service standards.


10\. Monitor and follow up on tickets and requests, ensuring timely resolution and appropriate escalation of complex issues.


11\. Liaise with HR, TEC, Finance and other stakeholders to troubleshoot system issues and support operational efficiency across HR and payroll processes.

**Data Quality and Business Process Integrity**


12\. Support activities aimed at improving the accuracy and consistency of HR and payroll data to facilitate payroll processing and reporting.


13\. Assist in identifying, analyzing and resolving data discrepancies affecting HR and payroll operations.


14\. Promote adherence to established data quality standards, controls and procedures to support operational effectiveness and compliance.

**Other duties as required**

**QUALIFICATIONS \& EXPERIENCE REQUIRED:****Education:**


Advanced university degrees in Human Resources, Economics, Engineering, Computer Science, Business Administration, Mathematics or Finance, or First level university degree with additional relevant work experience.

**Experience:**

* Three to five years of post\-graduate professional experience in Human Resources with an interest in international humanitarian development.
* Experience in conducting data analysis, business analysis, and performing testing and system deployment is an added value.

**Knowledge \& Skills:**

* Knowledge and exposure to corporate information systems, work with Workday and SAP HR modules is an asset.
* Good knowledge and ability to interpret HR data, rules and regulations, UN experience is an advantage.
* Strong analytical skills (advanced level of Excel is an asset).
* Ability to produce high\-quality written materials, including PowerPoint presentations as well as text documents.
* Attention to details and strong coordinating skills.
* Ability to build relationships with a variety of individuals across functions and outside WFP to effectively contribute to the functioning of the unit.
* Good interpersonal and communication skills.
* Strong time management skills with an ability to juggle competing priorities successfully, and to work on tight deadlines.

**Languages:**


Fluency in oral and written English and an intermediate knowledge of another official UN language (Arabic, Chinese, French, Russian and Spanish) is an asset.

**WFP LEADERSHIP FRAMEWORK**

  

WFP Leadership Framework guides to the common standards of behavior that guide HOW we work together to accomplish our mission.

 **REASONABLE ACCOMMODATION**

  

WFP is committed to supporting individuals with disabilities by providing reasonable accommodations throughout the recruitment process. If you require a reasonable accommodation, please contact: global.inclusion@wfp.org

**NO FEE DISCLAIMER**

  

The United Nations does not charge any application, processing, training, interviewing, testing or other fee in connection with the application or recruitment process. Should you receive a solicitation for the payment of a fee, please disregard it. Furthermore, please note that emblems, logos, names and addresses are easily copied and reproduced. Therefore, you are advised to apply particular care when submitting personal information on the web.

 **REMINDERS BEFORE YOU SUBMIT YOUR APPLICATION**

* All applications must be submitted exclusively through our online recruiting system. We do not consider CVs or applications sent by email, LinkedIn, or any other channel.
* We strongly recommend that your Workday profile is accurate and complete, and that all sections are filled in, including your employment history, academic qualifications, language skills, and UN grade (if applicable). Once your profile is completed, please apply, and submit your application.
* If you experience technical issues while submitting your application, you may contact us at global.hrerecruitment@wfp.org. Please note that this email is **only** for technical issues with an application \- **unsolicited applications or documents sent to this inbox will not receive a reply**.
* At the application stage, the only required documents are your CV and Cover Letter. Additional documents (passport, certificates, recommendation letters, etc.) may be requested later in the process.
* Only shortlisted candidates will be contacted and invited to proceed to the next stage of the recruitment process.

*All employment decisions are made on the basis of organizational needs, job requirements, merit, and individual qualifications. WFP is committed to providing an inclusive work environment free of sexual exploitation and abuse, all forms of discrimination, any kind of harassment, sexual harassment, and abuse of authority. Therefore, all selected candidates will undergo rigorous reference and background checks.*

 *No appointment under any kind of contract will be offered to members of the UN Advisory Committee on Administrative and Budgetary Questions (ACABQ), International Civil Service Commission (ICSC), FAO Finance Committee, WFP External Auditor, WFP Audit Committee, Joint Inspection Unit (JIU) and other similar bodies within the United Nations system with oversight responsibilities over WFP, both during their service and within three years of ceasing that service.*","Organization","https://it.indeed.com/cmp/World-Food-Programme","https://d2q79iu7y748jz.cloudfront.net/s/_squarelogo/256x256/dc18dc6cce83c27f7add1743b1e294fc","https://www1.wfp.org/","Via Cesare Giulio Viola, 68, 00148 Rome RM, Italy","10,000+","more than $10B (USD)","WFP is best known for its life-saving work in emergencies.​ When disaster strikes, WFP gets vital food and non-food assistance to people in need. ​","","","","","","","recruiter"
"in-ea33a8edd078876d","indeed","https://it.indeed.com/viewjob?jk=ea33a8edd078876d","https://wd3.myworkdaysite.com/en-US/recruiting/wfp/job_openings/job/Rome-Italy/CST-HR-Time---Benefits_JR126518-1","CST HR Time & Benefits","World Food Programme","Roma, LAZ, IT","2026-09-07","fulltime","","","","","",True,"","","","global.inclusion@wfp.org, global.hrerecruitment@wfp.org","**DEADLINE FOR APPLICATIONS**


20 September 2026\-23:59\-GMT\+01:00 Central European Time (Rome)*WFP celebrates and embraces diversity. It is committed to the principle of equal employment opportunity for all its employees and encourages qualified candidates to apply irrespective of race, colour, national origin, ethnic or social background, genetic information, gender, gender identity and/or expression, sexual orientation, religion or belief, HIV status or disability.*

 **ABOUT WFP**  

  

The World Food Programme is the world’s largest humanitarian organization saving lives in emergencies and using food assistance to build a pathway to peace, stability and prosperity, for people recovering from conflict, disasters and the impact of climate change.

  

At WFP, people are at the heart of everything we do and the vision of the future WFP workforce is one of diverse, committed, skilled, and high performing teams, selected on merit, operating in a healthy and inclusive work environment, living WFP's values (Integrity, Collaboration, Commitment, Humanity, and Inclusion) and working with partners to save and change the lives of those WFP serves.  

  

To learn more about WFP, visit our website: https://www.wfp.org

**WHY JOIN WFP?**

* WFP is a 2020 Nobel Peace Prize Laureate.
* WFP offers a highly inclusive, diverse, and multicultural working environment.
* WFP invests in the personal \& professional development of its employees through a range of training, accreditation, coaching, mentorship, and other programs as well as through internal mobility opportunities.
* A career path in WFP provides an exciting opportunity to work across the various country, regional and global offices around the world, and with passionate colleagues who work tirelessly to ensure that effective humanitarian assistance reaches millions of people across the globe.
* We offer an attractive compensation package (please refer to the **Terms and Conditions** section of this vacancy announcement).

**JOB TITLE:** CST HR Time \& Benefits

**TYPE OF CONTRACT:** CST REG

**UNIT/DIVISION:** HRMOI/HRM

**DUTY STATION (City, Country):** Rome, Italy or remote

**DURATION:** Through 31 December 2026, with possible extension subject to organizational needs, funding availability, and the duration of the One Payroll Programme.

**BACKGROUND AND PURPOSE OF THE ASSIGNMENT:**


The United Nations World Food Programme (WFP) is the world’s largest humanitarian organization fighting hunger. The Human Resources Technology and Analytics Branch (HRMOI) serve as the digital backbone of the Human Resources Division, delivering standardized business processes, enterprise HR technologies, data, analytics, and digital solutions that support the full employee lifecycle across WFP.


HRMOI is organized into five functional streams:

* Payroll, Time and Audit Operations
* HR Technology and Talent Solutions
* People Analytics and Reporting
* Organizational Governance
* HR Enablement and Systems Adoption


WFP is currently undertaking the One Payroll Programme, a strategic multi\-year transformation initiative to modernize and harmonize payroll operations across the organization. The programme aims to replace fragmented payroll processes with a standardized global operating model, strengthen governance and compliance, improve employee experience, and enable greater operational efficiency through modern digital solutions. The first implementation phase is planned through December 2027, followed by a second implementation phase supporting the Passport programme throughout 2028\.


The implementation of One Payroll requires significant subject matter expertise from the Payroll, Time and Audit Operations team. To ensure uninterrupted delivery of critical payroll services while enabling dedicated support to the transformation programme, HRMOI is temporarily strengthening its operational capacity through this assignment.


Under the overall supervision of the Head of Payroll, Time and Audit Systems,the incumbent will provide operational payroll support while contributing to the successful implementation of the One Payroll Programme. The assignment will help maintain business continuity, support system readiness, facilitate business process harmonization, and enable the successful delivery of payroll transformation activities across WFP.

**ACCOUNTABILITIES/RESPONSIBILITIES****(not all\-inclusive, within delegated authority)****:**


Under the guidance of the HR Time \& Benefits Lead, the incumbent will contribute to the effective management, enhancement and governance of time management and benefits\-related processes, systems and data, ensuring compliance with organizational policies and supporting payroll readiness across WFP.

**Business Support to Payroll Transformation and Systems Integration**


1\. Contribute to payroll transformation and One Payroll initiatives by supporting business analysis, requirements gathering, testing, implementation and change management activities.


2\. Ensure Time \& Benefits business requirements are accurately captured, documented, validated and translated into functional and system specifications.


3\. Support the design, validation and ongoing enhancement of integrations between Workday, SAP and external providers, ensuring alignment with business and operational requirements.


4\. Prepare and execute system, integration and user acceptance testing (UAT), validate business scenarios, document testing outcomes and ensure solutions meet functional and operational requirements prior to deployment.


5\. Support cutover and go\-live activities, including business readiness assessments, issue resolution, payroll validation exercises and post\-deployment stabilization activities, ensuring continuity of payroll operations and minimizing business disruption.


6\. Contribute to change management and adoption activities by supporting stakeholder engagement, preparing user communications, developing guidance materials and delivering knowledge\-transfer and training initiatives to facilitate the successful adoption of new processes and systems.

**Time Management Systems Administration and User Support**


7\. Act as a focal point and subject matter expert on WFP policies, procedures and Workday system related to time management processes. (Workday \-SAP)


8\. Provide functional support and guidance to HR and non\-HR users globally, ensuring timely resolution of system\-related issues through established service management channels.


9\. Liaise with TEC, HR functional teams and other stakeholders, primarily Health Insurance team, to investigate, troubleshoot and resolve system issues, minimizing operational disruption and ensuring service continuity.

**Data Quality, Governance and Payroll Readiness**


10\. Contribute to data quality and cleansing initiatives through the analysis, validation and correction of benefits and time\-related HR data across employee categories.


11\. Develop and promote standards, procedures and user guidance aimed at improving data accuracy, strengthening controls and ensuring payroll readiness.


12\. Support the implementation of data governance and monitoring mechanisms to enhance compliance, auditability and the long\-term integrity of HR data.

**System Enhancement, Testing and Capacity Building**


13\. Draft and validate business requirements for policy\-driven changes and system improvements in the areas of time \& benefits, including integration requirements for external suppliers by ensuring cross\-functional alignment and stakeholder engagement.


14\. Coordinate and perform testing activities for system enhancements and releases, ensuring solutions meet business requirements and quality standards before deployment.


15\. Develop and deliver user documentation, guidelines, training materials and knowledge\-sharing activities related to time \& benefits management processes and systems.

**Other duties as required**

**QUALIFICATIONS \& EXPERIENCE REQUIRED:**

**Education:**


Advanced university degrees in Human Resources, Economics, Engineering, Computer Science, Business Administration, Mathematics or Finance, or First level university degree with additional relevant work experience.

**Experience:**

* Three to five years of post\-graduate professional experience in Human Resources with an interest in international humanitarian development.
* Experience in conducting data analysis, business analysis, and performing testing and system deployment is an added value.

**Knowledge \& Skills:**

* Knowledge and exposure to corporate information systems, work with Workday and SAP HR modules is an asset.
* Good knowledge and ability to interpret HR data, rules and regulations, UN experience is an advantage.
* Strong analytical skills (advanced level of Excel is an asset).
* Ability to produce high\-quality written materials, including PowerPoint presentations as well as text documents.
* Attention to details and strong coordinating skills.
* Ability to build relationships with a variety of individuals across functions and outside WFP to effectively contribute to the functioning of the unit.
* Good interpersonal and communication skills.
* Strong time management skills with an ability to juggle competing priorities successfully, and to work on tight deadlines.

**Languages:**


Fluency in oral and written English and an intermediate knowledge of another official UN language (Arabic, Chinese, French, Russian and Spanish) is an asset.

**WFP LEADERSHIP FRAMEWORK**

  

WFP Leadership Framework guides to the common standards of behavior that guide HOW we work together to accomplish our mission.

 **REASONABLE ACCOMMODATION**

  

WFP is committed to supporting individuals with disabilities by providing reasonable accommodations throughout the recruitment process. If you require a reasonable accommodation, please contact: global.inclusion@wfp.org

**NO FEE DISCLAIMER**

  

The United Nations does not charge any application, processing, training, interviewing, testing or other fee in connection with the application or recruitment process. Should you receive a solicitation for the payment of a fee, please disregard it. Furthermore, please note that emblems, logos, names and addresses are easily copied and reproduced. Therefore, you are advised to apply particular care when submitting personal information on the web.

 **REMINDERS BEFORE YOU SUBMIT YOUR APPLICATION**

* All applications must be submitted exclusively through our online recruiting system. We do not consider CVs or applications sent by email, LinkedIn, or any other channel.
* We strongly recommend that your Workday profile is accurate and complete, and that all sections are filled in, including your employment history, academic qualifications, language skills, and UN grade (if applicable). Once your profile is completed, please apply, and submit your application.
* If you experience technical issues while submitting your application, you may contact us at global.hrerecruitment@wfp.org. Please note that this email is **only** for technical issues with an application \- **unsolicited applications or documents sent to this inbox will not receive a reply**.
* At the application stage, the only required documents are your CV and Cover Letter. Additional documents (passport, certificates, recommendation letters, etc.) may be requested later in the process.
* Only shortlisted candidates will be contacted and invited to proceed to the next stage of the recruitment process.

*All employment decisions are made on the basis of organizational needs, job requirements, merit, and individual qualifications. WFP is committed to providing an inclusive work environment free of sexual exploitation and abuse, all forms of discrimination, any kind of harassment, sexual harassment, and abuse of authority. Therefore, all selected candidates will undergo rigorous reference and background checks.*

 *No appointment under any kind of contract will be offered to members of the UN Advisory Committee on Administrative and Budgetary Questions (ACABQ), International Civil Service Commission (ICSC), FAO Finance Committee, WFP External Auditor, WFP Audit Committee, Joint Inspection Unit (JIU) and other similar bodies within the United Nations system with oversight responsibilities over WFP, both during their service and within three years of ceasing that service.*","Organization","https://it.indeed.com/cmp/World-Food-Programme","https://d2q79iu7y748jz.cloudfront.net/s/_squarelogo/256x256/dc18dc6cce83c27f7add1743b1e294fc","https://www1.wfp.org/","Via Cesare Giulio Viola, 68, 00148 Rome RM, Italy","10,000+","more than $10B (USD)","WFP is best known for its life-saving work in emergencies.​ When disaster strikes, WFP gets vital food and non-food assistance to people in need. ​","","","","","","","recruiter"
"in-83bb43a78a763719","indeed","https://it.indeed.com/viewjob?jk=83bb43a78a763719","https://libra.tuolavoro.com/jobs/8327308-apprendista-hr-per-sistemi-intelligenti-di-gestione-dell-acqua","Apprendista HR per sistemi intelligenti di gestione dell'acqua","F&F","Roma, LAZ, IT","2026-09-07","fulltime","","","","","",False,"","","","","Azienda attiva nel settore dei sistemi per la gestione intelligente dell'acqua è alla ricerca di un Apprendista HR per integrare il team. Il candidato svolgerà attività legate alla gestione delle risorse umane, supportando la parte operativa e amministrativa del dipartimento HR.


Attività Previste:

* Assistenza alle attività di selezione e recruiting
* Gestione delle pratiche amministrative legate al personale
* Supporto nella gestione dei sistemi di gestione dell'acqua


Requisti:

* Discrezione e riservatezza
* Capacità organizzative
* Ottime capacità comunicative
* Orientamento al cliente interno


Offerta

* Percorso di inserimento con contratto a termine e attività full time
* Le attività vengono apprese direttamente nello svolgimento lavorativo
* Inserimento accompagnato nelle attività operative quotidiane","","https://it.indeed.com/cmp/F&F","https://d2q79iu7y748jz.cloudfront.net/s/_squarelogo/256x256/aecbde056bf4e9ee530cdb4e9ddee06c","http://www.fnf.co.kr","Seoul","51 to 200","","","","","","","","","recruiter"
"in-d13cfacfeab36c0b","indeed","https://it.indeed.com/viewjob?jk=d13cfacfeab36c0b","https://libra.tuolavoro.com/jobs/8327178-addetto-a-risorse-umane-in-gestione-forniture","Addetto/a risorse umane in gestione forniture","F&F","Monterotondo, LAZ, IT","2026-09-07","fulltime","","","","","",False,"","","","","Azienda che si occupa di gestione pratiche relative alle forniture cerca un Addetto/a Risorse Umane per svolgere le attività proprie del ruolo.


Attività Previste:

* Gestione delle forniture e materiali aziendali
* Collaborazione con i fornitori per la gestione degli ordini
* Controllo dei flussi di approvvigionamento e disponibilità di materiali
* Monitoraggio dei costi e budget legati alle forniture
* Gestione degli archivi relativi alle forniture aziendali


Requisiti:

* Conoscenza dei processi di approvvigionamento e gestione delle forniture
* Capacità organizzative e di pianificazione
* Precisione e attenzione al dettaglio
* Ottime capacità relazionali e di negoziazione con i fornitori
* Orientamento ai risultati e capacità di problem solving


Offerta

* Proposta di inserimento full time con contratto di durata definita
* Gestione delle attività secondo flussi organizzativi aziendali
* Supporto operativo costante durante lo svolgimento delle mansioni
* Contesto adatto a profili in fase di avvio professionale
* Inserimento aperto a chi desidera acquisire competenze pratiche
* Lavoro organizzato in collaborazione con il team interno","","https://it.indeed.com/cmp/F&F","https://d2q79iu7y748jz.cloudfront.net/s/_squarelogo/256x256/aecbde056bf4e9ee530cdb4e9ddee06c","http://www.fnf.co.kr","Seoul","51 to 200","","","","","","","","","recruiter"
"in-b2d534348a8ffeea","indeed","https://it.indeed.com/viewjob?jk=b2d534348a8ffeea","https://csd.tuolavoro.com/jobs/8326708-addetto-a-risorse-umane-e-commerce","Addetto/a Risorse Umane e commerce","Cosma solution","Roma, LAZ, IT","2026-09-07","fulltime","","","","","",False,"","","","","E\-commerce con sede a Roma, team interno dedicato alla gestione operativa del personale, ricerca un/una Addetto/a Risorse Umane da inserire nell’ufficio HR per supportare le attività amministrative e organizzative quotidiane.
  
  

**Attività principali:**  

gestione delle anagrafiche dipendenti e aggiornamento contrattuale tramite gestionale HR dedicato
  
monitoraggio di presenze, ferie, permessi e malattie con predisposizione dei report mensili in Excel
  
supporto nelle fasi di selezione con screening CV e organizzazione dei colloqui
  
archiviazione digitale dei fascicoli del personale e verifica della documentazione inserita
  
collaborazione nella preparazione delle comunicazioni obbligatorie e delle pratiche di assunzione
  
  

**Requisiti:**  

diploma di scuola secondaria superiore, preferibilmente a indirizzo amministrativo o economico
  
anche senza esperienza pregressa
  
buona conoscenza del pacchetto Office, in particolare Excel, Word e Outlook
  
precisione, riservatezza e buone capacità organizzative
  
disponibilità entro 2 settimane
  
  

**Offerta e benefit:**  

contratto a tempo determinato di 12 mesi finalizzato alla stabilizzazione, full\-time
  
Retribuzione 1\.500\-1\.800 € lordi mensili
  
Buoni pasto
  
Formazione continua
  
Orario flessibile
  
Welfare aziendale
  
  

**Sede di lavoro:**  

Roma","","https://it.indeed.com/cmp/Cosma-Solution","","","","","","","","","","","","","recruiter"
"in-10a5fa028c6da320","indeed","https://it.indeed.com/viewjob?jk=10a5fa028c6da320","https://next.tuolavoro.com/jobs/8326660-addetto-a-risorse-umane-junior-per-studio","Addetto/a Risorse Umane junior per studio","Novati","Terni, UMB, IT","2026-09-07","fulltime","","","","","",False,"","","","","Studio professionale di consulenza del lavoro e amministrazione del personale, a servizio di imprese del territorio ternano, ricerca un Addetto/a Risorse Umane junior.
  
  

Lavorerai con il team nelle attività di selezione e supporto ai clienti. Ti occuperai dello screening di circa 20 curriculum alla settimana, della calendarizzazione dei colloqui e della preparazione delle schede di valutazione. Seguirai inoltre l'aggiornamento delle presenze, ferie e permessi, oltre alle scadenze contrattuali, utilizzando il gestionale Zucchetti. Avrai un percorso operativo concreto, con affiancamento costante.
  
  

**Requisiti:**  

diploma di scuola superiore, preferibilmente in ambito amministrativo o economico
  
esperienza non richiesta; valutiamo anche candidati alla prima esperienza
  
buona dimestichezza con Excel e strumenti informatici
  
precisione, riservatezza e capacità di rispettare le scadenze
  
comunicazione chiara e interesse per i processi di selezione e amministrazione del personale
  
  

**Offerta e benefit:**  

apprendistato professionalizzante a tempo pieno, dal lunedì al venerdì
  
Retribuzione 1\.600\-2\.100 € lordi mensili
  
Buoni pasto
  
Welfare aziendale
  
Orario flessibile
  
start a ottobre
  
  

**Sede di lavoro:** Terni (TR).","","https://it.indeed.com/cmp/Novati","","","","","","","","","","","","","recruiter"
"in-375170a26664f9be","indeed","https://it.indeed.com/viewjob?jk=375170a26664f9be","http://it.indeed.com/job/gestione-del-personale-375170a26664f9be","Gestione del personale","GRUPPO DOTTI SRL","Terni, UMB, IT","2026-09-07","fulltime","","","","","",False,"","","","","Siamo alla ricerca di una figura da inserire come supporto all'ufficio gestione del personale e che si occuperà di tutti i processi relativi alla gestione del personale dall'inserimento fino alla cessazione operando per gli obiettivi aziendali.

le principali attività:

* Gestione amministrativa del personale (contratti, presenze, ferie, malattie, ecc.)
* Raccolta, controllo e registrazione dei rapportini di lavoro
* Supporto nella gestione delle attività di onboarding per i nuovi assunti
* Supporto nella gestione delle problematiche disciplinari e redazione delle comunicazioni e direttive vs il personale
* Monitoraggio e aggiornamento dei dati e kpi relativi alle risorse umane
* Supporto nella definizione e implementazione di politiche e procedure HR
* Supporto nella gestione delle attività di selezione e reclutamento del personale.

Requisiti:

* Laurea triennale in Scienze Umane, Giurisprudenza, Economia o discipline affini valutiamo anche diploma in scienze umanistiche/economiche
* Esperienza di almeno \[1\-2] anni in ruoli HR o simili
* Conoscenza delle normative del lavoro e dei contratti collettivi nazionali
* Buone capacità organizzative e di gestione del tempo
* Buone doti comunicative e relazionali
* Buona conoscenza del pacchetto Office e dei principali software HR

L’annuncio è rivolto a **tutte le persone**, nel rispetto dei principi di pari opportunità, inclusività e non discriminazione, in conformità alla UNI/PdR 125:2022\.

Retribuzione: €1\.811,11 \- €2\.009,48 al mese

Sede di lavoro: Di persona","","https://it.indeed.com/cmp/Gruppo-Dotti-Srl","","","","","","","","","","","","","recruiter"
"in-93e44a232ef97188","indeed","https://it.indeed.com/viewjob?jk=93e44a232ef97188","https://seven.tuolavoro.com/jobs/8326540-addetto-a-risorse-umane-per-e-commerce-multicanale","Addetto/a Risorse Umane per e-commerce multicanale","Baar","Ciampino, LAZ, IT","2026-09-07","fulltime","","","","","",False,"","","","","Selezioniamo un/una Addetto/a risorse umane per supportare le attività di gestione del personale nel nostro e\-commerce multicanale. Il nostro team, focalizzato sulla vendita online di prodotti di consumo, cerca una figura pronta a mettersi in gioco subito.


Requisiti:  

* diploma di scuola secondaria superiore
* ottima dimestichezza con Excel e software gestionali
* precisione e riservatezza nel trattamento dei dati sensibili
* spiccate doti relazionali per il lavoro in team
* inserimento immediato

Ti occuperai della gestione operativa delle presenze su portale dedicato, dell'aggiornamento costante delle anagrafiche dipendenti e del supporto alle attività di screening dei curricula per le nuove posizioni aperte. Contribuirai inoltre alla predisposizione della documentazione contrattuale necessaria per le assunzioni.


Offerta e benefit:  

* Retribuzione 1\.500\-1\.800 € lordi mensili
* tempo pieno full\-time
* Formazione continua
* Buoni pasto
* contratto a tempo determinato 6 mesi finalizzato a indeterminato

Sede di lavoro: Ciampino","","https://it.indeed.com/cmp/Baar","","","","","","","","","","","","","recruiter"
"in-11e0bc786b75a869","indeed","https://it.indeed.com/viewjob?jk=11e0bc786b75a869","https://libra.tuolavoro.com/jobs/8319931-hr-assistant-per-sistemi-di-recupero-fisico","HR Assistant per sistemi di recupero fisico","F&F","Roma, LAZ, IT","2026-09-04","fulltime","","","","","",False,"","","","","Azienda nel settore dei sistemi per il recupero e il relax fisico cerca un HR assistant responsabile di supportare attivamente la gestione delle attività quotidiane legate alla gestione delle risorse umane.


Attività Previste:

* Gestione delle pratiche amministrative legate al personale
* Supporto nella selezione e gestione del personale
* Organizzazione e partecipazione a colloqui di lavoro
* Gestione delle comunicazioni interne ed esterne
* Elaborazione dei report sul personale
* Gestione della documentazione inerente il personale
* Partecipazione alla formazione del personale
* Gestione delle attività di onboarding e offboarding


Requisiti:

* Conoscenza delle normative sul lavoro e del CCNL
* Ottime capacità organizzative e relazionali
* Attitudine al lavoro di squadra
* Conoscenza dei principali strumenti informatici di gestione del personale
* Precisione e attenzione al dettaglio
* Capacità di lavorare in un ambiente dinamico e multitasking
* Confidenza con i processi di recruiting e selezione
* Proattività e capacità di problem solving


Offerta

* Assunzione con rapporto di lavoro a tempo determinato e orario pieno
* Supporto operativo costante durante lo svolgimento delle mansioni
* Ambiente di lavoro condiviso e orientato al supporto reciproco
* Inserimento accessibile a candidati appena diplomati
* Mansioni assegnate secondo l’organizzazione aziendale interna
* Inserimento accompagnato nelle attività operative quotidiane","","https://it.indeed.com/cmp/F&F","https://d2q79iu7y748jz.cloudfront.net/s/_squarelogo/256x256/aecbde056bf4e9ee530cdb4e9ddee06c","http://www.fnf.co.kr","Seoul","51 to 200","","","","","","","","","recruiter"
"in-95ae119df626811b","indeed","https://it.indeed.com/viewjob?jk=95ae119df626811b","https://libra.tuolavoro.com/jobs/8319896-addetto-a-gestione-del-personale-per-soluzioni-domestici-e-business","Addetto/a Gestione del Personale per Soluzioni Domestici e Business","F&F","Roma, LAZ, IT","2026-09-04","fulltime","","","","","",False,"","","","","Si ricercano candidati per ricoprire il ruolo di Addetto/a alla gestione del personale in un'azienda specializzata in soluzioni per clienti domestici e business. Le attività principali includono la gestione delle pratiche amministrative del personale, l'elaborazione dei piani di formazione e lo sviluppo delle politiche aziendali per la gestione delle risorse umane.


Attività Previste:

* Gestione del personale domestico
* Gestione del personale aziendale
* Assunzione e selezione del personale
* Organizzazione di corsi di formazione
* Gestione delle paghe e degli stipendi
* Gestione delle assenze e dei permessi
* Valutazione delle performance
* Risoluzione delle problematiche legate al personale


Requisiti:

* Capacità di relazionarsi con diverse tipologie di personale
* Eccellenti capacità organizzative
* Conoscenza delle normative in materia di lavoro
* Ottime capacità di problem solving
* Discrezione e riservatezza
* Eccellenti doti comunicative
* Capacità di lavorare in team
* Precisione e affidabilità


Offerta

* Offerta con contratto a tempo determinato su orario full time
* Valutazione aperta a candidati con diploma recente","","https://it.indeed.com/cmp/F&F","https://d2q79iu7y748jz.cloudfront.net/s/_squarelogo/256x256/aecbde056bf4e9ee530cdb4e9ddee06c","http://www.fnf.co.kr","Seoul","51 to 200","","","","","","","","","recruiter"
"in-da0b2b4727209123","indeed","https://it.indeed.com/viewjob?jk=da0b2b4727209123","https://app.eightfold.ai/careers/job/446721020828?domain=qualcomm.com","TRM Analyst - Qualcomm, Turin or Rome, Italy","Qualcomm","Roma, LAZ, IT","2026-09-09","","","","","","",True,"","","","-accomodations@qualcomm.com","**Company:**
------------

Qualcomm Europe, Inc. Italy Branch Office
**Job Area:**
-------------

Human Resources Group, Human Resources Group \> Total Rewards Management
**General Summary:**

The People Strategy and Organization – Total Rewards role will be responsible for implementation and administration of Qualcomm’s compensation and benefits programs for the assigned geography/region/countries (EMEA). This role reports into the Total Rewards Lead in People Strategy and Organization team and works in strong partnership with the Compensation and Benefits Communities of Practice (COE\-Centre of Excellence) team. The incumbent should have experience in working with global teams and matrix structure for seamless delivery of total rewards services


### **PRINCIPAL DUTIES AND RESPONSIBILITIES:**

**Compensation**

* Manage end\-to\-end compensation benchmarking and maintain salary ranges for the assigned geographies, including survey submission, analyzing survey results, and market pricing by role.
* Conduct ad\-hoc salary analyses and compensation studies to maintain internal and external parity within employees including new hires and internal transfers, and share the findings with the leadership
* Support the process of conducting bi\-annual employee data audits to ensure that employees are in the correct job codes
* Support the execution of Annual review cycle including salary increases, bonuses, and RSU awards
* Handle and resolve employee inquiries, and respond to escalated compensation issues within SLA
* Assist senior leadership in retaining critical talent by means of retention analysis
* Partner with Compensation Community of Practice (Centre of Excellence) on the execution of any compensation philosophy and program changes
* Support in policy and process execution, and communication
* Manage and resolve employee compensation queries through service now portal

**Benefits**

* Support the administration of employee benefits programs, including health insurance, retirement plans, and wellness initiatives.
* Coordinate with benefits vendors and brokers to manage annual enrollments, and changes.
* Implement employee wellness programs to promote health and well\-being.
* Ensure compliance with regulatory requirements and manage reporting and documentation related to benefits.
* Responsible for processing and managing employee leave of absence requests, ensuring compliance with company policies and relevant labor laws, and maintaining accurate records of all leave transactions.
* Handle and resolve employee inquiries, and respond to escalated benefits issues within SLA
* Support in policy and process execution, and communication
* Manage and resolve employee benefits queries through service now portal.

**Minimum Qualifications:**

* Bachelor's degree and 2\+ years of Compensation, Benefits, or related work experience.

OR
  

Associate's degree and 4\+ years of Compensation, Benefits, or related work experience.
  

OR
  

High School Diploma or equivalent and 6\+ years of Compensation, Benefits, or related work experience.
  

  

* Completed advanced degrees in a relevant field may be substituted for up to two years (Master’s \= one year, Doctorate \= two years) of work experience.

### **MINIMUM PREFERRED QUALIFICATIONS:**

* Bachelor's degree and 2\+ years of Compensation, Benefits, or related work experience

### **PREFERRED QUALIFICATIONS:**

* 2\- 4 years of Compensation, Benefits Consulting, Benefits Administration (Employer or Vendor) or related work experience. Multicounty experience will be an added advantage
* 2\- 4 years of utilizing Compensation and Benefits\-related systems/tools (e.g., Advanced Excel, Workday, Tech Industry Surveys, etc.)
* Experience in utilizing Workday/SuccessFactors/Global ERP/ Service Now at operational level
* Proficiency in compensation and benefits methodologies from leading survey providers such as Radford, Mercer, Willis Towers Watson (WTW), Aon
* Understanding of global/regional/country specific labor regulatory environments
* Certification in compensation and benefits programs is preferable, or plan to obtain
* Understanding and experience of multi country compensation and benefits programs in EMEA
* Mandatory language skills \- English plus any other European language (EMEA Specific)

### **PHYSICAL REQUIREMENTS:**

* Monitors and utilizes computers and test equipment for more than 6 hours a day.
* Continuous communication which includes the comprehension of information with colleagues, customers, and vendors both in person and remotely.

\*References to a particular number of years experience are for indicative purposes only. Applications from candidates with equivalent experience will be considered, provided that the candidate can demonstrate an ability to fulfill the principal duties of the role and possesses the required competencies.


Qualcomm is an equal opportunity employer. If you are an individual with a disability and need an accommodation during the application/hiring process, rest assured that Qualcomm is committed to providing an accessible process. You may e\-mail disability\-accomodations@qualcomm.com or call Qualcomm's toll\-free number found here . Upon request, Qualcomm will provide reasonable accommodations to support individuals with disabilities to be able participate in the hiring process. Qualcomm is also committed to making our workplace accessible for individuals with disabilities. (Keep in mind that this email address is used to provide reasonable accommodations for individuals with disabilities. We will not respond here to requests for updates on applications or resume inquiries).


Qualcomm expects its employees to abide by all applicable policies and procedures, including but not limited to security and other requirements regarding protection of Company confidential information and other confidential and/or proprietary information, to the extent those requirements are permissible under applicable law.


**To all Staffing and Recruiting Agencies** : Our Careers Site is only for individuals seeking a job at Qualcomm. Staffing and recruiting agencies and individuals being represented by an agency are not authorized to use this site or to submit profiles, applications or resumes, and any such submissions will be considered unsolicited. Qualcomm does not accept unsolicited resumes or applications from agencies. Please do not forward resumes to our jobs alias, Qualcomm employees or any other company location. Qualcomm is not responsible for any fees related to unsolicited resumes/applications.  



  

**Pay range and Other Compensation \& Benefits:**

€37,200\.00 \- €56,400\.00 annual (Gross)  

  

  

The above pay range reflects the broad, minimum to maximum, pay range for this job code for the location for which it has been posted. This range includes two additional months of pay as part of the annual salary. Even more importantly, please note that salary is only one component of total compensation at Qualcomm. We also offer a competitive annual discretionary bonus program and opportunity for annual RSU grants (employees on sales\-incentive plans are not eligible for our annual bonus). In addition, our highly competitive benefits package is designed to support your success at work, at home, and at play. Your recruiter will be happy to discuss all that Qualcomm has to offer – and you can review more details about our benefits at this link.


If you would like more information about this role, please contact Qualcomm Careers .","Computers And Electronics","https://it.indeed.com/cmp/Qualcomm","https://d2q79iu7y748jz.cloudfront.net/s/_squarelogo/256x256/badc0b836563d31ae5cd80092a302a94","https://www.qualcomm.com/company/careers","5775 Morehouse Drive, San Diego, CA 92121","10,000+","more than $10B (USD)","At Qualcomm, we are passionate about creating an environment where we are limitless— where every employee can thrive and contribute to the game-changing innovation only we can bring to the world.","","","","","","","recruiting"
"in-ae28ba31f7fcf6e2","indeed","https://it.indeed.com/viewjob?jk=ae28ba31f7fcf6e2","https://gsknch.wd3.myworkdayjobs.com/en-US/GSKCareers/job/Aprilia-Nettunense/Senior-Digital---Tech-Business-Partner_543053","Senior Digital & Tech Business Partner","Haleon","Aprilia, LAZ, IT","2026-09-09","fulltime","","","","","",False,"","","","","Welcome to Haleon. We’re a purpose\-driven, world\-class consumer company putting everyday health in the hands of millions. In just three years since our launch, we’ve grown, evolved and are now entering an exciting new chapter – one filled with bold ambitions and enormous opportunity.
  

  

Our trusted portfolio of brands – including Sensodyne®, Panadol®, Advil®, Voltaren®, Theraflu®, Otrivin®, and Centrum® – lead in resilient and growing categories. What sets us apart is our unique blend of deep human understanding and trusted science.
  

  

Now it’s time to fully realise the full potential of our business and our people. We do this through our Win as One strategy. It puts our purpose – to deliver better everyday health with humanity – at the heart of everything we do. It unites us, inspires us, and challenges us to be better every day, driven by our agile, performance\-focused culture.


**About the role**

Provide overall leadership and accountability for IT across one complex site or multiple sites. Act as the primary IT partner to site leadership, ensuring alignment between business priorities and IT strategy, effective service delivery, and sustained compliance in a regulated manufacturing environment.


**Responsibilities**

* End\-to\-end accountability: own end\-to\-end IT delivery and operations for assigned site(s), including quality, risk, compliance, business continuity (resilience, incident response and crisis management), cost control, and performance.
* Business partnership: act as IT Business Partner to the Site Director and Site Leadership Team, representing IT in site governance and tiered accountability forums.
* Digital strategy and roadmap: define, maintain, and deliver a site IT roadmap aligned with site priorities, QSCP strategy, enterprise standards, and cybersecurity requirements.
* Business value: translate site requirements into clear demand for central IT, influencing prioritisation, investment decisions, and delivery plans.
* Leveraging shared services: partner with IT Shared Services and external providers to ensure services (local and global) meet site needs, agreed SLAs, cybersecurity controls, business continuity/disaster recovery requirements, and regulatory expectations.
* Team leadership: line\-manage the site IT team, building capability through coaching, performance management, and targeted development.
* Costs and investments: manage site IT operating and capital expenditure in line with approved budgets and governance models.
* Seamless local/central integration: drive adoption of strategic global platforms and target architecture, while governing the boundary between local infrastructure/local components and global solutions to reduce complexity and ensure secure, compliant integration.
* Inspection readiness: ensure IT inspection readiness and represent the site during audits and inspections.
* Compliance: lead by example in EHS, quality and other compliance, ensuring incidents, deviations, and CAPAs are managed appropriately.

**Your profile**

**Education**

* Associate’s degree in computer science or related discipline.

**Experience**

* Proven people management experience;
* Minimum five years in IT/digital;
* Experience in regulated manufacturing and OT;
* Strong stakeholder engagement;
* Solid analytical and project management skills.

**Skills**

* Understanding of enterprise IT systems (e.g. SAP);
* Strong business acumen, cGMP and regulatory knowledge;
* Ability to operate in matrix environments;
* Fluent in Italian and English;
Proficiency in Word, Excel, and PowerPoint.  
* 

\&\#xa;EUR 69\.446,00 \- EUR 95\.488,80\&\#xa;\&\#xa;The salary range for this position is indicative and provided as a guide. The final offer may vary depending on factors including relevant experience, skills, qualifications, and internal equity considerations. Further details regarding the total reward and benefits package will be shared during the recruitment process. Salary ranges may vary by location in line with local market conditions and applicable pay transparency regulations.\&\#xa;\&\#xa;Compensation information is shared for the primary location of this role. Where the position is advertised with additional locations the compensation range will be discussed during the recruiting process.  

**Job Posting End Date**

2026\-09\-30  

**Equal Opportunities**
-----------------------

Haleon are committed to mobilising our purpose in a way that represents the diverse consumers and communities who rely on our brands every day. It guides us in creating an inclusive culture, where different backgrounds and views are valued and respected – all in support of understanding and best serving the needs of our consumers and unleashing the full potential of our people. It’s important to us that Haleon is a place where all our employees feel they truly belong.
  

  

During the application process, we may ask you to share some personal information, which is entirely voluntary. This information ensures we meet certain regulatory and reporting obligations and supports the development, refinement, and execution of our inclusion and belonging programmes that are open to all Haleon employees.
  

  

The personal information you provide will be kept confidential, used only for legitimate business purposes, and will never be used in making any employment decisions, including hiring decisions.  



**Adjustment or Accommodations Request**
----------------------------------------

If you require a reasonable adjustment or accommodation or other assistance to apply for a job at Haleon at any stage of the application process, please let your recruiter know by providing them with a description of specific adjustments you are requesting. We’ll provide all reasonable adjustments to support you throughout the recruitment process and treat all information you provide us in confidence.  



**Note to candidates**
----------------------

The Haleon recruitment team will contact you using a Haleon email account (@haleon.com). If you are not sure whether the email you received is from Haleon, please get in touch.","","https://it.indeed.com/cmp/Haleon","https://d2q79iu7y748jz.cloudfront.net/s/_squarelogo/256x256/2d041011da7c631d4376b9431eb60375","https://www.haleon.com/","","10,000+","","A health company that puts people first, we exist to deliver better everyday health with humanity.","","","","","","","recruiting"
"in-befbff3a99681f25","indeed","https://it.indeed.com/viewjob?jk=befbff3a99681f25","https://wd3.myworkdaysite.com/en-US/recruiting/wfp/job_openings/job/Rome-Italy/Disability-Inclusion-Officer_JR126615","Disability Inclusion Officer","World Food Programme","Roma, LAZ, IT","2026-09-08","fulltime","","","","","",True,"","","","global.inclusion@wfp.org, global.hrerecruitment@wfp.org","**DEADLINE FOR APPLICATIONS**


28 September 2026\-23:59\-GMT\+01:00 Central European Time (Rome)*WFP celebrates and embraces diversity. It is committed to the principle of equal employment opportunity for all its employees and encourages qualified candidates to apply irrespective of race, colour, national origin, ethnic or social background, genetic information, gender, gender identity and/or expression, sexual orientation, religion or belief, HIV status or disability.*

 **ABOUT WFP**  

  

The World Food Programme is the world’s largest humanitarian organization saving lives in emergencies and using food assistance to build a pathway to peace, stability and prosperity, for people recovering from conflict, disasters and the impact of climate change.

  

At WFP, people are at the heart of everything we do and the vision of the future WFP workforce is one of diverse, committed, skilled, and high performing teams, selected on merit, operating in a healthy and inclusive work environment, living WFP's values (Integrity, Collaboration, Commitment, Humanity, and Inclusion) and working with partners to save and change the lives of those WFP serves.  

  

To learn more about WFP, visit our website: https://www.wfp.org

**WHY JOIN WFP?**

* WFP is a 2020 Nobel Peace Prize Laureate.
* WFP offers a highly inclusive, diverse, and multicultural working environment.
* WFP invests in the personal \& professional development of its employees through a range of training, accreditation, coaching, mentorship, and other programs as well as through internal mobility opportunities.
* A career path in WFP provides an exciting opportunity to work across the various country, regional and global offices around the world, and with passionate colleagues who work tirelessly to ensure that effective humanitarian assistance reaches millions of people across the globe.
* We offer an attractive compensation package (please refer to the **Terms and Conditions** section of this vacancy announcement).


JOB TITLE: Disability Inclusion Officer  

TYPE OF CONTRACT: Consultant level III  

UNIT/DIVISION: Gender Protection and Inclusion Unit/ PO  

DUTY STATION (City, Country): Rome/ Italy or remote  

DURATION: 11 months**BACKGROUND AND PURPOSE OF THE ASSIGNMENT:**


The United Nations World Food Programme (WFP) is the world's largest humanitarian agency, fighting hunger worldwide. We are seeking to fill the position of Disability Inclusion Officer based at our Headquarters in Rome, Italy or remotely. WFP is well\-known for its ability to deliver food assistance rapidly to people in need. In order to respond effectively in the challenging contexts in which WFP operates, staff require sound knowledge of the fundamentals of programming, as well as skills in specialized areas, such as humanitarian access, protection, accountability to affected populations (AAP), and conflict sensitive programming. The Gender, Protection and Inclusion (GPI) team at WFP Headquarters supports the integration of gender equality, protection and inclusion considerations across WFP’s policies, programmes and operations. This includes strengthening how evidence is generated, analysed and used to inform programme design, implementation, and corporate reporting, and ensuring that people\-centred approaches are consistently reflected across the programme cycle. The Programme Quality and Excellence team within GPI ensures that high standards of each thematic area covered by GPI, including Disability Inclusion, remain adequately addressed in WFP’s programmes and operations. Under the overall supervision of the Senior Disability Inclusion Advisor, the Disability Inclusion Officer will undertake the following duties

**ACCOUNTABILITIES/RESPONSIBILITIES:**


Five workstreams

**Engagement with Organizations of Persons with Disabilities (OPDs)**

* Lead OPD engagement work on behalf of WFP.
* Develop and foster partnerships with OPDs on behalf of WFP at the global and regional level that are mutually beneficial to both WFP and OPD partners.
* Update guidelines and roll\-out for consultation with persons with disabilities, namely through their representative organizations, that ensure accessibility and inclusiveness, and promote representation of the diversity of persons with disabilities and intersectionality.
* Streamline systems for consultation with OPDs globally, including through direct contributions to the BHA project \- Outcome 2 – Engage as well as other aspects of the Localization Portfolio insofar as they relate to Disability Inclusion.
* In collaboration with the Partnerships division, review and update field level agreements and/or other partnership frameworks to reflect the relationship with OPDs.

**Accessibility**

* Work across support GHQ and CO functions to provide support on accessibility related topics including through the ED Assurance Framework and as part of WFP minimum programming standards.
* Promote accessibility of the built environment at WFP headquarters and across country offices through establishment and implementation of standards and guidance.
* Support completion of ICT accessibility assessment and progress of implementation of emanating recommendations.
* Support with baseline assessment and subsequent approach for ensuring accessibility of Conferences and Services in collaboration with the Conference Servicing Unit

**Supporting Country Offices and Global HQ Regions**

* Provide technical assistance and capacity building to Regionally Outposted Colleagues and COs, in partnership with cross\-cutting Protection, AAP, Gender and/or Disability Inclusion regional or CO advisors.
* Support and provide technical support to at least one Regional Office to develop and manage their DI work plans, including Regional/ CO workplans. Provide back\-up support for a second Regional Office.
* Support DI mainstreaming throughout Country Strategic Plans through the FAR (CSP); data collection and utilization for CSP development, Annual Country Reporting and CRF reporting.

**Cross Functional**

* Provide guidance to the Steering Committee and the Working Group in relevant policy and technical areas with respect to the deliverables particularly in relation to the roll out of UNDIS 2\.0
* Deliver accessible trainings on consultation with OPDs, accessibility, reasonable accommodation and other related topics reflected in this TOR.
* Participate in relevant employee resources groups or working groups related to disability inclusion as well as to the Community of Practice for DI.
* Contribute to future strategy development on disability inclusion including capacity strengthening plans.

**People Operations/Human Resources**

* Provide technical support and recommendations to Human Resources on Reasonable Accommodation through rolling out the Reasonable Accommodation guidance and policy in line with the Diversity \& Inclusion team requests.
* Provide strategic inputs and guidance to existing human resources policies and processes from the disability inclusion perspective, as requested.
* Embed disability inclusion throughout end\-to\-end recruitment cycle to increase employment of persons with disabilities at WFP.
* Work with recruiters and human resources globally to enhance knowledge, capacity and practices on recruitment, retention and career development.
* Assist with capacity building initiatives (on\-line and in person) as well as advocacy materials in co\-ordination with the Diversity and Inclusion Team

**DELIVERABLES AT THE END OF THE CONTRACT:**

* Update guidance note on enabling persons with disabilities to participate in all processes that that assess, plan, design, implement, monitor and evaluate WFP operations and programming, at the headquarters, regional and country levels in line with GPI minimum standards as well as UNDIS 2\.0 programme standards and FAR integration
* Partnerships with key representative OPDs at the global, regional and country office levels including those set up through the Engage programme and relevant contracting mechansims
* Project plan for Regional Roll outs of concerned ROs including budget, timelines and monitoring information with action plans and reporting on all Country Office progress within the selected Regions.
* Technical assistance to COs on GPI minimum standards as well as specific technical advice provided on targeted DI interventions. These will be categorized through assistance for the Integrated Context Analysis and Risk Assessment tool, the FAR, the Gender Equality Certification Programme \+ DI and other GPI corporate processes.
* Training on all new UNDIS indicators through the DIWG Focal Points system, the Disability Inclusion Network and the COP\-DI

**QUALIFICATIONS \&** **EXPERIENCE** **REQUIRED:**

**Education:**


Masters degree in one or more of the following disciplines: social sciences, development studies, international relations, sociology or other relevant field.

**Experience:**

* At least six years of progressively responsible professional experience in development projects or humanitarian assistance, of which at least two dedicated to disability inclusion.
* Demonstrated field and policy\-oriented experience working on disability inclusion is required.
* Experience in operational research and programme design in the areas covered under this TOR is desirable.

 **Knowledge \& Skills:**

* Demonstrated knowledge of the normative framework on Disability Inclusion;
* Experience in coordination is required;
* Experience on guidance and training development is an asset;
* Previous UN experience, preferably with WFP, is highly desirable;
* Demonstrated strong analytical and writing skills;
* Ability to write in an engaging and informative manner, and conceptualize and clearly synthesize information;
* Ability to work on short timelines, under pressure, and managing multiple priorities simultaneously with minimal supervision; and
* Initiative, enthusiasm, creativity, and flexibility with excellent interpersonal skills and team spirit.

**Languages:**


Fluency in English is required, knowledge of another UN language is strongly desirable.

**WFP LEADERSHIP FRAMEWORK**

  

WFP Leadership Framework guides to the common standards of behavior that guide HOW we work together to accomplish our mission.

 **REASONABLE ACCOMMODATION**

  

WFP is committed to supporting individuals with disabilities by providing reasonable accommodations throughout the recruitment process. If you require a reasonable accommodation, please contact: global.inclusion@wfp.org

**NO FEE DISCLAIMER**

  

The United Nations does not charge any application, processing, training, interviewing, testing or other fee in connection with the application or recruitment process. Should you receive a solicitation for the payment of a fee, please disregard it. Furthermore, please note that emblems, logos, names and addresses are easily copied and reproduced. Therefore, you are advised to apply particular care when submitting personal information on the web.

 **REMINDERS BEFORE YOU SUBMIT YOUR APPLICATION**

* All applications must be submitted exclusively through our online recruiting system. We do not consider CVs or applications sent by email, LinkedIn, or any other channel.
* We strongly recommend that your Workday profile is accurate and complete, and that all sections are filled in, including your employment history, academic qualifications, language skills, and UN grade (if applicable). Once your profile is completed, please apply, and submit your application.
* If you experience technical issues while submitting your application, you may contact us at global.hrerecruitment@wfp.org. Please note that this email is **only** for technical issues with an application \- **unsolicited applications or documents sent to this inbox will not receive a reply**.
* At the application stage, the only required documents are your CV and Cover Letter. Additional documents (passport, certificates, recommendation letters, etc.) may be requested later in the process.
* Only shortlisted candidates will be contacted and invited to proceed to the next stage of the recruitment process.

*All employment decisions are made on the basis of organizational needs, job requirements, merit, and individual qualifications. WFP is committed to providing an inclusive work environment free of sexual exploitation and abuse, all forms of discrimination, any kind of harassment, sexual harassment, and abuse of authority. Therefore, all selected candidates will undergo rigorous reference and background checks.*

 *No appointment under any kind of contract will be offered to members of the UN Advisory Committee on Administrative and Budgetary Questions (ACABQ), International Civil Service Commission (ICSC), FAO Finance Committee, WFP External Auditor, WFP Audit Committee, Joint Inspection Unit (JIU) and other similar bodies within the United Nations system with oversight responsibilities over WFP, both during their service and within three years of ceasing that service.*","Organization","https://it.indeed.com/cmp/World-Food-Programme","https://d2q79iu7y748jz.cloudfront.net/s/_squarelogo/256x256/dc18dc6cce83c27f7add1743b1e294fc","https://www1.wfp.org/","Via Cesare Giulio Viola, 68, 00148 Rome RM, Italy","10,000+","more than $10B (USD)","WFP is best known for its life-saving work in emergencies.​ When disaster strikes, WFP gets vital food and non-food assistance to people in need. ​","","","","","","","recruiting"
"in-b2ea9665235b4fbc","indeed","https://it.indeed.com/viewjob?jk=b2ea9665235b4fbc","https://wd3.myworkdaysite.com/en-US/recruiting/wfp/job_openings/job/Rome-Italy/HRMOI-Org---Security-Analyst--Consultant-_JR126502","HRMOI Org & Security Analyst (Consultant)","World Food Programme","Roma, LAZ, IT","2026-09-08","fulltime","","","","","",False,"","","","global.inclusion@wfp.org, global.hrerecruitment@wfp.org","**DEADLINE FOR APPLICATIONS**


21 September 2026\-23:59\-GMT\+01:00 Central European Time (Rome)*WFP celebrates and embraces diversity. It is committed to the principle of equal employment opportunity for all its employees and encourages qualified candidates to apply irrespective of race, colour, national origin, ethnic or social background, genetic information, gender, gender identity and/or expression, sexual orientation, religion or belief, HIV status or disability.*

 **ABOUT WFP**  

  

The World Food Programme is the world’s largest humanitarian organization saving lives in emergencies and using food assistance to build a pathway to peace, stability and prosperity, for people recovering from conflict, disasters and the impact of climate change.

  

At WFP, people are at the heart of everything we do and the vision of the future WFP workforce is one of diverse, committed, skilled, and high performing teams, selected on merit, operating in a healthy and inclusive work environment, living WFP's values (Integrity, Collaboration, Commitment, Humanity, and Inclusion) and working with partners to save and change the lives of those WFP serves.  

  

To learn more about WFP, visit our website: https://www.wfp.org

**WHY JOIN WFP?**

* WFP is a 2020 Nobel Peace Prize Laureate.
* WFP offers a highly inclusive, diverse, and multicultural working environment.
* WFP invests in the personal \& professional development of its employees through a range of training, accreditation, coaching, mentorship, and other programs as well as through internal mobility opportunities.
* A career path in WFP provides an exciting opportunity to work across the various country, regional and global offices around the world, and with passionate colleagues who work tirelessly to ensure that effective humanitarian assistance reaches millions of people across the globe.
* We offer an attractive compensation package (please refer to the **Terms and Conditions** section of this vacancy announcement).

**JOB TITLE:** HRMOI Org \& Security Analyst (Consultant)

**TYPE OF CONTRACT:** CST REG

**UNIT/DIVISION:** HRMOI/HRM

**DUTY STATION (City, Country):** HQ Rome, Italy

**DURATION:** asap until 31\.12\.2026 \- with potential extension

**BACKGROUND AND PURPOSE OF THE ASSIGNMENT:**


The United Nations World Food Programme is the world's largest humanitarian agency fighting hunger WFP’s HR Technology and Analytics Branch (HRMOI) powers the digital backbone of HR, delivering smart tools, data, and strategy to streamline processes, drive decisions, and elevate experience.


The HRMOI provide the digital backbone of HR, enabling the effective delivery of HR operational processes through standardized business processes, high‑quality data, and enterprise HR technologies.


HRMOI leads the development, implementation, and maintenance of the HR Division’s technology strategy and roadmap, supporting integrated talent management and ensuring full visibility and integrity of the global workforce. This is achieved through enterprise HR platforms that integrate people processes, data, and intelligence across corporate and satellite systems, and through analytics and digital tools that support evidence‑based decision‑making across the employee lifecycle.


The HRMOI Branch consists of 5 workstreams:

* Payroll, Time and Audit Operations
* HR Technology and Talent Solutions
* People Analytics and Reporting
* Organizational Governance
* HR Enablement and Systems Adoption


The prefect candidate would have ideally experience in Workday implementation in a similar position and a good understanding of HR business processes to be able to work efficiently with our technical and business stakeholders.

**ACCOUNTABILITIES/RESPONSIBILITIES:**


Under the overall supervision of the Lead of Organization, Positions and HR System Security, the consultant will provide technical expertise to strengthen the integrity, governance, and alignment of Workday organizational data and security configurations.


The position will focus on delivering measurable improvements in data quality, system consistency, and access control compliance, ensuring alignment across organizational structures and integrated systems. The role will be accountable for:

**Organization Data Cleansing \& Alignment**

* Delivering validated and reconciled organizational datasets in Workday, ensuring structural integrity, referential consistency, and compliance with governance standards.
* Producing harmonized organizational and position data across Workday and WINGS, ensuring alignment between Global HQ and Country Office structures, including hierarchies, attributes, and financial objects.
* Executing and documenting end\-to\-end mass data maintenance activities, ensuring accuracy, completeness, and traceability across extraction, transformation, load, and reconciliation phases.
* Strengthening data governance controls, delivering improvements in validation rules, monitoring mechanisms, and data quality standards for Organization and Position Management.

**Workday Security Configuration**

* Supporting the delivery of aligned and compliant Workday security configurations, role\-based and user\-based security groups and assignable roles.
* Contributing to access review cycles, including validation of user access rights; identification of segregation of duties (SoD) conflicts, and implementation of mitigation actions.
* Supporting audit readiness and compliance, including preparation of documentation, validation of role mappings, and resolution of audit observations related to access controls.
* Assessing and mitigating risks associated with organizational or process changes, ensuring no adverse impact on security or access consistency.
* Supporting security testing activities (Unit, End\-to\-End, Integration), ensuring completeness and reliability of security configurations.
* Ensuring synchronization between organizational structures and security frameworks, enabling dynamic and accurate role\-based access.
* Contributing to system releases and continuous improvement cycles, ensuring proper validation, testing, and stabilization of changes.

**QUALIFICATIONS \& EXPERIENCE REQUIRED:**

**Education:**


Advanced university degree in Engineering, Computer Science, Business Administration, Mathematics or Finance, or First level university degree with additional relevant work experience.

**Experience:**


Minimum 5 years of experience in Human Resources or IT.


Hands\-on experience working with HR systems (preferably Workday), including configuration, data management, or process improvement.


Exposure to HR digital transformation or system enhancement projects, with the ability to work across functional and technical teams.


Proven experience in organizational structure and position management, preferably within a complex or global organization.


Experience with HR Data management and data analysis.

**Knowledge \& Skills:**


Knowledge and exposure to corporate information systems, working with SAP HR modules and Workday system.


Good knowledge and ability to interpret HR data, rules and regulations.


Strong analytical skills.


Strong time management skills with an ability to juggle competing priorities successfully, and to work on tight deadlines.


Attention to details and strong coordinating skills.


Ability to build relationships with a variety of individuals across functions and outside WFP in order to effectively contribute to the functioning of the unit.

**Languages:**


Fluency in oral and written English with an intermediate knowledge of another official UN language (Arabic, Chinese, French, Russian and Spanish) or Portuguese (one of WFP’s working languages).

**WFP LEADERSHIP FRAMEWORK**

  

WFP Leadership Framework guides to the common standards of behavior that guide HOW we work together to accomplish our mission.

 **REASONABLE ACCOMMODATION**

  

WFP is committed to supporting individuals with disabilities by providing reasonable accommodations throughout the recruitment process. If you require a reasonable accommodation, please contact: global.inclusion@wfp.org

**NO FEE DISCLAIMER**

  

The United Nations does not charge any application, processing, training, interviewing, testing or other fee in connection with the application or recruitment process. Should you receive a solicitation for the payment of a fee, please disregard it. Furthermore, please note that emblems, logos, names and addresses are easily copied and reproduced. Therefore, you are advised to apply particular care when submitting personal information on the web.

 **REMINDERS BEFORE YOU SUBMIT YOUR APPLICATION**

* All applications must be submitted exclusively through our online recruiting system. We do not consider CVs or applications sent by email, LinkedIn, or any other channel.
* We strongly recommend that your Workday profile is accurate and complete, and that all sections are filled in, including your employment history, academic qualifications, language skills, and UN grade (if applicable). Once your profile is completed, please apply, and submit your application.
* If you experience technical issues while submitting your application, you may contact us at global.hrerecruitment@wfp.org. Please note that this email is **only** for technical issues with an application \- **unsolicited applications or documents sent to this inbox will not receive a reply**.
* At the application stage, the only required documents are your CV and Cover Letter. Additional documents (passport, certificates, recommendation letters, etc.) may be requested later in the process.
* Only shortlisted candidates will be contacted and invited to proceed to the next stage of the recruitment process.

*All employment decisions are made on the basis of organizational needs, job requirements, merit, and individual qualifications. WFP is committed to providing an inclusive work environment free of sexual exploitation and abuse, all forms of discrimination, any kind of harassment, sexual harassment, and abuse of authority. Therefore, all selected candidates will undergo rigorous reference and background checks.*

 *No appointment under any kind of contract will be offered to members of the UN Advisory Committee on Administrative and Budgetary Questions (ACABQ), International Civil Service Commission (ICSC), FAO Finance Committee, WFP External Auditor, WFP Audit Committee, Joint Inspection Unit (JIU) and other similar bodies within the United Nations system with oversight responsibilities over WFP, both during their service and within three years of ceasing that service.*","Organization","https://it.indeed.com/cmp/World-Food-Programme","https://d2q79iu7y748jz.cloudfront.net/s/_squarelogo/256x256/dc18dc6cce83c27f7add1743b1e294fc","https://www1.wfp.org/","Via Cesare Giulio Viola, 68, 00148 Rome RM, Italy","10,000+","more than $10B (USD)","WFP is best known for its life-saving work in emergencies.​ When disaster strikes, WFP gets vital food and non-food assistance to people in need. ​","","","","","","","recruiting"
"in-a5be0b3ac525271f","indeed","https://it.indeed.com/viewjob?jk=a5be0b3ac525271f","https://jobs.acea.it/Acea/job/roma-PM-Specialist-Construction-e-Operation-Energy-Efficiency-RM-00100/1434870433/","PM Specialist Construction e Operation - Energy Efficiency","ACEA SPA","Roma, LAZ, IT","2026-09-08","","","","","","",True,"","","","","Data: 8 set 2026
Luogo:
roma, RM, IT, 00100


Gruppo societario: Acea
Società: A.Quantum SpA
**PM Specialist Construction e Operation \- Energy Efficiency**

  

**CHI SIAMO**


La mission di Acea è sviluppare e gestire infrastrutture sicure e sostenibili garantendo l’accesso e la circolarità delle risorse fondamentali per la cittadinanza, le imprese e il territorio. Acea offre servizi essenziali legati alla gestione dell’acqua, alla distribuzione di energia elettrica, all’illuminazione pubblica e al trattamento dei rifiuti.  

**COSA FARAI**


a.Cities Srl è la società di Acea che eroga servizi e fornisce soluzioni integrate per guidare la transizione energetica dei clienti. All’interno dell’Unità Sviluppo Tecnico la risorsa supporterà l'intero ciclo di vita dei progetti di efficientamento energetico di edifici (in ambito edile ed impiantistico), dalla fase autorizzativa (Permitting) alla realizzazione (Construction) fino alla gestione (Operation).

  

Entrando nella nostra squadra ti occuperai principalmente di:

  

* Gestire e supervisionare lo sviluppo progettuale degli interventi di efficientamento energetico, verificando il rispetto dei requisiti tecnico\-economici previsti dalle misure incentivanti applicabili (Conto termico, Superbonus, Transizione 5\.0, TEE, ecc.);
* Interfacciarti proattivamente con gli Enti Pubblici (Comuni, Regioni, Soprintendenze, Gestori di Rete) per l'ottenimento dei permessi necessari (CILA, SCIA, Autorizzazioni Uniche, allacciamenti), e per il riconoscimento e mantenimento delle forme incentivanti disponibili (GSE, Agenzia delle entrate, ENEA);
* Coordinare i professionisti esterni (ingegneri, geometri, periti) durante le fasi di progettazione preliminare, definitiva ed esecutiva;
* Redigere specifiche tecniche e capitolati d'appalto per l'affidamento dei lavori;
* Supportare la definizione della contrattualistica tecnica per gli interventi da realizzare;
* Supervisionare l'esecuzione dei lavori in cantiere, assicurando la conformità al progetto approvato e monitorando l'avanzamento delle commesse (tempi e budget), anche con riferimento agli aspetti di sicurezza (D.Lgs. 81/2008\);
* Gestire eventuali varianti in corso d'opera e risolvere problematiche tecniche operative;
* Supervisionare e coordinare le attività relative alla manutenzione ordinaria e straordinaria (ripristini) sugli edifici, inclusa l'apertura dei sinistri sulle polizze in essere (postuma decennale e RPO);
  

**CHI SEI**


* Laurea in Ingegneria (Civile, Energetica, Meccanica o simili) o Architettura.
* Esperienza: 3 \- 5 anni in ruoli analoghi (PM Construction) nel settore di riferimento o settori affini, con particolare riferimento alla gestione interventi Ecobonus e Superbonus;
* Possiedi una buona conoscenza della normativa di settore relativa alla gestione degli appalti;
* Possiedi un'ottima conoscenza del pacchetto Office (in particolare Excel) e familiarità con applicativi tecnici quali AutoCAD, MS Project, software di computazione (Primus, STR o equivalenti); la conoscenza di strumenti BIM (Revit) costituisce titolo preferenziale;
* Hai una forte attitudine a collaborare con team multi‑disciplinari (ingegneria, commerciale, project management, procurement) e orientamento agli obiettivi;
* Richiesta disponibilità a trasferte sul territorio nazionale
  

**COSA TI ASPETTA**


**Condizioni contrattuali e retribuzione**


* Qualifica: Impiegato/a
* Contratto Collettivo Nazionale Elettrico
* Retribuzione Annua Lorda: € 40\.000 – 45\.000
* Premio di risultato, convertibile in welfare o previdenza complementare
  

**Benefit e work\-life balance**


* Flessibilità oraria e smart working secondo accordi aziendali
* Buoni pasto di € 12,8 per ogni giorno lavorativo
* Fondo di previdenza complementare Pegaso
  

**Welfare e People Caring**


* **Salute e solidarietà**: assistenza sanitaria integrativa, programmi di prevenzione, iniziative di volontariato e solidali, tra cui la Race for the Cure.
* **Benessere psicofisico**: supporto psicologico, corso di autodifesa femminile e accesso agevolato agli spazi sportivi dell’OASI Sports Center.
* **Family Care**: sostegno alla genitorialità, congedi di paternità ampliati (22 gg), percorsi dedicati alla maternità, asilo nido aziendale Un fiume di emozioni e campo estivo Acea Camp.
* **Agevolazioni economiche**: piattaforma welfare con oltre 400 convenzioni, flexible benefits e vantaggi su servizi, mobilità, formazione e tempo libero.
  

**Formazione e Sviluppo**


* **Acea Academy**: il nostro ecosistema formativo per lo sviluppo delle nostre professionalità, finalizzato a consolidare le competenze e sviluppare nuovi talenti.
* **Sviluppo della Persona**: strumenti a supporto dello sviluppo e della crescita dei dipendenti, tra cui il processo di Performance Management, progetti di talent management, assesment center e molteplici iniziative volte a promuovere la cultura dell’ascolto e del feedback continuo.
  

**SEDE DI LAVORO:** Roma, Italia

  

**CON NOI POTRAI**


Lavorare in un ambiente innovativo, in continua crescita, contribuendo a migliorare la qualità e la sostenibilità del mondo in cui viviamo.


Potrai far parte di un’azienda che si impegna tutti i giorni nel migliorare il benessere delle proprie persone con l’attivazione di progetti volti a promuovere la Salute, il Benessere psico fisico, le misure di Conciliazione Vita Lavoro e di Incentivazione.


Un’azienda orientata ad accrescere le competenze, che monitora le aree di forza e di miglioramento e adotta approcci strutturati di Formazione e Sviluppo, volti a favorire la crescita individuale per la valorizzazione e il riconoscimento del merito.


**Acea certificata Top Employer promuove l’inclusione e la valorizzazione dell’individualità di ogni persona coinvolta nei propri processi selettivi contrastando qualsiasi forma di discriminazione.**

  

**CONSIGLI UTILI PER PREPARARTI AL MEGLIO AL COLLOQUIO**


Approfondisci il nostro processo di selezione Processo di selezione \| Acea


Consulta la nostra Strategia e il Piano Industriale 2024\-2028 Green\-Diligent\-Growth Una Strategia Integrata \| Acea


*La selezione è aperta a tutte le persone, nel rispetto del principio di pari opportunità e non discriminazione, ai sensi della normativa vigente. Tutte le nostre opportunità sono aperte anche a profili tutelati da L. 68/99\. I dati personali raccolti verranno trattati nel rispetto del Regolamento Ue 2016/679 (GDPR).*

  

  

**Segmento professionale:** AutoCAD, CAD, Drafting, Recruiting, Engineering, Human Resources, Energy","","https://it.indeed.com/cmp/Acea-Spa","https://d2q79iu7y748jz.cloudfront.net/s/_squarelogo/256x256/68299544323794dacd704fe9456d7087","http://www.aceaspa.it","Rome, IT","201 to 500","$1B to $5B (USD)","","","","","","","","recruiting"
"in-adf84769e7cb844c","indeed","https://it.indeed.com/viewjob?jk=adf84769e7cb844c","https://joblink.allibo.com/ats9/job-offer.aspx?DM=1604&ID=183839&LN=IT&SG=3&FT=10&MD=1","SALES ASSISTANT FULL-TIME LEGAMI - ROMA CC EUROMA 2","Legami","Roma, LAZ, IT","2026-09-10","fulltime","","","","","",False,"","","","","LEGAMI è il brand italiano nato nel 2003 con l’obiettivo di far vivere emozioni positive attraverso oggetti che accompagnano la vita quotidiana delle persone.
  
  

“We are Dreamers” è la nostra filosofia e cerchiamo sempre Dreamers talentuosi per collaborare e crescere insieme a noi.
  
  

LEGAMI è un universo di mondi da esplorare costituito da prodotti colorati, originali, divertenti, capaci di emozionare chi li acquista e chi li riceve in regalo: dagli articoli stationery agli accessori per la casa, dai prodotti per il viaggio agli accessori per il beauty, gli accessori Hi\-Tech, i giocattoli vintage e molto altro.
  
  

Nel nostro quartier generale progettiamo tutti gli oltre 5\.000 prodotti che distribuiamo in più di 70 Paesi, nella rete internazionale di Boutique LEGAMI, in più di 500 punti vendita nel mondo in collaborazione con le più prestigiose librerie e department store e sul nostro sito e\-commerce.
  
  

**SALES ASSISTANT FULL\-TIME LEGAMI \- ROMA CC EUROMA 2:**  

Per la nostra Boutique di Roma presso il CC Euroma 2 cerchiamo una figura di Sales Assistant che contribuisca ad una Customer Experience positiva, supportando il raggiungimento degli obiettivi e assicurando i più alti standard di servizio e immagine del punto vendita.
  
  

**Di cosa ti occuperai:**  

accoglierai e assisterai i clienti durante la loro esperienza in Boutique, contribuendo al raggiungimento degli obiettivi di vendita;
  
ti occuperai dell’allestimento e del mantenimento degli spazi espositivi secondo le linee guida di Visual Merchandising, assicurando la corretta esposizione, prezzatura e disponibilità dei prodotti;
  
gestirai le attività di cassa, inclusi pagamenti, apertura e chiusura cassa;
  
riceverai, controllerai e sistemerai la merce in negozio e in magazzino, assicurandone il corretto rifornimento;
  
contribuirai a mantenere l'ordine e la pulizia degli spazi, nel rispetto delle procedure aziendali, delle normative di sicurezza e degli standard di servizio.
  
  

**Requisiti:**  

esperienza pregressa di almeno 2 anni in ruolo analogo nel settore Retail;
  
ottime capacità relazionali, comunicative e di ascolto e propensione al lavoro di squadra;
  
capacità organizzative, affidabilità, precisione e attenzione ai dettagli;
  
disponibilità a lavorare su turni, nei weekend e nei giorni festivi.
  
  

**Cosa offriamo:**  

contratto full\-time, 40 ore settimanali distribuite 6 giorni su 7;
  
inquadramento al 5° livello del CCNL Commercio Confesercenti, RAL 23\.241 €;
  
  

prezzi agevolati per l'acquisto dei prodotti LEGAMI.
  
  

Se ti piace il settore Retail, hai una forte passione per il mondo delle vendite e ami i prodotti Legami, potresti essere la persona che stiamo cercando.
  
  

DIVENTA UN DREAMER ANCHE TU!
  
  

I dati fornitici saranno trattati per la ricerca e selezione di personale ai sensi del Regolamento UE 679/2016 (GDPR). La selezione rispetta il principio delle pari opportunità (L. 903/1977 e D.Lgs 198/2006\) e accoglie candidature di tutti i generi. L'azienda incoraggia la candidatura di persone appartenenti alle categorie protette (L. 68/99\).","","https://it.indeed.com/cmp/Legami-3","https://d2q79iu7y748jz.cloudfront.net/s/_squarelogo/256x256/85fb91bf688c426ddbe6f72ad7e4781f","","","Decline to state","Decline to state","","","","","","","","selezione personale"
"in-9a109be3fc8138b0","indeed","https://it.indeed.com/viewjob?jk=9a109be3fc8138b0","https://zinrec.intervieweb.it/annunci.php?l=expert-business-associate-fluent-in-english-and-italian-149593&lang=it&d=indeed&LAC=manuelbregolin","Expert business associate fluent in English and Italian","NETwk","Roma, LAZ, IT","2026-09-10","","","","","","",False,"","","","","Siamo un'azienda italiana operante nella ricerca e selezione del personale che si occupa di soddisfare le necessità dei clienti offrendo servizi personalizzati.

  

  

**Posizione:**
--------------

Azienda cliente è alla ricerca di una persona dinamica e motivata, con buona esperienza in marketing internazionale che si unisca al loro team.

  

Responsabilità del ruolo:

* Supporto e coordinamento del team di vendite e al CEO nella gestione dei contatti con clienti inbound/outbound e gestione delle informazioni mediante Excel avanzato e database relazionale
* Analisi dati e creazione di report a supporto delle varie funzioni aziendali
* Redazione documenti di vendita e prima nota

**Requisiti:**
--------------

Requisiti:

* Ottima padronanza di italiano e inglese, molto gradita conoscenza della lingua francese e/o spagnola
* Utilizzo evoluto del pacchetto Office, Excel in particolare
* Ottime capacità organizzative, comunicative e di collaborazione in team
* Buone capacità di analisi di dati
* Molto apprezzata la dimestichezza con social media e software multimediale","","https://it.indeed.com/cmp/Netwk","","","","","","","","","","","","","selezione personale"
"in-145ba9fc4274fef3","indeed","https://it.indeed.com/viewjob?jk=145ba9fc4274fef3","https://zinrec.intervieweb.it/annunci.php?l=addettoa-pulizia-zona-monterotondo-rm-149617&lang=it&d=indeed&LAC=manuelbregolin","ADDETTO/A PULIZIA ZONA MONTEROTONDO (RM)","NETwk","Monterotondo, LAZ, IT","2026-09-10","","","","","","",False,"","","","","Siamo un'azienda italiana operante nella ricerca e selezione del personale che si occupa di soddisfare le necessità dei clienti offrendo servizi personalizzati.

  

  

**Posizione:**
--------------

Impresa di servizi ricerca per ampiamento del proprio organico addetti al servizio pulizie in zona Monterotondo (Roma) e zone limitrofe per proprio appalto presso un supermercato.


L’orari sono dalle 06\.00 alle 08\.30 da lunedì alla domenica con un giorno di riposo a rotazione.

**Requisiti:**
--------------

Si richiede esperienza specifica nel settore e disponibilità a lavorazioni a turnazioni, automuniti e residenti in zona.","","https://it.indeed.com/cmp/Netwk","","","","","","","","","","","","","selezione personale"
"in-bf7e4ae0cdda768f","indeed","https://it.indeed.com/viewjob?jk=bf7e4ae0cdda768f","https://zinrec.intervieweb.it/annunci.php?l=guardie-particolari-giurate-149622&lang=it&d=indeed&LAC=manuelbregolin","Guardie Particolari Giurate","NETwk","Roma, LAZ, IT","2026-09-10","fulltime","","","","","",False,"","","","","Siamo un'azienda italiana operante nella ricerca e selezione del personale che si occupa di soddisfare le necessità dei clienti offrendo servizi personalizzati.

  

  

**Posizione:**
--------------

Per la azienda cliente ricerchiamo **2 Guardie Particolari Giurate (GPG)**

  

La persona sarà inserita all’interno della Centrale Operativa e sarà dedicata ad attività di verifica e monitoraggio dei siti clienti, con particolare riguardo alle attività di videosorveglianza ed antintrusione. Le attività prevedono la ricezione contemporanea degli allarmi, provenienti da diversi gestionali e Software, da analizzare e gestire allo scopo di sventare le reali intrusioni. Qualora la situazione lo richiedesse verrebbero attivati i servizi di piantonamento e monitoraggio in tutte le fasi di gestione fino al ripristino della sicurezza del sito.

  

Si specifica che l’attività viene svolta in un ambiente isolato ed è richiesta una elevata capacità di concentrazione per interpretare correttamente la natura dei segnali. Inoltre, è richiesta una prontezza di gestione che deve garantire accuratezza e tempestività al fine di sventare situazioni pericolose e di furto.


Completano il profilo la capacità di dialogo e lavoro in squadra e il rispetto delle procedure, le disposizioni e le gerarchie aziendali.

 **Responsabilità principali:**

* Monitoraggio dei Software gestionali e analisi degli allarmi
* Gestione della presunta intrusione nel rispetto delle procedure aziendali
* Attivazione, ove necessario, del servizio del piantonamento
* Gestione delle varie fasi di verifica fisica sul sito
* Aggiornamento intervento
* Aggiornamento dei vari stakeholder
* Redazione documentale

**Requisiti:**
--------------

**Requisiti obbligatori**

* Decreto prefettizio in corso di validità
* Titoli autorizzativi e porto d’armi conformi al TULPS
* Patente di guida categoria B
* Disponibilità al lavoro su turni h24 (ciclo 6\+1\+1\)

 **Requisiti preferenziali**

* Conoscenza e utilizzo di software dedicati alla sicurezza/vigilanza (DUNIA, SICEP)
* Esperienza nella gestione di sistemi di allarme e videosorveglianza
* Esperienza pregressa in servizi di pattugliamento
* Esperienza pregressa presso una Centrale Operativa
* Buone competenze informatiche di base

 **Soft Skills:**

* Affidabilità operativa (puntualità, rispetto procedure, qualità della reportistica)
* Capacità di gestione dello stress e delle emergenze
* Spirito di osservazione e Problem solving

**Titolo di studi:**


Diploma di scuola superiore, preferibilmente ad indirizzo tecnico

**Altre informazioni:**
-----------------------

Sede di lavoro: RM


Orario Full Time su **Turnazione h24 su ciclo 6\+1\+1** (inclusi notturni e festivi)


Contratto a Tempo Determinato o a tempo Indeterminato in base all’esperienza del candidato/a.


Livello di inquadramento: V\-III CCNL Vigilanza privata e Servizi Fiduciari, in funzione delle competenze tecniche maturate e livello di esperienza.","","https://it.indeed.com/cmp/Netwk","","","","","","","","","","","","","selezione personale"
"in-3931979a1ce59d29","indeed","https://it.indeed.com/viewjob?jk=3931979a1ce59d29","https://zinrec.intervieweb.it/annunci.php?l=addettoa-facchino-149602&lang=it&d=indeed&LAC=manuelbregolin","Addetto/a Facchino","NETwk","Roma, LAZ, IT","2026-09-10","","","","","","",False,"","","","","Siamo un'azienda italiana operante nella ricerca e selezione del personale che si occupa di soddisfare le necessità dei clienti offrendo servizi personalizzati.

  

  

**Posizione:**
--------------

Si ricercano **addetti al servizio di facchinaggio** con il servizio per un mese in zona Casal Monastero (Roma) e successivo spostamento in zona Santa Palomba (Roma) per proprio appalto.

**Requisiti:**
--------------

Si richiede esperienza specifica nel settore e disponibilità a lavorazioni a turnazioni, automuniti e residenti in zona.

**Altre informazioni:**
-----------------------

Offresi inquadramento di legge.

 **Retribuzione:** 800,00/1\.000,00","","https://it.indeed.com/cmp/Netwk","","","","","","","","","","","","","selezione personale"
"in-c55388186d591ffe","indeed","https://it.indeed.com/viewjob?jk=c55388186d591ffe","https://zinrec.intervieweb.it/annunci.php?l=progettista-hardware-149637&lang=it&d=indeed&LAC=manuelbregolin","Progettista hardware","NETwk","Roma, LAZ, IT","2026-09-10","","","","","","",False,"","","","","Siamo un'azienda italiana operante nella ricerca e selezione del personale che si occupa di soddisfare le necessità dei clienti offrendo servizi personalizzati.

  

  

**Posizione:**
--------------

Come **progettista HW** avrai il compito di:

* Progettazione di schede elettroniche di alimentazione e mixed signal: digitali\-analogiche
* Progettazione di schematici, layout, documenti di collaudo
* Sarai coinvolto direttamente nel team di progetto. Interagirai con ingegneri meccanici ed elettronici per realizzare, in team, apparti complessi ed allo stato dell’arte.
* Seguire il collaudo delle board, da te progettate, nel nostro laboratorio
* Interagire con fornitori esterni per la definizione di tutti gli step produttivi
* Imparerai a gestire il tuo lavoro in autonomia ed approfondirai tematiche tecniche e di gestione del lavoro.

  

Il nostro scopo è far emergere tutto il tuo potenziale in un team dedicato alla progettazione di circuiti ed apparati per le telecomunicazioni.

 **Le attività si svolgeranno presso la nostra sede di Roma**, dove avrai modo di accedere al nostro laboratorio all’avanguardia.

**Requisiti:**
--------------

**Requisiti richiesti**


Se hai queste caratteristiche sei il nostro candidato ideale:


– Laure in Elettronica votazione minima 90/100


– Esperienza, almeno triennale, nella progettazione circuiti elettronici


– Capacità di realizzazione di disegni tecnici elettronici


– Esperienza con software CAD per PCB


– Esperienza con apparecchiature di test elettriche/elettroniche

**Altre informazioni:**
-----------------------

**Cosa Offriamo**

* Retribuzione: A Partire da 40\.000€
* Percorso di crescita con formazione strutturata, personalizzata
* Corsi di lingue
* Assicurazione medica integrativa
* Welfare aziendale
* Buoni Pasto
* Programma di bonus aziendali su obiettivi

 **Sede di lavoro**: Roma","","https://it.indeed.com/cmp/Netwk","","","","","","","","","","","","","selezione personale"
"in-a69c8db0e641469d","indeed","https://it.indeed.com/viewjob?jk=a69c8db0e641469d","https://inrec.intervieweb.it/annunci.php?l=operatore-dufficio-con-competenze-informatiche-e-cad-251469&lang=it&d=indeed&LAC=ntw","Operatore d’ufficio con competenze informatiche e CAD","NTWK","Roma, LAZ, IT","2026-09-10","","","","","","",False,"","","","","NTWK, azienda italiana operante nella ricerca e selezione del personale, si occupa di soddisfare le necessità dei clienti offrendo servizi personalizzati.

  

  

**Posizione:**
--------------

Ricerchiamo un profilo ambosesso da formare/con esperienza come **Operatore d’ufficio con competenze informatiche e CAD**, incaricato di inserimento dati, gestione documentale e utilizzo di Word ed Excel . Si occupa inoltre della predisposizione e gestione delle pratiche VVF e INAIL, garantendo precisione e rispetto delle procedure.

 **La risorsa si occuperà di:**

* Compilazione, aggiornamento e gestione delle pratiche VVF (SCIA antincendio, rinnovi,
* integrazioni documentali, rapporti con enti).
* Gestione delle pratiche INAIL (denunce, comunicazioni, aggiornamenti, portale INAIL).
* Elaborazione di disegni grafici CAD 2d ad integrazione della documentazione VVF e INAIL
* Redazione e formattazione di documenti tramite Microsoft Word.
* Gestione e aggiornamento di fogli Excel per elaborazioni ripartizioni, monitoraggio scadenze, registri, anagrafiche e report.
* Archiviazione digitale ordinata e conforme alle procedure interne.
* Comunicazioni con enti e professionisti.
* Supporto generale all’ufficio tecnico/amministrativo

**Requisiti:**
--------------

**Requisiti richiesti:**

* Ottima conoscenza del pacchetto Microsoft Office, in particolare:
* Word (impaginazione, modelli, gestione documenti formali).
* Excel (tabelle, filtri, formule base, gestione dati).
* Conoscenza base CAD 2d.
* Capacità di compilare modulistica tecnica e amministrativa.
* Riservatezza e rispetto delle procedure.
* Capacità di lavorare in team.

 **Formazione:**

**Richiesto titolo di studio minimo:** Diploma preferibilmente indirizzo Tecnico / Scientifico oppure laurea o laurea breve.

**Altre informazioni:**
-----------------------

**Si offre /Tipo di contratto:** contratto a tempo indeterminato.

 **Contratto con orario:** 8:00 – 13:00 / 14:00 – 17:00\.

 **Sede di lavoro:** Via dei Bichi 14 – 00164 Roma.","","https://it.indeed.com/cmp/Ntwk","","","","","","","","","","","","","selezione personale"
"in-bf3aff86cf1db1f0","indeed","https://it.indeed.com/viewjob?jk=bf3aff86cf1db1f0","https://inrec.intervieweb.it/annunci.php?l=impiegatoa-tecnico-di-cantiere-251482&lang=it&d=indeed&LAC=ntw","Impiegato/a Tecnico di Cantiere","NTWK","Roma, LAZ, IT","2026-09-10","","","","","","",False,"","","","","NTWK, azienda italiana operante nella ricerca e selezione del personale, si occupa di soddisfare le necessità dei clienti offrendo servizi personalizzati.

  

  

**Posizione:**
--------------

Azienda cliente ricerca una risorsa da inserire nel proprio organico con il ruolo di **Impiegato/a Tecnico di Cantiere**, che supporterà le attività tecniche e organizzative legate alla gestione dei cantieri.

**Requisiti:**
--------------

**Requisiti richiesti**

* Diploma di scuola superiore con indirizzo Geometra.
* Esperienza di almeno 10 anni nella mansione.
* Patente di guida in corso di validità.
* Automunito/a.
* Residenza a Roma.

**Altre informazioni:**
-----------------------

**Sede di lavoro**

* Roma

**Tipologia contrattuale**

* Contratto di lavoro a tempo determinato, con condizioni economiche commisurate all’esperienza e alle competenze del candidato.

**Retribuzione**

* Come da CCNL di riferimento.","","https://it.indeed.com/cmp/Ntwk","","","","","","","","","","","","","selezione personale"
"in-22adb4fe29f75fe0","indeed","https://it.indeed.com/viewjob?jk=22adb4fe29f75fe0","https://leonardocompany.wd3.myworkdayjobs.com/LeonardoCareerSite/job/IT---Roma---Via-Tiburtina--KM12400/Tecnico-Packaging_R0029990","Tecnico Packaging","Leonardo","Roma, LAZ, IT","2026-09-09","","","","","","",False,"","","","","**Job Description:**


Leonardo è un gruppo industriale internazionale, tra le principali realtà mondiali nell’Aerospazio, Difesa e Sicurezza che realizza capacità tecnologiche multidominio in ambito Elicotteri, Velivoli, Aerostrutture, Elettronica, Cyber Security e Spazio. Con oltre 60\.000 dipendenti nel mondo, l’azienda ha una solida presenza industriale in Italia, Regno Unito, Polonia, Stati Uniti, e opera in 150 paesi anche attraverso aziende controllate, joint venture e partecipazioni. Protagonista dei principali programmi strategici a livello globale, è partner tecnologico e industriale di Governi, Amministrazioni della Difesa, Istituzioni e imprese.


All’interno della Electronics Division stiamo cercando un/a **Microelectronics Technician** per la nostra sede di Roma Tiburtina.


La persona verrà inserita nel team del Microwave Lab in un ambiente di lavoro motivante e interdisciplinare costituito da tecnici a microonde, ingegneri e fisici; interfacciandosi con altre aree di ingegneria.


La risorsa sarà inserita all’interno di un laboratorio (camera pulita) e si occuperà delle attività di integrazione di chip in package, partecipando alle diverse fasi del processo di assemblaggio microelettronico. In particolare, si occuperà di:

* dispensazione di resine conduttive e dielettriche;
* posizionamento e allineamento di chip;
* realizzazione di interconnessioni tramite microfili (wire bonding) e/o bandelle;
* attività di incapsulamento e sigillatura dei package.


La figura opererà seguendo procedure tecniche e standard qualitativi, con il supporto e l’affiancamento del personale esperto.


L'area è di pre\-sviluppo industriale ed è quindi richiesta una stretta collaborazione con ingegneri di processo e progettisti a microonde.

**Titoli di studio:**


Diploma c/o Istituto Tecnico

**Seniority**

*Junior*: 1\-3 anni di esperienza

  



**Conoscenze e competenze tecniche**

* **Passione per la microelettronica**: forte motivazione ad apprendere attività di assemblaggio e integrazione elettronica.
* **Ottima manualità**: precisione, mano ferma e coordinazione per la manipolazione di componenti miniaturizzati.
* **Uso di strumenti di precisione**: predisposizione all'utilizzo di microscopi, pinzette, saldatori e attrezzature da laboratorio.
* **Lettura del disegno tecnico**: capacità di base nel comprendere schemi elettrici, piani di integrazione e documentazione di processo.
* **Basi di micro\-assemblaggio**: conoscenza teorica o scolastica delle tecniche di incollaggio e brasatura (chip in package).
* **Flussi di processo**: nozioni base sulla sigillatura e sull'incapsulamento di package ceramici e plastici.
* **Qualità e metodo**: attitudine a seguire procedure operative e standard di qualità in ambienti controllati (es. camere bianche).
* **Soft skills**: accuratezza, forte attenzione al dettaglio e predisposizione al lavoro in team.

**Conoscenze linguistiche:**

* Inglese livello B1

**Competenze comportamentali**:

* Proattività;
* capacità di lavorare in gruppo;
* attitudine al problem solving;
* flessibilità nell'occuparsi di argomenti al di fuori del proprio dominio di competenza.

**Altro**


La/il candidata/o ideale offre la propria disponibilità a svolgere l’attività lavorativa principalmente in sede e ad effettuare trasferte di breve/media durata, dopo adeguato training on the job, in Italia e/o all’estero.

***Coinvolgimento, valorizzazione delle competenze****, cura del* ***benessere*** *e della* ***sicurezza delle persone*** *sono i cardini della nostra cultura aziendale.*

*Ci impegniamo ogni giorno a favorire un ambiente di lavoro* ***inclusivo e stimolante****, promuovendo attivamente i principi di* ***inclusione, equità e valorizzazione delle diversità****.*

***Cosa offriamo?***

* *Il nostro contratto collettivo del lavoro di riferimento è il CCNL per Industria Metalmeccanica Privata e della Installazione di Impianti;*
* *Modalità di lavoro: Ibrida;*
* *Categoria contrattuale: Impiegato;*
* *Tipologia contrattuale: tempo indeterminato;*
* *Retribuzione annua lorda (RAL)/ range retributivo: 30\.498,78 \- 40\.000€;*
* *Tredicesima mensilità;*
* *Premialità legata ai risultati di Business;*
* *Buoni Welfare dal valore di 250 euro annui;*
* *Mensa aziendale;*
* *Opportunità di formazione e aggiornamento continuo delle competenze professionali e delle soft skill;*
* *Benessere: mettiamo al primo posto il benessere economico, fisico, sociale e psicologico delle nostre persone, offrendo molteplici soluzioni vicine alle loro esigenze.*

***L’azienda si riserva la possibilità di effettuare valutazioni in merito al livello di inquadramento e alla proposta economica, sulla base di criteri oggettivi emersi nel corso del processo di selezione e in coerenza con la seniority del/della candidato/a individuato/a e della posizione, nel rispetto dei principi di equità, trasparenza e pari opportunità previsti dalla normativa vigente.***

***Aspettiamo la tua candidatura****: inviaci il tuo CV entro* ***tre settimane*** *dall’apertura dell’annuncio di lavoro.*

***Come funziona il processo di selezione?***

*A seguito della raccolta delle candidature, vengono valutati e identificati i CV maggiormente in linea con i requisiti richiesti.*

*Le/i candidate/i selezionate/i sostengono un colloquio conoscitivo con il team delle Risorse Umane, motivazionale e attitudinale, seguito da un’intervista di approfondimento tecnico con il Business.*

*Al termine del processo, alla persona viene restituito un feedback, sia in caso di esito positivo che negativo.*

**Seniority:**


**Primary Location:**


IT \- Roma \- Via Tiburtina KM12,400**Additional Locations:**

**Contract Type:**


Permanent**Hybrid Working:**","","https://it.indeed.com/cmp/Leonardo-3","https://d2q79iu7y748jz.cloudfront.net/s/_squarelogo/256x256/65e719d3b9c1de0ab9c4917f25195a10","https://www.leonardo.com/it/","Rome","10,000+","more than $10B (USD)","Leonardo is a global high-tech company and one of the key players in Aerospace, Defence and Security.","","","","","","","selezione personale"
"in-8786e70d833e37e0","indeed","https://it.indeed.com/viewjob?jk=8786e70d833e37e0","http://it.indeed.com/job/addetto-centralino-reception-8786e70d833e37e0","Addetto/a Centralino - Reception","Gruppo Paoletti","Fiumicino, LAZ, IT","2026-09-09","parttime","","","","","",False,"","","","","**Chi siamo?** 

**Gruppo Paoletti**, è un primario gruppo conglomerato operante sia a livello nazionale che internazionale, e il capitale umano, la sua esperienza, umanità e professionalità rappresentano l’elemento distintivo che maggiormente determina quotidianamente la qualità dei prodotti e dei servizi erogati. Sono infatti le persone che collaborano con il Gruppo ad essere i garanti della longevità delle nostre aziende ed a rappresentare il valore aggiunto che maggiormente ci caratterizza sul mercato.

**Cosa facciamo?**

La gestione dei servizi ambientali, della sostenibilità e produzione di energia da fonti rinnovabili nonché del settore agrozootecnico e chimico, rappresenta per il Gruppo Paoletti la trasversalità dei business che giocano un ruolo centrale nelle strategie complessive della Holding. Attraverso una gestione virtuosa viene garantito il principio della tutela ambientale attraverso la promozione di attività e processi il più possibile ecocompatibili, attraverso l’utilizzo di tecnologie avanzate, di efficienza energetica e di uso sostenibile delle risorse, testimoniato dalla certificazione di un sistema integrato per la qualità, l’ambiente e la sicurezza, adottato dalle più importanti società del Gruppo.

Se condividi i valori aziendali e possiedi i requisiti richiesti, visita il nostro sito web www.gruppopaoletti.it e candidati per la nostra ricerca!

**Cosa cerchiamo?**

La **Con.ge.s.**, ricerca un **Addetto/a Centralino** per la propria sede di Fiumicino (RM), il quale, inserito all’interno dell’organico aziendale, dovrà essere in grado di:

\- Ricevere le chiamate esterne e dirottarle alle funzioni interne;

\- Gestione ordini di cancelleria uffici;

\- Collaborare nel pianificare la disponibilità delle sale riunioni;

\- Ricezione, smistamento e ordine di merci in ingresso e in uscita;

\- Controllo archiviazione telematica delle fatture.

**Requisiti**

\- Minima esperienza nel medesimo ruolo;

\- Conoscenza del pacchetto Office.

**Requisiti preferenziali**

\- Lingue: Inglese e Spagnolo

**Si richiedono**

\- Massima flessibilità di orario e turnazioni;

\- Discrezione, serietà, affidabilità;

\- Ottima relazione interpersonale.

**Luogo di lavoro:** Fiumicino (RM)

**Orario:** part time 23h/sett \| lun\-mer\-ven 08\-13 / mar\-gio 14\-18

**Tipologia contratto:** a tempo determinato con possibilità di stabilizzazione.

**Condizioni economiche e contrattuali**  
La forma contrattuale sarà comunicata nel corso del processo di selezione prima della definizione dell’incarico e sarà determinato sulla base di criteri oggettivi, trasparenti e non discriminatori, tenendo conto delle competenze, dell’esperienza professionale e delle responsabilità attribuite. Il trattamento economico previsto sarà indicativamente compreso tra € 700 e € 900 netti mensili, in funzione della tipologia contrattuale e del profilo.

I processi di selezione e gestione delle risorse umane sono applicati dalle società appartenenti al Gruppo Paoletti secondo criteri oggettivi, trasparenti e basati su competenze, qualifiche professionali, responsabilità ed esperienza, senza distinzioni di sesso, età, nazionalità, origine etnica, credo religioso e orientamento sessuale. Qualsiasi forma di discriminazione è esplicitamente vietata in tutte le sue accezioni dai Codici Etici adottati dalle società appartenenti al Gruppo Paoletti e alle sue Sub Holding.

*A tal fine il presente annuncio si rivolge a candidati di entrambi i sessi (L.903/77 e L.125/91\) e di tutte le età e nazionalità (D.lgs. 215/03 e D.lgs. 216/03\). Le persone candidate potranno inviare la propria candidatura rilasciando specifico consenso al trattamento dei dati personale secondo D.lgs. 196/03 ed il Regolamento UE 16/679\.*

Retribuzione: €700,00 \- €800,00 al mese

Domande di preselezione:

* Sei automunito/a?
* Sei disponibile a lavorare negli orari indicati nell'annuncio (part time)?
* Accetteresti un contratto a tempo determinato iniziale?

Sede di lavoro: Di persona","","https://it.indeed.com/cmp/Gruppo-Paoletti-1","","","","","","","","","","","","","selezione personale"
"in-e49cb4be63801df2","indeed","https://it.indeed.com/viewjob?jk=e49cb4be63801df2","https://zinrec.intervieweb.it/annunci.php?l=ricerca-operatore-operatrice-delligiene-ambientale-149344&lang=it&d=indeed&LAC=manuelbregolin","Ricerca Operatore / Operatrice dell'Igiene Ambientale","NETwk","Roma, LAZ, IT","2026-09-09","","","","","","",False,"","","","","Siamo un'azienda italiana operante nella ricerca e selezione del personale che si occupa di soddisfare le necessità dei clienti offrendo servizi personalizzati.

  

  

**Posizione:**
--------------

Società specializzata nel settore del cleaning seleziona nuove figure professionali da integrare nel proprio gruppo di lavoro per la gestione di una commessa locale.

**Requisiti:**
--------------

Competenze ed elementi necessari:

  

* Pregressa attività professionale nella manutenzione e sanificazione dei locali.
* Flessibilità a operare su fasce orarie articolate e alternate.
* Possesso di un veicolo proprio per il raggiungimento della sede operativa.
* Domicilio o dimora nelle immediate vicinanze dell'area d'impiego.

**Altre informazioni:**
-----------------------

Cosa viene garantito:

  

* Regolare inserimento contrattuale secondo i termini della normativa vigente.","","https://it.indeed.com/cmp/Netwk","","","","","","","","","","","","","selezione personale"
"in-6e616cb534b708c7","indeed","https://it.indeed.com/viewjob?jk=6e616cb534b708c7","https://zinrec.intervieweb.it/annunci.php?l=impiegatao-amministrativao-149389&lang=it&d=indeed&LAC=manuelbregolin","Impiegata/o amministrativa/o","NETwk","Roma, LAZ, IT","2026-09-09","fulltime","","","","","",False,"","","","","Siamo un'azienda italiana operante nella ricerca e selezione del personale che si occupa di soddisfare le necessità dei clienti offrendo servizi personalizzati.

  

  

**Posizione:**
--------------

Per ampliamento organico, ricerchiamo un profilo con esperienza da inserire come **Impiegata/o amministrativa/o.**

  

La risorsa si occuperà della gestione della documentazione amministrativa di cantiere.

**Requisiti:**
--------------

**Requisiti**

* Esperienza nella gestione di FIR, RENTRI e documentazione di cantiere.
* Ottima conoscenza del pacchetto Office (Excel, Word, Outlook).
* Capacità organizzative.
* Autonomia.
* Automunito/a.
* Diploma di scuola superiore.

**Altre informazioni:**
-----------------------

**Cosa offriamo**

* Contratto CCNL Metalmeccanica Industria.
* Full Time dal lunedì al venerdì.
* No turni.
* Possibilità di stabilizzazione.
* Retribuzione commisurata all’esperienza.

**Sedi di lavoro:** Roma e Civitavecchia","","https://it.indeed.com/cmp/Netwk","","","","","","","","","","","","","selezione personale"
"in-53500af5be2751d6","indeed","https://it.indeed.com/viewjob?jk=53500af5be2751d6","https://zinrec.intervieweb.it/annunci.php?l=tecnico-junior-per-sviluppo-circuiti-149395&lang=it&d=indeed&LAC=manuelbregolin","Tecnico junior per sviluppo circuiti","NETwk","Roma, LAZ, IT","2026-09-09","","","","","","",False,"","","","","Siamo un'azienda italiana operante nella ricerca e selezione del personale che si occupa di soddisfare le necessità dei clienti offrendo servizi personalizzati.

  

  

**Posizione:**
--------------

Nel ruolo di tecnico junior dedicato alla progettazione RF ti occuperai di:

  

sviluppare soluzioni per circuiti operanti in radiofrequenza e microonde, seguirne la realizzazione e svolgere attività di misura e verifica; lavorare su schemi elettrici e relative revisioni tecniche; produrre disegni ingegneristici di schede elettroniche tramite strumenti CAD, destinati alla realizzazione di dispositivi innovativi.

  

Sarai parte attiva di un gruppo di lavoro progettuale, collaborando con specialisti dell’area meccanica e dei sistemi embedded per la creazione di sistemi complessi e tecnologicamente avanzati. Avrai inoltre modo di acquisire competenze nell’uso della strumentazione di laboratorio.

  

Con il tempo svilupperai autonomia nella gestione delle attività e approfondirai sia aspetti tecnici sia organizzativi del lavoro.

  

L’obiettivo è valorizzare al massimo le tue capacità all’interno di un team focalizzato sulla progettazione di circuiti e sistemi per telecomunicazioni.

**Requisiti:**
--------------

**Il profilo ideale possiede:**

* Laurea in Ingegneria Elettronica con votazione non inferiore a 90/100
* Conoscenze di base e applicate nell’ambito delle microonde: linee di trasmissione, adattamento d’impedenza, progettazione di amplificatori e filtri RF
* Familiarità con strumenti di misura elettronica come oscilloscopio e analizzatore di spettro
* Lingua inglese a livello A2


Costituisce elemento preferenziale l’utilizzo di software di simulazione per circuiti a microonde (ad esempio PathWave ADS, Microwave Office, Allegro)

**Altre informazioni:**
-----------------------

**Cosa offriamo:**

  

* Percorso di sviluppo professionale
* Buoni pasto
* Copertura sanitaria integrativa
* Sistema di welfare aziendale
* Incentivi legati al raggiungimento di obiettivi

**Sede di lavoro:** Roma","","https://it.indeed.com/cmp/Netwk","","","","","","","","","","","","","selezione personale"
"in-32cb8e6682ee4f88","indeed","https://it.indeed.com/viewjob?jk=32cb8e6682ee4f88","https://zinrec.intervieweb.it/annunci.php?l=addetti-alle-pulizie-supermercato-149345&lang=it&d=indeed&LAC=manuelbregolin","Addetti alle pulizie supermercato","NETwk","Roma, LAZ, IT","2026-09-09","","","","","","",False,"","","","","Siamo un'azienda italiana operante nella ricerca e selezione del personale che si occupa di soddisfare le necessità dei clienti offrendo servizi personalizzati.

  

  

**Posizione:**
--------------

Azienda operante nel comparto del cleaning seleziona nuove figure professionali da inserire nel proprio organico per la copertura di una commessa sul territorio.

**Requisiti:**
--------------

Prerequisiti essenziali:

  

* Comprovata idoneità e pregressa pratica nelle mansioni di igienizzazione locali.
* Flessibilità a operare su turni pianificati e fasce orarie variabili.
* Disponibilità di un veicolo privato per raggiungere agevolmente il posto di lavoro.
* Dimora stabile o domicilio nelle vicinanze della zona d'impiego.

**Altre informazioni:**
-----------------------

Trattamento proposto:

  

* Assunzione contrattualizzata in pieno accordo con le normative vigenti.","","https://it.indeed.com/cmp/Netwk","","","","","","","","","","","","","selezione personale"
"in-67631632bf65227e","indeed","https://it.indeed.com/viewjob?jk=67631632bf65227e","https://zinrec.intervieweb.it/annunci.php?l=tecnico-per-la-realizzazione-di-impianti-antincendio-149376&lang=it&d=indeed&LAC=manuelbregolin","Tecnico per la realizzazione di Impianti Antincendio","NETwk","Roma, LAZ, IT","2026-09-09","fulltime","","","","","",False,"","","","","Siamo un'azienda italiana operante nella ricerca e selezione del personale che si occupa di soddisfare le necessità dei clienti offrendo servizi personalizzati.

  

  

**Posizione:**
--------------

**Per azienda cliente**, ricerchiamo **Impiantisti/e** per una importante Commessa presso il Ministero degli Affari Esteri (MAE). Nello specifico, le persone che verranno inserite gestiranno le attività legate al rifacimento degli **impianti antincendio** coordinandosi con le ns. persone *in loco*, e con i vari attori coinvolti per la realizzazione della rete e degli impianti.

 **Principali Responsabilità:**


Le persone inserite forniranno supporto nell’ implementazione e nel rifacimento degli impianti antincendio. Lavorando in squadra, si dedicheranno alla creazione del sistema di distribuzione della rete di alimentazione elettrica e del sistema di rivelazione fumi, anche predisponendo le installazioni attraverso la posa dei cavi e canaline e fino alla completa realizzazione dell’impianto.


Le attività saranno oggetto di supervisione e verifica costante da parte dei colleghi più esperti, che supporteranno e formeranno i tecnici.


Sono richieste professionalità, affidabilità, serietà e spiccate capacità relazionali.


Si specifica che sarà necessario partecipare ai corsi di formazione per l’uso della PLE e lavori in quota.

**Requisiti:**
--------------

**Requisiti:**

* Posa dei cavi e canaline;
* Conoscenza della distribuzione rete elettrica;
* Buona manualità;
* Disponibilità ai lavori in quota;

 **Preferenziale:**

* Conoscenza del sistema di aspirazione fumi;
* Esperienze pregresse sulla realizzazione impianti antincendio;
* Esperienze pregresse come elettricista e/o posa di cavi;
* Corsi PES\-PAV\-PEI;

**Altre informazioni:**
-----------------------

**Altre informazioni:**


Sede di assunzione: Roma


Orario: Full Time 08:00\-17:00 dal lunedì al venerdì

**N.B. Possibile necessità futura di lavorare su turni notturni.**


Contratto in Somministrazione 3 mesi, estendibili a 12 mesi.


Livello di inquadramento: II\-III livello del CCNL Metalmeccanica PMI Confapi, in funzione delle competenze tecniche maturate.","","https://it.indeed.com/cmp/Netwk","","","","","","","","","","","","","selezione personale"
"in-ac1e1f52910f0831","indeed","https://it.indeed.com/viewjob?jk=ac1e1f52910f0831","https://zinrec.intervieweb.it/annunci.php?l=escavatorista-149388&lang=it&d=indeed&LAC=manuelbregolin","Escavatorista","NETwk","Roma, LAZ, IT","2026-09-09","fulltime","","","","","",False,"","","","","Siamo un'azienda italiana operante nella ricerca e selezione del personale che si occupa di soddisfare le necessità dei clienti offrendo servizi personalizzati.

  

  

**Posizione:**
--------------

Per ampliamento organico, ricerchiamo un profilo con esperienza da inserire come **Escavatorista.**

  

La risorsa opererà nei cantieri stradali eseguendo scavi e movimentazione terra.

**Requisiti:**
--------------

**Requisiti**

* Patentino per macchine movimento terra.
* Almeno 2 anni di esperienza.
* Esperienza nei lavori stradali.
* Ottima dimestichezza negli scavi a sezione obbligata in ambito urbano.
* Capacità di lavorare in squadra.
* Automunito.

**Altre informazioni:**
-----------------------

**Cosa offriamo**

* Contratto CCNL Metalmeccanica Industria.
* Full Time dal lunedì al venerdì.
* No turni.
* Possibilità di stabilizzazione.
* Retribuzione commisurata all’esperienza.

**Sedi di lavoro:** Roma e Civitavecchia.","","https://it.indeed.com/cmp/Netwk","","","","","","","","","","","","","selezione personale"
"in-67eb40b07638b6c2","indeed","https://it.indeed.com/viewjob?jk=67eb40b07638b6c2","https://inrec.intervieweb.it/annunci.php?l=operatore-elettrotermico-251233&lang=it&d=indeed&LAC=ntw","Operatore Elettrotermico","NTWK","Roma, LAZ, IT","2026-09-09","","","","","","",False,"","","","","NTWK, azienda italiana operante nella ricerca e selezione del personale, si occupa di soddisfare le necessità dei clienti offrendo servizi personalizzati.

  

  

**Posizione:**
--------------

Ricerchiamo un profilo da formare/con esperienza come **Operatore Elettrotermico** per attività di installazione manutenzione e gestione impianti termici, elettrici e di condizionamento.

 **La risorsa si occuperà di:**

* Installazione impianti elettro/termo/idraulici.
* Manutenzione impianti elettro/termo/idraulici.
* Gestione delle Lavorazioni in cantiere.
* Supporto tecnico operativo.

**Requisiti:**
--------------

**Requisiti richiesti:**

* Conoscenze elettriche complete e termiche, idrauliche di base.
* Attenzione al dettaglio e affidabilità.
* Capacità organizzativa e gestione autonoma delle attività.
* Problem solving operativo.
* Riservatezza e rispetto delle procedure.

 **Formazione:**

* Richiesto titolo di studio minimo: Diploma preferibilmente indirizzo Tecnico / Scientifico.

**Altre informazioni:**
-----------------------

**Si offre/Tipo di contratto:**

  

* Contratto a tempo determinato / indeterminato.
* Contratto con orario: 7:00 – 16:00 con pausa pranzo di 1 h.
* Sede di lavoro: Via dei Bichi 14 – 00164 Roma.","","https://it.indeed.com/cmp/Ntwk","","","","","","","","","","","","","selezione personale"
"in-521149d05583729a","indeed","https://it.indeed.com/viewjob?jk=521149d05583729a","https://jobs.acea.it/Acea/job/roma-Key-Account-Settore-Sanitario-%28Centro-Sud-Italia%29-RM-00154/1434876833/","Key Account Settore Sanitario (Centro-Sud Italia)","ACEA SPA","Roma, LAZ, IT","2026-09-08","","","","","","",True,"","","","","Data: 8 set 2026
Luogo:
roma, RM, IT, 00154


Gruppo societario: Acea
Società: A.Quantum SpA
**Key Account Commerciale \- Settore Sanitario (Centro\-Sud Italia)**

  

**CHI SIAMO**


La mission di Acea è sviluppare e gestire infrastrutture sicure e sostenibili garantendo l’accesso e la circolarità delle risorse fondamentali per la cittadinanza, le imprese e il territorio. Acea offre servizi essenziali legati alla gestione dell’acqua, alla distribuzione di energia elettrica, all’illuminazione pubblica e al trattamento dei rifiuti.  

**COSA FARAI**

a.Quantum Hospital Services è la società di Acea che supporta le Strutture Ospedaliere e Sanitarie (pubbliche e private) nel percorso di trasformazione offrendo soluzioni integrate e innovative per la gestione e l’efficientamento di risorse cruciali come acqua, energia e rifiuti sanitari.

  

Nello specifico, la risorsa si occuperà di:


* Identificare opportunità di business e promuovere le offerte commerciali della Società;
* Assicurare il raggiungimento degli obiettivi di vendita e lo sviluppo del portafoglio clienti nel settore sanitario dislocato principalmente nel centro sud\-italia;
* Mantenere e sviluppare la relazione con i clienti e garantire l’interfaccia commerciale verso il cliente per le offerte integrate;
* Assicurare l'allineamento ai requisiti del cliente, la definizione delle offerte verso i clienti e collaborare con le strutture tecniche per l’attività di progettazione;
* Definire e monitorare l'andamento della pipeline di vendita predisponendo la apposita reportistica commerciale.
  

**CHI SEI**


* Hai conseguito una Laurea Magistrale in discipline Tecnico\-Scientifiche (Ingegneria Gestionale, Ambientale, Energetica, ecc.), economiche o esperienza equivalente;
* Hai maturato almeno 5 anni in ruoli Commerciali, Business Development o Key Account o similari;
* Hai una conoscenza consolidata nella vendita di servizi complessi a Strutture Sanitarie, Enti Ospedalieri pubblici e privati o ASL;
* Hai familiarità con i meccanismi di vendita nel settore pubblico e con la gestione delle gare d'appalto;
* Sei dotato di eccellenti capacità relazionali e negoziali, che ti consentono di costruire partnership di lungo periodo con interlocutori complessi (management sanitario, responsabili tecnici;
* Hai la capacità di coordinamento con le funzioni tecniche (Operation, Engineering) per tradurre le esigenze del cliente in soluzioni realizzabili;
* Hai un forte orientamento al risultato ed hai maturato un track record rilevante nell’ambito commerciale;
* Sei una persona intraprendente, proattiva e pronta a mettersi in gioco in team trasversali;
* Sei disponibile a trasferte sul territorio nazionale.
  

Costituiscono elemento preferenziale la conoscenza diretta del settore delle Strutture Ospedaliere e Sanitarie (pubbliche e private) con pregressa esperienza del mercato del centro sud\-italia  

**COSA TI ASPETTA**


**Condizioni contrattuali e retribuzione**


* Qualifica Impiegato/a
* Contratto Collettivo Nazionale Gas\-Acqua
* Retribuzione Annua Lorda: € 55\.000 \- 60\.000
* Premio di risultato, convertibile in welfare o previdenza complementare
  

**Benefit e work\-life balance**


* Flessibilità oraria e smart working secondo accordi aziendali
* Buoni pasto di € 12,8 per ogni giorno lavorativo
* Fondo di previdenza complementare Pegaso
  

**Welfare e People Caring**


* **Salute e solidarietà**: assistenza sanitaria integrativa, programmi di prevenzione, iniziative di volontariato e solidali, tra cui la Race for the Cure.
* **Benessere psicofisico**: supporto psicologico, corso di autodifesa femminile e accesso agevolato agli spazi sportivi dell’OASI Sports Center.
* **Family Care**: sostegno alla genitorialità, congedi di paternità ampliati (22 gg), percorsi dedicati alla maternità, asilo nido aziendale Un fiume di emozioni e campo estivo Acea Camp.
* **Agevolazioni economiche**: piattaforma welfare con oltre 400 convenzioni, flexible benefits e vantaggi su servizi, mobilità, formazione e tempo libero.
  

**Formazione e Sviluppo**


* **Acea Academy**: il nostro ecosistema formativo per lo sviluppo delle nostre professionalità, finalizzato a consolidare le competenze e sviluppare nuovi talenti.
* **Sviluppo della Persona**: strumenti a supporto dello sviluppo e della crescita dei dipendenti, tra cui il processo di Performance Management, progetti di talent management, assesment center e molteplici iniziative volte a promuovere la cultura dell’ascolto e del feedback continuo.
  

**SEDE DI LAVORO:** Centro\-Sud Italia.

  

**CON NOI POTRAI**


Lavorare in un ambiente innovativo, in continua crescita, contribuendo a migliorare la qualità e la sostenibilità del mondo in cui viviamo.


Potrai far parte di un’azienda che si impegna tutti i giorni nel migliorare il benessere delle proprie persone con l’attivazione di progetti volti a promuovere la Salute, il Benessere psico fisico, le misure di Conciliazione Vita Lavoro e di Incentivazione.


Un’azienda orientata ad accrescere le competenze, che monitora le aree di forza e di miglioramento e adotta approcci strutturati di Formazione e Sviluppo, volti a favorire la crescita individuale per la valorizzazione e il riconoscimento del merito.


**Acea certificata Top Employer promuove l’inclusione e la valorizzazione dell’individualità di ogni persona coinvolta nei propri processi selettivi contrastando qualsiasi forma di discriminazione.**

  

**CONSIGLI UTILI PER PREPARARTI AL MEGLIO AL COLLOQUIO**


Approfondisci il nostro processo di selezione Processo di selezione \| Acea


Consulta la nostra Strategia e il Piano Industriale 2024\-2028 Green\-Diligent\-Growth Una Strategia Integrata \| Acea


*La selezione è aperta a tutte le persone, nel rispetto del principio di pari opportunità e non discriminazione, ai sensi della normativa vigente. Tutte le nostre opportunità sono aperte anche a profili tutelati da L. 68/99\. I dati personali raccolti verranno trattati nel rispetto del Regolamento Ue 2016/679 (GDPR).*

  

  

**Segmento professionale:** Pipeline, Business Development, Performance Management, Engineer, Energy, Sales, Human Resources, Engineering","","https://it.indeed.com/cmp/Acea-Spa","https://d2q79iu7y748jz.cloudfront.net/s/_squarelogo/256x256/68299544323794dacd704fe9456d7087","http://www.aceaspa.it","Rome, IT","201 to 500","$1B to $5B (USD)","","","","","","","","selezione personale"
"in-c42cca94853927a6","indeed","https://it.indeed.com/viewjob?jk=c42cca94853927a6","https://joblink.allibo.com/ats9/job-offer.aspx?DM=1604&ID=183738&LN=IT&SG=3&FT=10&MD=1","SALES ASSISTANT PART-TIME 20H LEGAMI - ROMA OTTAVIANO","Legami","Roma, LAZ, IT","2026-09-08","parttime","","","","","",False,"","","","","LEGAMI è il brand italiano nato nel 2003 con l’obiettivo di far vivere emozioni positive attraverso oggetti che accompagnano la vita quotidiana delle persone.
  
  

“We are Dreamers” è la nostra filosofia e cerchiamo sempre Dreamers talentuosi per collaborare e crescere insieme a noi.
  
  

LEGAMI è un universo di mondi da esplorare costituito da prodotti colorati, originali, divertenti, capaci di emozionare chi li acquista e chi li riceve in regalo: dagli articoli stationery agli accessori per la casa, dai prodotti per il viaggio agli accessori per il beauty, gli accessori Hi\-Tech, i giocattoli vintage e molto altro.
  
  

Nel nostro quartier generale progettiamo tutti gli oltre 5\.000 prodotti che distribuiamo in più di 70 Paesi, nella rete internazionale di Boutique LEGAMI, in più di 500 punti vendita nel mondo in collaborazione con le più prestigiose librerie e department store e sul nostro sito e\-commerce.
  
  

**SALES ASSISTANT PART\-TIME 20H LEGAMI \- ROMA OTTAVIANO:**  

Per la nostra Boutique di Roma in Via Ottaviano cerchiamo una figura di Sales Assistant che contribuisca ad una Customer Experience positiva, supportando il raggiungimento degli obiettivi e assicurando i più alti standard di servizio e immagine del punto vendita.
  
  

**Di cosa ti occuperai:**  

accoglierai e assisterai i clienti durante la loro esperienza in Boutique, contribuendo al raggiungimento degli obiettivi di vendita;
  
ti occuperai dell’allestimento e del mantenimento degli spazi espositivi secondo le linee guida di Visual Merchandising, assicurando la corretta esposizione, prezzatura e disponibilità dei prodotti;
  
gestirai le attività di cassa, inclusi pagamenti, apertura e chiusura cassa;
  
riceverai, controllerai e sistemerai la merce in negozio e in magazzino, assicurandone il corretto rifornimento;
  
contribuirai a mantenere l'ordine e la pulizia degli spazi, nel rispetto delle procedure aziendali, delle normative di sicurezza e degli standard di servizio.
  
  

**Requisiti:**  

esperienza pregressa di almeno 6 mesi in ruolo analogo nel settore Retail;
  
ottime capacità relazionali, comunicative e di ascolto e propensione al lavoro di squadra;
  
capacità organizzative, affidabilità, precisione e attenzione ai dettagli;
  
disponibilità a lavorare su turni, nei weekend e nei giorni festivi.
  
  

**Cosa offriamo:**  

contratto part\-time, 20 ore settimanali distribuite fino a 6 giorni su 7;
  
inquadramento al 5° livello del CCNL Commercio Confesercenti, RAL 11\.620 €;
  
  

prezzi agevolati per l'acquisto dei prodotti LEGAMI.
  
  

Se ti piace il settore Retail, hai una forte passione per il mondo delle vendite e ami i prodotti Legami, potresti essere la persona che stiamo cercando.
  
  

DIVENTA UN DREAMER ANCHE TU!
  
  

I dati fornitici saranno trattati per la ricerca e selezione di personale ai sensi del Regolamento UE 679/2016 (GDPR). La selezione rispetta il principio delle pari opportunità (L. 903/1977 e D.Lgs 198/2006\) e accoglie candidature di tutti i generi. L'azienda incoraggia la candidatura di persone appartenenti alle categorie protette (L. 68/99\).","","https://it.indeed.com/cmp/Legami-3","https://d2q79iu7y748jz.cloudfront.net/s/_squarelogo/256x256/85fb91bf688c426ddbe6f72ad7e4781f","","","Decline to state","Decline to state","","","","","","","","selezione personale"
"li-4455794942","linkedin","https://www.linkedin.com/jobs/view/4455794942","","HR Specialist with Italian & English - Fixed Term Contract (12 months), Disability Leave Services","Amazon","Rome, Latium, Italy","2026-09-09","","","","","","",False,"","","","","","","https://www.linkedin.com/company/amazon","","","","","","","","","","","","","selezione personale"
"li-4462266390","linkedin","https://www.linkedin.com/jobs/view/4462266390","","Cabin Crew Recruitment Day - Rome Fiumicino - 28 September 2026","Wizz Air","Fiumicino, Latium, Italy","2026-09-08","","","","","","",False,"","","","","","","https://hu.linkedin.com/company/wizzair","","","","","","","","","","","","","selezione personale"
"in-19802309e8773672","indeed","https://it.indeed.com/viewjob?jk=19802309e8773672","https://jobs.acea.it/Acea/job/ROMA-Responsabile-Controllo-di-Gestione-RM-00154/1434749433/","Responsabile Controllo di Gestione","ACEA SPA","Roma, LAZ, IT","2026-09-08","","","","","","",True,"","","","","Data: 8 set 2026
Luogo:
ROMA, RM, IT, 00154


Gruppo societario: Acea
Società: Acea Infrastructure
**Responsabile Controllo di Gestione**

  

**CHI SIAMO**


La mission di Acea è sviluppare e gestire infrastrutture sicure e sostenibili garantendo l’accesso e la circolarità delle risorse fondamentali per la cittadinanza, le imprese e il territorio. Acea offre servizi essenziali legati alla gestione dell’acqua, alla distribuzione di energia elettrica, all’illuminazione pubblica e al trattamento dei rifiuti.

  

**COSA FARAI**


All'interno di Acea Infrastructure S.p.A., azienda leader nei servizi tecnici e nel supporto alle altre società di Acea, entrerai a far parte della Direzione CFO, nell'Unità Amministrazione e Controllo, con il compito di presidiare i processi di pianificazione e controllo economico\-finanziario della Società.


In particolare, ti occuperai di:


* Coordinare i processi di budget, forecast e pianificazione economico\-finanziaria;
* Supportare la predisposizione del Piano Industriale e monitorarne l'avanzamento;
* Analizzare le performance economiche della Società, individuando scostamenti e proponendo azioni correttive;
* Monitorare l'andamento di costi, ricavi, marginalità e KPI aziendali;
* Predisporre reportistica direzionale e supportare il management nei processi decisionali;
* Collaborare con le funzioni operative per il monitoraggio economico di commesse, progetti e attività industriali;
* Contribuire al miglioramento continuo dei processi e degli strumenti di controllo;
* Coordinare una risorsa all'interno del team.
  

**CHI SEI**


* Hai conseguito una laurea in Economia, Ingegneria Gestionale o discipline affini;
* Hai maturato almeno 7 anni di esperienza nel Controllo di Gestione, preferibilmente in contesti strutturati operanti nei settori infrastrutture, costruzioni, energia o utilities;
* Hai esperienza nella gestione di budget, forecast, reporting e analisi delle performance economico\-finanziarie;
* Conosci i principali processi di contabilità industriale, controllo dei costi e pianificazione economica;
* Possiedi ottime capacità analitiche e di sintesi e sai trasformare i dati in informazioni utili al business;
* Hai una buona conoscenza di SAP e degli strumenti di analisi e reporting;
* Sei una persona proattiva, orientata al risultato e capace di relazionarti con interlocutori a diversi livelli organizzativi.
  

**COSA TI ASPETTA**


**Condizioni contrattuali e retribuzione**


* Qualifica: Quadro
* Contratto Collettivo Nazionale: CUSGA
* Retribuzione Annua indicativa compresa tra € 60\.000 e € 75\.000, da definire in relazione all’esperienza e alle competenze maturate;
* MBO;
* Premio di risultato, convertibile in welfare o previdenza complementare.
  

**Benefit e work\-life balance**


* Flessibilità oraria e smart working secondo accordi aziendali
* Buoni pasto di € 12,80 per ogni giorno lavorativo
* Fondo di previdenza complementare Pegaso
  

**Welfare e People Caring**


* **Salute e solidarietà**: assistenza sanitaria integrativa, programmi di prevenzione, iniziative di volontariato e solidali, tra cui la Race for the Cure.
* **Benessere psicofisico**: supporto psicologico, corso di autodifesa femminile e accesso agevolato agli spazi sportivi dell’OASI Sports Center.
* **Family Care**: sostegno alla genitorialità, congedi di paternità ampliati (22 gg), percorsi dedicati alla maternità, asilo nido aziendale Un fiume di emozioni e campo estivo Acea Camp.
* **Agevolazioni economiche**: piattaforma welfare con oltre 400 convenzioni, flexible benefits e vantaggi su servizi, mobilità, formazione e tempo libero
  

**Formazione e Sviluppo**


* **Acea Academy:** il nostro ecosistema formativo per lo sviluppo delle nostre professionalità, finalizzato a consolidare le competenze e sviluppare nuovi talenti.
  

* **Sviluppo della Persona:** strumenti a supporto dello sviluppo e della crescita dei dipendenti, tra cui il processo di Performance Management, progetti di talent management, assessment center e molteplici iniziative volte a promuovere la cultura dell’ascolto e del feedback continuo.
  

**SEDE DI LAVORO:****Roma.**

  

**CON NOI POTRAI**


Lavorare in un ambiente innovativo, in continua crescita, contribuendo a migliorare la qualità e la sostenibilità del mondo in cui viviamo.


Potrai far parte di un’azienda che si impegna tutti i giorni nel migliorare il benessere delle proprie persone con l’attivazione di progetti volti a promuovere la Salute, il Benessere psico fisico, le misure di Conciliazione Vita Lavoro e di Incentivazione.


Un’azienda orientata ad accrescere le competenze, che monitora le aree di forza e di miglioramento e adotta approcci strutturati di Formazione e Sviluppo, volti a favorire la crescita individuale per la valorizzazione e il riconoscimento del merito.

  

**Acea certificata Top Employer promuove l’inclusione e la valorizzazione dell’individualità di ogni persona coinvolta nei propri processi selettivi contrastando qualsiasi forma di discriminazione.**

  

**CONSIGLI UTILI PER PREPARARTI AL MEGLIO AL COLLOQUIO**


**Approfondisci il nostro processo di selezione** **Processo di selezione \| Acea**


**Consulta la nostra Strategia e il Piano Industriale 2024\-2028 Green\-Diligent\-Growth** **Una Strategia Integrata \| Acea**


***La selezione è aperta a tutte le persone, nel rispetto del principio di pari opportunità e non discriminazione, ai sensi della normativa vigente. Tutte le nostre opportunità sono aperte anche a profili tutelati da L. 68/99\. I dati personali raccolti verranno trattati nel rispetto del Regolamento Ue 2016/679 (GDPR).***

  

  

**Segmento professionale:** ERP, SAP, Performance Management, Technology, Human Resources","","https://it.indeed.com/cmp/Acea-Spa","https://d2q79iu7y748jz.cloudfront.net/s/_squarelogo/256x256/68299544323794dacd704fe9456d7087","http://www.aceaspa.it","Rome, IT","201 to 500","$1B to $5B (USD)","","","","","","","","responsabile selezione"
"in-aca974027f4256e9","indeed","https://it.indeed.com/viewjob?jk=aca974027f4256e9","https://leonardocompany.wd3.myworkdayjobs.com/LeonardoCareerSite/job/IT---Roma---Via-Tiburtina--KM12400/Program-Manager_R0032404","Program Manager","Leonardo","Roma, LAZ, IT","2026-09-07","","","","","","",False,"","","","","**Job Description:**


Leonardo è un gruppo industriale internazionale che realizza capacità tecnologiche multidominio per la sicurezza globale. Protagonista dei principali programmi strategici dell’Aerospazio, Difesa e Sicurezza, conta  

oltre 62\.000 dipendenti nel mondo. L’azienda ha una significativa presenza industriale in Italia, Regno Unito, Polonia e Stati Uniti e opera in 150 Paesi anche attraverso controllate, joint venture e partecipazioni.  

Leonardo è partner tecnologico e industriale di Governi, Amministrazioni della Difesa, Istituzioni e imprese.


All'interno dell’Area di Business Electronics stiamo ricercando **un/a Program Manager** per la nostra sede di Roma Tiburtina.

**La persona si occuperà delle seguenti attività:**

* Gestione programmi media complessità sia in ambito nazionale che internazionale
* Operare in autonomia al fine di assicurare il raggiungimento degli obiettivi di progetto, non solo dal punto di vista economico\-finanziario, ma anche garantendo il rispetto degli accordi contrattuali con il Cliente (esterno/interno)
* Coordinamento e gestione dei meeting di avanzamento, misurazione performance e pianificazione/organizzazione delle attività di collaudo/consegna con il Cliente
* Supportare attivamente le fasi di ""business winning"" e garantire il monitoraggio e l'avanzamento dei progetti nelle fasi di ""business execution"", interfacciandosi con i vari stakeholders delle altre Funzioni Aziendali e concordando con il responsabile della linea le eventuali azioni correttive al fine di assicurare il successo del progetto e la soddisfazione del Cliente
* Gestione della compliance contrattuali in accordo alle procedure Aziendali e delle leggi nazionali con particolare riguardo agli aspetti di: Legali, Sicurezza, Trade compliance, Health \& Safety, Processo di Acquisti e di rendicontazione
* Gestione del Rischio
* Partecipazione ai bid team per l’elaborazione delle principali offerte commerciali
* Coordinamento circa la definizione e raccolta dei costi
* Reporting al management dell’analisi dei risultati misurati
* Partecipazione nel processo di miglioramento continuo (process improvement)
* Partecipazione nelle attività di formazione aziendale per i processi di project management

**Titolo di studio:**

Laurea Magistrale in ambito Tecnico o gestionale, preferibilmente Ingegneria

**Livello di esperienza richiesto:**


Junior

**Competenze e conoscenze tecniche:**

* Buona preparazione di base finalizzata alla corretta gestione e comprensione degli argomenti tecnici ed economici
* Conoscenza dei principi e dei processi di Project Management
* Conoscenze delle metodologie di pianificazione e controllo avanzamento del progetto
* Conoscenza degli indici economici di commessa
* Conoscenze delle tematiche di compliance vs Security, Trade Compliance ed Health \& Safety
* Precedente esperienza lavorativa in ambito Project Management
* Certificazione PMI gradita (plus)

**Competenze comportamentali:**

* Capacità comunicative e di negoziazione
* Capacità di Leadership
* Problem solving
* Team working
* Capacità decisionale
* Capacità di delega
* Approccio organizzato e sistematico alla sintesi (reporting).
* Gestione del tempo e delle priorità
* Proattività
* Flessibilità

**Conoscenze linguistiche:**


Buona conoscenza della lingua inglese scritta e parlata, livello minimo B2\.

**Competenze informatiche:**

* Conoscenza degli strumenti di Microsoft Office, in particolare Word, Excel e Project.
* Conoscenza degli applicativi SAP

**Altro (es. Disponibilità a** **trasferte/Certificazioni** **specifiche richieste…):**


La/il candidata/o ideale offre la propria disponibilità a svolgere trasferte sia in Italia che all'Estero.

***Coinvolgimento, valorizzazione delle competenze****, cura del* ***benessere*** *e della* ***sicurezza delle persone*** *sono i cardini della nostra cultura aziendale.*

*Ci impegniamo ogni giorno a favorire un ambiente di lavoro* ***inclusivo e stimolante****, promuovendo attivamente i principi di* ***inclusione, equità e valorizzazione delle diversità****.*

***Cosa offriamo?***

* *Il nostro contratto collettivo del lavoro di riferimento è il CCNL per Industria Metalmeccanica Privata e della Installazione di Impianti;*
* *Modalità di lavoro: Ibrida;*
* *Categoria contrattuale: Impiegato;*
* *Tipologia contrattuale: tempo indeterminato;*
* *Range Retributivo: € 33\.000 \- € 44\.000*
* *Tredicesima mensilità;*
* *Premialità legata ai risultati di Business;*
* *Buoni Welfare dal valore di 250 euro annui;*
* *Opportunità di formazione e aggiornamento continuo delle competenze professionali e delle soft skill;*
* *Benessere: mettiamo al primo posto il benessere economico, fisico, sociale e psicologico delle nostre*
* *persone, offrendo molteplici soluzioni vicine alle loro esigenze.*

***L’azienda si riserva la possibilità di effettuare valutazioni in merito al livello di inquadramento e alla proposta economica, sulla base di criteri oggettivi emersi nel corso del processo di selezione e in coerenza con la seniority del/della candidato/a individuato/a e della posizione, nel rispetto dei principi di equità, trasparenza e pari opportunità previsti dalla normativa vigente.***

***Aspettiamo la tua candidatura****: inviaci il tuo CV entro* ***tre settimane*** *dall’apertura dell’annuncio di lavoro.*

***Come funziona il processo di selezione?***

*A seguito della raccolta delle candidature, vengono valutati e identificati i CV maggiormente in linea con i requisiti richiesti.*

*Le/i candidate/i selezionate/i sostengono un colloquio conoscitivo con il team delle Risorse Umane, motivazionale e attitudinale, seguito da un’intervista di approfondimento tecnico con il Business.*

*Al termine del processo, alla persona viene restituito un feedback, sia in caso di esito positivo che negativo.*

**Seniority:**


Junior**Primary Location:**


IT \- Roma \- Via Tiburtina KM12,400**Contract Type:**


Permanent **Total Base Pay Range:**


€ 33\.000 \- € 44\.000 RAL**Hybrid Working:**


Hybrid","","https://it.indeed.com/cmp/Leonardo-3","https://d2q79iu7y748jz.cloudfront.net/s/_squarelogo/256x256/65e719d3b9c1de0ab9c4917f25195a10","https://www.leonardo.com/it/","Rome","10,000+","more than $10B (USD)","Leonardo is a global high-tech company and one of the key players in Aerospace, Defence and Security.","","","","","","","responsabile selezione"
"in-dd085f5d6069fe61","indeed","https://it.indeed.com/viewjob?jk=dd085f5d6069fe61","http://it.indeed.com/job/sales-assistant-dd085f5d6069fe61","Sales Assistant","MIRIADE","Roma, LAZ, IT","2026-09-04","parttime","","","","","",False,"","","","","**MIRIADE**, azienda consolidata nel settore della pelletteria e degli accessori di moda dal 1997 e presente con oltre 70 negozi in Italia e all’estero, è alla ricerca di una figura di **Sales Assistant** per sostituzione maternità, per punto vendita Miriade situato a **ROMA \- C.C. Porta di Roma.**

**La risorsa sarà inserita con contratto part\-time (30 ore settimanali)** e si occuperà di accogliere e assistere la clientela, supportare le attività di vendita e contribuire al raggiungimento degli obiettivi del punto vendita.

**Requisiti richiesti:**

* Passione per il settore retail e per il mondo della moda
* Ottime capacità comunicative e relazionali
* Attitudine alla vendita e al lavoro in team
* Entusiasmo, dinamismo e proattività
* Buona conoscenza della lingua inglese
* Gradita esperienza pregressa in ruoli analoghi

Ai sensi dell’art. 13 GDPR, Miriade S.p.A. – Titolare del trattamento – tratterà i dati contenuti nei CV che verranno inviati al fine di procedere all’attività di ricerca e selezione del personale. Il trattamento avverrà con modalità elettroniche e cartacee da parte di autorizzati al trattamento e/o eventuali Responsabili ex art. 28 GDPR.

Contratto di lavoro: Part\-time

Retribuzione: €1\.000,00 \- €1\.200,00 al mese

Ore previste: 30\.0 a settimana

Domande di preselezione:

* Hai esperienza di vendita assistita?

Sede di lavoro: Di persona","","https://it.indeed.com/cmp/Miriade","https://d2q79iu7y748jz.cloudfront.net/s/_squarelogo/256x256/325faa56e99baed1681851e176f12a0b","https://www.miriade.com/it/","","","","","","","","","","","responsabile selezione"
"in-f2e330b3845e75df","indeed","https://it.indeed.com/viewjob?jk=f2e330b3845e75df","https://zinrec.intervieweb.it/annunci.php?l=progettista-reti-fisse-telecomunicazioni-148578&lang=it&d=indeed&LAC=manuelbregolin","Progettista Reti Fisse (Telecomunicazioni)","NETwk","Roma, LAZ, IT","2026-09-04","","","","","","",False,"","","","","Siamo un'azienda italiana operante nella ricerca e selezione del personale che si occupa di soddisfare le necessità dei clienti offrendo servizi personalizzati.

  

  

**Posizione:**
--------------

Siamo alla ricerca di Progettisti Reti Fisse da inserire nel nostro team tecnico per le nostre sedi di Roma e Catania. La risorsa si occuperà della progettazione e dello sviluppo di infrastrutture di telecomunicazioni, collaborando con il team di progettazione e con i responsabili di commessa per garantire la realizzazione di reti efficienti e conformi agli standard di qualità.

 **Principali responsabilità**

* Progettare infrastrutture di rete fissa (FTTH, FTTC e reti in fibra ottica).
* Redigere elaborati tecnici, planimetrie e documentazione progettuale.
* Effettuare studi di fattibilità e analisi dei tracciati.
* Collaborare con enti, gestori di rete e imprese esecutrici.
* Verificare la conformità dei progetti alle normative e alle specifiche tecniche del committente.
* Supportare le attività di autorizzazione e di avanzamento delle commesse.
* Aggiornare la documentazione tecnica e i database di progetto.

**Requisiti:**
--------------

**Requisiti**

* Buona conoscenza di AutoCAD e del pacchetto Microsoft Office.
* Capacità di lettura di cartografia tecnica e planimetrie.
* Precisione, capacità organizzativa e attitudine al lavoro in team.
* Patente B.

 **Costituiscono titolo preferenziale**

* Esperienza nella progettazione di reti FTTH.
* Conoscenza di software GIS e di progettazione dedicati alle telecomunicazioni.
* Esperienza nella gestione di pratiche autorizzative.
* Conoscenza delle normative relative alle infrastrutture di telecomunicazione.

**Altre informazioni:**
-----------------------

**Offriamo**

* Inserimento in un contesto tecnico in crescita.
* Formazione continua e possibilità di sviluppo professionale.
* Coinvolgimento in progetti innovativi nel settore delle telecomunicazioni.
* Retribuzione 5°livello CCNL studi professionali","","https://it.indeed.com/cmp/Netwk","","","","","","","","","","","","","responsabile selezione"
"li-4462205761","linkedin","https://www.linkedin.com/jobs/view/4462205761","","HR specialist (f/m/nb) - Categoria Protetta 68/99","Randstad Italia","Rome, Latium, Italy","2026-09-08","","","","","","",False,"","","","","","","https://it.linkedin.com/company/randstad-italia","","","","","","","","","","","","","responsabile selezione"
"in-0a03d0f659653683","indeed","https://it.indeed.com/viewjob?jk=0a03d0f659653683","https://zinrec.intervieweb.it/annunci.php?l=specialista-in-sicurezza-aziendale-e-tutela-dei-lavoratori-ruolo-rspp-149180&lang=it&d=indeed&LAC=manuelbregolin","Specialista in sicurezza aziendale e tutela dei lavoratori (ruolo RSPP)","NETwk","Rocca Priora, LAZ, IT","2026-09-08","","","","","","",False,"","","","","Siamo un'azienda italiana operante nella ricerca e selezione del personale che si occupa di soddisfare le necessità dei clienti offrendo servizi personalizzati.

  

  

**Posizione:**
--------------

Si ricerca una risorsa qualificata, dinamica e orientata alla sicurezza da inserire stabilmente nel team con incarico di Addetto alla Prevenzione e Protezione, secondo quanto previsto dal D.Lgs. 81/08\.  

  



**Attività previste:**

* Individuazione e analisi delle condizioni di rischio, anche in contesti di cantiere.
* Stesura e aggiornamento del Documento di Valutazione dei Rischi aziendale.
* Ideazione e organizzazione di percorsi formativi e informativi destinati al personale.
* Illustrazione e condivisione dei programmi di formazione con le diverse aree dell’organizzazione.
* Produzione e gestione di documentazione tecnica in materia di sicurezza sul lavoro.

**Requisiti:**
--------------

**Profilo richiesto:**

* Esperienza consolidata nell’ambito della prevenzione e protezione (RSPP).
* Conoscenza approfondita della normativa vigente in materia di sicurezza sul lavoro (D.Lgs. 81/08 e regolamenti correlati).
* Capacità di analisi dei pericoli in ambienti lavorativi differenti, inclusi cantieri.
* Buone doti comunicative e relazionali.
* Attitudine collaborativa e approccio propositivo.

**Altre informazioni:**
-----------------------

**Offerta:**

* Inserimento diretto nell’organico dell’azienda.
* Contesto lavorativo strutturato, dinamico e professionale.
* Possibilità di sviluppo delle competenze e crescita nel ruolo.

 **Nota importante:** Non si valutano candidature di figure esterne (No Partita Iva).","","https://it.indeed.com/cmp/Netwk","","","","","","","","","","","","","addetto selezione"
"in-c50dc8e3a65fb341","indeed","https://it.indeed.com/viewjob?jk=c50dc8e3a65fb341","https://inrec.intervieweb.it/annunci.php?l=addettoa-pulizie-250999&lang=it&d=indeed&LAC=ntw","Addetto/a Pulizie","NTWK","Roma, LAZ, IT","2026-09-08","","","","","","",False,"","","","","NTWK, azienda italiana operante nella ricerca e selezione del personale, si occupa di soddisfare le necessità dei clienti offrendo servizi personalizzati.

  

  

**Posizione:**
--------------

Impresa di servizi ricerca per ampiamento del proprio organico addetti al servizio pulizie in zona Pignatelli/Quarto Miglio per proprio appalto.

**Requisiti:**
--------------

Si richiede esperienza specifica nel settore e disponibilità a lavorazioni a turnazioni comprese le domeniche;

**Altre informazioni:**
-----------------------

* orario dalle 05:30/08:30 e 14:30\-18:30;
* automuniti e residenti in zona.
* Offresi inquadramento di legge.
* Retribuzione: 1000/1100","","https://it.indeed.com/cmp/Ntwk","","","","","","","","","","","","","addetto selezione"
"in-d06b22eedb56d0c6","indeed","https://it.indeed.com/viewjob?jk=d06b22eedb56d0c6","https://inrec.intervieweb.it/annunci.php?l=addetti-pulizie-presso-supermercato-romacasal-del-marmo-250998&lang=it&d=indeed&LAC=ntw","Addetti pulizie presso Supermercato - Roma/Casal del Marmo","NTWK","Roma, LAZ, IT","2026-09-08","","","","","","",False,"","","","","NTWK, azienda italiana operante nella ricerca e selezione del personale, si occupa di soddisfare le necessità dei clienti offrendo servizi personalizzati.

  

  

**Posizione:**
--------------

Impresa di servizi ricerca per ampiamento del proprio organico **addetti al servizio pulizie** in zona Casal del Marmo (Roma) per proprio appalto/Supermercato.

**Requisiti:**
--------------

Si richiede esperienza specifica nel settore e disponibilità a lavorazioni a turnazioni comprese le domeniche;

**Altre informazioni:**
-----------------------

* orario dalle 05:30/08:30 e 14:30\-18:30;
* automuniti e residenti in zona.
* Offresi inquadramento di legge.
* Retribuzione: 1000/1100","","https://it.indeed.com/cmp/Ntwk","","","","","","","","","","","","","addetto selezione"
"in-31dd2d4e2271ea40","indeed","https://it.indeed.com/viewjob?jk=31dd2d4e2271ea40","https://inrec.intervieweb.it/annunci.php?l=addettoa-controllo-qualita-250771&lang=it&d=indeed&LAC=ntw","Addetto/a Controllo Qualità","NTWK","Roma, LAZ, IT","2026-09-07","","","","","","",False,"","","","","NTWK, azienda italiana operante nella ricerca e selezione del personale, si occupa di soddisfare le necessità dei clienti offrendo servizi personalizzati.

  

  

**Posizione:**
--------------

Per azienda specializzata nella produzione di componenti elettromeccanici e quadri di manovra per ascensori, si ricerca un/a **Addetto/a al Controllo Qualità Produzione.**

  

La figura si occuperà del controllo qualità dei prodotti in fase di lavorazione e assemblaggio, sia meccanici che elettronici, e dell’analisi degli scarti produttivi per contribuire alla riduzione delle difettosità.

 **Responsabilità principali:**

* Eseguire controlli qualità visivi, dimensionali e funzionali su prodotti meccanici ed elettronici durante le fasi di produzione.
* Registrare e classificare le non conformità riscontrate durante il processo produttivo.
* Analizzare gli scarti di produzione per individuare le cause di difettosità.
* Collaborare con la produzione e il reparto tecnico per proporre azioni correttive.
* Utilizzare strumenti di misura e apparecchiature di collaudo per il controllo qualità.
* Redigere report giornalieri/settimanali relativi a controlli e scarti.
* Supportare le attività di miglioramento continuo e mantenimento degli standard qualitativi.
* Garantire il rispetto delle procedure operative e delle normative di qualità aziendali.

**Requisiti:**
--------------

**Requisiti richiesti:**

* Diploma tecnico (meccanico, elettronico, elettrotecnico) o esperienza equivalente.
* Esperienza pregressa nel controllo qualità in ambito produttivo (meccanico/elettronico).
* Esperienza pregressa in laboratori per analisi difettosità di componenti elettromeccanici
* Capacità di lettura del disegno tecnico e schemi elettrici.
* Conoscenza e uso di strumenti di misura (calibro, micrometro, multimetro, oscilloscopio, ecc.).
* Buona capacità di analisi e attenzione al dettaglio.
* Precisione, autonomia operativa e capacità di lavorare in team.
* Buona conoscenza di Excel e strumenti informatici per la registrazione dei dati.
* Buona conoscenza della lingua inglese

**Altre informazioni:**
-----------------------

**Sede di lavoro:** Pomezia (RM)","","https://it.indeed.com/cmp/Ntwk","","","","","","","","","","","","","addetto selezione"
"in-0ab647cc19a88358","indeed","https://it.indeed.com/viewjob?jk=0ab647cc19a88358","https://deloittecm.avature.net/en_US/careers/JobDetail/Praticante-Consulente-del-Lavoro-Praticante-Dottore-Commercialista-Payroll-Advisory-GES-ROMA-MILANO/10895","Praticante Consulente del Lavoro / Praticante Dottore Commercialista - Payroll Advisory (GES) - ROMA / MILANO","Deloitte","Roma, LAZ, IT","2026-09-08","internship","","","","","",True,"","","","","### **Job Specs**

Job Name
Praticante Consulente del Lavoro / Praticante Dottore Commercialista \- Payroll Advisory (GES) \- ROMA / MILANO
Location
Milano, Roma
Business Area
GLOBAL EMPLOYER SERVICES
Seniority
Junior
Business Function
TAX
### **What impact will you make?**

**YOUR ROLE**


 Lo Studio Tributario e Societario Deloitte sta ricercando neolaureati o giovani professionisti da inserire nella Service Line Global Employer Services (GES).


 All’interno del team GES troverai un ambiente giovane, dinamico e molto stimolante, in cui viene valorizzato il contributo e l'impegno di ogni singolo professionista e dove, con il coordinamento dei colleghi più senior, lavorerai in maniera flessibile e smart e ti occuperai di supportare le attività di:

* Interpretazione e Applicazione dei Contratti Collettivi Nazionali di Lavoro
* Armonizzazioni contrattuali
* Consulenza gestione processi payroll
* Global payroll management
* Analisi e supporto ai clienti nella definizione della corretta regolamentazione payroll contributiva e fiscale applicabile ai propri lavoratori domestici e distaccati
* Gestione delle rappresentanze previdenziali in Italia e dei relativi adempimenti payroll
* Implementazione e gestione payroll (map coding, raccordo con voci finance, etc ) dei piani azionari e di incentivazione
* Analisi del costo del lavoro e gestione degli agenti (mappatura benefit aziendali, identificazione costi differiti TFR e/o bonus, valutazione politiche retributive variabili)
* Attività di Payroll Inspection, che includono l’analisi dei processi retributivi, la redazione di report in lingua inglese e la presentazione dei risultati ai clienti.
* Supporto al management nell’ambito di incarichi di Consulenze tecniche di parte in ambito retributivo e contributivo

**WINNING REQUIREMENTS**


Sei il talento che cerchiamo se hai le seguenti caratteristiche:

* Laurea in ambito economico/giuridico
* Disponibilità ed interesse ad intraprendere la pratica per l'abilitazione alla professione di Dottore Commercialista o di Consulente del Lavoro
* Una minima esperienza in ambito Payroll sarà considerata un plus
* Ottima conoscenza della lingua inglese
* Conoscenza del pacchetto Microsoft Office, in particolare conoscenza di Excel
* Motivazione, determinazione e propensione al team working


 Completano il profilo ottime capacità comunicative e relazionali, autonomia organizzativa, intraprendenza, flessibilità e dinamicità, attitudine e forte motivazione verso il settore della consulenza.


 Il Team GES è presente in più di 150 paesi con oltre 7\.000 professionisti a livello globale e lavora in sinergia con team multidisciplinari all'interno del Network Deloitte su progetti che hanno focus su tematiche di: fiscalità e previdenza internazionale, con particolare riguardo alla gestione degli expatriates e dei remote workers; consulenza strategica su processi decisionali legati alla gestione delle risorse umane; compensation and benefits e gestione delle attività di compliance.


ABOUT STUDIO TRIBUTARIO E SOCIETARIO  

  

Lo Studio Tributario e Societario, Società tra Professionisti dedicata alla consulenza ed assistenza fiscale ad imprese e gruppi italiani ed internazionali, facente parte del network Deloitte Touche Tohmatsu, è presente in Italia con sedi a Milano, Roma, Firenze, Torino, Genova, Bologna, Padova, Napoli, Catania. Lo Studio offre consulenza ed assistenza fiscale e tributaria nei diversi settori di specializzazione con scrupolosa attenzione agli aspetti tecnici, forte impegno verso la qualità e continuo riferimento alle esigenze del cliente.  

  

MAKE AN IMPACT THAT MATTERS  

  

Deloitte è un network leader nei servizi professionali alle imprese, presente in oltre 150 Paesi con 457 mila professionisti. Offriamo soluzioni innovative e sostenibili in Audit \& Assurance, Consulting, Financial Advisory, Risk Advisory, Tax e Legal. Il nostro obiettivo è supportare le aziende nello sviluppo e nell'implementazione di strategie al passo con il mercato.  

  

In Deloitte la sostenibilità è un tema centrale. Per questo, attraverso le strategie e le progettualità legate alle tematiche Environmental, Social e Governance (ESG), ci impegniamo a promuovere una crescita responsabile, sostenibile e inclusiva per il Pianeta, le nostre persone e la società. Scopri di più sulle nostre strategie di Corporate Sustainability, tra cui Well\-being, la strategia volta a migliorare il benessere fisico, mentale e sociale delle nostre persone, affinché siano felici e piene di energia in tutti gli ambiti della loro vita e WorldClimate, la strategia globale di Deloitte per diventare un’organizzazione Net Zero e per guidare scelte responsabili all’interno e all’esterno dell’organizzazione. \#LI\-Hybrid  

  

Sei pronto/a a \#MakeAnImpactThatMatter insieme? Candidati ora!  

  

La ricerca rispetta il d.lgs. 198/2006, il D.lgs. 215/03 e il D.lgs. 216/03 ed è aperta a candidati di qualsiasi orientamento o espressione di genere, orientamento sessuale, età, etnia e credo religioso. Il presente annuncio è stato ideato nel rispetto della diversità e dell’inclusività.","","https://it.indeed.com/cmp/Deloitte","https://d2q79iu7y748jz.cloudfront.net/s/_squarelogo/256x256/b245a75ba4a28df29f8f1551ac296deb","http://www.deloitte.com","New York, NY","10,000+","more than $10B (USD)","We’re a leading professional services firm, but what makes working at Deloitte unique? When you join us, you become connected. To inspiring people. To meaningful work with fascinating clients.","","","","","","","responsabile risorse umane"
"li-4466074338","linkedin","https://www.linkedin.com/jobs/view/4466074338","","Batch Recruitment: Administrative Assistant, G-5, 11 posts, Fixed Term, Private Fundraising and Partnerships, Rome, Italy (Open to EU Citizens or Valid Italian Work Permit Holders)","UNICEF","Rome, Latium, Italy","","","","","","","",False,"","","","","","","https://www.linkedin.com/company/unicef","","","","","","","","","","","","","executive search"
