"id","site","job_url","job_url_direct","title","company","location","date_posted","job_type","salary_source","interval","min_amount","max_amount","currency","is_remote","job_level","job_function","listing_type","emails","description","company_industry","company_url","company_logo","company_url_direct","company_addresses","company_num_employees","company_revenue","company_description","skills","experience_range","company_rating","company_reviews_count","vacancy_count","work_from_home_type","search_term"
"in-3327c13eb1ceb0b0","indeed","https://it.indeed.com/viewjob?jk=3327c13eb1ceb0b0","https://eng.wd3.myworkdayjobs.com/en-US/ExternalCareers/job/Roma--Ple-Agricoltura/HR-Talent-Acquisition-Intern_JR105286","HR Talent Acquisition Intern","Engineering","Roma, LAZ, IT","2026-07-30","fulltime","","","","","",True,"","","","","**Cosa ti proponiamo:**


All’interno della direzione**Group People, General Services \& HSE**,nell*'*area**Talent Acquisition**siamo alla ricerca di una figura di**HR** **Talent Acquisition Intern**per supportare il nostro team nella gestione dei processi di selezione e nell'identificazione dei migliori talenti.

**Quali saranno le tue attività e responsabilità?**

* Supporto al team nella pubblicazione degli annunci di lavoro;
* Ricerca diretta e scouting di profili in linea con le esigenze di hiring;
* Analisi dei CV e gestione del primo screening dei candidati;
* Organizzazione e gestione dei colloqui;
* Aggiornamento del database HR e monitoraggio delle candidature in corso.

**Qualifiche e competenze richieste:**

* Laurea in ambito Risorse Umane, Psicologia, Economia o discipline affini.
* Ottime capacità comunicative e organizzative.
* Interesse per il mondo della selezione del personale e delle risorse umane.
* Buona conoscenza del pacchetto Office in particolare Excel.
* Conoscenza della lingua inglese (livello minimo B2\).

**Cosa cerchiamo nelle nostre persone?**

* **Ambizione,** nel perseguire grandi obiettivi e nell'investire sul miglioramento continuo;
* **Proattività,** nell’anticipare e affrontare le sfide con iniziativa;
* **Trasparenza,** nel comunicare apertamente e fornire feedback costruttivi;
* **Motivazione** a **migliorare e a crescere insieme agli altri**, manifestando apertura al confronto per favorire la crescita collettiva e il raggiungimento degli obiettivi comuni.

**Invia la tua candidatura e raccontaci come puoi fare la differenza**

**Inquadramento e retribuzione**

* Inquadramento: Tirocinio
* Rimborso spese mensilie: 1\.000€
* Benefit: smart working, formazione
* Inserimento previsto da ottobre 2026

**Sede di inserimento**


Roma


L’annuncio è rivolto a tutti i candidati, senza distinzione di sesso, nel rispetto del Codice delle pari opportunità di cui al D.Lgs. 198/2006 e ss.mm.ii.","","https://it.indeed.com/cmp/Engineering-d3f236ef","https://d2q79iu7y748jz.cloudfront.net/s/_squarelogo/256x256/2c2084a9f28f14154addc026c44abb09","http://www.eng.it","","501 to 1,000","Decline to state","","","","","","","","talent acquisition"
"in-1dace48c0c20f3c3","indeed","https://it.indeed.com/viewjob?jk=1dace48c0c20f3c3","https://joblink.allibo.com/ats3/job-offer.aspx?DM=14&ID=108519&LN=IT&SG=3&FT=10&MD=1","PROGRAMMA CAMPUS - ottici alla prima esperienza Roma","EssilorLuxottica","Roma, LAZ, IT","2026-07-30","internship","","","","","",False,"","","","selezione@essilorluxottica.com","EssilorLuxottica Retail Italia è presente sul mercato con diverse insegne quali Salmoiraghi \& Viganò, GrandVision Italy e Corner Optique.
  
  

Nata nel 1965, Salmoiraghi \& Viganò è oggi leader nel settore dell’occhialeria in Italia, con oltre 250 negozi su tutto il territorio nazionale. Nel 2016 Salmoiraghi \& Viganò entra a far parte del gruppo Luxottica, noto dal 2019 come EssilorLuxottica, consolidando il proprio posizionamento come punto di riferimento per il migliore assortimento di brand di lenti e montature.
  
  

Salmoiraghi \& Viganò ascolta gli occhi degli italiani da oltre 150 anni, offrendo ai propri clienti un impegno costante, l’eccellenza di lenti e montature vista e sole e, grazie a ottici esperti e alle tecnologie più all’avanguardia, i migliori servizi per il benessere visivo. Scopri la storia del marchio ed i suoi oltre 150 anni di eccellenza: https://www.salmoiraghievigano.it/la\-nostra\-storia
  
  

**PROGRAMMA CAMPUS \- ottici alla prima esperienza Roma:**  

Sei un ottico neo abilitato o stai per conseguire l’abilitazione? Unisciti a noi!
  
  

Per i nostri punti vendita nella città di Roma siamo alla ricerca di ottiche e ottici junior da inserire attraverso il Programma Campus, un percorso dedicato a chi desidera muovere i primi passi nel mondo dell'ottica e sviluppare la propria professionalità all'interno di un contesto strutturato.
  
  

Avrai l'opportunità di crescere attraverso una formazione dedicata e l'affiancamento di professionisti esperti, che ti accompagneranno nello sviluppo delle competenze tecniche, relazionali e commerciali fondamentali per il ruolo.
  
  

Il percorso che ti aspetta
  
* Inserimento iniziale in stage finalizzato alla assunzione
* Programma di affiancamento strutturato
* Supporto alla mobilità in caso di disponibilità al trasferimento in altre regioni
* indennità mensile lorda tra 400€ e 600€ in base al numero di ore di stage
* Buoni pasto


**Requisiti:**  

* Abilitazione alla professione di ottico (conseguita o in fase di conseguimento)
* Passione per il mondo retail
* Attitudine al lavoro di squadra


Se desideri entrare in un contesto dove imparare, crescere e costruire il tuo percorso professionale, inviaci la tua candidatura. Per maggiori informazioni puoi contattare il Team Talent Acquisition all'indirizzo: selezione@essilorluxottica.com.
  
  

Salmoiraghi\&Viganò è impegnata a creare un ambiente inclusivo per ogni dipendente. Valorizziamo la diversità e offriamo pari opportunità ad ogni persona, indipendentemente da genere, etnia, religione, disabilità, orientamento sessuale, origine etnica e culturale o qualsiasi altra caratteristica che ci rende speciali.","","https://it.indeed.com/cmp/Essilorluxottica-c3010e15","https://d2q79iu7y748jz.cloudfront.net/s/_squarelogo/256x256/62dc722b14b24d8f556e8c9ddd26ce17","http://www.luxottica.com","Milan","10,000+","$5B to $10B (USD)","","","","","","","","talent acquisition"
"in-7279ec04083495f2","indeed","https://it.indeed.com/viewjob?jk=7279ec04083495f2","https://jobs.msd.com/gb/en/job/R408452","Medical Science Liaison - Oncology (Centro-Nord)","MSD","Roma, LAZ, IT","2026-07-29","fulltime","","","","","",False,"","","","","Job Description
  
  

Our Medical Affairs team advances patient care by engaging in scientific exchange with external medical experts and industry leaders ensuring the scientific value of our products is understood. We connect, communicate and train internal employees to ensure a thorough understanding of the science behind the medicine and review further unmet medical needs to support collaboration to further differentiate our portfolio.
  
  

Medical Scientific Liaisons are scientifically trained and credentialed therapeutic area, disease, and product experts who engage in non\-promotional scientific exchange with SLs or KDMs (Scientific Leaders or Key Decision Makers). MSL interactions with SLs and KDMs are built on the credibility of the scientific exchange held. MSLs develop and execute action plans aligned with the Guiding Principles for Ex\-US GMA/OGMA External Stakeholder\-Facing Activities, local and global company policies, local rules regulations, and the Medical Affairs Plan (MAP).
  
  

MSLs liaise between the scientific community and the Company to enhance the comprehension of scientific foundations and goals for approved, in\-development, and active Company\-sponsored trials and/or investigator\-sponsored research studies. The MSL serves as a role model for other field medical team members in ways that include on\-boarding and/or sharing of therapeutic expertise.
  
  

Responsibilities and Primary Activities
  
  

Scientific Exchange
  
  

* Develops professional relationships and engages with national and/or regional SLs to ensure access to medical and scientific information on areas of therapeutic interest and Company products
* Conducts peer\-to\-peer scientific discussions and maintains a reliable presence with those SLs to ensure they have a medical contact within the Company
* Addresses scientific questions and directs SL inquiries on issues outside of MSL scope (e.g., grants) to appropriate Company resources consistent with applicable policies
* Maintains current knowledge and comprehension of dynamic scientific and clinical environment in the Companys Areas of Interest (AOI)


Research
  
  

* Upon request from Global Clinical Trial Operations (GCTO),
* Identifies barriers to patient enrollment and retention efforts to achieve study milestones, recommends study sites, and identifies potential investigators to participate in phase II\-IV clinical development programs
* Addresses questions from investigators and provides information regarding participation in Company\-sponsored clinical studies
* Upon request from Scientific Affairs,
* Enhances the comprehension of the scientific foundations and goals of investigator\-sponsored research
* Identifies barriers to patient enrollment and retention efforts to achieve study milestones
* Initiates discussions with SLs and/or potential investigators that include scientific/data exchange within our AOI to determine the alignment with our research strategies, studies concepts, scientific merit, and qualifications for a specific compound or trial


Working area
  
  

* Emilia Romagna, Toscana e Marche.
* THE CANDIDATE IS REQUIRED TO LIVE WITHIN THE WORKING AREA IN ONE OF THE REGIONS MENTIONED ABOVE


Your Profile
  
  

**Qualification Experience:**  

An advanced scientific degree is strongly preferred, such asMD (or equivalent MB.Ch.B.), PharmD, or Ph.D. in Alife science, preferably with clinical knowledge of the assigned therapeutic area. At a minimum, a college education degree in pharmacy.
  
  

**Skills:**  

* Minimum of 2 years of pharmaceutical experience is strongly preferred. Experience in the assigned therapeutic area is highly preferred
* Strong scientific baseline knowledge in assigned therapeutic areas (Lung and GI cancers), clinical trial methods, implementation, and data interpretation, sound scientific and clinical judgment, and eagerness to continue to learn more in depth about a specific therapeutic area
* Ability to present scientific and other technical information with confidence, in a way that engenders trust and credibility
* Excellent communication skills across a variety of internal and external audiences including listening skills and probing skills
* Strong collaboration skills and ability to function within a team environment
* Ability to handle multiple tasks at the same time and work under pressure


The salary range for this position is € 49\.900 \- € 84\.800
  
  

This is the lowest and highest salary we in good faith believe we would pay for this role at the time of this posting. This will be based on an individual’s experience, skills, organizational needs and compensation levels within their peer group. If applicable, employees may also be eligible for annual bonus and long\-term incentives or other benefits. Our Talent Acquisition team will provide further information to you, if applicable.
  
  

This role is part of national collective labor agreement “NCLA” “Quadro” “A3” .
  
  

**Required Skills:**  

Adaptability, Adaptability, Advisory Board Development, Analytical Problem Solving, Analytical Thinking, Clinical Development, Clinical Programs, Clinical Research, Clinical Risk Management, Clinical Site Management, Clinical Supplies Management, Clinical Trial Agreements (CTA), Clinical Trial Compliance, Clinical Trial Methodology, Clinical Trials, Data Analysis, ICH GCP Guidelines, Interpersonal Relationships, Medical Affairs, Medical Knowledge, Molecular Oncology, Pharmaceutical Industry, Pharmaceutical Medical Affairs, Scientific Communications, Scientific Leadership {\+ 1 more}
  
  

**Preferred Skills:**  

Current Employees applyHERE
  
  

Current Contingent Workers applyHERE
  
  

Search Firm Representatives Please Read Carefully
  
Merck Co., Inc., Rahway, NJ, USA, also known as Merck Sharp Dohme LLC, Rahway, NJ, USA, does not accept unsolicited assistance from search firms for employment opportunities. All CVs / resumes submitted by search firms to any employee at our company without a valid written search agreement in place for this position will be deemed the sole property of our company. No fee will be paid in the event a candidate is hired by our company as a result of an agency referral where no pre\-existing agreement is in place. Where agency agreements are in place, introductions are position specific. Please, no phone calls or emails.
  
  

**Employee Status:**  

Regular
  
  

**Relocation:**  

**VISA Sponsorship:**  

**Travel Requirements:**  

**Flexible Work Arrangements:**  

Not Applicable
  
  

**Shift:**  

**Valid Driving License:**  

**Hazardous Material(s):**  

**Job Posting End Date:**  

08/12/2026\*A job posting is effective until 11:59:59PM on the dayBEFORE the listed job posting end date. Please ensure you apply to a job posting no later than the dayBEFORE the job posting end date.
  
**Requisition ID:** R408452","Pharmaceuticals","https://it.indeed.com/cmp/Msd","https://d2q79iu7y748jz.cloudfront.net/s/_squarelogo/256x256/d2d31e6f7c0267d2f6ddf3d60e74d52a","https://jobs.msd.com/netherlands-dutch","Merck & Co., Inc., Rahway, NJ USA","10,000+","more than $10B (USD)","We aspire to be the premier research-intensive biopharmaceutical company in the world. Innovation and scientific excellence are at the core of what we do in pursuit of our purpose to save and improve.","","","","","","","talent acquisition"
"in-ddb648c177577284","indeed","https://it.indeed.com/viewjob?jk=ddb648c177577284","https://jobs.smartrecruiters.com/JYSK/744000140443128-sales-assistant-24h-avezzano","Sales Assistant 24h - Avezzano","JYSK","Scurcola Marsicana, ABR, IT","2026-07-29","parttime","","","","","",False,"","","","","**Descrizione dell'azienda**  

JYSK è un retailer internazionale di arredamento per la casa con radici scandinave che rende facile arredare ogni ambiente di qualsiasi casa e giardino.


Con oltre 3\.600 negozi e online shop in 49 paesi, JYSK propone sempre grandi offerte e un servizio competente a portata di mano, indipendentemente da come i clienti scelgono di fare acquisti.


Il fondatore Lars Larsen ha aperto il suo primo negozio in Danimarca nel 1979\. Oggi, JYSK impiega 34\.000 collaboratori.

 **Descrizione del lavoro**  

Ami la vendita? Vuoi fornire il miglior servizio clienti in Italia insieme al tuo team JYSK? T piacciono i lavori dinamici e un ambiente frenetico?


Allora potresti essere la persona che stiamo cercando come Sales Assistant!

**COSA OFFRIAMO**


Avrai la possibilità di entrare a far parte di un'azienda retail che vuole essere la prima scelta dei candidati quando cercano un nuovo lavoro. Siamo un’azienda dinamica: con noi i tuoi contributi contano, sarai sempre coinvolto e il tuo sviluppo sarà una priorità. Inoltre, in qualità di ambasciatore JYSK, avrai i seguenti vantaggi:

* Opportunità di sviluppo e responsabilità – abbiamo l’obiettivo di nominare l’80% dei nostri futuri manager internamente. Scopri di più qui
* Competizioni interne tra negozi con premi interessanti
* Attività sociali e un luogo di lavoro divertente
* Bonus competitivi che premiano grandi risultati di vendita
* Un orario di lavoro flessibile
* Sconto del 20% presso le aziende del Gruppo JYSK e Lars Larsen
* Inquadramento e RAL IV livello del CCNL Commercio e Servizi pari 25\.047,40 euro lordi annui (da riproporzionare in caso di part time).

**LE TUE RESPONSABILITÀ**

* Assicurare eccellenti vendite nel negozio: offrire ai nostri clienti un servizio eccellente sempre con il sorriso!
* Garantirai che il negozio sia in ordine al 100% e ben fornito con i nostri prodotti
* Aiuterai a ricevere, disimballare e riporre la merce, sia nel magazzino che nel piano vendita quindi non hai paura del lavoro fisico
* Avrai l’opportunità crescere come referente di una o più aree del negozio


Incontra uno/a dei nostri Sales Assistant e scopri di più su di noi qui.

**IL TUO VALORE AGGIUNTO**

* Sei comunicativo/a, prendi iniziative e sai dare ai nostri clienti la migliore esperienza di acquisto che possano immaginare
* Hai un entusiasmo contagioso e ti appassiona relazionarti con i clienti
* Sei un/a buon/a collega per la tua squadra – insieme fate il possibile per ottenere grandi risultati
* Ti piace il lavoro dinamico e sei flessibile: sia nelle attività che in termini di orari di lavoro.

  

**Informazioni aggiuntive**  

La nostra ambizione è essere la prima scelta dei lavoratori all'interno del retail, ovunque sia presente JYSK nel paese. Ciò significa che ci impegniamo sempre ad essere un luogo attrattivo in cui lavorare e che i nostri colleghi apprezzino il tempo che trascorrono al lavoro. Siamo anche orgogliosi di premiare l'impegno tra i nostri colleghi.


Pertanto, quando lavori in JYSK incontrerai molte opportunità di carriera sia a livello nazionale che internazionale e godrai di grandi vantaggi per i dipendenti.


Credi che JYSK faccia per te? Scopri di più su di noi come luogo di lavoro, **visita la nostra** **career page**.


""*L'offerta di lavoro si intende rivolta ad entrambi i sessi, nel rispetto delle disposizioni delle leggi D.lgs. 903/77 e D.lgs. 125/91*"".

*Scopri come trattiamo i tuoi dati nella sezione \[**Policy sulla Privacy**]*


Per aiutarci a gestire le candidature in modo equo ed efficace, utilizziamo un sistema che verifica e valuta quanto ogni candidatura sia adatta al ruolo. Il sistema analizza le tue risposte ad alcune domande di screening: le domande sono state create dal sistema e poi revisionate dal Talent Acquisition Team di JYSK. Ogni domanda e ogni risposta hanno un valore, e in base alle tue risposte il sistema ordina i candidati per darci un'idea di quanto il ruolo possa essere in linea con il tuo profilo. Questo ci permette di gestire tutte le candidature e garantire che ogni persona venga trattata in modo uguale. Il risultato del sistema indica se la tua candidatura passerà o meno alla fase successiva, ma non preoccuparti: la decisione finale è sempre presa da una persona. Se vuoi saperne di più su come trattiamo i tuoi dati personali e sui tuoi diritti, puoi consultare la nostra Privacy Policy.","","https://it.indeed.com/cmp/Jysk","https://d2q79iu7y748jz.cloudfront.net/s/_squarelogo/256x256/a1ece345739bdbb0889f8bbe72ad3519","https://www.jysk.com/","Brabrand","10,000+","Decline to state","When you grow, we grow. It’s that simple. At JYSK, we are committed to the ongoing development of our colleagues. We have locations in BC, Alberta, Saskatchewan, Manitoba, Ontario, and Quebec.","","","","","","","talent acquisition"
"in-19082136a94ad0a8","indeed","https://it.indeed.com/viewjob?jk=19082136a94ad0a8","https://careersasahiinternational.jobs.hr.cloud.sap/BIRRA_PERONI/job/Roma-TRADE-INSIGHT-SPECIALIST/1367939057/","TRADE INSIGHT SPECIALIST","Peroni","Roma, LAZ, IT","2026-07-28","","","","","","",True,"","","","","**TRADE INSIGHT SPECIALIST**  


**What You’ll Be Doing**



We are looking for someone who wants to start a professional journey with us in the role of **Trade insight Specialist**



You will be included in the Strategy Planning \& Insight team and you will play an important role in analyzing market performance, customer trends and channel dynamics to support informed business decisions. By transforming complex data into clear recommendations, the role helps identify growth opportunities and challenges for the on trade comparing our portfolio performance vs competitions’.

  


**✅** **Your Activities Will Include**


* Support commercial decision\-making through insights: Deliver timely, accurate, and insight\-driven analyses to support trade and commercial decision\-making.
* Monitor channel performance, market dynamics, competitive activity, customer behavior, and key business KPIs, identifying opportunities and risks for the business
* Technical Support to reinforce analytical knowledge cross departments: Set up training and support sales/trade and marketing team in using data providers’ tools; ensure reports are correctly updated and set up data quality checks; translate complex data into clear business implications and recommendations for commercial stakeholders.
* Contribute to annual and multi\-year planning processes by providing market outlooks and channel assessments
* Maintain and enhance reporting frameworks, dashboards, and performance tracking tools to support business reviews and decision\-making.
* Ensure continuous sharing of knowledge and insights across commercial teams to improve organizational effectiveness and agility.
* Work with international team to build a clear market overview, including technical improvement and set up

  


**Who We’re Looking For**


* You’ve a University Master Degree, preferably in economics;
* You’ve a minimum of 3\-4 of experience in insight, business analysis or market research
* You’ve fluency in English and Italian;
* You’ve ability to think and act strategically;
* You’re able to work in team and manage complex situations;
* You’ve strong determination and you’re result driven;

  


**Contract \& Compensation**
* A permanent contract
* CCNL Industria Alimentare
* Gross annual base salary starting from € 42\.000

  


**In Return We Offer**
* Flexible working model, offering up to 11 remote working days per month, allowing you to organize your time autonomously according to your objectives and priorities
* Extra Professional Injury Insurance
* Enhanced Parental Policy, including an additional 10 days of paid paternity leave beyond statutory requirements and a welcome gift for newborns
* Access to our comprehensive welfare plan with employee discounts through Corporate Benefits and our Loyalty Program
* Wellbeing plans to support and promote physical and mental health, through dedicated programs such as Well Hub and the Employee Assistance Program (EAP)
* Free beer and exclusive employee discounts on our products
* Company canteen
* The chance to grow within an international, dynamic and engaging context
* Structured onboarding program to support your induction and integration into the company

  



**Where?**  

Our Head Quarter in Rome, featuring our brand\-new, modern offices!  


**Environment That You Will find**



We are committed to nurturing a workplace where we celebrate and respect difference, and support everyone to be true to who they are! At Asahi Europe and International we believe you can SHINE AS YOU ARE \- no matter your age, gender, ethnicity, sexual orientation, disabilities, religion, or beliefs. We want to support you to be courageous in your individuality and to know that whoever you are and whatever your circumstances, you can belong with us without having to conform.

  


**What next?**


* Our Talent Acquisition Team will assess your application and if you have what we’re looking for, you'll be contacted for an initial phone screen;
* If we like what we hear, you’ll be invited to an interview with a member of the Talent Acquisition team and your future Manager!","","https://it.indeed.com/cmp/Peroni","https://d2q79iu7y748jz.cloudfront.net/s/_squarelogo/256x256/bc6933005da1160c5a44f9f5a48aecca","http://www.birraperoni.it","Rome","501 to 1,000","","","","","","","","","talent acquisition"
"li-4446335840","linkedin","https://www.linkedin.com/jobs/view/4446335840","","HR RECRUITER/ TALENT ACQUISITION - Agenzia per il Lavoro (Roma Centro)","Human Job - Agenzia per il lavoro","Rome, Latium, Italy","2026-07-28","","","","","","",False,"","","","","","","https://it.linkedin.com/company/human-job-agenzia-per-il-lavoro","","","","","","","","","","","","","talent acquisition"
"li-4448230309","linkedin","https://www.linkedin.com/jobs/view/4448230309","","Addetto/a ricerca e selezione del personale junior","Tuolavoro-Lazio","Monterotondo, Latium, Italy","","","","","","","",False,"","","","","","","https://www.linkedin.com/company/tllazio","","","","","","","","","","","","","talent acquisition"
"in-c156dcb80d1e4efa","indeed","https://it.indeed.com/viewjob?jk=c156dcb80d1e4efa","https://csd.tuolavoro.com/jobs/8162496-addetto-a-risorse-umane-junior-per-distribuzione","Addetto/a Risorse Umane junior per distribuzione","Cosma solution","Roma, LAZ, IT","2026-08-03","fulltime","","","","","",False,"","","","","Studio HR interno di un'azienda della distribuzione di beni di largo consumo con sede a Roma, circa 80 dipendenti, ricerca un/una Addetto/a Risorse Umane junior da inserire nel team.


Il ruolo prevede supporto concreto alle attività quotidiane di gestione del personale, con operatività diretta su processi di selezione e amministrazione HR.


Mansioni principali:  

* Gestione e aggiornamento delle anagrafiche del personale su Zucchetti HR;
* Screening dei CV e organizzazione dei colloqui di selezione;
* Monitoraggio presenze, assenze, ferie e permessi tramite software dedicato;
* Predisposizione della documentazione per assunzioni, cessazioni e proroghe contrattuali.

Requisiti:  

* buone competenze informatiche e familiarità con il pacchetto Office;
* precisione e attenzione ai dettagli nella gestione documentale;
* ottime doti comunicative e relazionali;
* capacità di lavorare in team e proattività nell'apprendimento;
* valutiamo anche candidati alla prima esperienza nel ruolo.

Offerta e benefit:  

* apprendistato professionalizzante, tempo pieno;
* Formazione continua e affiancamento costante;
* Buoni pasto giornalieri;
* Welfare aziendale con servizi dedicati ai dipendenti;
* retribuzione lorda mensile 1\.500\-1\.800 €, inquadramento CCNL Commercio.

Sede di lavoro: Roma (RM).","","https://it.indeed.com/cmp/Cosma-Solution","","","","","","","","","","","","","recruiter"
"in-94ba81bd1567edcf","indeed","https://it.indeed.com/viewjob?jk=94ba81bd1567edcf","https://joblink.allibo.com/ats9/job-offer.aspx?DM=2095&ID=182423&LN=IT&SG=3&FT=10&MD=1","1 HR SPECIALIST- RECRUITER","Skydental Holding srl","Roma, LAZ, IT","2026-08-03","fulltime, internship","","","","","",False,"","","","","SKYDENTAL 3D network di centri odontoiatrici in espansione sul territorio italiano, ricerca per la sede di Roma :
  
  

**1 HR SPECIALIST\- RECRUITER:**  

Sei una persona responsabile, organizzata e a cui piace stare a contatto con le persone?
  
  

Ecco la nostra proposta per te!
  
  

Prestigiose Cliniche Odontoiatriche site sul territorio, ricercano per ampliamento organico 1 HR SPECIALIST.
  
  

**La risorsa, si occuperà delle seguenti attività:**  

**Principali responsabilità:**  

Recruiting e Colloqui , inclusa la gestione delle anagrafiche dei candidati;
  
Supporto generico ai dipendenti;
  
Formazione periodica con i dipendenti;
  
Gestione presenze del personale di sede e dei Centri Odontoiatrici tramite il gestionale Team System;
  
Contrattualistica legata ad assunzioni, modifiche e cessazioni, pratiche inail ed infortuni;
  
Monitoraggio dei processi aziendali relativi ai piani di assistenza sanitaria e welfare;
  
Interfaccia con studio paghe esterno e gli enti;
  
Onboarding dei nuovi dipendenti e stagisti
  
  

Sarà requisito preferenziale ma non necessario la disponibilità ad effettuare spostamenti periodici nelle strutture aziendali anche fuori regione.
  
  

**Profilo ricercato:**  

Laurea in Economia / Giurisprudenza / Consulenza del Lavoro
  
Pregressa esperienza (\+2 anni) in HR Specialist
  
Precisione e capacità organizzativa, determinazione, gestione efficiente del tempo
  
Dimestichezza con il pacchetto Microsoft Office, in particolare Excel
  
  

Si offre un contratto a tempo determinato con reali possibilità di inserimento. E’ previsto un periodo di formazione iniziale al fine di acquisire le nostre procedure e protocolli per garantire un buon inserimento in azienda.
  
  

**Disponibilità:** Dal lunedì al venerdì ( 40 ore settimanali )
  
  

Verranno prese in considerazione esclusivamente le candidature in possesso dei requisiti richiesti e i cv con l’autorizzazione al trattamento dei dati personali dell’art.13 GDPR (Regolamentato UE 2016/679\) ai fini della ricerca e selezione del personale.
  
  

L’offerta si intende rivolta a personale di entrambi i sessi (L. 903/77 e 125/91\) a persone di tutte le età e tutte le nazionalità, ai sensi dei decreti legislativi 215/03 e 216/03","","https://it.indeed.com/cmp/Skydental-Holding-Srl","","https://www.skydental.it/","","","","","","","","","","","recruiter"
"in-8b6a9a6a08a1fc57","indeed","https://it.indeed.com/viewjob?jk=8b6a9a6a08a1fc57","https://q8hcm.wd3.myworkdayjobs.com/es/External_KUPIT/job/Rome-Italy/ADDETTO-HR-DIGITAL-TRANSITION_R0004819","ADDETTO HR DIGITAL TRANSITION","Q8","Roma, LAZ, IT","2026-08-03","fulltime","","","","","",False,"","","","","***ADDETTO HR DIGITAL TRANSITION***

**Q8** opera in un contesto internazionale nel settore energy, contribuendo attivamente al processo di **energy transition** e allo sviluppo di soluzioni sempre più **sostenibili** e **innovative**. In uno scenario in continua evoluzione, lavoriamo per connettere **persone, territori** e **bisogni**, supportando un sistema in trasformazione e orientato al futuro.


Attraverso prodotti e servizi innovativi, favoriamo la mobilità di persone e merci, con attenzione all’**ambiente**, alla **salute** e **sicurezza** e alla creazione di valore nel sistema in cui operiamo. Questo approccio si riflette anche nel nostro modo di lavorare: un contesto **inclusivo** e **dinamico**, che valorizza **collaborazione, crescita e sviluppo continuo**.


Coerentemente con questo modello, offriamo la possibilità di intraprendere un percorso di **sviluppo personale e professionale**, attraverso **esperienze trasversali** all’interno dell’azienda in cui formare e arricchire le proprie competenze.

**STIAMO CERCANDO UN** **ADDETTO HR DIGITAL TRANSITION**

  

All’interno della **Direzione Human Resources, Legal \& Corporate Affairs,** supporterai i progetti di trasformazione e digitalizzazione dei processi HR tramite soluzioni tecnologiche avanzate, favorendo il rispetto di tempi, costi, qualità e normative.

***Le attività principali che seguirai:***

* Collaborare con la Direzione Technology e fornitori esterni per supportare l’implementazione di progetti e sistemi HR, volti alla semplificazione e automatizzazione dei processi HR.
* Contribuire al cambiamento e supporta il garantire la conformità a normative GDPR, AI e HSSE.
* Favorire la comunicazione interna e le attività di Change Management relative ai progetti di digitalizzazione HR.
* Supportare l’allineamento delle soluzioni digitali HR alle strategie di sostenibilità e responsabilità sociale aziendali.
* Collaborare all’analisi di gap di competenze digitali e supporta la pianificazione di programmi formativi di sviluppo e riqualificazione.
* Implementare e supportare l'adozione di soluzioni e use case HR innovativi, sfruttando le tecnologie disponibili per semplificare i processi, migliorare l'esperienza utente e favorire decisioni data\-driven.
* Collaborare alle attività del servizio su richiesta del supervisore.

***Requisiti chiave per il ruolo:***

* Laurea magistrale in discipline ingegneristiche
* Conoscenza della lingua inglese (livello B1\)
* Buone doti relazionali e orientamento alla collaborazione
* Proattività e senso di responsabilità

***Sede****:* *Roma*

***Cosa offriamo:***


Per la posizione è previsto un inserimento con contratto di lavoro full\-time a tempo determinato della durata di 12 mesi, CCNL Energia e Petrolio e accordi integrativi aziendali, con inquadramento al livello 4 del sistema di classificazione previsto dal CCNL applicato.


L’offerta retributiva prevista per la posizione è compresa indicativamente in un range tra € 38\.000 e € 41\.000, da definire in funzione dell’esperienza professionale maturata e delle competenze.


Accanto alla componente economica, offriamo un sistema di benefit che supporta concretamente crescita e benessere: una modalità di lavoro flessibile e ibrida in linea con la policy di smart working, accesso al ristorante aziendale o a soluzioni di buoni pasto, percorsi strutturati di formazione continua.

***Processo di selezione:***


Tutte le candidature saranno valutate sulla base di criteri professionali, oggettivi e non discriminatori, coerenti con le caratteristiche e i requisiti della posizione.


Il percorso di selezione prevede:

* Valutazione del curriculum vitae
* Primo colloquio conoscitivo (anche in modalità remota) con HR e People Manager
* Valutazione delle competenze chiave e dell’allineamento al modello aziendale
* Secondo colloquio (anche in modalità remota) con HR e Business Line

***INSIEME OLTRE OGNI DISTANZA: Entrare in Q8 significa collegare persone, territori e bisogni, contribuendo a una mobilità responsabile in un contesto che valorizza persone, innovazione e responsabilità!***","Energy And Utilities","https://it.indeed.com/cmp/Q8","https://d2q79iu7y748jz.cloudfront.net/s/_squarelogo/256x256/c16605996226acdd621440b700e359da","https://www.q8.dk/","Arne Jacobsens Allé 17, 2300 København S","1,001 to 5,000","$1B to $5B (USD)","","","","","","","","recruiter"
"in-7d79aefce2b2a1d1","indeed","https://it.indeed.com/viewjob?jk=7d79aefce2b2a1d1","https://speed.tuolavoro.com/jobs/8159712-addetto-a-risorse-umane-junior","Addetto/a risorse umane junior","LifeEnergy","Roma, LAZ, IT","2026-08-03","fulltime","","","","","",False,"","","","","Persona organizzata, con buone capacità relazionali e attenzione ai dettagli. Se ti piace gestire le pratiche del personale e lavorare in un ambiente dinamico, questa è la tua occasione. Operiamo nel settore della distribuzione di beni a largo consumo e stiamo cercando una figura da inserire nel nostro ufficio HR per supportare le attività quotidiane della gestione del personale.
  
  

**Attività previste:**  

Gestione delle anagrafiche del personale tramite software HR dedicato
  
Monitoraggio presenze, assenze, ferie e permessi per il personale operativo
  
Predisposizione di contratti, lettere e comunicazioni obbligatorie
  
Supporto nelle attività di selezione e onboarding dei nuovi colleghi
  
Elaborazione dati per l'elaborazione cedolini paga in collaborazione con lo studio paghe
  
Tenuta ordinata dei fascicoli dipendenti e aggiornamento archivi digitali
  
  

**Requisiti richiesti:**  

diploma di scuola secondaria superiore
  
anche senza esperienza pregressa, purché motivata e precisa
  
conoscenza base della normativa sul lavoro e degli istituti contrattuali
  
buona padronanza del pacchetto Office e degli strumenti informatici
  
disponibilità all'inserimento entro 2 settimane
  
  

**Offerta e benefit:**  

inquadramento CCNL Commercio con retribuzione tra 1\.400 e 1\.700 € lordi mensili
  
contratto a tempo determinato 12 mesi, tempo pieno full\-time
  
Buoni pasto giornalieri
  
Formazione continua su procedure HR e aggiornamenti normativi
  
Orario flessibile entro la fascia oraria dell'ufficio
  
Affiancamento costante e crescita guidata nel tempo
  
  

**Sede di lavoro:** Roma","","https://it.indeed.com/cmp/Lifeenergy","","","","","","","","","","","","","recruiter"
"in-5631d5f5f9fe1cb2","indeed","https://it.indeed.com/viewjob?jk=5631d5f5f9fe1cb2","https://air.tuolavoro.com/jobs/8158464-addetto-a-amministrazione-del-personale-settore-energia","Addetto/a amministrazione del personale settore energia","AIR","Guidonia Montecelio, LAZ, IT","2026-08-01","fulltime","","","","","",False,"","","","","Azienda operante nel settore dell’energia e utilities a Guidonia Montecelio ricerca una figura da inserire nell’ufficio Risorse Umane. La risorsa supporterà le attività di gestione amministrativa del personale, contribuendo all'organizzazione interna del team HR e garantendo il corretto svolgimento delle procedure.


Attività principali:  

* Gestione e aggiornamento delle anagrafiche del personale nel gestionale aziendale (es. Zucchetti)
* Supporto nelle procedure di assunzione, onboarding e pratiche contrattuali per i nuovi ingressi
* Rilevazione e controllo delle presenze, gestione ferie e permessi
* Collaborazione alla predisposizione della documentazione per paghe e contributi mensili
* Archiviazione e aggiornamento dei fascicoli del personale, garantendo la massima riservatezza

Requisiti:  

* Diploma di scuola secondaria superiore
* Dimestichezza con i principali strumenti informatici (pacchetto Office, in particolare Excel)
* Precisione, riservatezza e ottime capacità organizzative
* Attitudine al lavoro di squadra e proattività, con disponibilità a partire da subito

Offerta e benefit:  

* Contratto a tempo determinato di 12 mesi, finalizzato all'indeterminato
* Retribuzione lorda mensile indicativa: 1\.400\-1\.700 €
* Formazione continua e affiancamento costante per la crescita professionale
* Welfare aziendale e convenzioni dedicate ai dipendenti
* Orario di lavoro full\-time dal lunedì al venerdì

Sede di lavoro: Guidonia Montecelio","","https://it.indeed.com/cmp/Air","","","","","","","","","","","","","recruiter"
"in-4360dae45c6d8ece","indeed","https://it.indeed.com/viewjob?jk=4360dae45c6d8ece","https://speed.tuolavoro.com/jobs/8158396-addetto-a-risorse-umane-settore-commerciale","Addetto/a Risorse Umane Settore commerciale","LifeEnergy","Roma, LAZ, IT","2026-08-01","","","","","","",False,"","","","","Cerchiamo un/una Addetto/a Risorse Umane per un'realtà operante nel commercio al dettaglio a Roma. La persona selezionata supporterà la gestione amministrativa e operativa del personale, contribuendo all'efficienza dei processi interni e al buon funzionamento dell'area HR. È un ruolo che richiede organizzazione e precisione.


Attività principali:  

* Aggiornamento e gestione delle anagrafiche dei dipendenti su gestionale HR interno.
* Predisposizione della documentazione per assunzioni, proroghe e cessazioni.
* Monitoraggio delle presenze, gestione ferie e permessi tramite sistema dedicato.
* Supporto nell'organizzazione dei colloqui di selezione e nella comunicazione con i candidati.
* Archiviazione e mantenimento della documentazione del personale in formato digitale.

Requisiti:  

* Diploma di scuola superiore.
* Aperto anche a chi è alla prima esperienza
* Conoscenza del pacchetto Office (Excel, Word) e buona dimestichezza con gli strumenti informatici.
* Precisione, riservatezza e attenzione al dettaglio nella gestione documentale.
* Ottime capacità comunicative e relazionali per interfacciarsi con il personale.
* Inserimento immediato.

Offerta e benefit:  

* Iniziale rapporto di lavoro a tempo determinato di 6 mesi, con possibilità di proroga e stabilizzazione.
* Orario full\-time dal lunedì al venerdì.
* Retribuzione lorda mensile tra 1\.400 € e 1\.700 €.
* Formazione continua e affiancamento da parte del team HR per un rapido inserimento.
* Welfare aziendale e convenzioni dedicate ai dipendenti.

Luogo di lavoro: Roma.","","https://it.indeed.com/cmp/Lifeenergy","","","","","","","","","","","","","recruiter"
"in-23756f9425ecc51b","indeed","https://it.indeed.com/viewjob?jk=23756f9425ecc51b","https://next.tuolavoro.com/jobs/8155394-supporto-risorse-umane-per-area-amministrativa","Supporto risorse umane per area amministrativa","Novati","Terni, UMB, IT","2026-07-31","","","","","","",False,"","","","","Siamo una struttura che offre servizi assicurativi a imprese e professionisti, occupandoci di gestione polizze, sinistri e servizi di consulenza legata alla protezione aziendale. Cerchiamo una figura di supporto alle risorse umane per consolidare le attività amministrative e operative dell'ufficio personale.


Avrai responsabilità concrete nella gestione quotidiana del personale e nel mantenimento dei flussi amministrativi. In particolare:  

* gestione documentale del personale: inserimento e aggiornamento anagrafiche, archiviazione digitale delle pratiche contrattuali
* supporto nelle procedure di assunzione: preparazione bozze contratti, raccolta documentazione obbligatoria e gestione primo inserimento
* monitoraggio presenze, ferie e permessi con il software gestionale aziendale
* collaborazione nella pianificazione delle attività di formazione e gestione scadenzari
* supporto alla gestione comunicazioni interne e al processo di offboarding

Offerta e benefit:  

* Retribuzione 1\.500\-1\.800 € lordi mensili
* Buoni pasto
* Formazione continua
* Orario flessibile
* Rimborso spese per trasferte occasionali

Requisiti:  

* diploma di scuola superiore
* adatto anche a profili junior
* buona dimestichezza con pacchetto Office e con gestionali HR (indicare eventuale software conosciuto)
* precisione, riservatezza e buone capacità relazionali
* disponibilità a lavorare in team e a ingresso in azienda da subito

Contratto a tempo determinato 6 mesi con possibile proroga.  

Sede di lavoro: Terni","","https://it.indeed.com/cmp/Novati","","","","","","","","","","","","","recruiter"
"in-b3113cbbb1df48bd","indeed","https://it.indeed.com/viewjob?jk=b3113cbbb1df48bd","https://careers.sse.com/jobs/hr-manager-southern-europe-madrid-spain-community-of-madrid-spain-rome-italy-roma-italy?source=","HR Manager (Southern Europe)","SSE PLC","Roma, LAZ, IT","2026-07-30","","","","","","",False,"","","","kimberlee.anderson@sse.com","**Base Location:** Madrid \- You'll be expected to spend 50% of your working week in the office.


**Salary**: Competitive \+ performance\-related bonus \+ a range of benefits to support your finances, wellbeing and family.


**Working Pattern:** Fixed Term Contract \| Full Time


**The role**



We're looking for an experienced HR Manager to join SSE's Southern Europe business on a fixed\-term basis. Reporting to and partnering closely with the HR Business Partner supporting the International Business Development BU, you'll work alongside senior leaders to align people priorities with business objectives, enabling growth, transformation, and high performance across our operations in Southern Europe.



This is an exciting opportunity to operate in a dynamic, international environment, providing both strategic and operational HR support across multiple European jurisdictions while helping to foster a performance\-driven, inclusive, safe, and sustainable workplace culture.


**You will**


* Support the delivery of the annual people plan in partnership with specialist HR teams, including Learning, Recruitment and Reward, while contributing to long\-term workforce strategies aligned to business growth ambitions.
* Lead and advise on a broad range of employee relations matters, including collective bargaining, consultation processes, organisational change, and the implementation of people policies and frameworks across multiple European countries.
* Provide trusted coaching and guidance to business leaders across the employee lifecycle, including workforce planning, recruitment, reward, performance management, employee engagement, organisational design and talent development.
* Partner with senior leadership teams to foster a high\-performing, inclusive and collaborative culture, embedding SSE's Blueprint, strategic Drivers and Behaviours to support sustainable business success across Southern Europe.
* Oversee HR operations across Southern Europe, ensuring effective payroll governance, benefits administration, vendor management and compliance with local employment legislation, collective agreements and regulatory requirements.


**You have**


* Strong HR generalist experience gained within a complex, international environment, with a commercial, pragmatic approach to problem solving and managing competing priorities.
* Experience working with employee representative bodies, trade unions, works councils or similar forums, ideally across Spain, France, Italy or other European countries.
* Proven ability to build credible relationships, influence stakeholders at all levels and provide trusted advice to senior leadership teams.
* Experience managing HR operations across multiple jurisdictions, including payroll oversight, benefits administration, compliance activities and employee relations matters.
* Strong judgement, discretion and communication skills, with a solid understanding of European employment legislation and employee relations practices; additional European language skills would be advantageous.


**About SSE**



SSE’s purpose is to provide energy needed today while building a better world of energy for tomorrow. We do this by developing, building, operating and investing in electricity infrastructure and businesses needed in the energy transition. Our Transforming for Growth investment plan sees us investing £33bn in critical electricity infrastructure across the five years to 2030\.



Over 14,500 brilliant people work together to power change at SSE. Our Human Resources teams help make sure they're getting and giving their best. They design the people strategies that make SSE a great place to work. And they empower our teams to meet the demands of our business today, and tomorrow.


**Work with an equal opportunity employer**



SSE will make any reasonable adjustments you need to ensure that your application and experience with us is positive. Please contact kimberlee.anderson@sse.com to discuss how we can support you.



We're dedicated to fostering an open and inclusive workplace where people from all backgrounds can thrive. We create equal opportunities for everyone to succeed and especially welcome applications from those who may not be well represented in our workforce or industry.


**Ready to apply?**



Start your online application using the Apply Now box on this page. We only accept applications made online. We'll be in touch after the closing date to let you know if we'll be taking your application further. If you're offered a role with SSE, you may need to complete a criminality check and a credit check before you start work.



\#LI\-KA2



\#LI\-Hybrid","","https://it.indeed.com/cmp/Sse-PLC","https://d2q79iu7y748jz.cloudfront.net/s/_squarelogo/256x256/c8bf9ee945bb3bfbaa84b036a07bfcc3","https://careers.sse.com/","Inveralmond House, 200 Dunkeld Rd, Perth PH1 3AQ","10,000+","more than $10B (USD)","SSE is the UK and Ireland’s clean energy champion. We’re building the world’s largest offshore wind farm and developing enough renewable energy projects to power 2 in 3 UK homes.","","","","","","","recruiter"
"in-9a14d97b3aea4560","indeed","https://it.indeed.com/viewjob?jk=9a14d97b3aea4560","https://csd.tuolavoro.com/jobs/8149869-assistente-risorse-umane-per-centri-wellness","Assistente Risorse Umane per centri wellness","Cosma solution","Roma, LAZ, IT","2026-07-30","","","","","","",False,"","","","","Entra a far parte di una rete di centri specializzati in trattamenti di bellezza e benessere, dove ogni dettaglio conta. Cerchiamo una figura di supporto nelle risorse umane per gestire operativamente le attività di personale durante i mesi più intensi.


Le tue mansioni:  

* Gestione presenze, timbrature e pianificazione turni su software gestionale
* Supporto nella documentazione amministrativa del personale e raccolta pratiche per assunzioni
* Aggiornamento anagrafiche e archiviazione ordinata di ferie, assenze e cambi turno
* Coordinamento con i responsabili per le coperture di cabina durante i picchi estivi
* Supporto nell'onboarding di nuovo personale e preparazione dotazioni
* Inserimento dati su gestionale presenze (es. Fluida o Zucchetti)

Offerta e benefit:  

* Retribuzione lorda mensile indicativa: 1\.500\-1\.750 €
* Buoni pasto
* Formazione continua
* Orario flessibile
* Ambiente curato e team collaborativo

Requisiti:  

* Diploma di scuola superiore o qualifica professionale
* Esperienza non indispensabile
* Buona padronanza di Excel e familiarità con software gestionali presenze
* Precisione, discrezione e orientamento al servizio interno
* Possibilità di inizio immediato

Contratto a tempo determinato 6 mesi con possibile proroga.


Sede di lavoro: Roma","","https://it.indeed.com/cmp/Cosma-Solution","","","","","","","","","","","","","recruiter"
"in-634cb830cd03a644","indeed","https://it.indeed.com/viewjob?jk=634cb830cd03a644","https://air.tuolavoro.com/jobs/8149062-addetto-a-risorse-umane-settore-efficienza-energetica","Addetto/a risorse umane settore efficienza energetica","AIR","Tivoli, LAZ, IT","2026-07-30","fulltime","","","","","",False,"","","","","Società specializzata in servizi per l'efficienza energetica ricerca una risorsa da inserire nell'ufficio risorse umane. La figura supporterà le attività di gestione del personale con focus su documentazione contrattuale e presenze.


Attività previste:  

* gestione pratiche assunzione, proroga e cessazione rapporti di lavoro
* rilevazione presenze e gestione ferie/permessi
* inserimento dati anagrafici su gestionale HR
* supporto operativo ai processi di selezione
* preparazione report mensili per consulente paghe

Requisiti richiesti:  

* diploma scuola superiore (indirizzo amministrativo preferibile)
* conoscenza base di Excel e Word
* precisione e rispetto delle scadenze
* buone capacità relazionali
* esperienza non richiesta, valutiamo anche prime esperienze

Offerta e benefit:  

* contratto a tempo determinato 6 mesi
* orario full\-time 9:00\-13:00 / 14:00\-18:00
* buoni pasto
* formazione continua
* retribuzione lorda mensile 1\.500\-1\.800 €

Sede di lavoro: Tivoli  

Disponibilità di ingresso in azienda da subito","","https://it.indeed.com/cmp/Air","","","","","","","","","","","","","recruiter"
"in-40de40b5ed5d18e1","indeed","https://it.indeed.com/viewjob?jk=40de40b5ed5d18e1","http://it.indeed.com/job/international-student-recruiter-40de40b5ed5d18e1","International Student Recruiter","Rome Business School","Roma, LAZ, IT","2026-07-30","fulltime","","","","","",False,"","","","","**International Student Recruiter**  
Fluent **English** Required \| On\-site in Rome, Italy \| Full\-Time CCNL Contract

**About Us**

At RBS, we connect talented, ambitious professionals with transformational higher\-education opportunities. As we expand our footprint in **English speaking markets**, we are looking for a dynamic Student Recruiter whose English fluency helps us connect with these growing markets.

**Your Mission**

In this role you will:

* **Serve as the first point of contact** for prospective students: engage, build trust, and guide them through the full admissions lifecycle (inquiry → application → enrolment).
* **Execute sales\-driven recruitment strategies**: manage inbound leads, follow up proactively, and close enrolments against recurring targets.
* **Provide personalized advice**: map a student’s background, aspirations and budget to appropriate RBS programs; articulate value, clarify admissions criteria, fees, scholarship/financing routes.
* **Leverage tech**: use CRM and digital outreach tools to track interactions, manage your pipeline, and improve conversion efficiency.

**What We’re Looking For**

* Native or full professional proficiency in **English**.
* Proven experience (1\-3 yrs or more) in **client\-facing consultative sales**, business development or **recruitment** role (education or high\-value B2C experience preferred).
* **High emotional intelligence and strong interpersonal skills**: excellent telephone and virtual\-meeting capabilities, persuasive approach, comfortable presenting and closing, empathetic in advising educational decisions.
* Organized and **target\-oriented**: experience managing a pipeline, working to KPIs and conversion metrics.
* **Comfortable with CRM systems and** **MS Suite**, and working in a fast\-paced, goal\-oriented environment.
* Degree\-level education required.
* A **valid work permit for Italy** (or an EU passport) is mandatory.

**Contract and Compensation**

* **Base Salary** of €17,940 gross per year (CCNL ANINSEI – Level III, 13th month) **\+ uncapped commission** tied to enrolment conversions (top performers historically achieve significant total compensation)
* Contract Type: 6\-month renewable fixed\-term (CCNL ANINSEI Level III)

**Why Join Us?**

Working at RBS means you’ll be part of a purpose\-driven organization: each conversation you lead may change a student’s life and open pathways to global careers. If you’re energized by meaningful sales, curious about higher education and fluent in English, apply now!

Job Type: Full\-time

Pay: €18,453\.00 \- €45,000\.00 per year

Application Question(s):

* Please confirm that you currently hold a valid work permit or legal authorization to work full\-time in Italy without employer sponsorship. Please note that this position does not offer visa or work permit sponsorship, and your work authorization will be verified during the recruitment process.
* This is a full\-time, fully on\-site position. Please confirm that you are available and willing to work on\-site on a full\-time basis.

Location:

* Roma, Lazio (Required)

Work Location: In person","","https://it.indeed.com/cmp/Rome-Business-School","","http://www.romebusinessschool.it","Roma","11 to 50","","","","","","","","","recruiter"
"in-1ade01e7a516b1ac","indeed","https://it.indeed.com/viewjob?jk=1ade01e7a516b1ac","https://csd.tuolavoro.com/jobs/8145727-addetto-a-risorse-umane-per-servizi-di-consulenza","Addetto/a risorse umane per servizi di consulenza","Cosma solution","Roma, LAZ, IT","2026-07-29","","","","","","",False,"","","","","Ti immagini di contribuire a far crescere un team in un contesto dinamico, dove ogni inserimento conta e ogni procedura aiuta le persone a esprimere il proprio potenziale? In un'azienda che offre servizi e consulenza a imprese, stiamo ampliando l'area risorse umane per gestire al meglio sostituzioni e picchi estivi. Lavorerai con un gruppo che valorizza precisione e relazioni, supportando processi concreti che impattano ogni giorno sull'organizzazione.


Avrai modo di occuparti di attività operative quotidiane: supporterai la gestione delle presenze e delle ferie con picchi estivi, preparerai la documentazione per assunzioni e inserimenti, gestirai aggiornamenti su software gestionali per il personale e curerai la raccolta dati per elaborazioni periodiche. Ti occuperai anche di supporto nelle selezioni, inviando lettere di offerta e seguendo i primi passi dei nuovi colleghi. Lavorerai con un team piccolo ma affiatato, dove le tue idee possono fare la differenza subito.


Offerta e benefit:  

* Retribuzione lorda mensile indicativa: 1500\-1700 €
* Buoni pasto
* Orario flessibile
* Formazione continua
* Welfare aziendale
* Computer aziendale

Questo ruolo ti permetterà di crescere professionalmente in un ambiente che punta sullo sviluppo delle persone. Avrai un percorso di affiancamento iniziale per imparare i processi specifici del nostro settore e potrai mettere in pratica subito le tue capacità organizzative. Cerchiamo persone motivate che vedano nell'HR non solo burocrazia ma un vero supporto alle ambizioni del team.


Requisiti:  

* diploma di scuola secondaria superiore
* anche senza esperienza pregressa
* buona conoscenza del pacchetto office
* capacità organizzative e riservatezza
* attitudine alle relazioni e al problem solving
* possibilità di inizio immediato

Contratto a tempo indeterminato.  

Sede di lavoro: Roma","","https://it.indeed.com/cmp/Cosma-Solution","","","","","","","","","","","","","recruiter"
"in-fd8ff5808185dc12","indeed","https://it.indeed.com/viewjob?jk=fd8ff5808185dc12","https://apply.workable.com/j/43F5A9A5A2","Italian-speaking International Freelance Recruiter","Next Job Abroad","Roma, LAZ, IT","2026-07-29","fulltime","","","","","",True,"","","","","**Remote \| Freelance \| Commission\-based**


Join our growing team at Next Job Abroad!
Are you an experienced recruitment consultant with a background in **agency recruitment**? Are you fluent in Italian and passionate about connecting people with exciting international career opportunities?


We're looking for an experienced **Italian\-speaking International Freelance Recruiter** to join our international team and help us recruit candidates for customer service and multilingual roles across Europe.


We're looking for someone who already understands the pace, ownership and expectations of agency recruitment and enjoys building candidate pipelines from scratch.


About the Role
As an Italian\-speaking International Freelance Recruiter, you'll manage your own recruitment projects from sourcing through placement while working remotely as part of our international team.


During your first three months, you'll receive a paid onboarding and training period, giving you time to learn our clients, systems and recruitment processes while building your own pipeline.


After the onboarding period, you'll transition to an **u**ncapped commission model, where your earnings are directly linked to your results.


To succeed in this role, you should be willing to dedicate approximately 30–40 hours per week.


Your Responsibilities* Source and headhunt Italian\-speaking candidates for international positions
* Recruit candidates in English for multilingual roles across Europe
* Conduct interviews and assess candidate suitability
* Present high\-quality candidates to our clients
* Build and manage your own candidate pipeline
* Maintain excellent communication throughout the recruitment process
* Collaborate closely with our international recruitment team
* Follow up with candidates after placement to ensure a smooth onboarding experience

  

**Requirements**  

Native or near\-native Italian and strong English skills


**Previous experience working for a recruitment agency is required**


Experience managing the full recruitment cycle


Strong sourcing and headhunting skills, particularly using job portals and social media


Comfortable working independently with performance\-based targets


Highly organised, proactive and self\-motivated


Passionate about candidate experience and quality\-driven recruitment


Please note
Applications from candidates without previous **agency recruitment experience** will unfortunately not be considered for this role.

 **Benefits**  

* Monthly onboarding bonus and training during your first three months
* Uncapped commission after the onboarding period (earn uncapped commission from day 1\)
* Complete flexibility and remote work
* A supportive international team
* Long\-term collaboration opportunities
* The chance to help people start exciting careers abroad

Ready to join us?
If you have agency recruitment experience, enjoy working independently and want to become part of a growing international recruitment company, we'd love to hear from you.


Apply today and tell us about your recruitment background!","","https://it.indeed.com/cmp/Next-Job-Abroad","","","","","","","","","","","","","recruiter"
"in-aaabf4d6c3c613b9","indeed","https://it.indeed.com/viewjob?jk=aaabf4d6c3c613b9","https://zinrec.intervieweb.it/annunci.php?l=selezione-personale-per-igiene-e-decoro-gdo-area-commerciale-143290&lang=it&d=indeed&LAC=manuelbregolin","Selezione Personale per Igiene e Decoro GDO – Area Commerciale","NETwk","Roma, LAZ, IT","2026-07-29","","","","","","",False,"","","","","Siamo un'azienda italiana operante nella ricerca e selezione del personale che si occupa di soddisfare le necessità dei clienti offrendo servizi personalizzati.

  

  

**Posizione:**
--------------

Azienda operante nel comparto del cleaning seleziona nuove figure professionali da inserire nel proprio organico per la copertura di una commessa sul territorio.

**Requisiti:**
--------------

Prerequisiti essenziali:

  

* Comprovata idoneità e pregressa pratica nelle mansioni di igienizzazione locali.
* Flessibilità a operare su turni pianificati e fasce orarie variabili.
* Disponibilità di un veicolo privato per raggiungere agevolmente il posto di lavoro.
* Dimora stabile o domicilio nelle vicinanze della zona d'impiego.

**Altre informazioni:**
-----------------------

Trattamento proposto:

  

* Assunzione contrattualizzata in pieno accordo con le normative vigenti.","","https://it.indeed.com/cmp/Netwk","","","","","","","","","","","","","recruiter"
"in-86442e8398f40b18","indeed","https://it.indeed.com/viewjob?jk=86442e8398f40b18","http://it.indeed.com/job/hr-recruiter-86442e8398f40b18","HR Recruiter","Auxilia Finance SpA","Roma, LAZ, IT","2026-07-28","parttime","","","","","",False,"","","","","***Auxilia Finance*** società di mediazione creditizia di rilievo nazionale, è alla ricerca di una figura di **HR** **Recruiter** da inserire in **collaborazione part\-time** per supportare lo sviluppo della propria rete commerciale.

La persona selezionata avrà un ruolo centrale nell'individuazione e nella selezione di nuovi collaboratori del credito, contribuendo alla crescita di una realtà in costante espansione.

**Di cosa ti occuperai**

* Ricerca e selezione di candidati attraverso i principali canali di recruiting.
* Screening dei curricula e gestione dei colloqui conoscitivi.
* Individuazione di professionisti in linea con le esigenze della rete commerciale..
* Collaborazione con il management per pianificare le attività di sviluppo della rete.

**Chi cerchiamo**

* Esperienza nel recruiting, nella selezione del personale o in ruoli commerciali.
* Ottime capacità comunicative e relazionali.
* Autonomia organizzativa e orientamento agli obiettivi.
* Buona dimestichezza con i principali strumenti digitali e i portali di recruiting.
* Costituirà titolo preferenziale la conoscenza del settore finanziario, assicurativo o della mediazione creditizia.

**Cosa offriamo**

* **Collaborazione part\-time** con orario flessibile.
* Inserimento in una realtà solida e riconosciuta a livello nazionale.
* Formazione iniziale e supporto continuo.
* Ambiente dinamico, collaborativo e orientato alla crescita.

Se hai passione per il recruiting e desideri contribuire alla crescita di una rete commerciale di successo, inviaci la tua candidatura ed entra a far parte del team ***Auxilia Finance****.*

Sede di lavoro: Di persona","","https://it.indeed.com/cmp/Auxilia-Finance-Spa","https://d2q79iu7y748jz.cloudfront.net/s/_squarelogo/256x256/7dd1480a787df1fc829fa5c434836a68","https://www.auxiliafinance.it/","","","","","","","","","","","recruiter"
"in-07c6d28d00f459d3","indeed","https://it.indeed.com/viewjob?jk=07c6d28d00f459d3","https://webgenesys.intervieweb.it/annunci.php?l=hr-specialist-687753&lang=it&d=indeed","HR & Training Specialist","Webgenesys S.p.A.","Roma, LAZ, IT","2026-02-18","","","","","","",False,"","","","","**Webgenesys Spa** è un Digital Enabler presente nel mercato ICT dal 2009\. Grazie alle nostre competenze di System Integrator supportiamo clienti pubblici e privati nel percorso di trasformazione digitale, progettando soluzioni innovative e affidabili.


Operiamo in ambiti strategici quali Sistemi \& Cloud, Infrastrutture IT, Cybersecurity, Sviluppo \& AI, Ricerca \& Innovazione e Smart Collaboration \& Intelligent Communication. Con un approccio consulenziale e tecnologie all’avanguardia, sviluppiamo e gestiamo progetti su misura, semplificando i processi e garantendo piena conformità normativa.

  

Webgenesys fa parte del Gruppo TXT, Global Digital Enabler quotato nel segmento STAR di Borsa Italiana (TXT.MI), ed è inoltre uno dei pilastri di TXT \| Public Sector, il polo tecnologico dedicato alla trasformazione digitale delle Pubbliche Amministrazioni.

  

  

**Posizione:**
--------------

Per il potenziamento del team HR \& Training e presso di Roma, siamo alla ricerca di un/una HR \& Training Specialist.

  

La risorsa sarà coinvolta nei principali processi HR, con particolare focus sulla ricerca e selezione di profili ICT. Supporterà inoltre le attività di Talent Management, Performance Management, formazione, onboarding ed employer branding, contribuendo allo sviluppo e alla valorizzazione delle persone e al miglioramento continuo dei processi HR.

 **Principali responsabilità**

  

* Gestire l'intero processo di ricerca e selezione di profili ICT, dalla raccolta del fabbisogno all'inserimento della risorsa.
* Collaborare con BU Manager nella definizione dei requisiti di ricerca e nella valutazione di candidati/e.
* Gestire l'ATS aziendale, pubblicare gli annunci e monitorare le attività di recruiting.
* Supportare i processi di onboarding e di inserimento delle nuove risorse.
* Collaborare alla pianificazione, organizzazione e monitoraggio delle attività formative.
* Supportare i processi di Talent Management e Performance Management, contribuendo alla gestione dei percorsi di crescita professionale e allo sviluppo delle competenze.
* Collaborare alle iniziative di employer branding, alle attività di recruiting presso università, ITS, career day ed eventi dedicati.
* Monitorare i principali KPI HR, predisponendo dashboard e reportistica.

**Requisiti:**
--------------

* Laurea in discipline umanistiche, economiche, giuridiche o affini.
* Almeno 3 anni di esperienza nella ricerca e selezione di personale ICT, maturata preferibilmente presso società di consulenza informatica, System Integrator o aziende del settore tecnologico.
* Esperienza nella selezione di profili tecnici e manageriali.
* Esperienza, anche di supporto, nei processi di Talent Management, Performance Management, formazione e onboarding.
* Ottima conoscenza di Microsoft Excel, con particolare riferimento all'analisi dei dati e alla reportistica.
* Esperienza nell'utilizzo di ATS; la conoscenza di InRecruiting costituirà titolo preferenziale.

 **Completano il profilo**

  

* Ottime capacità relazionali e comunicative.
* Orientamento al risultato e capacità di gestire più attività contemporaneamente.
* Precisione, organizzazione e attenzione ai dettagli.
* Attitudine al lavoro in team e al confronto con stakeholder diversi.
* Interesse per il settore ICT e per l'innovazione.
* Proattività e predisposizione al miglioramento continuo dei processi HR.

**Altre informazioni:**
-----------------------

* Sede di lavoro: Roma
* Contratto a tempo indeterminato
* CCNL Metalmeccanica Industria
* Retribuzione commisurata all'esperienza, con una forbice tra 25\.000€ e 33\.000€

 **Perché scegliere Webgenesys:**

  

* Entra in una società attenta al benessere delle persone ed impegnata nel miglioramento dell’ambiente di lavoro: Certificazione Etica SA8000®:2014 e UNI PdR 125:2022;
* Insieme alle aziende Net Service, N\&C, Fides e Reevo, Webgenesys è tra i soci fondatori di Italit, rete di imprese 100% italiane, certificate ISO9001 e ISO27001;
* Consolida le tue competenze all’interno di una realtà stimolante, aperta al confronto e fortemente orientata all'innovazione tecnologica;
* Formazione professionale e certificazioni;
* Welfare aziendale.

  

Il presente annuncio si rivolge a candidati di entrambi i sessi ai sensi della legge (L.903/77 e D.Lgs n. 98/2006, art 27\). L'interessato è invitato a inviare la propria candidatura rilasciando specifico consenso al trattamento dei dati personali, ai sensi della nuova normativa europea sulla Privacy, conforme agli artt. 13 e 14 del GDPR (Regolamento (UE), 27 aprile 2016, n. 2016/679\).","","https://it.indeed.com/cmp/Webgenesys-S.p.a.","","","","","","","","","","","","","recruiter"
"li-4444591465","linkedin","https://www.linkedin.com/jobs/view/4444591465","","Risorse umane","Webgenesys","Rome, Latium, Italy","2026-07-30","","","","","","",False,"","","","","","","https://it.linkedin.com/company/webgenesys","","","","","","","","","","","","","recruiter"
"li-4444104446","linkedin","https://www.linkedin.com/jobs/view/4444104446","","Permanent Recruiter (Roma)","SGB Humangest Holding","Rome, Latium, Italy","2026-07-29","","","","","","",False,"","","","","","","https://it.linkedin.com/company/humangest-spa","","","","","","","","","","","","","recruiter"
"li-4446316102","linkedin","https://www.linkedin.com/jobs/view/4446316102","","Onsite Recruiter","VHR Global Technical Recruitment","Rome, Latium, Italy","2026-07-28","","","","","","",False,"","","","","","","https://uk.linkedin.com/company/virtual-human-resources","","","","","","","","","","","","","recruiter"
"in-83f2a429295c467d","indeed","https://it.indeed.com/viewjob?jk=83f2a429295c467d","https://careers.axpo.com/jobs/8007098-scada-manager-f-m-d","Scada Manager (f/m/d)","Axpo Holding AG","Roma, LAZ, IT","2026-07-30","","","","","","",True,"","","","","**Workload: 100%**


Help shape the future of reliable and secure energy infrastructure. Join a collaborative environment where innovation, operational excellence, and sustainable growth come together to power large\-scale projects.


**What you will do:**


* Define and lead the SCADA/OT strategy, architecture, and long\-term technology roadmap
* Oversee SCADA integration, commissioning, and operational readiness across the project portfolio
* Coordinate internal teams and external suppliers to ensure high\-quality, secure, and scalable solutions
* Manage budgets, contracts, forecasts, and financial performance within the SCADA/OT domain
* Ensure compliance with cybersecurity standards, grid requirements, and operational processes
* Lead, mentor, and support the SCADA/OT team while driving continuous improvement and knowledge sharing
**What you bring \& who you are:**


* 5 to 10 years experience in SCADA, automation, or operational technology within energy, infrastructure, or industrial environments
* Strong knowledge of SCADA architectures, PLC programming, industrial communication protocols, and control systems integration
* Experience leading multidisciplinary projects and collaborating with engineering, construction, operations, and IT teams
* English language skills are required; ideally, you also speak Italian, Spanish, French or German
* Confident communicator with strong analytical, organizational, and stakeholder management skills
* Ideally, experience in renewable energy projects, grid compliance, and cybersecurity alignment for OT systems
* You value collaboration, continuous learning, and practical problem\-solving. Even if you do not meet every requirement, we encourage you to apply
**About the team:** You will join a diverse and supportive team focused on innovation, collaboration, and operational excellence. We work closely across departments, value every perspective, and grow together through shared success and continuous improvement.

  

  

*At Axpo Group, we are dedicated to fostering a culture of non\-discrimination, tolerance, and inclusion. As an equal opportunity employer, we welcome applications regardless of race and ethnicity, gender identity and expression, sexual orientation, age, disability, as well as socioeconomic, cultural, and religious background. We are committed to ensuring a respectful and inclusive recruiting process and workplace for everyone.*


Department
Engineering / Technical professions / Construction
Role
Permanent position
Locations
Roma, Milano
Remote status
Hybrid
Contact Lauren David Human Resources","","https://it.indeed.com/cmp/Axpo-Holding-Ag","https://d2q79iu7y748jz.cloudfront.net/s/_squarelogo/256x256/15ef1beca69d740a4ad2ee0a09dcb4c8","https://www.axpo.com","BADEN","1,001 to 5,000","$5B to $10B (USD)","","","","","","","","recruiting"
"in-4b877115d54a8b94","indeed","https://it.indeed.com/viewjob?jk=4b877115d54a8b94","https://careers.kpmg.it/job/Roma-Senior-Tax-Consultant-Family-Office-&-Private-Client-RomaMilano/1367778657/","Senior Tax Consultant - Family Office & Private Client | Roma/Milano","KPMG","Roma, LAZ, IT","2026-07-27","","","","","","",False,"","","","","**Senior Tax Consultant** ***–*** **Family Office \& Private Client**

  


*The chance to build a better future is right in front of you*


**Do Work That Matters \- Your role and responsibilities**



Vuoi intraprendere una professione davvero significativa e d’impatto? In KPMG avrai l’opportunità di aiutare clienti, l’azienda e i colleghi ad affrontare e risolvere le sfide più attuali e complesse.



Grazie ai suoi esperti altamente qualificati in ambito fiscale e legale, **KPMG Studio Associato** fornisce assistenza in tutte le principali aree del diritto tributario e societario, offrendo servizi innovativi e integrati. I team di lavoro sono specializzati sia per ambito professionale che per settore di clientela. Con oltre **600 professionisti** distribuiti in **12 sedi** nelle principali città italiane, l’unità fiscale e legale del network KPMG è una delle principali realtà professionali nel Paese.

  



Per il nostro team **Family Office \& Private Client** presso l’ufficio di **Roma** o **Milano**, siamo alla ricerca di un professionista che sarà responsabile di:


* In via primaria, compliance fiscale per persone fisiche (dichiarazioni dei redditi, quadro RW, fiscalità degli strumenti finanziari, adempimenti e controlli).
* In via subordinata, consulenza su imposte dirette e indirette, strumenti di passaggio generazionale e protezione del patrimonio.
* Ricerche normative/prassi, redazione memo e supporto nei rapporti con l’Amministrazione Finanziaria.


*Come As You Are \- Your skills and characteristics*



Questa è l’opportunità perfetta per te se hai:


* Laurea magistrale in discipline economiche (LM\-56 o LM\-77\) o giuridiche (LMG\-01\);
* Esperienza di 2\-5 anni maturata presso uno studio legale internazionale, una Big Four e/o una società di consulenza;
* Abilitazione o volontà di intraprendere la pratica professionale come Dottore commercialista e/o Avvocato;
* Ottima conoscenza della lingua inglese;
* Ottima conoscenza del pacchetto Microsoft Office;
* Ottime capacità relazionali e attitudine al lavoro di squadra;
* Spiccate capacità organizzative, spirito d’iniziativa e problem solving;
* Approccio flessibile e dinamico.

  



Sarà considerato un plus un Master di II livello in Diritto Tributario.

  


**Your Future With Us \- What you’ll find at KPMG**

  


* Un ambiente di lavoro **inclusivo** ed **equo**, che rispetta, incoraggia e valorizza la **diversità**;
* Un contesto **sfidante e dinamico** che favorisce la creatività e il lavoro di squadra;
* Programmi di **formazione e sviluppo** avanzati per rimanere sempre aggiornati;
* Un mindset internazionale e **progetti innovativi**;
* Iniziative dedicate al **benessere mentale e fisico**.

  


**Together for Better – Our values and commitment**

  



Leadership, lavoro di squadra, rispetto per ogni individuo, apprendimento continuo, trasparenza, impegno verso la comunità e integrità. Questi sono i **valori di KPMG** che creano un ambiente in cui è possibile condividere idee e conoscenze affinché i nostri professionisti possano **esprimere tutto il loro potenziale**.



Grazie all’impegno nel favorire un **ambiente di lavoro inclusivo**, il nostro Network risulta conforme agli standard dei requisiti **ISO 30415**, sul Sistema di Gestione per la Diversità e l’Inclusione, e **UNI PdR 125**, relativa alla parità di genere. All'interno del nostro **Impact Plan** – \[Our Impact Plan (kpmg.com)] – sono sintetizzate tutte le azioni concrete che stiamo portando avanti in materia ambientale, sociale e di governance (ESG).

  


**Join us!**

  


*I tuoi dati saranno trattati nel pieno rispetto delle disposizioni del Regolamento (UE) n. 679/2016 (General Data Protection Regulation \- “GDPR”), come modificato. Per ulteriori informazioni, consulta l’informativa sulla privacy di KPMG.*


*KPMG Studio Associato è un datore di lavoro che offre pari opportunità.*

  


**Senior Tax Consultant** ***–*** **Family Office \& Private Client**

  


*The chance to build a better future is right in front of you*


***Do Work That Matters – Your Role and Responsibilities***



Do you want to start a truly meaningful and impactful career? At KPMG you’ll have the opportunity to help your firm, clients and colleagues address and resolve some of today’s most topical and complex issues.



With around **600 professionals** and **12 offices** located in Italy's largest cities, **KPMG Tax \& Legal** is one of the leading professional partnerships in the country, assisting clients in all key areas of tax and corporate law. Its highly qualified teams specialize in both practice areas and client sectors, offering integrated and innovative services.



Our **Family Office \& Private Client** team in **Milan** or **Rome** is recruiting for a graduate who will:


* primarily, provide tax compliance services to private clients, including assistance with income tax returns, foreign asset reporting (RW forms), and the taxation of financial instruments;
* in addition, advise on direct and indirect taxation, succession and estate planning, and wealth management strategies;
* conduct complex research into literature, case law and statements of practice, draft reports and opinions and handle dealings with the Italian Revenue Agency.

  


***Your Qualifications******, Skills, and Characteristics***



This is the perfect opportunity if you have:


* a master's degree in economics (LM\-56 or LM\-77\) or law (LMG\-01\);
* qualified as a chartered accountant and/or lawyer or wish to begin your qualifying work experience;
* 2\-5 years’ experience at an international law firm, the Big Four and/or an advisory firm;
* an excellent knowledge of English;
* an excellent knowledge of Microsoft Office;
* excellent interpersonal and teamwork skills;
* strong organizational skills, initiative, and problem\-solving abilities;
* a flexible and dynamic approach.


A postgraduate second\-level master’s in tax law would be a plus.

  


***Your Future With Us – What You'll Find at KPMG***


* An **inclusive** and **equitable** work environment that respects, encourages and values **diversity**.
* A **stimulating** and **dynamic** environment that fosters creativity and teamworking.
* Advanced **training and development** programs to support continuous learning.
* An **international outlook** and a focus on **innovative projects**.
* **Physical and mental well\-being** initiatives.

  


***Together for Better – Our Values and Commitment***



Leadership, teamwork, respect for each individual, continuous learning, transparency, community engagement, and integrity. These are the **KPMG values** that foster an open environment for the exchange of ideas and knowledge. KPMG supports all its people in reaching their full potential, whatever their identity or background. Fully committed to fostering an **inclusive work** environment, we are **ISO 30415 compliant** (ISO 30415:2021 – Human Resources Management – Diversity and Inclusion). KPMG in Italy is also compliant with **UNI PdR 125** (UNI/PdR 125:2022 – measures to ensure gender equality in audit and assurance services). You can find a summary of all our **concrete** **ESG** (environmental, social, and governance) **actions** in our **Impact Plan** here.

  


***KPMG in Italy is an Equal Opportunity Employer***

  


**Join us!**


*Your data will be processed in full compliance with Regulation (EU) 679/2016 (General Data Protection Regulation – “GDPR”) as subsequently amended. For more information, please refer to KPMG’s privacy notice.*","","https://it.indeed.com/cmp/Kpmg-0828bc85","https://d2q79iu7y748jz.cloudfront.net/s/_squarelogo/256x256/d7b7fd1f635973534d21ba35d6f99c18","http://www.kpmg.com","Berlin","10,000+","$1B to $5B (USD)","At KPMG, you'll be able to tap into your skills, expertise and passion to help organizations find sustainable solutions to the world's most pressing issues.","","","","","","","recruiting"
"li-4447502738","linkedin","https://www.linkedin.com/jobs/view/4447502738","","HR Business Partner","Eataly","Rome, Latium, Italy","2026-07-31","","","","","","",False,"","","","","","","https://www.linkedin.com/company/eataly","","","","","","","","","","","","","recruiting"
"li-4446759805","linkedin","https://www.linkedin.com/jobs/view/4446759805","","HR Officer per sistemi di gestione acqua in casa","Tuolavoro-Lazio","Aprilia, Latium, Italy","2026-07-30","","","","","","",False,"","","","","","","https://www.linkedin.com/company/tllazio","","","","","","","","","","","","","recruiting"
"li-4446071700","linkedin","https://www.linkedin.com/jobs/view/4446071700","","Assistente Risorse Umane - Soluzioni Gestione Domestica","Tuolavoro-Lazio","Rome, Latium, Italy","2026-07-29","","","","","","",False,"","","","","","","https://www.linkedin.com/company/tllazio","","","","","","","","","","","","","recruiting"
"li-4446076519","linkedin","https://www.linkedin.com/jobs/view/4446076519","","Responsabile Risorse Umane - Attività a contatto diretto con il cliente","Tuolavoro-Lazio","Rome, Latium, Italy","2026-07-29","","","","","","",False,"","","","","","","https://www.linkedin.com/company/tllazio","","","","","","","","","","","","","recruiting"
"li-4448234262","linkedin","https://www.linkedin.com/jobs/view/4448234262","","Responsabile/a Risorse Umane per azienda benessere casa","Tuolavoro-Lazio","Aprilia, Latium, Italy","","","","","","","",False,"","","","","","","https://www.linkedin.com/company/tllazio","","","","","","","","","","","","","recruiting"
"li-4448235240","linkedin","https://www.linkedin.com/jobs/view/4448235240","","Specialista Risorse Umane junior","Tuolavoro-Lazio","Rome, Latium, Italy","","","","","","","",False,"","","","","","","https://www.linkedin.com/company/tllazio","","","","","","","","","","","","","recruiting"
"in-176fac70e3739e37","indeed","https://it.indeed.com/viewjob?jk=176fac70e3739e37","https://careers.jungheinrich.com/job/Fiano-Romano-Tecnico-Assistenza-00065/1362821155/","Tecnico Assistenza","Jungheinrich","Fiano Romano, LAZ, IT","2026-08-03","","","","","","",False,"","","","","**Area di lavoro:** Servizio e supporto tecnico
  
  

**Posizione:**  

Fiano Romano, IT, 00065
  
  

**\#job\-location.job\-location\-inline { display:** inline; }
  
**Azienda:** Jungheinrich Italiana S.r.l.
  
  

**Data di inizio:**  

**Selezionatore:** null null, null null
  
  

Con oltre 20\.000 collaboratori in tutto il mondo, il Gruppo Jungheinrich è una delle maggiori realtà nel settore dell'intralogistica attraverso la fornitura di carrelli elevatori industriali e lo sviluppo di tutto ciò che riguarda i grandi impianti di stoccaggio e magazzini a grandi altezze interamente automatizzati.
  
In Italia l'azienda, con Headquarter situato a Rosate (MI), nasce nel 1958 ed è presente con 3 Regioni che includono 7 filiali e 3 centri regionali e più di 1\.200 dipendenti.
  
  

Per la Filiale di Roma, all'interno dell’area Service, ricerchiamo una/un candidata/o che svolgerà il ruolo di Tecnico Assistenza e si occuperà delle attività di manutenzione e riparazione dei carrelli elevatori nelle aree assegnate di Latina e provincia, Roma Sud, in particolare Colleferro, Palestrina, San Cesareo, e la provincia di Frosinone (Anagni).
  
  

**Principali Attività:**  

Manutenzione periodica, ripristino e approntamento carrelli
  
Interventi di riparazione guasto su carrelli elevatori di tipo meccanico/elettrico/elettronico.
  
Esecuzione Test Sicurezza
  
Installazione/montaggio carrelli
  
Compilazione dei Rapporti Assistenza tramite supporto informatico e/o manualmente
  
Informazioni al proprio Team sul grado di soddisfazione del Cliente, gestione di eventuali reclami e comunicazione di notizie di carattere commerciale acquisite dal mercato
  
  

**Requisiti:**  

Passione per la meccanica e l'elettronica
  
Esperienza, anche breve, nella riparazione di beni industriali durevoli (carrelli elevatori macchine industriali, macchine movimento terra).
  
**Titolo di studio:** Diploma di Perito Meccatronico/Elettrico/Elettronico/Meccanico
  
Capacità di apprendimento e predisposizione al lavoro in team
  
Disponibilità a trasferte giornaliere presso i clienti per gli interventi di manutenzione
  
**Conoscenze informatiche:** pacchetto Office
  
**Conoscenze linguistiche:** inglese o tedesco livello scolastico
  
**Domicilio:** Roma e provincia
  
  

Si offre inserimento diretto in azienda e retribuzione commisurata alle reali competenze ed esperienze, con un pacchetto welfare legato ai risultati aziendali.
  
  

**Range di RAL:** 27\.000\-32\.000 €.
  
  

**Formazione:** è previsto un corso iniziale della durata di quattro settimane, e training continuo durante la vita professionale.
  
  

**Strumenti aziendali:** furgone aziendale
  
  

In Jungheinrich Italiana puntiamo all'eccellenza e investiamo nei talenti. Lavorare con noi significa agire in un ambiente innovativo e con tecnologie di prodotto altamente avanzate. Significa iniziare un percorso professionale orientato allo sviluppo delle competenze, attraverso il supporto di una formazione continua. Entrando a far parte della nostra squadra ti unirai ad un team di persone appassionate e di successo!
  
  

Il processo di selezione sarà svolto in conformità alle linee guida in merito alla Parità di Genere UNI PDR 125\-2022, senza distinzione di genere, di età o di nazionalità.
  
  

.googlejobmap2853be8353491f90 div.mapcontainer iframe,.googlejobmap2853be8353491f90 div.mapcontainer{min\-height: 400px;}
  
**.mapcontainer { position:** relative; min\-height: 400px; padding\-top: 0px; overflow: hidden; border: 0px; } .mapcontainer iframe { position: absolute; top: 0; left: 0; min\-height: 400px; width: 1px; min\-width: 100%; \*width: 100%; } @media (max\-width: 767px) { .mapcontainer { min\-height: 300px; } .mapcontainer iframe { min\-height: 300px; width: 100%; \*width: 100%; } } .map\-hidden\-content a { position: absolute; left: \-9999px; z\-index: 999; padding: 1em; background\-color: black; opacity: 0; } .map\-hidden\-content a,.map\-hidden\-content a: focus,.map\-hidden\-content .map\-hidden\-content a: focus { left: 50%; transform: translateX(\-50%); opacity: 1; }
  
I lettori schermo non sono in grado di leggere la seguente mappa ricercabile.
  
Utilizzare questo collegamento per raggiungere la pagine di Ricerca offerte e cercare le offerte disponibili in formato più accessibile","Industrial Manufacturing","https://it.indeed.com/cmp/Jungheinrich","https://d2q79iu7y748jz.cloudfront.net/s/_squarelogo/256x256/a62a3a9b54ebc035874ea30ad7db43ff","https://www.jungheinrich.nl","H.A. Lorentzweg 3, 
Alphen aan den Rijn, 
2408 AS, Nederland","201 to 500","$1B to $5B (USD)","Als Top-Arbeitgeber bietet Jungheinrich hervorragende Perspektiven in einer Vielzahl von Berufsfeldern.","","","","","","","selezionatrice"
"in-5f14ae598715df88","indeed","https://it.indeed.com/viewjob?jk=5f14ae598715df88","https://q8hcm.wd3.myworkdayjobs.com/es/External_KUPIT/job/Rome-Italy/BUSINESS-APPLICATION-JUNIOR-SCIENTIST_R0004746","BUSINESS APPLICATION JUNIOR SCIENTIST","Q8","Roma, LAZ, IT","2026-08-03","fulltime","","","","","",False,"","","","","***BUSINESS APPLICATION JUNIOR SCIENTIST***

**Q8** opera in un contesto internazionale nel settore energy, contribuendo attivamente al processo di **energy transition** e allo sviluppo di soluzioni sempre più **sostenibili** e **innovative**. In uno scenario in continua evoluzione, lavoriamo per connettere **persone, territori** e **bisogni**, supportando un sistema in trasformazione e orientato al futuro.


Attraverso prodotti e servizi innovativi, favoriamo la mobilità di persone e merci, con attenzione all’**ambiente**, alla **salute** e **sicurezza** e alla creazione di valore nel sistema in cui operiamo. Questo approccio si riflette anche nel nostro modo di lavorare: un contesto **inclusivo** e **dinamico**, che valorizza **collaborazione, crescita e sviluppo continuo**.


Coerentemente con questo modello, offriamo la possibilità di intraprendere un percorso di **sviluppo personale e professionale**, attraverso **esperienze trasversali** all’interno dell’azienda in cui formare e arricchire le proprie competenze.

**STIAMO CERCANDO UN BUSINESS APPLICATION JUNIOR SCIENTIST**

  

All'interno della Direzione **TECHNOLOGY** ti occuperai di trasformare i dati in informazioni e soluzioni a supporto del business, contribuendo allo sviluppo di modelli analitici e soluzioni innovative per supportare i processi decisionali e l'evoluzione digitale dell'azienda.

***Le attività principali che seguirai:***

* Individuazione e analisi di nuove fonti dati, utilizzando tecniche di data mining e data extraction.
* Raccolta, elaborazione, validazione e analisi dei dati, garantendone accuratezza, completezza e coerenza.
* Utilizzo di metodologie statistiche, analitiche e strumenti di Intelligenza Artificiale per supportare le esigenze del business.
* Sviluppo e sperimentazione di soluzioni di Data Science e Machine Learning finalizzate alla generazione di insight e valore per l'organizzazione.
* Analisi dei dati aziendali per individuare trend, pattern e opportunità di miglioramento a supporto delle strategie e dei processi aziendali.
* Supporto alla realizzazione di dashboard e reportistica per la rappresentazione efficace dei risultati e il supporto alle decisioni manageriali.
* Utilizzo di strumenti di Machine Learning e modelli predittivi per migliorare e ottimizzare l’esperienza del cliente, la generazione di ricavi, il targeting pubblicitario e altri risultati di business.

***Requisiti chiave per il ruolo:***

* Laurea magistrale in discipline STEM (preferibilmente ingegneristiche)
* Conoscenza della lingua inglese (livello B1\)
* Buone doti relazionali e orientamento alla collaborazione
* Proattività e senso di responsabilità

***Sede****:* Roma

***Cosa offriamo:***


Per la posizione è previsto un inserimento con contratto di lavoro full\-time a tempo indeterminato, CCNL Energia e Petrolio e accordi integrativi aziendali, con inquadramento in un range tra livello 4\.2 e livello 3\.2 del sistema di classificazione previsto dal CCNL applicato.


L’offerta retributiva prevista per la posizione è compresa indicativamente in un range tra € 40\.000 e € 45\.000, da definire in funzione dell’esperienza professionale maturata e delle competenze.


Accanto alla componente economica, offriamo un sistema di benefit che supporta concretamente crescita e benessere: una modalità di lavoro flessibile e ibrida in linea con la policy di smart working, accesso al ristorante aziendale o a soluzioni di buoni pasto, percorsi strutturati di formazione continua.

***Processo di selezione:***


Tutte le candidature saranno valutate sulla base di criteri professionali, oggettivi e non discriminatori, coerenti con le caratteristiche e i requisiti della posizione.


Il percorso di selezione prevede:

* Valutazione del curriculum vitae
* Primo colloquio conoscitivo (anche in modalità remota) con HR e People Manager
* Valutazione delle competenze chiave e dell’allineamento al modello aziendale
* Secondo colloquio (anche in modalità remota) con HR e Business Line

***INSIEME OLTRE OGNI DISTANZA: Entrare in Q8 significa collegare persone, territori e bisogni, contribuendo a una mobilità responsabile in un contesto che valorizza persone, innovazione e responsabilità!***","Energy And Utilities","https://it.indeed.com/cmp/Q8","https://d2q79iu7y748jz.cloudfront.net/s/_squarelogo/256x256/c16605996226acdd621440b700e359da","https://www.q8.dk/","Arne Jacobsens Allé 17, 2300 København S","1,001 to 5,000","$1B to $5B (USD)","","","","","","","","selezione personale"
"in-6301a73f97304bf2","indeed","https://it.indeed.com/viewjob?jk=6301a73f97304bf2","https://q8hcm.wd3.myworkdayjobs.com/es/External_KUPIT/job/Rome-Italy/ADDETTO-PROGRAMMAZIONE-DIST-CARBURANTI_R0004798","ADDETTO PROGRAMMAZIONE DIST. CARBURANTI","Q8","Roma, LAZ, IT","2026-08-03","fulltime","","","","","",False,"","","","","**ADDETTO PROGRAMMAZIONE DISTR. CARBURANTI**

**Q8** opera in un contesto internazionale nel settore energy, contribuendo attivamente al processo di **energy transition** e allo sviluppo di soluzioni sempre più **sostenibili** e **innovative**. In uno scenario in continua evoluzione, lavoriamo per connettere **persone, territori** e **bisogni**, supportando un sistema in trasformazione e orientato al futuro.


Attraverso prodotti e servizi innovativi, favoriamo la mobilità di persone e merci, con attenzione all’**ambiente**, alla **salute** e **sicurezza** e alla creazione di valore nel sistema in cui operiamo. Questo approccio si riflette anche nel nostro modo di lavorare: un contesto **inclusivo** e **dinamico**, che valorizza **collaborazione, crescita e sviluppo continuo**.


Coerentemente con questo modello, offriamo la possibilità di intraprendere un percorso di **sviluppo personale e professionale**, attraverso **esperienze trasversali** all’interno dell’azienda in cui formare e arricchire le proprie competenze.

**Stiamo cercando un** **ADDETTO PROGRAMMAZIONE DISTR. CARBURANTI**


All’interno della **Direzione Renewable Energy \& Supply Chain**, eseguirai la programmazione delle consegne di carburanti ai punti vendita.

***Le attività principali che seguirai:***

* Effettuare la programmazione degli ordini carburante in base al migliore sviluppo dell'indice Km/Klitri per la zona geografica di competenza
* Coordinamento con le Aree Vendite Rete aziendali e i gestori dei punti vendita per ottimizzare la distribuzione settimanale degli ordini carburante
* Predisposizione di report per analizzare i dati rilevanti della propria zona geografica al fine di migliorare i costi di trasporto secondari e complessivi
* Collaborare alle attività del servizio, contribuendo in modo proattivo al raggiungimento degli obiettivi del team

***Requisiti chiave per il ruolo:***

* Laurea magistrale in discipline ingegneristiche o affini
* Conoscenza della lingua inglese (livello B1\)
* Buone doti relazionali e orientamento alla collaborazione
* Capacità di analisi e attenzione ai dettagli
* Proattività e senso di responsabilità

***Sede****:* *Roma*

***Cosa offriamo:***


Per la posizione è previsto un inserimento con contratto di lavoro full\-time a tempo determinato della durata di 12 mesi, CCNL Energia e Petrolio e accordi integrativi aziendali, con inquadramento al livello 4 del sistema di classificazione previsto dal CCNL applicato.


L’offerta retributiva prevista per la posizione è compresa indicativamente in un range tra € 38\.000 e € 41\.000, da definire in funzione dell’esperienza professionale maturata e delle competenze.


Accanto alla componente economica, offriamo un sistema di benefit che supporta concretamente crescita e benessere: una modalità di lavoro flessibile e ibrida in linea con la policy di smart working, accesso al ristorante aziendale o a soluzioni di buoni pasto, percorsi strutturati di formazione continua.

***Processo di selezione:***


Tutte le candidature saranno valutate sulla base di criteri professionali, oggettivi e non discriminatori, coerenti con le caratteristiche e i requisiti della posizione.


Il percorso di selezione prevede:

* Valutazione del curriculum vitae
* Primo colloquio conoscitivo (anche in modalità remota) con HR e People Manager
* Valutazione delle competenze chiave e dell’allineamento al modello aziendale
* Secondo colloquio (anche in modalità remota) con HR e Business Line

***INSIEME OLTRE OGNI DISTANZA: Entrare in Q8 significa collegare persone, territori e bisogni, contribuendo a una mobilità responsabile in un contesto che valorizza persone, innovazione e responsabilità!***","Energy And Utilities","https://it.indeed.com/cmp/Q8","https://d2q79iu7y748jz.cloudfront.net/s/_squarelogo/256x256/c16605996226acdd621440b700e359da","https://www.q8.dk/","Arne Jacobsens Allé 17, 2300 København S","1,001 to 5,000","$1B to $5B (USD)","","","","","","","","selezione personale"
"in-f44ac07efb6ac4c2","indeed","https://it.indeed.com/viewjob?jk=f44ac07efb6ac4c2","https://zinrec.intervieweb.it/annunci.php?l=assistente-tecnico-customer-support-144091&lang=it&d=indeed&LAC=manuelbregolin","Assistente Tecnico & Customer Support","NETwk","Viterbo, LAZ, IT","2026-08-03","","","","","","",False,"","","","","Siamo un'azienda italiana operante nella ricerca e selezione del personale che si occupa di soddisfare le necessità dei clienti offrendo servizi personalizzati.

  

  

**Posizione:**
--------------

Cerchiamo un **Assistente Tecnico** proattivo e orientato al cliente, la cui missione principale sarà quella di gestire e smaltire le attività di supporto tecnico che non richiedono un intervento diretto sul codice sorgente. Sarai il primo punto di contatto tecnico per i nostri clienti, garantendo l’efficienza operativa dei nostri servizi.

### **Responsabilità Principali**

  

L’Assistente Tecnico si occuperà di:

* **Gestione del Supporto di Primo Livello:** Ricevere, analizzare e classificare le richieste di supporto tecnico (via telefono, email, o sistema di ticketing).
* **Troubleshooting e Risoluzione:** Eseguire diagnosi iniziali e risolvere autonomamente le problematiche più comuni relative alla configurazione, all’utilizzo, alla connettività e all’ambiente operativo dei nostri software (ad esempio, problemi di installazione, configurazione dei database, permessi utente, interfacce utente), o qualora non chiara od incompleta approfondire la richiesta di supporto con il cliente.
* **Escalation Guidata:** Identificare e inoltrare con precisione e completezza i casi complessi (che richiedono una modifica al codice) ai team di sviluppo di secondo livello, fornendo tutte le informazioni necessarie per la riproduzione del problema.
* **Documentazione:** Mantenere aggiornata la documentazione di supporto tecnico, le FAQ e le guide per l’utente, contribuendo alla creazione di una knowledge base interna ed esterna, integrata con strumenti di intelligenza artificiale, utile a descrivere tutte le procedure dei processi produttivi aziendali.
* **Comunicazione con il Cliente:** Fornire un feedback chiaro, tempestivo e professionale ai clienti sullo stato delle loro richieste.

**Requisiti:**
--------------

### **Competenze Richieste**

* Esperienza pregressa, anche breve, in ruoli di supporto tecnico, assistenza clienti o help desk.
* Ottima capacità di **problem\-solving** e di analisi tecnica.
* Buona conoscenza dei concetti base di **networking** e sistemi operativi.
* Buona conoscenza di strumenti di Office Automation ed in particolare di Microsoft


Excel (es: formule di ricerca, calcolo ed elaborazione di stringhe)

* Familiarità con l’ambiente **database** (es. capacità di eseguire query di base o verificarne lo stato) e conoscenza del linguaggio **SQL**.
* Eccellenti capacità comunicative e interpersonali.
* Capacità di lavorare in autonomia e di gestire le priorità.
* Conoscenza della lingua inglese (livello tecnico).

**Altre informazioni:**
-----------------------

### **Costituiscono titolo preferenziale**

* laurea triennale STEM;
* conoscenza di base della programmazione software;
* esperienza e capacità nell’impiego di intelligenze artificiali;
* esperienza e capacità nell’ottimizzare i processi di lavoro per un’efficace pianificazione e gestione del tempo;
* capacità di analizzare e produrre soluzioni ad alto gradimento dei clienti.","","https://it.indeed.com/cmp/Netwk","","","","","","","","","","","","","selezione personale"
"in-b6b29d46f3e20bfd","indeed","https://it.indeed.com/viewjob?jk=b6b29d46f3e20bfd","https://zinrec.intervieweb.it/annunci.php?l=addettoa-facchino-144079&lang=it&d=indeed&LAC=manuelbregolin","Addetto/a Facchino","NETwk","Roma, LAZ, IT","2026-08-03","","","","","","",False,"","","","","Siamo un'azienda italiana operante nella ricerca e selezione del personale che si occupa di soddisfare le necessità dei clienti offrendo servizi personalizzati.

  

  

**Posizione:**
--------------

Si ricercano **addetti al servizio di facchinaggio** con il servizio per un mese in zona Casal Monastero (Roma) e successivo spostamento in zona Santa Palomba (Roma) per proprio appalto.

**Requisiti:**
--------------

Si richiede esperienza specifica nel settore e disponibilità a lavorazioni a turnazioni, automuniti e residenti in zona.

**Altre informazioni:**
-----------------------

Offresi inquadramento di legge.

 **Retribuzione:** 800,00/1\.000,00","","https://it.indeed.com/cmp/Netwk","","","","","","","","","","","","","selezione personale"
"in-49dd2ade7d4d7070","indeed","https://it.indeed.com/viewjob?jk=49dd2ade7d4d7070","https://inrec.intervieweb.it/annunci.php?l=addettoa-controllo-qualita-245426&lang=it&d=indeed&LAC=ntw","Addetto/a Controllo Qualità","NTWK","Roma, LAZ, IT","2026-08-03","","","","","","",False,"","","","","NTWK, azienda italiana operante nella ricerca e selezione del personale, si occupa di soddisfare le necessità dei clienti offrendo servizi personalizzati.

  

  

**Posizione:**
--------------

Per azienda specializzata nella produzione di componenti elettromeccanici e quadri di manovra per ascensori, si ricerca un/a **Addetto/a al Controllo Qualità Produzione.**

  

La figura si occuperà del controllo qualità dei prodotti in fase di lavorazione e assemblaggio, sia meccanici che elettronici, e dell’analisi degli scarti produttivi per contribuire alla riduzione delle difettosità.

 **Responsabilità principali:**

* Eseguire controlli qualità visivi, dimensionali e funzionali su prodotti meccanici ed elettronici durante le fasi di produzione.
* Registrare e classificare le non conformità riscontrate durante il processo produttivo.
* Analizzare gli scarti di produzione per individuare le cause di difettosità.
* Collaborare con la produzione e il reparto tecnico per proporre azioni correttive.
* Utilizzare strumenti di misura e apparecchiature di collaudo per il controllo qualità.
* Redigere report giornalieri/settimanali relativi a controlli e scarti.
* Supportare le attività di miglioramento continuo e mantenimento degli standard qualitativi.
* Garantire il rispetto delle procedure operative e delle normative di qualità aziendali.

**Requisiti:**
--------------

**Requisiti richiesti:**

* Diploma tecnico (meccanico, elettronico, elettrotecnico) o esperienza equivalente.
* Esperienza pregressa nel controllo qualità in ambito produttivo (meccanico/elettronico).
* Esperienza pregressa in laboratori per analisi difettosità di componenti elettromeccanici
* Capacità di lettura del disegno tecnico e schemi elettrici.
* Conoscenza e uso di strumenti di misura (calibro, micrometro, multimetro, oscilloscopio, ecc.).
* Buona capacità di analisi e attenzione al dettaglio.
* Precisione, autonomia operativa e capacità di lavorare in team.
* Buona conoscenza di Excel e strumenti informatici per la registrazione dei dati.
* Buona conoscenza della lingua inglese

**Altre informazioni:**
-----------------------

**Sede di lavoro:** Pomezia (RM)","","https://it.indeed.com/cmp/Ntwk","","","","","","","","","","","","","selezione personale"
"in-a443626c1322e7ab","indeed","https://it.indeed.com/viewjob?jk=a443626c1322e7ab","http://it.indeed.com/job/responsabile-operativo-hotellerie-roma-a443626c1322e7ab","Responsabile Operativo Hotellerie, Roma","CONSORZIO STABILE LGA SERVICE","Roma, LAZ, IT","2026-07-31","fulltime","","","","","",False,"","","","","Siamo una realtà di Facility Management, in forte crescita su tutto il territorio nazionale che vanta tra i suoi clienti prestigiose strutture ricettive . A fronte di un grande incremento del ns. business ricerchiamo un **Responsabile Operativo HOTELLERIE**

Sede di lavoro: Roma e provincia

La nuova risorsa avrà rapporto diretto con l’alto management aziendale e dovrà assicurare l’ottimale svolgimento e organizzazione delle attività di housekeeping nelle strutture alberghiere che gestirà in autonomia.

**Nello specifico, tra le varie attività, si occuperà di:**

\- Monitorare e gestire l'andamento della commessa e relativa turistica del personale in forza

\- Rifornimento e ordini dei vari materiali di consumo

\- Gestire, organizzare e ottimizzare le attività operative dei clienti seguiti;

\- Verificare l’ottimale svolgimento delle attività e assicurare la massima qualità e soddisfazione del cliente;

\- Monitorare, selezionare e formare le risorse per lo svolgimento delle attività;

\- Curare i rapporti con i clienti e cogliere eventuali opportunità di espansione del business;

\- Coordinare il personale e gestire i turni di lavoro;

\- Garantire disponibilità e reperibilità costanti a supporto delle esigenze dei cliente e per la risoluzione di problematiche di carattere operativo.

**Requisiti minimi:**

\- Esperienza pregressa nella Governance

\- Comprovata esperienza nella gestione del personale di pulizia nel settore alberghiero;

\- Ottima capacità di gestione delle risorse umane e dei budget connessi ai progetti seguiti;

\- Ottimo standing e doti relazionali, tali da permettere di rappresentare l’azienda in contesti istituzionali e di alto livello;

\- Grande flessibilità, passione e dedizione per il lavoro svolto e per il settore specifico;

Si offre un contratto con una retribuzione superiore agli standard di mercato \+ auto aziendale \+ bonus al raggiungimento degli obiettivi.

La selezione è aperta a tutti i candidati e le candidate, senza distinzione di genere, età, origine, religione, orientamento sessuale o condizione personale. Valuteremo esclusivamente competenze ed esperienze.

Retribuzione: €1\.500,00 \- €2\.200,00 al mese

Benefit:

* Auto aziendale
* Cellulare aziendale
* Computer aziendale
* Orario flessibile

Sede di lavoro: Di persona","","https://it.indeed.com/cmp/Consorzio-Stabile-Lga-Service-1","","","","","","","","","","","","","selezione personale"
"in-e780e4c1d1d87877","indeed","https://it.indeed.com/viewjob?jk=e780e4c1d1d87877","https://leonardocompany.wd3.myworkdayjobs.com/LeonardoCareerSite/job/IT---Roma---Via-Laurentina/CYS-Crisis-Manager-CSC_R0029763","CYS_Crisis Manager_GCSC","Leonardo","Roma, LAZ, IT","2026-07-31","","","","","","",False,"","","","","**Job Description:**

**Leonardo** è un gruppo industriale internazionale, tra le principali realtà mondiali nell’Aerospazio, Difesa e Sicurezza che realizza capacità tecnologiche multidominio in ambito Elicotteri, Velivoli, Aerostrutture, Elettronica, Cyber Security e Spazio.


Con oltre 60\.000 dipendenti nel mondo, l’azienda ha una solida presenza industriale in Italia, Regno Unito, Polonia, Stati Uniti, e opera in 150 paesi anche attraverso aziende controllate, joint venture e partecipazioni.


Protagonista dei principali programmi strategici a livello globale, è partner tecnologico e industriale di Governi, Amministrazioni della Difesa, Istituzioni e imprese.


All'interno dell'Area di Business **Cyber \& Security Solutions**, stiamo cercando una figura di **Crisis Manager**, per la nostra sede di **Roma Laurentina**.

  

La risorsa, inserita all'interno della Unità Organizzativa **Cyber Crisis Consultancy,** si occuperà delle seguenti attività:

* Coordinare la gestione end\-to\-end di crisi e gravi incidenti cyber, assicurando il presidio delle attività di Incident Response e il coinvolgimento degli stakeholder interni ed esterni;
* Supportare i Clienti nella gestione operativa e strategica degli incidenti di sicurezza, interfacciandosi con funzioni tecniche, top management e figure executive;
* Redigere reportistica tecnica ed executive, documenti di sintesi e comunicazioni verso stakeholder, Autorità competenti e media;
* Garantire il rispetto delle normative italiane ed europee relative alla gestione degli incidenti cyber e delle violazioni di dati personali (GDPR, NIS, linee guida ACN, ecc.);
* Eseguire Assessment di sicurezza e definire Piani di Remediation e miglioramento della postura di sicurezza e resilienza cyber;
* Supportare la guida di programmi di evoluzione cyber e iniziative di rafforzamento della resilienza organizzativa, in contesti IT, OT e Cloud;
* Supportare la funzione Commerciale nella comprensione delle necessità manifestate dai Clienti nella fase post incidente;
* Collaborare con team multidisciplinari e Clienti internazionali in contesti complessi e ad alta criticità operativa.

 **Titolo di studio:**  

Laurea STEM, preferibilmente in Ingegneria Informatica, Informatica, o percorsi formativi focalizzati sulla Cyber Security.

**Seniority:**  

Expert/Senior, richiesta esperienza di almeno 3 anni in attività simili.

**Conoscenze e competenze tecniche/informatiche:**

* Capacità di gestione degli incidenti informatici adottando gli standard aggiornati di settore in realtà con infrastrutture complesse e conoscenza avanzata dei concetti di Incident Management, in particolare Incident Response, dei sistemi IT/OT, delle reti e della gestione dei rischi in ambito sicurezza informatica;
* Capacità di redigere reportistica tecnica ed executive;
* Capacità di condurre Assessment tecnici e progettare piani di sicurezza, ivi compreso il supporto all’implementazione dei Piani di Remediation;
* Buona conoscenza degli standard nazionali ed internazionali in tema di Cyber Security e di Sicurezza delle informazioni, tra cui NIST, ENISA, ISO27001, GDPR, Direttiva NIS, Linee guida ACN;
* Buona conoscenza dei domini Cloud ed On Premise con riferimento alle principali tecnologie che compongono un perimetro di Sicurezza aziendale quali: WAF, PROXY, ANTISPAM, FIREWALL, IAM, SIEM, EDR/XDR;
* Buona conoscenza dei principali modelli di accesso e framework di riferimento architetturale (IAM);
* Discreta conoscenza dei principali linguaggi di programmazione e scripting.

**Competenze comportamentali:**

* Capacità a lavorare in team e spiccate doti relazionali;
* Capacità di operare efficacemente in contesti dinamici e complessi;
* Capacità decisionali e di pianificazione strategica;
* Capacità di interfacciarsi con Clienti e stakeholder internazionali in lingua inglese.

**Conoscenze linguistiche:**  

Buona padronanza della lingua inglese, sia scritta che orale (livello minimo B2\).

**Altro:**

* Disponibilità a trasferte sia in Italia che all'Estero, anche frequenti e continuative, per almeno la metà del proprio tempo di lavoro, in funzione delle esigenze progettuali;
* Disponibilità ad operare in regime di reperibilità;
* Costituirà titolo preferenziale il possesso di una o più certificazioni professionali in corso di validità tra le seguenti: GCIH, CEH, CISM, CISSP, GIAC.

**Coinvolgimento, valorizzazione delle competenze**, cura del **benessere** e della **sicurezza delle persone** sono i cardini della nostra cultura aziendale.


Ci impegniamo ogni giorno a favorire un ambiente di lavoro **inclusivo e stimolante,** promuovendo attivamente i principi di **inclusione, equità e valorizzazione delle diversità**.


Cosa offriamo?

* Il nostro contratto collettivo del lavoro di riferimento è il CCNL per Industria Metalmeccanica Privata e della Installazione di Impianti;
* Modalità di lavoro: Ibrida;
* Categoria contrattuale: Impiegato;
* Tipologia contrattuale: tempo indeterminato;
* Tredicesima mensilità;
* Premialità legata ai risultati di Business;
* Buoni Welfare dal valore di 250 euro annui;
* Mensa aziendale;
* Opportunità di formazione e aggiornamento continuo delle competenze professionali e delle soft skill;
* Benessere: mettiamo al primo posto il benessere economico, fisico, sociale e psicologico delle nostre persone, offrendo molteplici soluzioni vicine alle loro esigenze.

**L’azienda si riserva la possibilità di effettuare valutazioni in merito al livello di inquadramento e alla proposta economica, sulla base di criteri oggettivi emersi nel corso del processo di selezione e in coerenza con la seniority del/della candidato/a individuato/a e della posizione, nel rispetto dei principi di equità, trasparenza e pari opportunità previsti dalla normativa vigente.**

**Aspettiamo la tua candidatura**: inviaci il tuo CV entro **tre settimane** dall’apertura dell’annuncio di lavoro.

 **Come funziona il processo di selezione?**  

A seguito della raccolta delle candidature, vengono valutati e identificati i CV maggiormente in linea con i requisiti richiesti.  

Le/i candidate/i selezionate/i sostengono un colloquio conoscitivo con il team delle Risorse Umane, motivazionale e attitudinale, seguito da un’intervista di approfondimento tecnico con il Business.  

Al termine del processo, alla persona viene restituito un feedback, sia in caso di esito positivo che negativo.

**Seniority:**


Expert**Primary Location:**


IT \- Roma \- Via Laurentina**Contract Type:**


Permanent **Total Base Pay Range:**


36K \- 59K**Hybrid Working:**


Hybrid","","https://it.indeed.com/cmp/Leonardo-3","https://d2q79iu7y748jz.cloudfront.net/s/_squarelogo/256x256/65e719d3b9c1de0ab9c4917f25195a10","https://www.leonardo.com/it/","Rome","10,000+","more than $10B (USD)","Leonardo is a global high-tech company and one of the key players in Aerospace, Defence and Security.","","","","","","","selezione personale"
"in-e209c44e672b627b","indeed","https://it.indeed.com/viewjob?jk=e209c44e672b627b","https://zinrec.intervieweb.it/annunci.php?l=system-integrator-it-143862&lang=it&d=indeed&LAC=manuelbregolin","System Integrator IT","NETwk","Roma, LAZ, IT","2026-07-31","parttime, fulltime","","","","","",False,"","","","","Siamo un'azienda italiana operante nella ricerca e selezione del personale che si occupa di soddisfare le necessità dei clienti offrendo servizi personalizzati.

  

  

**Posizione:**
--------------

Per una società che si occupa di tecnologie delle comunicazione IP a livello di:

  

* infrastrutture
* servizi
* sistemi/apparati
* applicativi software

  

Il tutto sia in versione locale che in cloud.

  

Siamo alla ricerca di tre figure nei seguenti settori:

  

– impiantistico/network fisico (installazione apparati IP e prima configurazione) (lavoro prevalentemente presso sedi clienti)


– sistemistico/network (lavoro prevalentemente da sede centrale ufficio – Roma)


– IT management (prevalentemente applicativi software) anche presso sedi clienti con presidio part time / full time in forma dedicata

  

Attività svolte prevalentemente a Roma, con possibilità di trasferte in Toscana, Lombardia, Piemonte, Veneto

**Requisiti:**
--------------

### **Si richiede esperienza pregressa nella mansione.**","","https://it.indeed.com/cmp/Netwk","","","","","","","","","","","","","selezione personale"
"in-89566647ef0fb33c","indeed","https://it.indeed.com/viewjob?jk=89566647ef0fb33c","https://zinrec.intervieweb.it/annunci.php?l=progettista-reti-fisse-telecomunicazioni-143784&lang=it&d=indeed&LAC=manuelbregolin","Progettista Reti Fisse (Telecomunicazioni)","NETwk","Roma, LAZ, IT","2026-07-31","","","","","","",False,"","","","","Siamo un'azienda italiana operante nella ricerca e selezione del personale che si occupa di soddisfare le necessità dei clienti offrendo servizi personalizzati.

  

  

**Posizione:**
--------------

Siamo alla ricerca di Progettisti Reti Fisse da inserire nel nostro team tecnico per le nostre sedi di Roma e Catania. La risorsa si occuperà della progettazione e dello sviluppo di infrastrutture di telecomunicazioni, collaborando con il team di progettazione e con i responsabili di commessa per garantire la realizzazione di reti efficienti e conformi agli standard di qualità.

 **Principali responsabilità**

* Progettare infrastrutture di rete fissa (FTTH, FTTC e reti in fibra ottica).
* Redigere elaborati tecnici, planimetrie e documentazione progettuale.
* Effettuare studi di fattibilità e analisi dei tracciati.
* Collaborare con enti, gestori di rete e imprese esecutrici.
* Verificare la conformità dei progetti alle normative e alle specifiche tecniche del committente.
* Supportare le attività di autorizzazione e di avanzamento delle commesse.
* Aggiornare la documentazione tecnica e i database di progetto.

**Requisiti:**
--------------

**Requisiti**

* Buona conoscenza di AutoCAD e del pacchetto Microsoft Office.
* Capacità di lettura di cartografia tecnica e planimetrie.
* Precisione, capacità organizzativa e attitudine al lavoro in team.
* Patente B.

 **Costituiscono titolo preferenziale**

* Esperienza nella progettazione di reti FTTH.
* Conoscenza di software GIS e di progettazione dedicati alle telecomunicazioni.
* Esperienza nella gestione di pratiche autorizzative.
* Conoscenza delle normative relative alle infrastrutture di telecomunicazione.

**Altre informazioni:**
-----------------------

**Offriamo**

* Inserimento in un contesto tecnico in crescita.
* Formazione continua e possibilità di sviluppo professionale.
* Coinvolgimento in progetti innovativi nel settore delle telecomunicazioni.
* Retribuzione 5°livello CCNL studi professionali","","https://it.indeed.com/cmp/Netwk","","","","","","","","","","","","","selezione personale"
"in-8c2ef8d685650098","indeed","https://it.indeed.com/viewjob?jk=8c2ef8d685650098","https://zinrec.intervieweb.it/annunci.php?l=autista-patente-c-settore-costruzioni-cantiere-atac-143781&lang=it&d=indeed&LAC=manuelbregolin","Autista Patente C – Settore Costruzioni (Cantiere ATAC)","NETwk","Roma, LAZ, IT","2026-07-31","","","","","","",False,"","","","","Siamo un'azienda italiana operante nella ricerca e selezione del personale che si occupa di soddisfare le necessità dei clienti offrendo servizi personalizzati.

  

  

**Posizione:**
--------------

Per ampliamento dell’organico, ricerchiamo un Autista con patente C da inserire all’interno del cantiere relativo al deposito tranviario ATAC.


La risorsa lavorerà a diretto riporto del Direttore delle Costruzioni e in coordinamento con il Capo Cantiere, occupandosi principalmente del trasporto materiali funzionali alle attività di cantiere.

 **Attività principali**

* Trasporto materiali da e verso il cantiere (rocce e terre da scavo)
* Supporto logistico alle attività operative di cantiere
* Collaborazione con il team tecnico e operativo

**Requisiti:**
--------------

**Requisiti**

* Patente di guida categoria C (o superiore)
* Esperienza pregressa nel ruolo (anche breve)
* Affidabilità, serietà e capacità di lavorare in contesti operativi
* Disponibilità a lavorare in ambito cantieristico

**Profilo ideale**

* Attitudine al lavoro pratico e dinamico
* Spirito di collaborazione e rispetto delle procedure di sicurezza

**Altre informazioni:**
-----------------------

**Contratto e retribuzione**

* Tipologia contrattuale: da definire (tempo indeterminato/determinato o altra forma)
* Retribuzione commisurata all’esperienza","","https://it.indeed.com/cmp/Netwk","","","","","","","","","","","","","selezione personale"
"in-5e9a3469892a9617","indeed","https://it.indeed.com/viewjob?jk=5e9a3469892a9617","https://zinrec.intervieweb.it/annunci.php?l=ingegnere-civile-143772&lang=it&d=indeed&LAC=manuelbregolin","Ingegnere Civile","NETwk","Roma, LAZ, IT","2026-07-31","","","","","","",False,"","","","","Siamo un'azienda italiana operante nella ricerca e selezione del personale che si occupa di soddisfare le necessità dei clienti offrendo servizi personalizzati.

  

  

**Posizione:**
--------------

Azienda leader nel settore delle costruzioni, è alla ricerca di un **Ingegnere Civile con esperienza pluriennale nel campo e competenze specifiche nelle gare d’appalto.**

**Requisiti:**
--------------

**Informazioni sul Ruolo**

  

Requisiti:

  

* Laurea in Ingegneria Civile
* Almeno 5 anni di esperienza comprovata nel settore delle costruzioni
* Esperienza preferenziale nella gestione e partecipazione a gare d’appalto
* Capacità di lavorare in team e ottime doti organizzative
* Attitudine a risolvere problemi e prendere decisioni in autonomia

**Altre informazioni:**
-----------------------

**Responsabilità**

  

Offriamo un ambiente di lavoro dinamico e la possibilità di crescita professionale all’interno di progetti di grande rilevanza.

  

PC Aziendale.


CCNL Edilizia e industria.


Retribuzione commisurata al’esperienza","","https://it.indeed.com/cmp/Netwk","","","","","","","","","","","","","selezione personale"
"in-6612ae2ce6b8c158","indeed","https://it.indeed.com/viewjob?jk=6612ae2ce6b8c158","https://zinrec.intervieweb.it/annunci.php?l=facchino-dalbergo-143780&lang=it&d=indeed&LAC=manuelbregolin","Facchino d’albergo","NETwk","Roma, LAZ, IT","2026-07-31","fulltime","","","","","",False,"","","","","Siamo un'azienda italiana operante nella ricerca e selezione del personale che si occupa di soddisfare le necessità dei clienti offrendo servizi personalizzati.

  

  

**Posizione:**
--------------

**Per azienda cliente ricerchiamo Facchino d’Albergo / Operatore Polivalente**

  

La risorsa inserita entrerà a far parte di un’azienda solida e strutturata, operando all’interno del team di una delle nostre strutture partner più esclusive.

  

La figura si occuperà della gestione operativa di diverse attività all’interno dell’hotel:

* Accoglienza clienti e gestione/trasporto dei bagagli.
* Supporto al reparto piani: riassetto e pulizia delle camere.
* Pulizia e decoro delle zone comuni della struttura.
* Gestione, organizzazione e sistemazione dei magazzini.

**Requisiti:**
--------------

### **Requisiti Richiesti**

  

* Forte predisposizione al lavoro in team e capacità di coordinamento con i referenti aziendali.
* Flessibilità, dinamismo e massima precisione.
* La conoscenza della lingua inglese costituisce un titolo preferenziale per la gestione della clientela internazionale.
* Esperienza, anche minima, nel settore delle pulizie professionali o della movimentazione merci.
* Disponibilità a turnazioni mattutine, pomeridiane, notturne e in giorni feriali domenicali e festivi, viste le caratteristiche del settore dell’accoglienza turistica.

**Altre informazioni:**
-----------------------

**Si offre**

* Contratto di lavoro a norma di legge, con inquadramento commisurato all’esperienza.
* Orario di lavoro: 36/40 ore medie settimanali.
* La garanzia e l’affidabilità di una società di outsourcing storica, attenta alla sicurezza sul lavoro e alla puntualità dei pagamenti.
* Assistenza sanitaria integrativa per il rimborso di spese mediche

**Sede di lavoro:** Roma (Zona Stazione Termini)","","https://it.indeed.com/cmp/Netwk","","","","","","","","","","","","","selezione personale"
"in-8d7855cc508268ec","indeed","https://it.indeed.com/viewjob?jk=8d7855cc508268ec","https://inrec.intervieweb.it/annunci.php?l=impiegatoa-ufficio-tecnico-245181&lang=it&d=indeed&LAC=ntw","Impiegato/a ufficio tecnico","NTWK","Roma, LAZ, IT","2026-07-31","fulltime","","","","","",True,"","","","","NTWK, azienda italiana operante nella ricerca e selezione del personale, si occupa di soddisfare le necessità dei clienti offrendo servizi personalizzati.

  

  

**Posizione:**
--------------

Per affermata Società di Ingegneria con sede a Roma, operante nei settori della Progettazione, Direzione Lavori e Coordinamento della Sicurezza per importanti opere civili e infrastrutturali, si ricercano**Ingegneri Civili (anche junior), Architetti e Geometri** da inserire in un ambiente dinamico e in forte crescita.

 **Cosa farai (Attività principali)**

* Partecipazione attiva alla redazione di progetti civili e infrastrutturali.
* Supporto alla Direzione dei Lavori e al Coordinamento della Sicurezza in fase di Esecuzione.
* Attività di assistenza in cantiere con il ruolo di Ispettore di Cantiere o Direttore Operativo.

**Requisiti:**
--------------

**Cosa richiediamo**

* Laurea Magistrale in Ingegneria Civile/Ambientale, Laurea in Architettura o Diploma di Geometra.
* Ottima conoscenza di AutoCAD, Pacchetto Office e Primus.
* Forte motivazione, attitudine al lavoro di squadra e precisione.

 **Titoli preferenziali (Rappresentano un plus)**

* Indirizzo di studi strutturale o infrastrutturale.
* Conoscenza (anche base) di software di calcolo strutturale, topografici e di grafica.
* Buona conoscenza della lingua inglese.

**Altre informazioni:**
-----------------------

**Cosa offriamo**

* Inquadramento flessibile: Assunzione a tempo determinato (commisurato all’esperienza).
* Flessibilità: Impegno full\-time con possibilità di smart working parziale.
* **Retribuzione:** Da 1500 €/mese.
* Crescita: Opportunità di inserimento all’interno di progetti di rilievo e affiancamento continuo.

 **Sede di lavoro:** Roma (zona EUR / Montagnola) con disponibilità a brevi trasferte o sopralluoghi.","","https://it.indeed.com/cmp/Ntwk","","","","","","","","","","","","","selezione personale"
"in-7ad549a79ddf12e6","indeed","https://it.indeed.com/viewjob?jk=7ad549a79ddf12e6","https://inrec.intervieweb.it/annunci.php?l=sistemista-it-network-administrator-gestione-vpn-aziendale-245158&lang=it&d=indeed&LAC=ntw","Sistemista IT / Network Administrator (Gestione VPN Aziendale)","NTWK","Roma, LAZ, IT","2026-07-31","","","","","","",False,"","","","","NtWK, azienda italiana operante nella ricerca e selezione del personale, si occupa di soddisfare le necessità dei clienti offrendo servizi personalizzati.

  

  

**Posizione:**
--------------

Siamo alla ricerca di una figura IT con esperienza nella progettazione, implementazione e gestione di infrastrutture VPN aziendali.


La risorsa sarà responsabile della configurazione della VPN aziendale, della sua manutenzione e della gestione delle connessioni sicure per tutti i dispositivi utilizzati dai dipendenti.

**Principali responsabilità**

* Progettare e implementare una VPN aziendale sicura e affidabile.
* Configurare l’accesso VPN sui PC aziendali e sui dispositivi autorizzati.
* Gestire utenti, permessi e criteri di accesso.
* Monitorare il corretto funzionamento della rete VPN e intervenire in caso di anomalie.
* Garantire elevati standard di sicurezza informatica e protezione dei dati.
* Eseguire aggiornamenti, manutenzione ordinaria e straordinaria dell’infrastruttura.
* Fornire supporto tecnico ai dipendenti per problematiche relative alla VPN.
* Documentare configurazioni, procedure e policy di sicurezza.

**Requisiti:**
--------------

**Requisiti**

* Esperienza nella configurazione e amministrazione di VPN aziendali.
* Conoscenza di reti TCP/IP, firewall, routing, DNS e sicurezza informatica.
* Esperienza nella gestione di ambienti Windows (ed eventualmente macOS e Linux).
* Capacità di configurare firewall e sistemi di autenticazione.
* Esperienza nella gestione di utenti e permessi.
* Attitudine al problem solving e capacità di lavorare in autonomia.

**Altre informazioni:**
-----------------------

**Costituiscono titolo preferenziale**

* Certificazioni in ambito networking o cybersecurity.
* Esperienza con firewall di nuova generazione.
* Esperienza nella gestione di infrastrutture cloud.

**Offriamo**

* Collaborazione stabile in un ambiente dinamico.
* Possibilità di gestire l’intera infrastruttura di sicurezza aziendale.
* Retribuzione commisurata all’esperienza e alle competenze.

 **Retribuzione:** retribuzione 5° livello CCNL studi professionali","","https://it.indeed.com/cmp/Ntwk","","","","","","","","","","","","","selezione personale"
"in-e00c1d6f647eeffd","indeed","https://it.indeed.com/viewjob?jk=e00c1d6f647eeffd","https://inrec.intervieweb.it/annunci.php?l=sistemista-microsoft-infrastrutturale-245118&lang=it&d=indeed&LAC=ntw","Sistemista Microsoft infrastrutturale","NTWK","Roma, LAZ, IT","2026-07-31","","","","","","",False,"","","","","NTWK, azienda italiana operante nella ricerca e selezione del personale, si occupa di soddisfare le necessità dei clienti offrendo servizi personalizzati.

  

  

**Posizione:**
--------------

Per azienda leader nell’area IT e Software Development, si ricerca un **Sistemista Microsoft Infrastrutturalesenior**con solide competenze nella gestione e amministrazione di ambienti IT complessi, sia on\-premise che ibridi cloud.

  

La risorsa sarà coinvolta nella **progettazione, implementazione e manutenzione dell’infrastruttura IT aziendale**, garantendo stabilità, sicurezza e performance dei sistemi.

**Requisiti:**
--------------

**Richiesta conoscenza approfondita di:**

* Hyper\-V
* Active Directory
* Group Policy
* Microsoft Exchange Server
* Microsoft SharePoint
* PowerShell scripting
* Ambienti Citrix
* Architetture cloud e modelli ibridi

 **Nice to have**

* Esperienza o conoscenza di soluzioni Trellix (ambito sicurezza/processi)

**Altre informazioni:**
-----------------------

**Sede di lavoro:** Roma, con modalità di lavoro ibrida","","https://it.indeed.com/cmp/Ntwk","","","","","","","","","","","","","selezione personale"
"in-7956b12f7de0942c","indeed","https://it.indeed.com/viewjob?jk=7956b12f7de0942c","https://inrec.intervieweb.it/annunci.php?l=tecnico-sicurezza-cantieri-percorso-di-crescita-cspcse-245159&lang=it&d=indeed&LAC=ntw","Tecnico Sicurezza Cantieri (Percorso di crescita CSP/CSE)","NTWK","Roma, LAZ, IT","2026-07-31","","","","","","",False,"","","","","NtWK, azienda italiana operante nella ricerca e selezione del personale, si occupa di soddisfare le necessità dei clienti offrendo servizi personalizzati.

  

  

**Posizione:**
--------------

Siamo alla ricerca di una figura tecnica da inserire nel nostro team per la gestione della sicurezza nei cantieri, il controllo della documentazione e il monitoraggio dello stato di avanzamento delle attività.


La risorsa collaborerà con il team tecnico e sarà coinvolta nelle attività di verifica della conformità normativa, gestione documentale e sopralluoghi in cantiere. È previsto un percorso di crescita professionale finalizzato ad assumere il ruolo di Coordinatore della Sicurezza in fase di Progettazione (CSP) e in fase di Esecuzione (CSE).

 **Principali responsabilità**

* Verificare la documentazione relativa alla sicurezza dei cantieri.
* Controllare la conformità documentale di imprese, lavoratori e subappaltatori.
* Effettuare sopralluoghi presso i cantieri.
* Monitorare lo stato di avanzamento dei lavori e predisporre report periodici.
* Collaborare con il team tecnico nella gestione delle attività di cantiere.
* Supportare la redazione e l’aggiornamento della documentazione prevista dalla normativa vigente.
* Interfacciarsi con imprese, committenti, direttori dei lavori e professionisti coinvolti.

**Requisiti:**
--------------

**Requisiti**

* Diploma di Geometra, Perito Industriale o Laurea in Ingegneria, Architettura o discipline affini.
* Conoscenza della normativa sulla sicurezza nei cantieri (D.Lgs. 81/2008\).
* Buona capacità organizzativa e precisione nella gestione documentale.
* Disponibilità a effettuare sopralluoghi presso i cantieri.
* Buona conoscenza del pacchetto Microsoft Office.
* Patente B

 **Requisiti preferenziali**

* Esperienza, anche breve, nella gestione della sicurezza nei cantieri.
* Conoscenza dei principali software tecnici e gestionali.
* Attestati o corsi in materia di sicurezza.

**Altre informazioni:**
-----------------------

**Offriamo**

* Inserimento in un ambiente di lavoro dinamico e orientato alla crescita professionale.
* Formazione continua e affiancamento.
* Percorso finalizzato all’acquisizione delle competenze e dei requisiti necessari per ricoprire il ruolo di CSP/CSE.
* Retribuzione commisurata all’esperienza e alle competenze.

 **Retribuzione:** retribuzione di 5° livello CCNL studi professionali","","https://it.indeed.com/cmp/Ntwk","","","","","","","","","","","","","selezione personale"
"in-2ab7e2e01d01849f","indeed","https://it.indeed.com/viewjob?jk=2ab7e2e01d01849f","https://zinrec.intervieweb.it/annunci.php?l=progettista-hardware-143534&lang=it&d=indeed&LAC=manuelbregolin","Progettista hardware","NETwk","Roma, LAZ, IT","2026-07-30","","","","","","",False,"","","","","Siamo un'azienda italiana operante nella ricerca e selezione del personale che si occupa di soddisfare le necessità dei clienti offrendo servizi personalizzati.

  

  

**Posizione:**
--------------

Come **progettista HW** avrai il compito di:

* Progettazione di schede elettroniche di alimentazione e mixed signal: digitali\-analogiche
* Progettazione di schematici, layout, documenti di collaudo
* Sarai coinvolto direttamente nel team di progetto. Interagirai con ingegneri meccanici ed elettronici per realizzare, in team, apparti complessi ed allo stato dell’arte.
* Seguire il collaudo delle board, da te progettate, nel nostro laboratorio
* Interagire con fornitori esterni per la definizione di tutti gli step produttivi
* Imparerai a gestire il tuo lavoro in autonomia ed approfondirai tematiche tecniche e di gestione del lavoro.

  

Il nostro scopo è far emergere tutto il tuo potenziale in un team dedicato alla progettazione di circuiti ed apparati per le telecomunicazioni.

 **Le attività si svolgeranno presso la nostra sede di Roma**, dove avrai modo di accedere al nostro laboratorio all’avanguardia.

**Requisiti:**
--------------

**Requisiti richiesti**


Se hai queste caratteristiche sei il nostro candidato ideale:


– Laure in Elettronica votazione minima 90/100


– Esperienza, almeno triennale, nella progettazione circuiti elettronici


– Capacità di realizzazione di disegni tecnici elettronici


– Esperienza con software CAD per PCB


– Esperienza con apparecchiature di test elettriche/elettroniche

**Altre informazioni:**
-----------------------

**Cosa Offriamo**

* Retribuzione: A Partire da 40\.000€
* Percorso di crescita con formazione strutturata, personalizzata
* Corsi di lingue
* Assicurazione medica integrativa
* Welfare aziendale
* Buoni Pasto
* Programma di bonus aziendali su obiettivi

 **Sede di lavoro**: Roma","","https://it.indeed.com/cmp/Netwk","","","","","","","","","","","","","selezione personale"
"in-6968f254c5291b3e","indeed","https://it.indeed.com/viewjob?jk=6968f254c5291b3e","https://zinrec.intervieweb.it/annunci.php?l=guardie-particolari-giurate-143519&lang=it&d=indeed&LAC=manuelbregolin","Guardie Particolari Giurate","NETwk","Roma, LAZ, IT","2026-07-30","fulltime","","","","","",False,"","","","","Siamo un'azienda italiana operante nella ricerca e selezione del personale che si occupa di soddisfare le necessità dei clienti offrendo servizi personalizzati.

  

  

**Posizione:**
--------------

Per la azienda cliente ricerchiamo **2 Guardie Particolari Giurate (GPG)**

  

La persona sarà inserita all’interno della Centrale Operativa e sarà dedicata ad attività di verifica e monitoraggio dei siti clienti, con particolare riguardo alle attività di videosorveglianza ed antintrusione. Le attività prevedono la ricezione contemporanea degli allarmi, provenienti da diversi gestionali e Software, da analizzare e gestire allo scopo di sventare le reali intrusioni. Qualora la situazione lo richiedesse verrebbero attivati i servizi di piantonamento e monitoraggio in tutte le fasi di gestione fino al ripristino della sicurezza del sito.

  

Si specifica che l’attività viene svolta in un ambiente isolato ed è richiesta una elevata capacità di concentrazione per interpretare correttamente la natura dei segnali. Inoltre, è richiesta una prontezza di gestione che deve garantire accuratezza e tempestività al fine di sventare situazioni pericolose e di furto.


Completano il profilo la capacità di dialogo e lavoro in squadra e il rispetto delle procedure, le disposizioni e le gerarchie aziendali.

 **Responsabilità principali:**

* Monitoraggio dei Software gestionali e analisi degli allarmi
* Gestione della presunta intrusione nel rispetto delle procedure aziendali
* Attivazione, ove necessario, del servizio del piantonamento
* Gestione delle varie fasi di verifica fisica sul sito
* Aggiornamento intervento
* Aggiornamento dei vari stakeholder
* Redazione documentale

**Requisiti:**
--------------

**Requisiti obbligatori**

* Decreto prefettizio in corso di validità
* Titoli autorizzativi e porto d’armi conformi al TULPS
* Patente di guida categoria B
* Disponibilità al lavoro su turni h24 (ciclo 6\+1\+1\)

 **Requisiti preferenziali**

* Conoscenza e utilizzo di software dedicati alla sicurezza/vigilanza (DUNIA, SICEP)
* Esperienza nella gestione di sistemi di allarme e videosorveglianza
* Esperienza pregressa in servizi di pattugliamento
* Esperienza pregressa presso una Centrale Operativa
* Buone competenze informatiche di base

 **Soft Skills:**

* Affidabilità operativa (puntualità, rispetto procedure, qualità della reportistica)
* Capacità di gestione dello stress e delle emergenze
* Spirito di osservazione e Problem solving

**Titolo di studi:**


Diploma di scuola superiore, preferibilmente ad indirizzo tecnico

**Altre informazioni:**
-----------------------

Sede di lavoro: RM


Orario Full Time su **Turnazione h24 su ciclo 6\+1\+1** (inclusi notturni e festivi)


Contratto a Tempo Determinato o a tempo Indeterminato in base all’esperienza del candidato/a.


Livello di inquadramento: V\-III CCNL Vigilanza privata e Servizi Fiduciari, in funzione delle competenze tecniche maturate e livello di esperienza.","","https://it.indeed.com/cmp/Netwk","","","","","","","","","","","","","selezione personale"
"in-c8556d94edcdd9fc","indeed","https://it.indeed.com/viewjob?jk=c8556d94edcdd9fc","https://zinrec.intervieweb.it/annunci.php?l=addettoa-pulizia-zona-monterotondo-rm-143493&lang=it&d=indeed&LAC=manuelbregolin","ADDETTO/A PULIZIA ZONA MONTEROTONDO (RM)","NETwk","Monterotondo, LAZ, IT","2026-07-30","","","","","","",False,"","","","","Siamo un'azienda italiana operante nella ricerca e selezione del personale che si occupa di soddisfare le necessità dei clienti offrendo servizi personalizzati.

  

  

**Posizione:**
--------------

Impresa di servizi ricerca per ampiamento del proprio organico addetti al servizio pulizie in zona Monterotondo (Roma) e zone limitrofe per proprio appalto presso un supermercato.


L’orari sono dalle 06\.00 alle 08\.30 da lunedì alla domenica con un giorno di riposo a rotazione.

**Requisiti:**
--------------

Si richiede esperienza specifica nel settore e disponibilità a lavorazioni a turnazioni, automuniti e residenti in zona.","","https://it.indeed.com/cmp/Netwk","","","","","","","","","","","","","selezione personale"
"in-e31ab2653d9acfc0","indeed","https://it.indeed.com/viewjob?jk=e31ab2653d9acfc0","https://zinrec.intervieweb.it/annunci.php?l=sap-vim-consultant-143499&lang=it&d=indeed&LAC=manuelbregolin","SAP VIM Consultant","NETwk","Roma, LAZ, IT","2026-07-30","fulltime","","","","","",True,"","","","","Siamo un'azienda italiana operante nella ricerca e selezione del personale che si occupa di soddisfare le necessità dei clienti offrendo servizi personalizzati.

  

  

**Posizione:**
--------------

Ricerchiamo un **Consulente SAP VIM** con esperienza di livello middle per un progetto in ambito consulenza. La risorsa sarà coinvolta in attività di implementazione e supporto del modulo SAP VIM, contribuendo all’ottimizzazione dei processi di gestione delle fatture elettroniche e documenti digitali.

 **Principali attività**

* Implementazione e configurazione del modulo SAP VIM
* Supporto alle attività di integrazione con i moduli SAP FI e AP
* Gestione dei processi di fatturazione elettronica e documenti digitali (E\-Document)
* Collaborazione con il team di progetto per l’analisi funzionale e tecnica
* Supporto agli utenti finali e predisposizione della documentazione tecnica

**Requisiti:**
--------------

**Competenze Primarie**

* Esperienza consolidata su SAP VIM

**Competenze Secondarie**

* Conoscenza di SAP FI e SAP AP
* Esperienza in Fatturazione Elettronica
* Familiarità con E\-Document

**Lingue Richieste**

* Italiano

**Altre informazioni:**
-----------------------

**Tipologia di ingaggio:**

* Modalità di lavoro: Full Remote
* Durata: Dal 29/06/2026 – a progetto
* Impegno: Fulltime","","https://it.indeed.com/cmp/Netwk","","","","","","","","","","","","","selezione personale"
"in-540d6e76d1dad457","indeed","https://it.indeed.com/viewjob?jk=540d6e76d1dad457","https://zinrec.intervieweb.it/annunci.php?l=expert-business-associate-fluent-in-english-and-italian-143491&lang=it&d=indeed&LAC=manuelbregolin","Expert business associate fluent in English and Italian","NETwk","Roma, LAZ, IT","2026-07-30","","","","","","",False,"","","","","Siamo un'azienda italiana operante nella ricerca e selezione del personale che si occupa di soddisfare le necessità dei clienti offrendo servizi personalizzati.

  

  

**Posizione:**
--------------

Azienda cliente è alla ricerca di una persona dinamica e motivata, con buona esperienza in marketing internazionale che si unisca al loro team.

  

Responsabilità del ruolo:

* Supporto e coordinamento del team di vendite e al CEO nella gestione dei contatti con clienti inbound/outbound e gestione delle informazioni mediante Excel avanzato e database relazionale
* Analisi dati e creazione di report a supporto delle varie funzioni aziendali
* Redazione documenti di vendita e prima nota

**Requisiti:**
--------------

Requisiti:

* Ottima padronanza di italiano e inglese, molto gradita conoscenza della lingua francese e/o spagnola
* Utilizzo evoluto del pacchetto Office, Excel in particolare
* Ottime capacità organizzative, comunicative e di collaborazione in team
* Buone capacità di analisi di dati
* Molto apprezzata la dimestichezza con social media e software multimediale","","https://it.indeed.com/cmp/Netwk","","","","","","","","","","","","","selezione personale"
"in-7942e5276335bd95","indeed","https://it.indeed.com/viewjob?jk=7942e5276335bd95","https://inrec.intervieweb.it/annunci.php?l=operatore-dufficio-con-competenze-informatiche-e-cad-244894&lang=it&d=indeed&LAC=ntw","Operatore d’ufficio con competenze informatiche e CAD","NTWK","Roma, LAZ, IT","2026-07-30","","","","","","",False,"","","","","NTWK, azienda italiana operante nella ricerca e selezione del personale, si occupa di soddisfare le necessità dei clienti offrendo servizi personalizzati.

  

  

**Posizione:**
--------------

Ricerchiamo un profilo ambosesso da formare/con esperienza come **Operatore d’ufficio con competenze informatiche e CAD**, incaricato di inserimento dati, gestione documentale e utilizzo di Word ed Excel . Si occupa inoltre della predisposizione e gestione delle pratiche VVF e INAIL, garantendo precisione e rispetto delle procedure.

 **La risorsa si occuperà di:**

* Compilazione, aggiornamento e gestione delle pratiche VVF (SCIA antincendio, rinnovi,
* integrazioni documentali, rapporti con enti).
* Gestione delle pratiche INAIL (denunce, comunicazioni, aggiornamenti, portale INAIL).
* Elaborazione di disegni grafici CAD 2d ad integrazione della documentazione VVF e INAIL
* Redazione e formattazione di documenti tramite Microsoft Word.
* Gestione e aggiornamento di fogli Excel per elaborazioni ripartizioni, monitoraggio scadenze, registri, anagrafiche e report.
* Archiviazione digitale ordinata e conforme alle procedure interne.
* Comunicazioni con enti e professionisti.
* Supporto generale all’ufficio tecnico/amministrativo

**Requisiti:**
--------------

**Requisiti richiesti:**

* Ottima conoscenza del pacchetto Microsoft Office, in particolare:
* Word (impaginazione, modelli, gestione documenti formali).
* Excel (tabelle, filtri, formule base, gestione dati).
* Conoscenza base CAD 2d.
* Capacità di compilare modulistica tecnica e amministrativa.
* Riservatezza e rispetto delle procedure.
* Capacità di lavorare in team.

 **Formazione:**

**Richiesto titolo di studio minimo:** Diploma preferibilmente indirizzo Tecnico / Scientifico oppure laurea o laurea breve.

**Altre informazioni:**
-----------------------

**Si offre /Tipo di contratto:** contratto a tempo indeterminato.

 **Contratto con orario:** 8:00 – 13:00 / 14:00 – 17:00\.

 **Sede di lavoro:** Via dei Bichi 14 – 00164 Roma.","","https://it.indeed.com/cmp/Ntwk","","","","","","","","","","","","","selezione personale"
"in-d39545f4c98a60cc","indeed","https://it.indeed.com/viewjob?jk=d39545f4c98a60cc","https://zinrec.intervieweb.it/annunci.php?l=autista-patente-c-e-cqc-143431&lang=it&d=indeed&LAC=manuelbregolin","Autista patente C e CQC","NETwk","Roma, LAZ, IT","2026-07-29","fulltime","","","","","",False,"","","","","Siamo un'azienda italiana operante nella ricerca e selezione del personale che si occupa di soddisfare le necessità dei clienti offrendo servizi personalizzati.

  

  

**Posizione:**
--------------

Per ampliamento organico, ricerchiamo un profilo da inserire come **Autista patente C\+CQC.**




La risorsa guiderà mezzi ribaltabili destinati ai cantieri e collaborerà con la squadra nelle attività operative quando necessario.

**Requisiti:**
--------------

**Requisiti**

* Patente C.
* CQC in corso di validità.
* Carta Tachigrafica.
* Esperienza nella guida di mezzi ribaltabili.
* Disponibilità a svolgere anche attività operative di cantiere.
* Capacità di lavorare in team.
* Automunito.

**Altre informazioni:**
-----------------------

**Cosa offriamo**

* Contratto CCNL Metalmeccanica Industria.
* Full Time dal lunedì al venerdì.
* No turni.
* Possibilità di stabilizzazione.
* Retribuzione commisurata all’esperienza.




**Sedi di lavoro:** Roma e Civitavecchia.","","https://it.indeed.com/cmp/Netwk","","","","","","","","","","","","","selezione personale"
"in-55c5ddafbe4ecad2","indeed","https://it.indeed.com/viewjob?jk=55c5ddafbe4ecad2","https://inrec.intervieweb.it/annunci.php?l=addettoa-vendite-part-time-roma-tiburtina-rm-244827&lang=it&d=indeed&LAC=happycasastore","Addetto/a vendite part time - Roma Tiburtina (RM)","Happy Casa Store","Roma, LAZ, IT","2026-07-29","parttime, fulltime","","","","","",False,"","","","","L’Azienda nasce nel 2008 a Martina Franca, in provincia di Taranto, e si espande in tutta Italia con oltre cento punti vendita. Ogni anno sono in programma nuove aperture per consolidare la presenza locale attraverso una rete di punti vendita diretti in spazi espositivi che vanno dai mille a più di tremila metri quadri.


Happy Casa Store è una realtà in forte crescita, frutto di tanto lavoro e passione, per mettere al centro il cliente in ogni sua esigenza. Professionalità, cortesia, un elevato rapporto qualità/prezzo e un'attenzione particolare ai trend del momento caratterizzano un’area vendita nazionale pari a più di 200\.000 mq e una squadra che opera sul territorio nazionale composta da oltre 1\.400 collaboratori.


I clienti potranno trovare una vasta gamma di prodotti “non food” tra cui piccoli elettrodomestici, arredi per la casa e il giardino, decorazioni di vario genere, idee regalo, articoli per la cucina e il bagno, ma anche per la scuola e l’ufficio, tantissimi giocattoli, accessori per le auto, piccoli attrezzi per la palestra e una vasta selezione di prodotti per la cura personale e la detergenza. Si va quindi dalle pentole agli asciugamani, dai phon alle lampade, fino ai tappetini per il workout casalingo e agli arredi per l’outdoor. Fiore all’occhiello di Happy Casa Store è sicuramente l’ampia varietà di decorazioni natalizie, che colorano i negozi nei mesi invernali, trasformandoli in veri punti di riferimento per gli amanti delle festività.


Happy Casa Store è la meta ideale per chi vuole curare al meglio gli spazi attorno a sé, con dettagli unici per vivere la casa con felicità. La bellezza, contaminata dalle ultime tendenze, esprime lo stile unico di ogni cliente, rendendo la casa un ambiente migliore.

  

  

**Posizione:**
--------------

Per il nostro store di **Roma Tiburtina (RM)** cerchiamo candidati/e che attraverso un adeguato percorso di inserimento e formazione giungano a ricoprire pienamente la posizione di **Addetto/a alle Operazioni Ausiliarie alla Vendita**.


Non siamo alla ricerca di professionisti né di profili con approfondita esperienza professionale nella mansione, guarderemo con estrema attenzione alle attitudini più che alle capacità consolidate, all'orientamento al team e alla voglia di mettersi in gioco in prima persona e soprattutto alla consapevolezza di guardare al cliente come alla risorsa più importante.

  

La posizione:

* Collaborazione con il team per una gestione efficiente del punto vendita;
* Rifornimento dei prodotti;
* Predisposizione e gestione degli articoli promozionali;
* Gestione della cassa;
* Assistenza al cliente;
* Sistemazione e pulizia dei locali;

  

La nostra offerta

* Un'azienda solida e strutturata;
* Una formazione completa per poter svolgere al meglio il ruolo;
* Inquadramento previsto tra il 6° e il 4° livello CCNL Commercio/Confcommercio;
* Retribuzione annua lorda compresa tra 21\.500,00 e 25\.000,00;
* L’inquadramento e la RAL indicati sono riferiti a un rapporto full\-time; in caso di contratto part\-time, il trattamento economico sarà riproporzionato in base all’orario previsto ;
* Livello di inquadramento e trattamento economico saranno definiti in relazione all’esperienza professionale pertinente e alle responsabilità previste dal ruolo.


Si prevede un impegno settimanale pari ad ore 24


\#AI

**Requisiti:**
--------------

Requisiti minimi:


Diploma di maturità, spiccato orientamento al cliente, predisposizione al lavoro di squadra e forte attitudine al lavoro di relazione, affidabilità, flessibilità, approccio multitasking, interesse per il commercio.


Requisiti desiderati:


aver maturato esperienza come commesso/a, addetto/a vendite in aziende della grande distribuzione organizzata (GDO).

**Altre informazioni:**
-----------------------

La selezione sarà curata direttamente dall’Azienda in tutte le fasi e saranno privilegiate le candidature con residenza in zona. **Saranno valutati esclusivamente candidati/e in linea con la descrizione del profilo e verrà fornita risposta solo alle candidature ammesse almeno ad una fase selettiva.**


Il presente annuncio è rivolto ad entrambi i sessi ai sensi delle Leggi 903/77 e 125/91, e a persone di tutte le età e le nazionalità, ai sensi dei Decreti Legislativi 215/03 e 216/03\.

  

I curriculum inviati devono contenere esplicito consenso al trattamento dei dati personali ai sensi del D.Lgs. 196/2003 e GDPR UE 2016/679\. Si invita a prendere visione della nostra informativa sul trattamento dei dati personali all'indirizzo https://shop.happycasastore.it/pages/privacy\-policy e a comunicare solo i dati necessari alla selezione, **evitando di inserire ""dati particolari"" (quali dati che rivelino l'origine razziale o etnica, le convinzioni religiose o filosofiche, le opinioni politiche, l'adesione ad associazioni sindacali, dati genetici, dati relativi alla salute o alla vita sessuale o all'orientamento sessuale)** ad eccezione di quelli che potrebbero essere richiesti dall'annuncio e/o ritenuti importanti per un'adeguata valutazione della candidatura. Il trattamento di questi eventuali dati particolari sarà subordinato al consenso dell'interessato.


Non accettiamo sollecitazioni, curriculum o segnalazioni da parte di recruiter o agenzie per il lavoro in assenza di specifici contratti scritti. Nel caso in cui, in riferimento al presente annuncio di ricerca, Happy Casa Store Srl dovesse ricevere eventuali candidature da parte di agenzie per il lavoro e/o recruiter in assenza di mandati e/o accordi commerciali preventivamente sottoscritti, ci riserviamo il diritto di includere tali candidature nel processo di selezione fino all’eventuale assunzione senza alcun obbligo finanziario nei riguardi del recruiter o dell’agenzia.","","https://it.indeed.com/cmp/Happy-Casa-Store","https://d2q79iu7y748jz.cloudfront.net/s/_squarelogo/256x256/486b40301964549dd6323f528b1a9dd3","https://www.happycasastore.it/","Martina Franca","","","","","","","","","","selezione personale"
"in-3e93f5ec4f5be60e","indeed","https://it.indeed.com/viewjob?jk=3e93f5ec4f5be60e","https://q8hcm.wd3.myworkdayjobs.com/es/External_KUPIT/job/Rome-Italy/BRAND---COMMUNICATION-SPECIALIST_R0004806","BRAND & COMMUNICATION SPECIALIST","Q8","Roma, LAZ, IT","2026-07-29","fulltime","","","","","",False,"","","","","***BRAND \& COMMUNICATION SPECIALIST***

**Q8** opera in un contesto internazionale nel settore energy, contribuendo attivamente al processo di **energy transition** e allo sviluppo di soluzioni sempre più **sostenibili** e **innovative**. In uno scenario in continua evoluzione, lavoriamo per connettere **persone, territori** e **bisogni**, supportando un sistema in trasformazione e orientato al futuro.


Attraverso prodotti e servizi innovativi, favoriamo la mobilità di persone e merci, con attenzione all’**ambiente**, alla **salute** e **sicurezza** e alla creazione di valore nel sistema in cui operiamo. Questo approccio si riflette anche nel nostro modo di lavorare: un contesto **inclusivo** e **dinamico**, che valorizza **collaborazione, crescita e sviluppo continuo**.


Coerentemente con questo modello, offriamo la possibilità di intraprendere un percorso di **sviluppo personale e professionale**, attraverso **esperienze trasversali** all’interno dell’azienda in cui formare e arricchire le proprie competenze.

**STIAMO CERCANDO UN** **BRAND \& COMMUNICATION SPECIALIST**


All’interno della **Direzione Retail \& Marketing**, contribuirai alla gestione delle attività di brand e comunicazione aziendale, supportando l’implementazione della strategia di comunicazione e sviluppando contenuti e materiali destinati sia alla comunicazione interna sia a quella esterna, attraverso i canali più idonei.

***Le attività principali che seguirai:***

* Assicurare l’espletamento delle attività necessarie per il raggiungimento degli obiettivi prefissati in ambito di strategie di comunicazione su tutti i touch point, interfacciandosi con le agenzie di comunicazione;
* Supportare la gestione degli eventi PR;
* Ricercare e sviluppare nuove opportunità di partnership volte ad acquisire nuovi clienti;
* Collaborare alla realizzazione di progetti ed alla produzione di materiale a supporto oltre all’allineamento con tutte le linee di business coinvolte;
* Assicurare la stesura del piano editoriale digitale in coerenza con gli obiettivi di comunicazione mensili;
* Collaborare all'ideazione e alla produzione dei materiali POP;
* Partecipare a fiere, forum, convegni ecc. per valutare ed acquisire informazioni in merito alle nuove opportunità dei mercati di riferimento.

***Requisiti chiave per il ruolo:***

* Laurea magistrale in discipline economiche
* Conoscenza della lingua inglese (livello B1\)
* Buone doti relazionali e orientamento alla collaborazione
* Proattività e senso di responsabilità

***Sede****:* Roma

***Cosa offriamo:***


Per la posizione è previsto un inserimento con contratto di lavoro full\-time a tempo determinato della durata di 12 mesi, CCNL Energia e Petrolio e accordi integrativi aziendali, con inquadramento al livello 4 del sistema di classificazione previsto dal CCNL applicato.


L’offerta retributiva prevista per la posizione è compresa indicativamente in un range tra € 38\.000 e € 41\.000, da definire in funzione dell’esperienza professionale maturata e delle competenze.


Accanto alla componente economica, offriamo un sistema di benefit che supporta concretamente crescita e benessere: una modalità di lavoro flessibile e ibrida in linea con la policy di smart working, accesso al ristorante aziendale o a soluzioni di buoni pasto, percorsi strutturati di formazione continua.

***Processo di selezione:***


Tutte le candidature saranno valutate sulla base di criteri professionali, oggettivi e non discriminatori, coerenti con le caratteristiche e i requisiti della posizione.


Il percorso di selezione prevede:

* Valutazione del curriculum vitae
* Primo colloquio conoscitivo (anche in modalità remota) con HR e People Manager
* Valutazione delle competenze chiave e dell’allineamento al modello aziendale
* Secondo colloquio (anche in modalità remota) con HR e Business Line

***INSIEME OLTRE OGNI DISTANZA: Entrare in Q8 significa collegare persone, territori e bisogni, contribuendo a una mobilità responsabile in un contesto che valorizza persone, innovazione e responsabilità!***","Energy And Utilities","https://it.indeed.com/cmp/Q8","https://d2q79iu7y748jz.cloudfront.net/s/_squarelogo/256x256/c16605996226acdd621440b700e359da","https://www.q8.dk/","Arne Jacobsens Allé 17, 2300 København S","1,001 to 5,000","$1B to $5B (USD)","","","","","","","","responsabile selezione"
"in-c1a3cddc873b29d8","indeed","https://it.indeed.com/viewjob?jk=c1a3cddc873b29d8","https://q8hcm.wd3.myworkdayjobs.com/es/External_KUPIT/job/Rome-Italy/NON-FUEL-SPECIALIST_R0004799","NON FUEL SPECIALIST","Q8","Roma, LAZ, IT","2026-07-28","fulltime","","","","","",False,"","","","","***NON FUEL SPECIALIST***

**Q8** opera in un contesto internazionale nel settore energy, contribuendo attivamente al processo di **energy transition** e allo sviluppo di soluzioni sempre più **sostenibili** e **innovative**. In uno scenario in continua evoluzione, lavoriamo per connettere **persone, territori** e **bisogni**, supportando un sistema in trasformazione e orientato al futuro.


Attraverso prodotti e servizi innovativi, favoriamo la mobilità di persone e merci, con attenzione all’**ambiente**, alla **salute** e **sicurezza** e alla creazione di valore nel sistema in cui operiamo. Questo approccio si riflette anche nel nostro modo di lavorare: un contesto **inclusivo** e **dinamico**, che valorizza **collaborazione, crescita e sviluppo continuo**.


Coerentemente con questo modello, offriamo la possibilità di intraprendere un percorso di **sviluppo personale e professionale**, attraverso **esperienze trasversali** all’interno dell’azienda in cui formare e arricchire le proprie competenze.

**STIAMO CERCANDO UN** **NON FUEL SPECIALIST**

  

All’interno della **Direzione Retail \& Marketing**, supporterai le attività marketing non\-oil in ambito Rete, in ambito Visual Merchandising, Communication and Promotion del network Svolta.

***Le attività principali che seguirai:***

* Supportare la valutazione e la predisposizione dei layout dei punti vendita.
* Collaborare all’identificazione e all’implementazione delle attività di comunicazione e promozione specifiche dei prodotti.
* Contribuire alla definizione delle linee guida visual del network Svolta, collaborando con partner esterni per garantirne la corretta applicazione e rafforzare la customer experience e la comunicazione della brand proposition.

***Requisiti chiave per il ruolo:***

* Laurea magistrale in discipline economiche
* Conoscenza della lingua inglese (livello B1\)
* Buone doti relazionali e orientamento alla collaborazione
* Proattività e senso di responsabilità

***Sede****:* Roma

***Cosa offriamo:***


Per la posizione è previsto un inserimento con contratto di lavoro full\-time a tempo determinato della durata di 12 mesi, CCNL Energia e Petrolio e accordi integrativi aziendali, con inquadramento al livello 4 del sistema di classificazione previsto dal CCNL applicato.


L’offerta retributiva prevista per la posizione è compresa indicativamente in un range tra € 38\.000 e € 41\.000, da definire in funzione dell’esperienza professionale maturata e delle competenze.


Accanto alla componente economica, offriamo un sistema di benefit che supporta concretamente crescita e benessere: una modalità di lavoro flessibile e ibrida in linea con la policy di smart working, accesso al ristorante aziendale o a soluzioni di buoni pasto, percorsi strutturati di formazione continua.

***Processo di selezione:***


Tutte le candidature saranno valutate sulla base di criteri professionali, oggettivi e non discriminatori, coerenti con le caratteristiche e i requisiti della posizione.


Il percorso di selezione prevede:

* Valutazione del curriculum vitae
* Primo colloquio conoscitivo (anche in modalità remota) con HR e People Manager
* Valutazione delle competenze chiave e dell’allineamento al modello aziendale
* Secondo colloquio (anche in modalità remota) con HR e Business Line

***INSIEME OLTRE OGNI DISTANZA: Entrare in Q8 significa collegare persone, territori e bisogni, contribuendo a una mobilità responsabile in un contesto che valorizza persone, innovazione e responsabilità!***","Energy And Utilities","https://it.indeed.com/cmp/Q8","https://d2q79iu7y748jz.cloudfront.net/s/_squarelogo/256x256/c16605996226acdd621440b700e359da","https://www.q8.dk/","Arne Jacobsens Allé 17, 2300 København S","1,001 to 5,000","$1B to $5B (USD)","","","","","","","","responsabile selezione"
"in-7b3db96996103a10","indeed","https://it.indeed.com/viewjob?jk=7b3db96996103a10","https://zinrec.intervieweb.it/annunci.php?l=specialista-in-sicurezza-aziendale-e-tutela-dei-lavoratori-ruolo-rspp-142963&lang=it&d=indeed&LAC=manuelbregolin","Specialista in sicurezza aziendale e tutela dei lavoratori (ruolo RSPP)","NETwk","Rocca Priora, LAZ, IT","2026-07-28","","","","","","",False,"","","","","Siamo un'azienda italiana operante nella ricerca e selezione del personale che si occupa di soddisfare le necessità dei clienti offrendo servizi personalizzati.

  

  

**Posizione:**
--------------

Si ricerca una risorsa qualificata, dinamica e orientata alla sicurezza da inserire stabilmente nel team con incarico di Addetto alla Prevenzione e Protezione, secondo quanto previsto dal D.Lgs. 81/08\.  

  



**Attività previste:**

* Individuazione e analisi delle condizioni di rischio, anche in contesti di cantiere.
* Stesura e aggiornamento del Documento di Valutazione dei Rischi aziendale.
* Ideazione e organizzazione di percorsi formativi e informativi destinati al personale.
* Illustrazione e condivisione dei programmi di formazione con le diverse aree dell’organizzazione.
* Produzione e gestione di documentazione tecnica in materia di sicurezza sul lavoro.

**Requisiti:**
--------------

**Profilo richiesto:**

* Esperienza consolidata nell’ambito della prevenzione e protezione (RSPP).
* Conoscenza approfondita della normativa vigente in materia di sicurezza sul lavoro (D.Lgs. 81/08 e regolamenti correlati).
* Capacità di analisi dei pericoli in ambienti lavorativi differenti, inclusi cantieri.
* Buone doti comunicative e relazionali.
* Attitudine collaborativa e approccio propositivo.

**Altre informazioni:**
-----------------------

**Offerta:**

* Inserimento diretto nell’organico dell’azienda.
* Contesto lavorativo strutturato, dinamico e professionale.
* Possibilità di sviluppo delle competenze e crescita nel ruolo.

 **Nota importante:** Non si valutano candidature di figure esterne (No Partita Iva).","","https://it.indeed.com/cmp/Netwk","","","","","","","","","","","","","addetto selezione"
"li-4447145301","linkedin","https://www.linkedin.com/jobs/view/4447145301","","Addetto/a Risorse Umane junior forniture domestiche","Tuolavoro-Lazio","Rome, Latium, Italy","2026-07-31","","","","","","",False,"","","","","","","https://www.linkedin.com/company/tllazio","","","","","","","","","","","","","addetto selezione"
"li-4445757552","linkedin","https://www.linkedin.com/jobs/view/4445757552","","Junior HR Generalist per soluzioni cura persona","Tuolavoro-Lazio","Rome, Latium, Italy","2026-07-28","","","","","","",False,"","","","","","","https://www.linkedin.com/company/tllazio","","","","","","","","","","","","","HR generalist"
"li-4445751688","linkedin","https://www.linkedin.com/jobs/view/4445751688","","Junior HR generalist tecnologie ripiano notturno","Tuolavoro-Lazio","Tivoli, Latium, Italy","2026-07-28","","","","","","",False,"","","","","","","https://www.linkedin.com/company/tllazio","","","","","","","","","","","","","HR generalist"
"li-4448234239","linkedin","https://www.linkedin.com/jobs/view/4448234239","","HR Generalist per attività di assistenza alla vendita","key-absolute","Rome, Latium, Italy","","","","","","","",False,"","","","","","","https://www.linkedin.com/company/key-absolute","","","","","","","","","","","","","HR generalist"
"li-4446221368","linkedin","https://www.linkedin.com/jobs/view/4446221368","","Hr Generalist Categoria Protetta 68/99 (f/m/nb)","Randstad Italia","Rome, Latium, Italy","","","","","","","",False,"","","","","","","https://it.linkedin.com/company/randstad-italia","","","","","","","","","","","","","HR generalist"
"li-4448225619","linkedin","https://www.linkedin.com/jobs/view/4448225619","","Addetto/a Risorse Umane per distribuzione beni di consumo","Tuolavoro-Lazio","Pomezia, Latium, Italy","","","","","","","",False,"","","","","","","https://www.linkedin.com/company/tllazio","","","","","","","","","","","","","HR specialist"
"li-4445508805","linkedin","https://www.linkedin.com/jobs/view/4445508805","","HR MANAGER JUNIOR","Italian Design Institute","Rome, Latium, Italy","2026-07-31","","","","","","",False,"","","","","","","https://it.linkedin.com/company/italian-design-institute","","","","","","","","","","","","","HR manager"
"in-ecf2b94d0a54aac9","indeed","https://it.indeed.com/viewjob?jk=ecf2b94d0a54aac9","https://join-us.dgsspa.com/jobs/plm-consultant-ptc-windchill?displayed_form=true&utm_source=Indeed","PLM Consultant (PTC Windchill)","DGS S.p.A.","Roma, LAZ, IT","2026-07-31","","","","","","",False,"","","","","**Description:**
----------------


***Where talent becomes impact, innovation begins.***

 *In DGS il talento diventa impatto perché entra in progetti reali, dove competenze tecnologiche, visione di business e collaborazione si incontrano per accompagnare aziende e organizzazioni nei loro percorsi di evoluzione.*

*Siamo una* ***tech company*** *in crescita, con competenze integrate in* ***Cybersecurity, AI \& Data, Digital Engineering*** *e soluzioni per la* ***Smart Enterprise.*** *Lavoriamo per modernizzare processi, sistemi e infrastrutture, rendendoli più sicuri, evoluti e pronti a crescere.*

*Ma la tecnologia, da sola, non basta. A fare la differenza sono le persone: professionisti che collaborano su progetti complessi, condividono competenze, imparano continuamente e trasformano sfide tecnologiche e di business in soluzioni concrete.*

*Entrare in DGS significa trovare un contesto in cui crescere, contribuire e mettere a valore la propria esperienza, a ogni livello di seniority. Cerchiamo persone curiose, responsabili e orientate al risultato, capaci di lavorare insieme a team, clienti e stakeholder con ownership, collaboration, continuous learning e value creation.*

 ***Porta il tuo talento in DGS. Be part of what’s next.***

  

Per il potenziamento del nostro **Competence Center PLM,** siamo alla ricerca di un professionista con esperienza consolidata su **PTC Windchill**, con specializzazione sul modulo **Windchill MPMLink** e sui processi di **Manufacturing Process Management.** La risorsa sarà coinvolta in progetti di trasformazione digitale dell’area *Manufacturing*, operando come riferimento funzionale e tecnico nella progettazione e implementazione dei processi che collegano la definizione ingegneristica del prodotto alla pianificazione e all’esecuzione della produzione.

 **Principali responsabilità:**

  

* Analisi e modellazione dei processi Manufacturing in ambito PLM.
* Raccolta, formalizzazione e validazione dei requisiti funzionali.
* Configurazione e utilizzo avanzato di Windchill MPMLink.
* Gestione della trasformazione e riconciliazione traEngineering BOM ed Manufacturing BOM.
* Definizione di regole di trasformazione, equivalenza, propagazione e sincronizzazione eBOM–mBOM.
* Configurazione e gestione di strutture Manufacturing specifiche per plant, stabilimento o linea produttiva.
* Definizione e gestione di Process Plan, routing, sequenze, operazioni e sotto\-operazioni.
* Allocazione di parti, materiali, documenti, attrezzature e risorse alle operazioni produttive.
* Gestione di manufacturing resources, tooling, work center, capability e risorse umane o produttive.
* Definizione e pubblicazione di work instruction digitali, comprensive di contenuti documentali e rappresentazioni 2D/3D.
* Gestione della configurazione, delle varianti e delle effettività in ambito Manufacturing.
* Analisi dell’impatto delle modifiche Engineering sulle strutture e sui processi produttivi.
* Integrazione dei processi MPMLink con change management, lifecycle e release process di Windchill.
* Supporto alla definizione delle integrazioni tra Windchill e sistemi ERP, MES e applicazioni di fabbrica.
* Supporto ai test funzionali, System Integration Test e User Acceptance Test.
* Predisposizione di specifiche funzionali, documentazione di configurazione e manuali operativi.
* Formazione e affiancamento agli utenti Manufacturing Engineering.

 **Competenze tecniche richieste:**

  

* Esperienza significativa su PTC Windchill PDMLink.
* Esperienza specifica di almeno due anni su Windchill MPMLink.
* Conoscenza approfondita del BOM Transformer.
* Conoscenza del Process Plan Browser e del Manufacturing Resource Browser.
* Esperienza nella gestione di eBOM, mBOM, process plan e manufacturing resources.
* Conoscenza dei meccanismi di equivalenza, consumo, allocazione e riconciliazione tra strutture Engineering e Manufacturing.
* Esperienza nella gestione di plant, view, context, lifecycle, versioning, effectivity e configuration specification.
* Conoscenza dei processi di industrializzazione, pianificazione produttiva e gestione delle modifiche di prodotto e processo.
* Capacità di definire modelli dati, attributi, relazioni e regole operative in ambito Manufacturing.
* Conoscenza delle modalità di pubblicazione dei dati verso ERP e MES.
* Capacità di analizzare problematiche di coerenza tra BOM ingegneristiche e produttive.
* Esperienza nella redazione di documentazione funzionale e tecnica.
* Buona conoscenza della lingua inglese, scritta e parlata.

 **Competenze preferenziali:**

  

* Esperienza con Windchill 12 o versioni successive.
* Conoscenza di Windchill ESI e delle integrazioni con SAP.
* Esperienza nell’integrazione Windchill–MES.
* Conoscenza di Creo View e dei processi di visualizzazione 3D applicati alle work instruction.
* Esperienza su Windchill REST Services, customization Java e servizi di integrazione.
* Conoscenza di ThingWorx Navigate o soluzioni PTC per il Manufacturing.
* Esperienza nella migrazione di dati Manufacturing da sistemi legacy verso Windchill.
* Conoscenza di processi industriali complessi nei settori Aerospace \& Defence, Automotive, Transportation o Industrial Manufacturing.
* Esperienza in attività di assessment, solution design, configurazione e roll\-out multi\-plant.

  

Sede: **Roma** (modalità ibrida)

  

Altre informazioni

*Nel caso in cui il tuo curriculum sia valutato in linea rispetto alla posizione, organizzeremo un primo incontro per approfondire la reciproca conoscenza. Diversamente conserveremo il tuo curriculum all'interno del nostro database e sarà nostra premura ricontattarti in futuro, qualora si aprissero opportunità coerenti con il tuo percorso e le tue competenze. Il presente annuncio si rivolge ai candidati di ambo i sessi (L. 903/77\).*","","https://it.indeed.com/cmp/Dgs-S.p.a.","https://d2q79iu7y748jz.cloudfront.net/s/_squarelogo/256x256/90cf0bb3bebf7a9d700a7f19881f96c7","https://www.dgsspa.com/","","","","","","","","","","","responsabile risorse umane"
"in-22ca5e4fce7fb136","indeed","https://it.indeed.com/viewjob?jk=22ca5e4fce7fb136","https://careers.flatchr.io/vacancy/qgylqn1jjxo9me0y-responsabile-di-negozio-roma?partner=32&source=Indeed","Responsabile di Negozio - Roma","Adopt Parfums","Roma, LAZ, IT","2026-07-29","fulltime","","","","","",False,"","","","","Adopt Parfums, azienda francese e profumiere n. 1 per volume di vendite in Francia, è finalmente arrivata in Italia, pronta a democratizzare l’industria del profumo con un concetto innovativo e il suo motto: *Grandi Profumi accessibili a tutti.*


Adopt Parfums continua la sua espansione in Italia, ed è per questo che siamo alla ricerca di Responsabile di Negozio per i nostri futuri puntos vendita a **Roma, Centri Commerciali Porta di Roma i Roma Est.**

  

Un professionista delle vendite con la passione per il mondo della bellezza, unisciti a noi per condividere l'avventura di un ‘insegna in crescita’!


Missione:


* Alle dipendenze di un Direttore Regionale, sei responsabile di tutti gli aspetti del punto vendita e sei un ambasciatore del nostro marchio e dei nostri valori. La tua priorità in ogni momento: la soddisfazione dei nostri clienti.
* Siete fortemente orientati all'accoglienza, alla consulenza e alla fidelizzazione dei clienti e garantite una qualità ottimale del servizio nel negozio.
* Sviluppate le prestazioni commerciali del negozio grazie alla buona gestione degli incassi e al monitoraggio dei diversi indicatori: CA, scontrino medio, tasso di conversione, produttività oraria, obiettivi collettivi, ecc.
* Incoraggiate il vostro team nel rispetto dei valori aziendali e in una logica di sviluppo dei talenti.
* Incrementate le vendite garantendo un servizio clienti e un'immagine del negozio impeccabili.
* Assicurate la gestione amministrativa, delle risorse umane e della logistica del negozio. Garantite gli standard di qualità in termini di immagine (presentazione dei prodotti, merchandising e pulizia del negozio).
* Siete responsabili del buon funzionamento del punto vendita nel rispetto delle procedure e dell'adozione e diffusione dei valori aziendali.

  

L'ideale è avere un profilo commerciale combinato con una formazione estetica. Avete una comprovata esperienza nelle vendite e nella gestione dei team. Il vostro background vi permette di padroneggiare il monitoraggio degli indicatori commerciali, l'eccellenza del servizio clienti e la gestione della prossimità. Siete totalmente orientati al cliente, dinamici, reattivi e proattivi. Vi preoccupate di essere un esempio, comunicate in modo rispettoso ed efficace con i vostri team. Il vostro interesse per l'ambiente cosmetico è un elemento indispensabile per riuscire in questa missione.

**Parlate fluentemente l'inglese**


Volete partecipare allo sviluppo di un marchio in crescita con molteplici progetti?


Seguici su LinkedIn https://www.linkedin.com/company/adoptparfums

**Data di inizio**: metta settembre

*In Adopt Parfums promuoviamo le pari opportunità. La posizione è aperta anche a candidati appartenenti alle categorie protette, ai sensi della Legge n. 68/1999\.*","","https://it.indeed.com/cmp/Adopt-Parfums","https://d2q79iu7y748jz.cloudfront.net/s/_squarelogo/256x256/40abb2ac7dd88efad0d30be6f454f018","","","Decline to state","Decline to state","Chez Adopt Parfums, nous offrons plus qu’une gamme de produits : nous proposons une véritable aventure humaine et collective.","","","","","","","responsabile risorse umane"
"in-915c029d18116468","indeed","https://it.indeed.com/viewjob?jk=915c029d18116468","http://it.indeed.com/job/responsabile-della-consulenza-lo-sviluppo-della-leadership-915c029d18116468","Responsabile della consulenza per lo sviluppo della leadership","","Roma, LAZ, IT","2026-07-28","fulltime","","","","","",False,"","","","","**Descrizione del ruolo**

Karen Binder Executive Advisory Italia è alla ricerca di un Responsabile della Consulenza per lo Sviluppo della Leadership che si occupi di progettare programmi di leadership, fornire consulenza a clienti di alto livello e realizzare iniziative di sviluppo organizzativo a supporto della crescita aziendale a lungo termine.

**Responsabilità principali**

Gestire progetti di sviluppo della leadership.

Condurre workshop e programmi di coaching per dirigenti.

Valutare l'efficacia organizzativa.

Sviluppare raccomandazioni strategiche per i clienti.

Costruire relazioni a lungo termine con i clienti.

Preparare report e presentazioni per i dirigenti.

**Qualifiche**

Laurea triennale o magistrale in Economia Aziendale, Psicologia Organizzativa, Risorse Umane o discipline affini.

Vasta esperienza nella consulenza direzionale o nello sviluppo della leadership.

Ottime capacità di facilitazione, presentazione e gestione degli stakeholder.

Comprovata capacità di gestire contemporaneamente più incarichi di consulenza.

Retribuzione: €83\.000,00 all'anno

Benefit:

* Assistenza sanitaria integrativa
* Cellulare aziendale
* Orario flessibile
* Supporto allo sviluppo professionale

Sede di lavoro: Di persona","","https://it.indeed.comNone","","","","","","","","","","","","","responsabile risorse umane"
"li-4445877119","linkedin","https://www.linkedin.com/jobs/view/4445877119","","Cabin Crew Recruitment Day - Rome Fiumicino - 17 August 2026","Wizz Air","Fiumicino, Latium, Italy","2026-08-03","","","","","","",False,"","","","","","","https://hu.linkedin.com/company/wizzair","","","","","","","","","","","","","head hunter"
