"id","site","job_url","job_url_direct","title","company","location","date_posted","job_type","salary_source","interval","min_amount","max_amount","currency","is_remote","job_level","job_function","listing_type","emails","description","company_industry","company_url","company_logo","company_url_direct","company_addresses","company_num_employees","company_revenue","company_description","skills","experience_range","company_rating","company_reviews_count","vacancy_count","work_from_home_type","search_term"
"in-c1ef32b0b2a8b4b4","indeed","https://it.indeed.com/viewjob?jk=c1ef32b0b2a8b4b4","https://vrtx.wd501.myworkdayjobs.com/en-US/vertex_careers/job/Rome-Italy/Marketing-Associate-Director--Hemoglobinopathies---Italy_REQ-29600","Marketing Associate Director, Hemoglobinopathies - Italy","Vertex Pharmaceuticals","Roma, LAZ, IT","2026-08-17","fulltime","","","","","",True,"","","","ApplicationAssistance@vrtx.com","**Job Description**

**General Summary:**

The Marketing Associate Director is accountable for understanding the market landscape, defining and developing key business activities and tactics to support goals of the brand/portfolio, and measuring the success of those activities/tactics.


**Key Duties and Responsibilities:**

* Partners with brand/team\-lead to help shape the brand strategy, segment the market, develop messaging and launch into new segments, including label expansions
* Directs the development and implementation of strategic and tactical plans for assigned product
* Collaborates with Vertex external communications review committee to approve materials for external use with customers
* Generates and consolidates key insights across HCPs and patient stakeholders through market research, ad boards, etc.
* Develops strong partnerships with cross\-functional team to support business goals
* Ensures appropriate metrics are in place to measure impact of tactics in field
* Leads and manages agency partners to ensure on budget and timely deliverables
* Acts as an advisor or coach to mentor other members of the team

**Knowledge and Skills:**

* Direct experience with communications review committee for review of tactics
* Ability to oversee generation of insights and apply those insights to business problems/opportunities
* Strong analytical mindset to lead others to solve complex problems
* Demonstrated ability to develop strategy, make strategic recommendations, and monitor performance
* Strong working knowledge of market forecasts and relationship of business drivers to revenue
* Strong working knowledge of MS Office applications, including PPT, Excel and Word
* Experience in pharmaceutical marketing or closely related field(s) (e.g., pharmaceutical sales, ad agency, etc.)

**Education and Experience:**

* Bachelor's degree in marketing, business, or scientific degree
* Typically requires 8 years of experience or the equivalent combination of education and experience

**Flex Designation:**

Hybrid\-Eligible Or On\-Site Eligible
**Flex Eligibility Status:**

In this Hybrid\-Eligible role, you can choose to be designated as:
  

1\. **Hybrid** : work remotely up to two days per week; **or select**  

2\. **On\-Site** : work five days per week on\-site with ad hoc flexibility.


Note: The Flex status for this position is subject to Vertex’s Policy on Flex @ Vertex Program and may be changed at any time.  



  

\#LI\-Hybrid  

  



**Company Information**

Vertex is a global biotechnology company that invests in scientific innovation.


Vertex is committed to equal employment opportunity and non\-discrimination for all employees and qualified applicants without regard to a person's race, color, sex, gender identity or expression, age, religion, national origin, ancestry, ethnicity, disability, veteran status, genetic information, sexual orientation, marital status, or any characteristic protected under applicable law. Vertex is an E\-Verify Employer in the United States. Vertex will make reasonable accommodations for qualified individuals with known disabilities, in accordance with applicable law.


Any applicant requiring an accommodation in connection with the hiring process and/or to perform the essential functions of the position for which the applicant has applied should make a request to the recruiter or hiring manager, or contact Talent Acquisition at ApplicationAssistance@vrtx.com","","https://it.indeed.com/cmp/Vertex-Pharmaceuticals","https://d2q79iu7y748jz.cloudfront.net/s/_squarelogo/256x256/c3fd846d6e80591445e9606e0f5067f6","http://www.vrtx.com","Boston, MA","5,001 to 10,000","$5B to $10B (USD)","At Vertex, we invest in scientific innovation to create transformative medicines for people with serious diseases with a focus on specialty markets.","","","","","","","talent acquisition"
"in-fff10bd8d3233c9b","indeed","https://it.indeed.com/viewjob?jk=fff10bd8d3233c9b","https://jobs.smartrecruiters.com/JYSK/744000143274298-sales-assistant-21-h-terni-categorie-protette-l-68-99","Sales Assistant 21 h - Terni Categorie Protette L.68/99","JYSK","Terni, UMB, IT","2026-08-13","parttime","","","","","",False,"","","","","**Descrizione dell'azienda**  

JYSK è un retailer internazionale di arredamento per la casa con radici scandinave che rende facile arredare ogni ambiente di qualsiasi casa e giardino.


Con oltre 3\.600 negozi e online shop in 49 paesi, JYSK propone sempre grandi offerte e un servizio competente a portata di mano, indipendentemente da come i clienti scelgono di fare acquisti.


Il fondatore Lars Larsen ha aperto il suo primo negozio in Danimarca nel 1979\. Oggi, JYSK impiega 34\.000 collaboratori.

 **Descrizione del lavoro**  

Ami la vendita? Vuoi fornire il miglior servizio clienti in Italia insieme al tuo team JYSK? T piacciono i lavori dinamici e un ambiente frenetico?


Allora potresti essere la persona che stiamo cercando come Sales Assistant!

**COSA OFFRIAMO**


Avrai la possibilità di entrare a far parte di un'azienda retail che vuole essere la prima scelta dei candidati quando cercano un nuovo lavoro. Siamo un’azienda dinamica: con noi i tuoi contributi contano, sarai sempre coinvolto e il tuo sviluppo sarà una priorità. Inoltre, in qualità di ambasciatore JYSK, avrai i seguenti vantaggi:

* Opportunità di sviluppo e responsabilità – abbiamo l’obiettivo di nominare l’80% dei nostri futuri manager internamente. Scopri di più qui
* Competizioni interne tra negozi con premi interessanti
* Attività sociali e un luogo di lavoro divertente
* Bonus competitivi che premiano grandi risultati di vendita
* Un orario di lavoro flessibile
* Sconto del 20% presso le aziende del Gruppo JYSK e Lars Larsen
* Inquadramento e RAL IV livello del CCNL Commercio e Servizi pari 25\.047,40 euro lordi annui (da riproporzionare in caso di part time).

**LE TUE RESPONSABILITÀ**

* Assicurare eccellenti vendite nel negozio: offrire ai nostri clienti un servizio eccellente sempre con il sorriso!
* Garantirai che il negozio sia in ordine al 100% e ben fornito con i nostri prodotti
* Aiuterai a ricevere, disimballare e riporre la merce, sia nel magazzino che nel piano vendita quindi non hai paura del lavoro fisico
* Avrai l’opportunità crescere come referente di una o più aree del negozio


Incontra uno/a dei nostri Sales Assistant e scopri di più su di noi qui.

**IL TUO VALORE AGGIUNTO**

* Sei comunicativo/a, prendi iniziative e sai dare ai nostri clienti la migliore esperienza di acquisto che possano immaginare
* Hai un entusiasmo contagioso e ti appassiona relazionarti con i clienti
* Sei un/a buon/a collega per la tua squadra – insieme fate il possibile per ottenere grandi risultati
* Ti piace il lavoro dinamico e sei flessibile: sia nelle attività che in termini di orari di lavoro.

  

**Informazioni aggiuntive**  

La nostra ambizione è essere la prima scelta dei lavoratori all'interno del retail, ovunque sia presente JYSK nel paese. Ciò significa che ci impegniamo sempre ad essere un luogo attrattivo in cui lavorare e che i nostri colleghi apprezzino il tempo che trascorrono al lavoro. Siamo anche orgogliosi di premiare l'impegno tra i nostri colleghi.


Pertanto, quando lavori in JYSK incontrerai molte opportunità di carriera sia a livello nazionale che internazionale e godrai di grandi vantaggi per i dipendenti.


Credi che JYSK faccia per te? Scopri di più su di noi come luogo di lavoro, **visita la nostra** **career page**.


""*L'offerta di lavoro si intende rivolta ad entrambi i sessi, nel rispetto delle disposizioni delle leggi D.lgs. 903/77 e D.lgs. 125/91*"".

*Scopri come trattiamo i tuoi dati nella sezione* *Policy sulla Privacy**.*


Per aiutarci a gestire le candidature in modo equo ed efficace, utilizziamo un sistema che verifica e valuta quanto ogni candidatura sia adatta al ruolo. Il sistema analizza le tue risposte ad alcune domande di screening: le domande sono state create dal sistema e poi revisionate dal Talent Acquisition Team di JYSK. Ogni domanda e ogni risposta hanno un valore, e in base alle tue risposte il sistema ordina i candidati per darci un'idea di quanto il ruolo possa essere in linea con il tuo profilo. Questo ci permette di gestire tutte le candidature e garantire che ogni persona venga trattata in modo uguale. Il risultato del sistema indica se la tua candidatura passerà o meno alla fase successiva, ma non preoccuparti: la decisione finale è sempre presa da una persona. Se vuoi saperne di più su come trattiamo i tuoi dati personali e sui tuoi diritti, puoi consultare la nostra Privacy Policy.","","https://it.indeed.com/cmp/Jysk","https://d2q79iu7y748jz.cloudfront.net/s/_squarelogo/256x256/a1ece345739bdbb0889f8bbe72ad3519","https://www.jysk.com/","Brabrand","10,000+","Decline to state","When you grow, we grow. It’s that simple. At JYSK, we are committed to the ongoing development of our colleagues. We have locations in BC, Alberta, Saskatchewan, Manitoba, Ontario, and Quebec.","","","","","","","talent acquisition"
"in-bd1b861a377c12ef","indeed","https://it.indeed.com/viewjob?jk=bd1b861a377c12ef","https://www.lvmh.com/join-us/our-job-offers/FEND04613","Talent Acquisition Associate - Maternity Leave","Fendi","Roma, LAZ, IT","2026-08-10","fulltime","","","","","",False,"","","","","### **Position**

The Talent Acquisition Associate (Maternity Leave) will support the team in all recruitment processes at corporate level ensuring high delivery standard and qualitative candidates to Hiring Managers.
  

The position is based in Rome within the Human Resources Corporate Department and reports to the Talent Acquisition Supervisor and BP Corporate.


### **Job responsibilities**

* Analyze internal recruitment needs and engage with Hiring Managers to understand their recruitment requirements;
* Create job descriptions and post job advertisements on our website and job boards;
* Source and attract candidates using all our recruitment channels;
* Review and screen resumes and applications received;
* Conduct interviews and filter candidates to identify the best shortlist;
* Create detailed metrics for sourcing, interviews and hires;
* Build relationships with HR and Business stakeholders to deliver excellent service and results;
* Support the team in people care initiatives and act as a point of contact for employee inquiries, fostering a supportive and engaging work environment;
* Contribute to promoting diversity and inclusion within the hiring process, aligning with our commitment to sustainable and responsible talent acquisition practices.
### **Profile**

* 3 years of corporate recruiting background, including sourcing and full life cycle recruitment experience;
* Strong communication skills and ability to influence others and guide Hiring Managers;
* Precision, strong commitment and high energy;
* Project management expertise;
* Ability to deal with different deadlines, ad\-hoc requests and prioritize the different tasks;
Fluent in Italian and English.  
* 

“ *LVMH is committed to non\-discrimination and respect of each person’s singularities. We recognize and recruit all types of talent* ”.


### **Additional information**

For new joiners for this role in Italy, the annual gross salary associated with this position is EUR 26\.000


This is only the initial annual gross salary granted to this position. This figure has been determined based on objective and gender\-neutral criteria and reflects the starting salary normally applicable to the position at the time of publication of this job posting. Actual salaries may vary based on factors such as your unique blend of experience and skills, start date and our current organizational needs.


On top of legal benefits, further benefits are provided in accordance with current company policies.


This position is subject to the provisions of the collective bargaining agreement (CCNL Commercio) applicable to the role and applied by Fendi in Italy.


***FENDI***
**MAISON**
----------------------

The Fendi Maison was established by Adele and Edoardo Fendi in Rome in 1925\. The opening of the first Fendi boutique – a handbag shop and fur workshop followed. Soon winning international acclaim, Fendi emerged as a brand renowned for its elegance, craftsmanship, innovation and style.
  

Called by the legendary five Fendi sisters, the collaboration with the late Karl Lagerfeld began back in 1965 and lasted 54 years. In 1992, Silvia Venturini Fendi seconded him in the Artistic Direction; in 1994, she is given the direction of Accessories and later of Menswear.
  

In 2000, the LVMH group acquires Fendi becoming in 2001 its majority shareholder. Appointed in 2020, Kim Jones held the role of Artistic Director of Couture and Womenswear until 2024\. Since 2020, Delfina Delettrez Fendi, fourth generation of the Fendi family, is Artistic Director of Jewellery. Today Fendi is synonymous with quality, tradition, experimentation and creativity.","Retail","https://it.indeed.com/cmp/Fendi","https://d2q79iu7y748jz.cloudfront.net/s/_squarelogo/256x256/89c33ef7ca7edb79c7b9ea3307f4c91a","https://www.fendi.com","Rome","51 to 200","$5M to $25M (USD)","","","","","","","","talent acquisition"
"in-1cc82b8855510578","indeed","https://it.indeed.com/viewjob?jk=1cc82b8855510578","https://careers-idlo.icims.com/jobs/1765/job?utm_source=indeed_integration&iis=Job%20Board&iisn=Indeed&indeed-apply-token=73a2d2b2a8d6d5c0a62696875eaebd669103652d3f0c2cd5445d3e66b1592b0f","HR Recruitment Consultant","IDLO - International Development Law Organization","Roma, LAZ, IT","2026-08-10","","","","","","",False,"","","","","Overview \& Responsibilities:
**Background**
==============


IDLO is seeking an experienced Recruitment Consultant to provide specialized recruitment and HR administrative services to the recruitment effort to support implementation of the Dutch\-funded MYROLS programme in the Sahel region. The Consultant will support the end\-to\-end recruitment and selection process for assigned vacancies across IDLO's operations, ensuring the timely identification and selection of qualified talent in accordance with IDLO's recruitment policies and guidelines.

  

Reporting to the Head of HR Operations (the ""Coordinator""), the Consultant will perform the following services:

**Recruitment and Selection:**
------------------------------

* Support the end\-to\-end recruitment process for assigned vacancies, including:
* Launching vacancy announcements in IDLO's Applicant Tracking System (ATS) and on relevant recruitment platforms, as required.
* Screening applications against vacancy requirements and established selection criteria.
* Preparing longlist reports and candidate assessments for review by hiring managers.
* Supporting hiring managers in the development of shortlists.
* Conducting candidate pre\-screening interviews and coordinating technical assessments and tests, where applicable.
* Scheduling interviews and serving as a member of interview panels, as required.
* Drafting recruitment reports and maintaining complete recruitment documentation for assigned vacancies.
* Ensuring compliance with IDLO recruitment policies, procedures, and timelines throughout the selection process.

**Candidate Evaluation and Employment Offer:**
----------------------------------------------

* Conducting reference checks for shortlisted finalists.
* Preparing and issuing employment offers to selected candidates.
* Liaising with candidates throughout the recruitment process to ensure a positive candidate experience.

**Reporting and Coordination:**
-------------------------------

* Providing regular updates to the Head of HR Operations on the status of assigned recruitments.
* Reporting on the quality and diversity of candidate pools, progress of screening activities, recruitment challenges, and recommended actions.
* Participating in regular coordination meetings with HR and hiring managers.

**Deliverables**
================


The Consultant will be responsible for the timely delivery of:

* Vacancy announcement drafting and publication.
* Longlist and shortlist reports for assigned vacancies.
* Candidate screening and assessment documentation.
* Interview coordination and panel participation.
* Reference check reports.
* Recruitment reports and selection documentation.
* Employment offers and contracts for selected candidates.
* Periodic recruitment status updates.


Job Requirements:
**Education and Experience**
----------------------------

* University degree in Human Resources Management, Business Administration, Organizational Psychology, International Relations, or a related field.
* Minimum of 3\-4 years of progressively responsible experience in talent acquisition, recruitment, and human resources.
* Demonstrated experience managing full\-cycle recruitment processes in international organizations, NGOs, intergovernmental organizations, or similar multicultural environments.
* Experience using Applicant Tracking Systems (ATS) and other recruitment technologies.
* Prior professional experience and/or demonstrated knowledge of the Sahel region will be considered a distinct advantage.

**Languages**
-------------

* Excellent written and spoken **French** and **English** are required.

**Skills and Competencies**
---------------------------

* Strong interviewing, candidate assessment, and stakeholder management skills.
* Excellent organizational and planning abilities with the capacity to manage multiple vacancies simultaneously.
* Ability to work independently and deliver results within tight deadlines.
* Strong communication and interpersonal skills.
* Works well with others and actively participates. Shares information, contributes, encourages and motivates others to become involved in team activities.
* Keen sense of ethics, integrity, and commitment to IDLO’s mandate..


Terms \& Conditions:

This consultancy may be home\-based but ideally based at IDLO Headquarters in Rome. The Consultant will independently manage assigned recruitment processes and deliverables while ensuring timely and high\-quality support to hiring managers and the HR team. Throughout the assignment, the Consultant will provide regular updates to the coordinator and the specific Hiring Manager (s) on the status of assigned vacancies, including progress on candidate sourcing and screening activities, the quality and diversity of candidate pools, and any recruitment\-related challenges or risks.

  

The consultancy period, level of effort, remuneration, and payment schedule will be specified in the consultancy contract. Payments will be linked to the satisfactory completion and approval of agreed deliverables in accordance with IDLO's contractual procedures.

  

All work produced under this assignment, including reports, datasets, interview records, analytical tools, presentations, and supporting documentation, shall become the property of IDLO. The consultant shall maintain strict confidentiality regarding all information obtained during the assignment and comply with IDLO's policies on research ethics, data protection, safeguarding, and information security.

  

IDLO is an Equal Opportunity Employer. We welcome applications from qualified candidates of all backgrounds. Female candidates are strongly encouraged to apply for IDLO vacancies.  

IDLO does not tolerate sexual exploitation or abuse, any kind of harassment, including harassment of a sexual nature, or discrimination. As such, IDLO will conduct careful reference and background checks of all selected candidates as part of its selection process. **Application deadline: 30 August 2026** (23:59hrs Rome Time)","","https://it.indeed.com/cmp/Idlo---International-Development-Law-Organization","","","","","","","","","","","","","talent acquisition"
"li-4445925800","linkedin","https://www.linkedin.com/jobs/view/4445925800","","N. 1 contratto a tempo determinato per il ruolo di Risorse Umane addetto/a","Fondazione Policlinico Universitario Agostino Gemelli IRCCS","Rome, Latium, Italy","2026-08-12","","","","","","",False,"","","","","","","https://it.linkedin.com/company/fondazione-policlinico-universitario-agostino-gemelli-irccs","","","","","","","","","","","","","talent acquisition"
"li-4453052619","linkedin","https://www.linkedin.com/jobs/view/4453052619","","HR Talent Acquisition, Training & Development Specialist – Spanish Speaker","Dan John","Rome, Latium, Italy","2026-08-12","","","","","","",False,"","","","","","","https://it.linkedin.com/company/dan-john","","","","","","","","","","","","","talent acquisition"
"li-4412806129","linkedin","https://www.linkedin.com/jobs/view/4412806129","","CLIENT RECRUITMENT SPECIALIST OFF SITE","Gi Group","Rome, Latium, Italy","2026-08-12","","","","","","",False,"","","","","","","https://it.linkedin.com/company/gi-group","","","","","","","","","","","","","talent acquisition"
"in-de2ced311490a59a","indeed","https://it.indeed.com/viewjob?jk=de2ced311490a59a","https://csd.tuolavoro.com/jobs/8225435-addetto-a-risorse-umane-industria-manifatturiera","Addetto/a Risorse Umane Industria Manifatturiera","Cosma solution","Roma, LAZ, IT","2026-08-16","","","","","","",False,"","","","","Ti piacerebbe entrare a far parte di un'realtà produttiva nel settore manifatturiero a Roma, che valorizza le proprie persone e la loro crescita professionale? Ricerchiamo un/una Addetto/a Risorse Umane desideroso/a di contribuire attivamente alla gestione e allo sviluppo del personale.


Come parte integrante del team HR, ti occuperai della gestione amministrativa e operativa del personale, garantendo il corretto svolgimento delle pratiche quotidiane:  

* Gestione delle pratiche di assunzione, cessazione e trasformazione (circa 15\-20 pratiche al mese)
* Supporto all'elaborazione delle presenze e delle timbrature tramite software gestionale (es. Zucchetti Paghe Web)
* Aggiornamento anagrafiche dipendenti e archiviazione documentale digitale
* Affiancamento nelle attività di selezione e onboarding di nuove risorse in produzione
* Monitoraggio delle scadenze contrattuali e gestione dei documenti legati alla sicurezza (DPI, visite mediche)

Un percorso di crescita professionale ti attende, in un ambiente dinamico e orientato al benessere delle persone. Ti offriamo:  

* Contratto a tempo indeterminato, CCNL Metalmeccanico Industria
* Retribuzione lorda mensile indicativa: 1\.500\-1\.800 €
* Buoni pasto giornalieri
* Formazione continua sulle normative del lavoro e sui sistemi HR
* Welfare aziendale con servizi dedicati ai dipendenti

Cerchiamo persone con una forte motivazione e un approccio proattivo. I requisiti che valutiamo sono:  

* Diploma di scuola superiore
* Adatto anche a profili junior
* Conoscenza base delle normative sul lavoro e del CCNL Metalmeccanico
* Familiarità con i principali software Office e gestionali HR
* Ottime capacità organizzative, riservatezza e precisione
* Disponibilità all'possibilità di inizio immediato

Orario di lavoro full\-time dal lunedì al venerdì.  

Sede di lavoro: Roma","","https://it.indeed.com/cmp/Cosma-Solution","","","","","","","","","","","","","recruiter"
"in-70ae470a9bb9b369","indeed","https://it.indeed.com/viewjob?jk=70ae470a9bb9b369","http://telefonoazzurro.altamiraweb.com/Annunci/Dettaglio-Annuncio?JobID=203335166&EJBID=16&referer=http%3a%2f%2fwww.indeed.com","Human Resources and Organisation","SOS Il Telefono Azzurro ETS","Roma, LAZ, IT","2026-08-16","","","","","","",False,"","","","","TELEFONO AZZURRO
  
  

Human Resources and Organisation
  
  

MISSION
  
  

The organisational unit Human Resources and Organisation, in line with the policies and directives of the Presidency, operates in order to obtain the maximum contribution of co\-workers to achieve the objectives of the Association.
  
  

With this objective, he/she looks for the consensus of all the members of the Association, enabling co\-workers satisfaction, a positive social atmosphere and a participatory management style, aimed at the professional growth of colleagues, and therefore of the Association’s system.
  
  

AIM
  
  

**For this purpose:**  

It manages, in line with the policies of the Association, the Human Resources and the Organisational Development.
  
  

Looks after the growth and development of a corporate culture in line with co\-workers potential and skills.
  
  

Ensures the effective management of employees through the planning, design and application of the criteria, systems and tools considered more efficient and effective in the field of: recruitment, administration, evaluation, training and development.
  
  

Ensures the management of employment disputes (investigations, relations with external law firms, etc.)
  
  

Manages, in line with the Association’s policies and values, the Privacy process implementing the necessary improvements.
  
  

Suggests the formulation of organisational solutions suitable for the adaptation of structures and function models of the organisational units to the objectives and strategies of the Association.
  
  

STAFF AND ORGANISATION
  
  

Drafting of policy proposals on planning, management, remuneration and development of the Association’s staff.
  
  

Definition of standards, procedures and methodologies for the management and development of personnel.
  
  

Definition of needs and programmes in the field of recruitment, selection, mobility, training, evaluation and development of personnel and the organisation of related initiatives.
  
  

Drafting proposals on remuneration and reward system and formulation of salary plans.
  
  

Management of individual working relationships.
  
  

Realisation of organisational analyses as well as analysis and evaluation of working positions.
  
  

Definition and proposals of organisational structures, roles and responsibilities.
  
  

Please upload CV and presentation letter in English (an excellent knowledge of written and spoken English B2\-C1 level is required).
  
  

An experience of at least three years in the indicated areas and a strong motivation to work in the non\-profit sector is also required.
  
  

**Workplace:** Rome,Milan","","https://it.indeed.com/cmp/Sos-Il-Telefono-Azzurro-Ets","","","","","","","","","","","","","recruiter"
"in-50b5873ef61dce85","indeed","https://it.indeed.com/viewjob?jk=50b5873ef61dce85","https://salus.tuolavoro.com/jobs/8225233-addetto-a-risorse-umane-per-commercio-al-dettaglio","Addetto/a Risorse Umane per commercio al dettaglio","CAM","Aprilia, LAZ, IT","2026-08-15","fulltime","","","","","",False,"","","","","Nel settore della distribuzione retail, ricerchiamo un/una Addetto/a Risorse Umane da inserire nel nostro ufficio del personale. Supporterai il team HR nelle attività amministrative e operative, garantendo un'organizzazione efficiente della gestione del personale.
  
  

**Attività previste:**  

Gestione delle pratiche amministrative relative ad assunzioni, proroghe e cessazioni
  
Screening dei curriculum e supporto operativo nelle fasi di selezione e colloqui conoscitivi
  
Monitoraggio delle presenze e delle assenze tramite sistemi digitali aziendali
  
Aggiornamento e archiviazione della documentazione personale e contrattuale
  
Supporto nella predisposizione dei dati per l'elaborazione dei cedolini
  
Coordinamento con i responsabili di area per identificare le esigenze di inserimento
  
Organizzazione delle attività di onboarding e primo orientamento dei nuovi dipendenti
  
  

**Requisiti:**  

Diploma di scuola secondaria di secondo grado
  
Buone capacità organizzative, comunicative e relazionali
  
Competenze informatiche di base (Excel, Word, Outlook)
  
Precisione, riservatezza e attitudine al lavoro in team
  
Anche senza esperienza pregressa valutiamo candidati motivati e disponibili all'apprendimento
  
  

**Offerta e benefit:**  

Contratto a tempo determinato di 6 mesi con possibile proroga
  
Retribuzione 1\.450–1\.750 € lordi mensili
  
Orario full\-time dal lunedì al venerdì (09:00–13:00 / 14:00–18:00\)
  
Buoni pasto
  
Affiancamento operativo e formazione continua sulle procedure HR
  
Formazione continua nel settore
  
  

Disponibilità immediata.
  
  

**Sede di lavoro:** Aprilia","","https://it.indeed.com/cmp/Cam","","","","","","","","","","","","","recruiter"
"in-93fb97830a7279f4","indeed","https://it.indeed.com/viewjob?jk=93fb97830a7279f4","https://next.tuolavoro.com/jobs/8221089-addetto-a-risorse-umane-per-consulenza-alle-imprese","Addetto/a risorse umane per consulenza alle imprese","Novati","Terni, UMB, IT","2026-08-14","fulltime","","","","","",False,"","","","","Ti occuperai della gestione operativa del personale e del supporto alle pratiche amministrative HR all'interno di uno studio di consulenza e servizi alle imprese con clientela diffusa sul territorio umbro. Lavorerai a stretto contatto con i consulenti del lavoro e i responsabili di area per garantire fluidità nei processi di gestione del personale.


Avrai modo di crescere su più fronti: dalla predisposizione delle pratiche assunzionali al controllo delle presenze, fino all'aggiornamento dei database interni. Ti affiancheremo passo dopo passo, anche se arrivi da una prima esperienza.


Offerta e benefit:  

* contratto a tempo indeterminato dopo periodo iniziale
* retribuzione tra 1\.400 e 1\.600 € lordi mensili (CCNL commercio e servizi)
* Buoni pasto
* Formazione continua
* affiancamento diretto durante le prime settimane
* orario full\-time dal lunedì al venerdì

Requisiti:  

* diploma di scuola superiore (maturità o qualifica professionale)
* buona dimestichezza con Excel e strumenti digitali
* precisione e riservatezza nella gestione dei dati
* attitudine al lavoro in team e ai rapporti interpersonali
* anche senza esperienza pregressa nel ruolo

Inserimento previsto a breve.


Sede di lavoro: Terni","","https://it.indeed.com/cmp/Novati","","","","","","","","","","","","","recruiter"
"in-7c3b922c6517fd42","indeed","https://it.indeed.com/viewjob?jk=7c3b922c6517fd42","https://atla.tuolavoro.com/jobs/8220463-responsabile-amm-e-hr-sistemi-medici","Responsabile Amm. e HR - Sistemi Medici","Ablio","Latina, LAZ, IT","2026-08-14","fulltime","","","","","",False,"","","","","Azienda attiva nel settore dei sistemi medici è alla ricerca di un Responsabile amministrativo e Risorse Umane per ampliare il team. Il ruolo comporta la gestione e il coordinamento delle attività amministrative e del personale, fornendo supporto nelle procedure contabili e garantendo il corretto adempimento degli obblighi normativi. Inoltre, si occupa della gestione della documentazione relativa alle risorse umane, partecipa alla definizione delle politiche aziendali e supporta il team nella risoluzione di questioni legate al personale.


Attività Previste:

* Gestione della contabilità aziendale
* Gestione delle pratiche amministrative
* Organizzazione delle attività HR
* Reclutamento e selezione del personale
* Gestione delle relazioni sindacali


Requisti:

* Conoscenza delle normative fiscali e del lavoro
* Eccellenti capacità organizzative
* Ottime competenze comunicative
* Esperienza nella gestione del personale
* Attitudine al problem solving


Offerta

* Inquadramento iniziale con contratto a tempo determinato full time
* Valutazione di profili con breve o prima esperienza lavorativa
* Sviluppo delle competenze attraverso attività operative quotidiane
* Lavoro organizzato in collaborazione con il team interno
* Inserimento accessibile a profili in fase di primo inserimento lavorativo","","https://it.indeed.com/cmp/Ablio","","","","","","","","","","","","","recruiter"
"in-1e7dd589dfdcf4b2","indeed","https://it.indeed.com/viewjob?jk=1e7dd589dfdcf4b2","https://atla.tuolavoro.com/jobs/8220467-responsabile-hr-relazioni-clienti","Responsabile HR relazioni clienti","Ablio","Roma, LAZ, IT","2026-08-14","fulltime","","","","","",False,"","","","","L'assistenza clienti ricerca una figura di Responsabile delle risorse umane per supportare la gestione delle risorse aziendali.


Attività Previste:

* Sviluppare e gestire relazioni con i clienti
* Coordinare e supervisionare il team HR dedicato ai clienti
* Fornire consulenza e supporto strategico alle aziende clienti
* Gestire le attività di recruiting e selezione del personale per i clienti
* Monitorare e valutare la soddisfazione dei clienti
* Gestire i processi di risoluzione delle problematiche dei clienti


Requisiti:

* Ottima capacità di comunicazione e relazione interpersonale
* Competenza nel settore HR e conoscenza delle best practices
* Capacità organizzative e gestionali
* Orientamento al cliente e problem\-solving
* Capacità di lavorare in team e sotto pressione
* Proattività e flessibilità nell'affrontare nuove sfide


Offerta

* La posizione prevede un contratto a termine con impegno full time
* L’esperienza pregressa non è considerata un requisito indispensabile
* Opportunità rivolta a candidati in uscita da percorsi scolastici
* Presenza di un riferimento interno per le attività assegnate
* Lavoro organizzato in collaborazione con il team interno","","https://it.indeed.com/cmp/Ablio","","","","","","","","","","","","","recruiter"
"in-fb555ea3e317cf22","indeed","https://it.indeed.com/viewjob?jk=fb555ea3e317cf22","https://mobile.tuolavoro.com/jobs/8220446-addetto-a-ricerca-e-selezione-tecnologie-per-il-recupero-fisico","Addetto/a Ricerca e Selezione Tecnologie per il Recupero Fisico","Mobile 1","Anzio, LAZ, IT","2026-08-14","fulltime","","","","","",False,"","","","","Un'azienda nel settore delle tecnologie per il recupero fisico sta cercando personale operativo per svolgere il ruolo di Addetto/a ricerca e selezione. Le attività principali sono legate alla gestione delle fasi di ricerca e selezione del personale.


Attività Previste:

* Sviluppare strategie di ricerca e selezione di tecnologie per il recupero fisico
* Identificare soluzioni tecnologiche innovative per il miglioramento delle prestazioni fisiche
* Valutare e implementare nuove tecnologie nel settore del recupero fisico
* Monitorare costantemente il mercato per individuare tendenze e opportunità nel campo delle tecnologie per il recupero fisico


Requisiti:

* Conoscenza approfondita delle tecnologie utilizzate nel recupero fisico
* Capacità di valutare e selezionare le soluzioni tecnologiche più adatte alle esigenze del settore
* Competenze analitiche per valutare l'efficacia delle tecnologie implementate
* Orientamento all'innovazione e alla costante ricerca di soluzioni tecnologiche avanzate


Offerta

* Assunzione con contratto a termine e orario pieno
* Lavoro organizzato in collaborazione con il team interno","","https://it.indeed.com/cmp/Mobile-1","","","","","","","","","","","","","recruiter"
"in-75aac01000ea53fe","indeed","https://it.indeed.com/viewjob?jk=75aac01000ea53fe","https://hjt.tuolavoro.com/jobs/8220366-hr-nel-campo-della-consulenza-professionale","HR nel campo della consulenza professionale","magazzino","Rieti, LAZ, IT","2026-08-14","fulltime","","","","","",False,"","","","","Il nostro studio associato, attivo nel campo della consulenza e dei servizi professionali, ricerca personale specializzato nel settore Risorse Umane \- HR per gestire la documentazione aziendale.


Attività Previste:

* Gestione del processo di recruiting
* Valutazione dei profili candidati
* Sviluppo e implementazione di politiche HR
* Formazione e sviluppo del personale
* Gestione delle relazioni sindacali
* Supporto nella gestione delle performance
* Assistenza nella gestione dei conflitti


Requisiti:

* Eccellenti capacità comunicative
* Conoscenza delle normative sul lavoro
* Capacità di lavoro in team
* Proattività nell'individuare soluzioni
* Forti competenze analitiche
* Orientamento al cliente interno
* Discrezionalità e riservatezza


Offerta

* Offerta con contratto di apprendistato su orario full time
* L’esperienza pregressa non è considerata un requisito indispensabile
* Valutazione aperta a candidati con diploma recente","","https://it.indeed.com/cmp/Magazzino-1","","","","","","","","","","","","","recruiter"
"in-68397f41e6269478","indeed","https://it.indeed.com/viewjob?jk=68397f41e6269478","https://atla.tuolavoro.com/jobs/8220369-hr-officer-per-soluzioni-di-filtrazione-acqua-potabile","HR Officer per soluzioni di filtrazione acqua potabile","Ablio","Roma, LAZ, IT","2026-08-14","fulltime","","","","","",False,"","","","","Azienda attiva nel settore delle soluzioni per la filtrazione dell'acqua potabile cerca un HR Officer per gestire le attività relative alla gestione del personale


Attività Previste:

* Collaborare con la direzione aziendale nella definizione delle politiche HR
* Gestire il processo di selezione e assunzione del personale
* Pianificare e condurre attività di formazione e sviluppo del personale
* Gestire i processi di valutazione delle prestazioni
* Gestire le relazioni sindacali e gestire eventuali controversie
* Assistere i dipendenti nelle questioni legate alla gestione del personale
* Assicurare la conformità legislativa sul lavoro e sull'occupazione


Requisiti:

* Eccellenti capacità di comunicazione e relazionali
* Ottime competenze organizzative e di problem solving
* Conoscenza della normativa del lavoro e dei processi di selezione del personale
* Capacità di lavorare in team e gestire le relazioni interpersonali
* Proattività e capacità di gestione dei conflitti
* Attitudine al problem solving e orientamento ai risultati
* Conoscenza dei principali strumenti informatici per la gestione delle risorse umane
* Etica professionale e riservatezza


Offerta

* Inserimento con formula full time e contratto a termine
* Ambiente dinamico con attività integrate tra reparti
* Attività svolte secondo procedure operative condivise
* Inserimento aperto anche a candidati senza esperienza
* Graduale acquisizione delle competenze attraverso esperienza diretta
* Supporto operativo costante durante lo svolgimento delle mansioni","","https://it.indeed.com/cmp/Ablio","","","","","","","","","","","","","recruiter"
"in-6037dcf557a4e7f5","indeed","https://it.indeed.com/viewjob?jk=6037dcf557a4e7f5","https://speed.tuolavoro.com/jobs/8219925-addetto-a-risorse-umane-junior","Addetto/a risorse umane junior","LifeEnergy","Roma, LAZ, IT","2026-08-14","fulltime","","","","","",False,"","","","","Profilo dinamico e preciso ricercato per attività di gestione documentale e supporto operativo nell'ambito delle risorse umane. La figura si inserisce in uno studio di consulenza che opera nel settore dei servizi alle imprese, con focus su processi amministrativi legati al personale e alla selezione di nuovi collaboratori.


Attività previste  

* supporto alla gestione presenze, ferie e permessi tramite software dedicato
* archiviazione e aggiornamento delle pratiche del personale
* screening iniziale delle candidature e contatto con i candidati
* fissazione colloqui e supporto durante le fasi di recruiting
* preparazione della documentazione contrattuale e report periodici
* affiancamento nelle attività di onboarding delle nuove risorse

Requisiti richiesti  

* diploma di maturità
* buona conoscenza del pacchetto Office e strumenti digitali base
* precisione, riservatezza e capacità organizzative
* attitudine al lavoro in team e buone doti comunicative
* interesse per il settore HR e disponibilità a imparare
* disponibilità immediata

Offerta e benefit  

Retribuzione lorda mensile indicativa: 1500\-1750 €  

contratto a tempo determinato 6 mesi finalizzato a tempo indeterminato  

tempo pieno full\-time  

dal lunedì al venerdì  

Formazione continua  

Buoni pasto  

Welfare aziendale  

Bonus su obiettivi  

Sede di lavoro: Roma","","https://it.indeed.com/cmp/Lifeenergy","","","","","","","","","","","","","recruiter"
"in-474d520ad23e9440","indeed","https://it.indeed.com/viewjob?jk=474d520ad23e9440","https://speed.tuolavoro.com/jobs/8219962-addetto-a-alla-selezione-e-sviluppo-risorse-umane","Addetto/a alla selezione e sviluppo risorse umane","LifeEnergy","Roma, LAZ, IT","2026-08-14","fulltime","","","","","",False,"","","","","Impresa commerciale in crescita nel settore della distribuzione di articoli per la casa e la persona seleziona un/una impiegato/a per l’ufficio risorse umane.


La figura si occuperà della gestione amministrativa e organizzativa del personale, con attività di aggiornamento delle anagrafiche, predisposizione di contratti e proroghe, gestione delle assenze e supporto al calendario formativo interno.


Il ruolo prevede un contatto diretto con i reparti aziendali, garantendo precisione e supporto costante alle funzioni HR e contribuendo all’efficienza dei processi organizzativi.


Requisiti richiesti:

* Diploma e/o laurea in ambito umanistico o amministrativo
* Ottima capacità organizzativa e attenzione al dettaglio
* Buone competenze relazionali e comunicative
* Padronanza degli strumenti informatici di base


Offerta:

* Contratto a tempo determinato, con possibilità di proroga
* Orario full time dal lunedì al venerdì (40 ore settimanali)
* Inserimento con formazione retribuita e supporto operativo


Retribuzione 1400\-1600 € lordi mensili","","https://it.indeed.com/cmp/Lifeenergy","","","","","","","","","","","","","recruiter"
"in-b16e7a1ba2b36b97","indeed","https://it.indeed.com/viewjob?jk=b16e7a1ba2b36b97","https://salus.tuolavoro.com/jobs/8218840-addetto-a-del-personale-settore-energia","Addetto/a del personale settore energia","CAM","Aprilia, LAZ, IT","2026-08-13","fulltime","","","","","",False,"","","","","Un percorso chiaro, formazione concreta e spazio per crescere. Entrerai in un ufficio risorse umane che supporta attività legate a energia e utilities, con lavoro organizzato e contatto quotidiano con personale interno e referenti di funzione.


Avrai un ruolo operativo, ma mai ripetitivo. Ti occuperai di presenze, documenti e inserimenti, lavorando con procedure definite e con un affiancamento iniziale pensato per renderti autonomo/a in tempi rapidi; l’inserimento previsto a breve aiuterà il team in una fase di normale intensificazione delle attività.


Attività principali:  

* rilevazione presenze e assenze su Zucchetti, con verifica settimanale di ferie, permessi e malattie
* predisposizione di lettere di assunzione, proroghe e documenti di onboarding per nuovi ingressi
* aggiornamento anagrafiche dipendenti e fascicoli digitali nei sistemi interni
* supporto alla selezione con convocazioni, primo contatto candidati e gestione agenda colloqui
* monitoraggio delle scadenze formative e produzione di report HR mensili

Requisiti richiesti:  

* diploma quinquennale
* valutiamo anche candidati alla prima esperienza
* buon uso di Excel, Word e posta elettronica
* precisione, riservatezza e attenzione ai dettagli
* buone capacità organizzative e rapporto sereno con colleghi e referenti interni

Offerta e benefit:  

* inserimento con tempo determinato di 6 mesi
* tempo pieno dal lunedì al venerdì
* retribuzione lorda mensile indicativa: 1\.400\-1\.650 €
* Formazione continua
* Welfare aziendale
* Computer aziendale

Sede di lavoro: Aprilia","","https://it.indeed.com/cmp/Cam","","","","","","","","","","","","","recruiter"
"in-48d2922dfbe1e463","indeed","https://it.indeed.com/viewjob?jk=48d2922dfbe1e463","https://air.tuolavoro.com/jobs/8218598-addetto-a-risorse-umane-per-catena-retail","Addetto/a risorse umane per catena retail","AIR","Roma, LAZ, IT","2026-08-13","fulltime","","","","","",False,"","","","","Catena di vendita al dettaglio con oltre 15 punti vendita a Roma e provincia ricerca un/a addetto/a da inserire nel team Risorse Umane a supporto della gestione del personale. Inserimento previsto a settembre.
  
  

**Attività previste:**  

aggiornamento anagrafiche e dati del personale sui gestionali aziendali (Zucchetti HR)
  
rilevazione presenze, gestione ferie e permessi con verifica mensile dei cartellini
  
supporto alle pratiche per paghe e contributi con invio documentazione allo studio paghe esterno
  
pubblicazione annunci di selezione e prima scrematura dei curricula ricevuti
  
  

**Requisiti:**  

diploma di scuola secondaria superiore
  
esperienza non richiesta, valutiamo anche candidati alla prima esperienza
  
buona padronanza del pacchetto Office e familiarità con software HR
  
precisione, riservatezza e attitudine al lavoro in team
  
  

**Offerta e benefit:**  

contratto a tempo determinato 12 mesi finalizzato a indeterminato, tempo pieno
  
Retribuzione 1\.450\-1\.650 € lordi mensili
  
Buoni pasto
  
Formazione continua
  
Welfare aziendale
  
  

**Sede di lavoro:** Roma est","","https://it.indeed.com/cmp/Air","","","","","","","","","","","","","recruiter"
"in-c69ca462c6b112cc","indeed","https://it.indeed.com/viewjob?jk=c69ca462c6b112cc","https://next.tuolavoro.com/jobs/8216513-addetto-a-risorse-umane-per-rete-distributiva","Addetto/a risorse umane per rete distributiva","Novati","Terni, UMB, IT","2026-08-13","","","","","","",False,"","","","","La distribuzione di beni di consumo sta gestendo un aumento dei flussi estivi e necessita di supporto concreto nell'area personale. Ti offriamo l'opportunità di entrare in un team HR dove seguirai processi operativi legati al personale di magazzino e punti vendita. Lavorerai a contatto con i responsabili di area per coordinare selezioni, aggiornare anagrafiche e monitorare presenze tramite software aziendale.  

Offerta e benefit:  

* Retribuzione lorda mensile indicativa: 1400\-1750 €
* Buoni pasto
* Formazione continua
* tempo determinato con inserimento immediato


Requisiti:  

* diploma di scuola superiore
* dimestichezza con Office e fogli di calcolo
* precisione nel gestire scadenze e dati sensibili
* disponibilità a spostamenti brevi in zona
* esperienza non richiesta


Sede di lavoro: Terni","","https://it.indeed.com/cmp/Novati","","","","","","","","","","","","","recruiter"
"in-eac8126a06ca704f","indeed","https://it.indeed.com/viewjob?jk=eac8126a06ca704f","https://next.tuolavoro.com/jobs/8215921-addetto-a-selezione-personale-junior-settore-commercio-all-ingrosso","Addetto/a selezione personale junior settore commercio all'ingrosso","Novati","Terni, UMB, IT","2026-08-13","","","","","","",False,"","","","","A seguito di un ampliamento delle attività commerciali su scala provinciale ricerchiamo un/una Addetto/a selezione personale per la funzione HR di un'azienda che opera nella vendita all'ingrosso di prodotti per il canale horeca e distribuzione. La risorsa gestirà il processo di recruiting per ruoli operativi e amministrativi, occupandosi del primo contatto con i candidati e del loro inserimento operativo.


Mansioni principali:  

* pubblicazione e gestione annunci su portali e canali social
* screening curriculum e primo contatto telefonico con i candidati
* pianificazione e organizzazione dei colloqui con i responsabili di reparto
* gestione database candidati e aggiornamento pipeline su gestionale interno
* supporto operativo all'onboarding e verifica documentazione contrattuale

Offerta e benefit:  

* contratto a tempo determinato 12 mesi finalizzato a indeterminato
* Retribuzione lorda mensile indicativa: 1\.500\-1\.800 €
* Buoni pasto
* Formazione continua
* Orario flessibile

Requisiti:  

* diploma di scuola superiore o qualifica professionale
* aperto anche a chi è alla prima esperienza
* buona padronanza degli strumenti digitali e di pacchetto Office
* capacità comunicative e predisposizione al contatto diretto con le persone
* precisione nella gestione dei dati e riservatezza

Ti offriamo un percorso operativo con affiancamento del responsabile HR e la possibilità di gestire autonomamente il ciclo di selezione per diverse posizioni. Possibilità di inizio immediato. Lavorerai in un contesto B2B orientato alla distribuzione all'ingrosso con rapporti continuativi con clienti del settore ristorazione.","","https://it.indeed.com/cmp/Novati","","","","","","","","","","","","","recruiter"
"in-828c2dcc662510bb","indeed","https://it.indeed.com/viewjob?jk=828c2dcc662510bb","https://zinrec.intervieweb.it/annunci.php?l=selezione-personale-per-igiene-e-decoro-gdo-area-commerciale-145623&lang=it&d=indeed&LAC=manuelbregolin","Selezione Personale per Igiene e Decoro GDO – Area Commerciale","NETwk","Roma, LAZ, IT","2026-08-12","","","","","","",False,"","","","","Siamo un'azienda italiana operante nella ricerca e selezione del personale che si occupa di soddisfare le necessità dei clienti offrendo servizi personalizzati.

  

  

**Posizione:**
--------------

Azienda operante nel comparto del cleaning seleziona nuove figure professionali da inserire nel proprio organico per la copertura di una commessa sul territorio.

**Requisiti:**
--------------

Prerequisiti essenziali:

  

* Comprovata idoneità e pregressa pratica nelle mansioni di igienizzazione locali.
* Flessibilità a operare su turni pianificati e fasce orarie variabili.
* Disponibilità di un veicolo privato per raggiungere agevolmente il posto di lavoro.
* Dimora stabile o domicilio nelle vicinanze della zona d'impiego.

**Altre informazioni:**
-----------------------

Trattamento proposto:

  

* Assunzione contrattualizzata in pieno accordo con le normative vigenti.","","https://it.indeed.com/cmp/Netwk","","","","","","","","","","","","","recruiter"
"in-4d13efd401a46c42","indeed","https://it.indeed.com/viewjob?jk=4d13efd401a46c42","https://csd.tuolavoro.com/jobs/8210668-addetto-a-risorse-umane-per-servizi-di-consulenza","Addetto/a Risorse Umane per servizi di consulenza","Cosma solution","Sacrofano, LAZ, IT","2026-08-12","fulltime","","","","","",False,"","","","","Studio di consulenza specializzato in servizi per le imprese cerca un Addetto/a Risorse Umane per supportare il team HR nelle attività quotidiane. Ti occuperai della gestione amministrativa del personale, della pubblicazione degli annunci di lavoro e del supporto nelle attività di recruiting.

* Gestione delle pratiche amministrative del personale
* Pubblicazione e aggiornamento degli annunci di lavoro
* Supporto nelle attività di recruiting e selezione del personale
* Gestione delle presenze e delle ferie
* Collaborazione con il team HR per la formazione e lo sviluppo del personale


Offerta e benefit:  

* Retribuzione 1\.500\-1\.800 € lordi mensili (CCNL Servizi)
* Contratto a tempo determinato
* Orario full\-time, dal lunedì al venerdì
* Buoni pasto
* Formazione continua

Requisiti:  

* Diploma di scuola superiore
* Conoscenza dei principali strumenti informatici
* Capacità organizzative e di gestione del tempo
* Orientamento al lavoro di squadra
* Disponibilità immediata

Orario full\-time.


Sede di lavoro: Sacrofano","","https://it.indeed.com/cmp/Cosma-Solution","","","","","","","","","","","","","recruiter"
"in-1c97b415adc8b91b","indeed","https://it.indeed.com/viewjob?jk=1c97b415adc8b91b","https://csd.tuolavoro.com/jobs/8203021-addetto-a-risorse-umane-per-officina-automotive","Addetto/a Risorse Umane per officina automotive","Cosma solution","Sacrofano, LAZ, IT","2026-08-11","","","","","","",False,"","","","","Per ampliamento del team HR, ricerchiamo un/una Impiegato/a HR da inserire in un contesto produttivo del settore automotive. La figura supporterà le attività amministrative del personale e il coordinamento operativo con le officine e le linee di assemblaggio.


Mansioni:  

* gestione documentazione assunzioni, proroghe e cessazioni e inserimento dati nel gestionale HR
* gestione presenze e chiusura cartellini, supporto riconciliazioni mensili
* preparazione documentazione per studio paghe e invio report periodici
* supporto nelle attività di onboarding e formazione del personale di officina

Requisiti:  

* diploma di scuola superiore
* buona conoscenza pacchetto Office, in particolare Excel
* precisione, riservatezza e attitudine organizzativa
* disponibilità ad inserimento previsto a settembre

Offerta e benefit:  

* Retribuzione lorda mensile indicativa: 1\.500\-1\.800 €
* Formazione continua
* Computer aziendale

Contratto a tempo determinato 6 mesi con possibile proroga.  

Sede di lavoro: Sacrofano","","https://it.indeed.com/cmp/Cosma-Solution","","","","","","","","","","","","","recruiter"
"in-966bef8cbe21bce1","indeed","https://it.indeed.com/viewjob?jk=966bef8cbe21bce1","https://mobile.tuolavoro.com/jobs/8202898-addetto-a-selezione-risorse-umane-tecnologie-filtrazione-acqua","Addetto/a Selezione Risorse Umane Tecnologie Filtrazione Acqua","Mobile 1","Cisterna di Latina, LAZ, IT","2026-08-11","fulltime","","","","","",False,"","","","","Azienda operante nel settore delle tecnologie per la filtrazione e qualità dell'acqua cerca un Addetto/a HR per gestire le attività legate alla selezione e al supporto nello sviluppo delle risorse umane.


Attività Previste:

* Selezione del personale per posizioni aziendali
* Gestione dei processi di reclutamento e selezione
* Valutazione dei profili candidati
* Coordinamento di colloqui e assessments
* Mantenimento database dei candidati e relativa documentazione
* Implementazione di strategie di employer branding


Requisiti:

* Conoscenza delle tecniche di selezione del personale
* Ottima capacità di comunicazione e relazionali
* Orientamento al risultato e al problem solving
* Precisione e affidabilità nell'attività di recruiting
* Capacità di lavorare in team e autonomia nell'organizzazione del lavoro


Offerta

* Tipologia contrattuale: tempo determinato, orario full time
* Contesto adatto a profili in fase di avvio professionale
* Posizione adatta a chi ha da poco concluso il percorso di studi
* Opportunità per candidati motivati ad apprendere un’attività
* Ambiente di lavoro condiviso e orientato al supporto reciproco","","https://it.indeed.com/cmp/Mobile-1","","","","","","","","","","","","","recruiter"
"in-0bc780f15383f486","indeed","https://it.indeed.com/viewjob?jk=0bc780f15383f486","https://jobs.fao.org/careersection/fao_external/jobdetail.ftl?job=2601712&tz=GMT-05%3A00&tzname=America%2FChicago","Human Resources Support/Specialist (Talent Management)","Food and Agriculture Organization of the United Nations","Roma, LAZ, IT","2026-08-10","internship","","","","","",False,"","","","","Job Posting: 10/Aug/2026
Closure Date: 24/Aug/2026, 4:59:00 PM
Organizational Unit: CSH \- Human Resources
Job Type: Non\-staff opportunities
Type of Requisition: Consultant / PSA (Personal Services Agreement)
Grade Level: N/A
Primary Location: Italy\-Rome
Duration: Up to 11 months (with possibility of renewal)
Post Number: N/A
IMPORTANT NOTICE: Please note that Closure Date and Time displayed above are based on date and time settings of your personal device  

* FAO is committed to achieving workforce diversity in terms of gender, nationality, background and culture.
* Qualified female applicants, qualified nationals of non\-and under\-represented Members and person with disabilities are encouraged to apply;
* Everyone who works for FAO is required to adhere to the highest standards of integrity and professional conduct, and to uphold FAO's values
* FAO, as a Specialized Agency of the United Nations, has a zero\-tolerance policy for conduct that is incompatible with its status, objectives and mandate, including sexual exploitation and abuse, sexual harassment, abuse of authority and discrimination
* All selected candidates will undergo rigorous reference and background checks
* All applications will be treated with the strictest confidentiality

*FAO’s commitment to environmental sustainability is integral to our strategic objectives and operations.* **Organizational Setting**

  

The Food and Agriculture Organization of the United Nations (FAO) contributes to the achievement of the 2030 Agenda through the FAO Strategic Framework by supporting the transformation to MORE efficient, inclusive, resilient and sustainable agrifood systems, for better production, better nutrition, a better environment, and a better life, leaving no one behind.


FAO's commitment to environmental sustainability is integral to our strategic objectives and operations.


The Human Resources Division at the Food and Agriculture Organization (FAO) serves as an enabler of FAO's strategic objectives by fostering a dynamic, inclusive, and high\-performing organizational culture. Our mission is to empower managers, leaders, staff and the affiliate workforce through strategic talent management practices, ensuring alignment with FAO's goals and values. In this context, the Division provides effective administrative function and serves as a strategic partner that delivers innovative, integrated, and forward\-looking HR solutions.


FAO's Human Resources Division (CSH) provides human resources (HR) strategies, policies, guidance, and oversight to FAO offices worldwide to ensure that the Organization attracts, develops, and retains a diverse, skilled, and highly motivated workforce capable of delivering on its mandate. The Human Resources Division focuses on developing and implementing a people\-centered strategy and positioning HR as a strategic partner that actively contributes to the achievement of FAO's objectives.


The assignment is located in the Talent Management Branch of the Human Resources Division, at FAO headquarters in Rome, Italy.


CSH is establishing a roster call of qualified HR consultants and/or PSA (Personal Services Agreement) to support talent management related activities and initiatives on a short\-term and intermittent basis.

 **Reporting Lines**

  

The Consultant or PSA reports to an HR Officer or designated supervisor

 **Technical Focus**

  

Area: Talent Management

 **Tasks and responsibilities**

 **Depending on the level of assignment, the consultant will perform a combination of the following duties:**

* Provide advice and guidance to supervisors and staff members on talent management initiatives, policies, procedures and tools, including performance management, skills\-related projects, and learning and development activities.
* Respond to enquiries from supervisors and staff members on talent management processes and procedures, providing guidance and escalating complex or policy\-related matters to the appropriate HR Officers, as required.
* Support the implementation and rollout of talent management initiatives, including learning, performance and skills\-related programmes, and provide guidance to divisions, offices and centres (DOCs) on their application, as required.
* Provide support to supervisors and staff members in addressing performance\-related matters, including advising on and monitoring the implementation of Performance Improvement Plans (PIPs), as appropriate.
* Monitor and track talent management activities, in particular those related to performance management, ensuring timely follow\-up on key milestones, deadlines, deliverables, and related actions.
* Contribute to the transition to Oracle Human Capital Management (HCM) learning and performance modules, including system refinement, process enhancements, user support and development of training materials.
* Contribute to skills architecture and workforce capability initiatives through the development and maintenance of relevant documentation, reports, communication materials, dashboards and knowledge resources.
* Prepare and analyse communications, briefing materials, training resources, statistics, reports and other outputs to support talent management programmes and initiatives.
* Research emerging trends and good practices in learning, performance and talent management, and recommend innovative approaches, tools and methodologies to support the Organization's integrated talent management strategy.
* Collaborate with HR teams across the Organization to ensure OneHR approach and promote the advancement of corporate talent management priorities.
* Contribute to the review, development and updating of policies, frameworks, guidance materials and related documentation under the purview of the Talent Management Branch.
* Identify opportunities to enhance talent management processes, systems, tools and templates, and contribute to their continuous improvement and effectiveness.
* Support the planning, organization and delivery of workshops, consultations, briefings and other talent management activities, including coordination with relevant stakeholders and follow\-up on agreed actions as required.
 **Depending on the level of assignment, the PSA will perform a combination of the following duties:**

* Provide support to supervisors and staff members on talent management processes, procedures and tools, including performance management, learning and development, and skills\-related initiatives.
* Assist supervisors and staff members in addressing performance\-related matters, including supporting the monitoring and follow\-up of Performance Improvement Plans (PIPs), as required.
* Respond to standard enquiries on talent management processes and procedures and refer complex or policy\-related matters to the appropriate HR Officers.
* Support the implementation and rollout of talent management initiatives, including learning, performance management and skills\-related programmes.
* Monitor and track talent management activities, particularly those related to performance management, ensuring timely follow\-up on milestones, deadlines and required actions.
* Assist in the transition to Oracle Human Capital Management (HCM) learning and performance modules, including user support, system testing, data validation, and the preparation of training and reference materials.
* Support skills architecture and workforce capability initiatives through the maintenance of documentation, reports, dashboards, communication materials and related records.
* Prepare communications, presentations, statistics, reports and other materials to support talent management activities and projects.
* Collect and compile information, data and good practices related to learning, performance and talent management to support ongoing initiatives and projects.
* Liaise with HR colleagues and focal points across the Organization to facilitate the implementation of talent management activities and ensure effective coordination.
* Assist in the preparation, review and updating of guidelines, procedures, templates, training materials and other documentation under the purview of the Talent Management Branch.
* Support the continuous improvement of talent management tools, processes and systems by identifying issues and contributing to the implementation of agreed enhancements.
* Support the planning, organization and delivery of workshops, consultations, briefings and other talent management activities, including logistical arrangements, stakeholder coordination and follow\-up actions.
* Maintain records, tracking tools and databases related to talent management activities, ensuring the accuracy and completeness of information.
 **CANDIDATES WILL BE ASSESSED AGAINST THE FOLLOWING**

 **Minimum Requirements**

 **For Consultants:**

* Advanced university degree (Master’s degree level or equivalent) from an institution recognized by the International Association of Universities (IAU)/UNESCO in human resources management, adult education, psychology, organizational development, law, business administration with focus on human resources, organizational development or a related field. Candidates with a bachelor's degree need two additional years of relevant professional experience.
* Minimum of one year (level C) or of five years (Level B) or of ten years (level A) of relevant experience in human resources with a focus on talent management, preferably with an international organization context.
* Working knowledge (proficient \- level C) of English
 **For PSAs:**

* University degree (or technical degree/certificate) from an institution recognized by the International Association of


Universities (IAU)/UNESCO in human resources management, adult education, psychology, organizational development, law, business administration with focus on human resources, organizational development or a related field.  

* Minimum of one year (level C) or of five years (Level B) or of ten years (level A) of relevant experience in human resources with a focus on talent management, preferably with an international organization context.
* Working knowledge (proficient \- level C) of English
 **FAO Core Competencies**

* Results Focus.
* Teamwork.
* Communication.
* Building Effective Relationships.
* Knowledge Sharing and Continuous Improvement.
 **Technical/Functional Skills**

* Extent and relevance of experience in talent management, including performance management, learning and development, workforce capability, skills development, or related human resources initiatives.
* Extent of organizational, planning and coordination skills, with the ability to manage multiple priorities and deliver outputs within established timelines.
* Ability to analyse HR\-related issues and propose practical solutions.
* Extent of knowledge of HR information management systems, particularly learning, performance management and talent management modules.
* Proficiency in information technology applications and tools, such as Microsoft Excel, PowerPoint, PowerApps and other relevant digital solutions.
* Extent of experience in data analysis, reporting and data visualization using tools such as Oracle Analytics, Power BI or similar platforms.
* Strong analytical, communication and stakeholder engagement skills, with the ability to work effectively with diverse audiences.
* Excellent written and verbal communication skills, supported by strong interpersonal, client service and relationship\-management abilities.
* Relevance of experience in conducting research, gathering information and identifying good practices to support the continuous improvement of HR programmes, processes and tools.
* Working knowledge (proficient – Level C) of another FAO official language is considered a strong asset.
* Good knowledge of FAO's mandate and structure is considered an asset.
* A recognized HR professional certification is considered an asset.
  

Please note that all candidates should adhere to FAO Values of Commitment to FAO, Respect for All and Integrity and Transparency

 **ADDITIONAL INFORMATION*** FAO does not charge any fee at any stage of the recruitment process (application, interview, processing)
* Please note that FAO will only consider academic credentials or degrees obtained from an educational institution recognized in the IAU/UNESCO list
* Please note that FAO only considers higher educational qualifications obtained from an institution accredited/recognized in the World Higher Education Database (WHED), a list updated by the International Association of Universities (IAU) / United Nations Educational, Scientific and Cultural Organization (UNESCO). The list can be accessed at http://www.whed.net/
* For more information, visit the FAO employment website
* Appointment will be subject to certification that the candidate is medically fit for appointment, accreditation, any residency or visa requirements, and security clearances.

 **HOW TO APPLY*** To apply, visit the recruitment website at Jobs at FAO and complete your online profile. We strongly recommend that your profile is accurate, complete and includes your employment records, academic qualifications, and language skills
* Candidates are requested to attach a letter of motivation to the online profile
* Once your profile is completed, please apply, and submit your application
* Please note that FAO only considers higher educational qualifications obtained from an institution accredited/recognized in the World Higher Education Database (WHED), a list updated by the International Association of Universities (IAU) / United Nations Educational, Scientific and Cultural Organization (UNESCO). The list can be accessed at http://www.whed.net/. These qualifications should be in alignment with the International Standard Classification of Education (ISCED) mappings.

* Candidates may be requested to provide performance assessments and authorization to conduct verification checks of past and present work, character, education, military and police records to ascertain any and all information which may be pertinent to the employment qualifications
* Incomplete applications will not be considered
* Personal information provided on your application may be shared within FAO and with other companies acting on FAO’s behalf to provide employment support services such as pre\-screening of applications, assessment tests, background checks and other related services. You will be asked to provide your consent before submitting your application. You may withdraw consent at any time, by withdrawing your application, in such case FAO will no longer be able to consider your application
* Only applications received through the FAO recruitment portal will be considered
* Your application will be screened based on the information provided in your online profile
* We encourage applicants to submit the application well before the deadline date.

If you need help or have queries, please create a one\-time registration with FAO’s client support team for further assistance: **https://fao.service\-now.com/csp**

**FAO IS A NON\-SMOKING ENVIRONMENT**","","https://it.indeed.com/cmp/Food-and-Agriculture-Organization-of-the-United-Nations","https://d2q79iu7y748jz.cloudfront.net/s/_squarelogo/256x256/95322d664de7b475a6a8c6df19680a38","http://www.fao.org","Roma","1,001 to 5,000","","","","","","","","","recruiter"
"in-bfc0ebd9a60f40de","indeed","https://it.indeed.com/viewjob?jk=bfc0ebd9a60f40de","http://it.indeed.com/job/recruiter-junior-bfc0ebd9a60f40de","Recruiter Junior","Il Metodo by Effetto Domino","Roma, LAZ, IT","2026-08-10","fulltime","","","","","",False,"","","","","**Il Metodo by Effetto Domino**, con sede a **Formello**, è un’azienda dinamica e in crescita, attiva nella formazione e nella ricerca e selezione del personale. Per ampliamento dell’area HR, siamo alla ricerca di un **Recruiter Junior** da inserire nel team.

La risorsa sarà inserita in un percorso di formazione strutturato che la porterà gradualmente a svolgere in autonomia le attività previste dal ruolo, tra cui:

* preparazione e pubblicazione degli annunci di lavoro
* ricerca attiva e screening dei CV
* conduzione dei colloqui e identificazione dei profili in linea con le job description dei clienti

**Requisiti desiderati:**

* interesse per il settore HR e per le attività di recruiting
* esperienza lavorativa di almeno 6 mesi
* capacità di comunicazione e attenzione alle persone
* attitudine all’apprendimento continuo e alla crescita professionale
* orientamento agli obiettivi e senso di responsabilità nella gestione delle attività

**Cosa offriamo:**

* contratto determinato o di apprendistato
* retribuzione netta di **euro 1200\-1300 al mese**
* **formazione continua e affiancamento**
* reale possibilità di crescita professionale all’interno dell’azienda

Se desideri intraprendere un percorso di sviluppo nel recruiting e contribuire ai progetti dei nostri clienti, inviaci il tuo CV!

**Sede di lavoro: Formello**

Retribuzione: €1\.200,00 \- €1\.300,00 al mese

Benefit:

* Cellulare aziendale
* Computer aziendale
* Parcheggio libero

Domande di preselezione:

* Sei automunito/a?
* Sei disposto/a a raggiungere la sede lavorativa situata a Formello?

Sede di lavoro: Di persona","","https://it.indeed.com/cmp/Il-Metodo-By-Effetto-Domino","","","","","","","","","","","","","recruiter"
"li-4441838169","linkedin","https://www.linkedin.com/jobs/view/4441838169","","HR Business Partner Support Intern","Ayvens","Rome, Latium, Italy","2026-08-15","","","","","","",False,"","","","","","","https://www.linkedin.com/company/ayvens","","","","","","","","","","","","","recruiter"
"li-4454398929","linkedin","https://www.linkedin.com/jobs/view/4454398929","","Junior HR Generalist","LDC Hotels Italy","","2026-08-14","","","","","","",False,"","","","","","","https://it.linkedin.com/company/ldc-hotels-&-resorts-group","","","","","","","","","","","","","recruiter"
"li-4452975497","linkedin","https://www.linkedin.com/jobs/view/4452975497","","HR Business Partner - Italy","TVS Motor Company","Rome, Latium, Italy","2026-08-13","","","","","","",False,"","","","","","","https://in.linkedin.com/company/tvs-motor-company","","","","","","","","","","","","","recruiter"
"li-4450458528","linkedin","https://www.linkedin.com/jobs/view/4450458528","","Addetto formazione risorse umane","Direzione Lavoro","Ardea, Latium, Italy","2026-08-13","","","","","","",False,"","","","","","","https://it.linkedin.com/company/direzione-lavoro","","","","","","","","","","","","","recruiter"
"li-4444943236","linkedin","https://www.linkedin.com/jobs/view/4444943236","","HR Business Partner Lazio","GXO Logistics, Inc.","Colleferro, Latium, Italy","2026-08-14","","","","","","",False,"","","","","","","https://www.linkedin.com/company/gxologistics","","","","","","","","","","","","","selezionatrice"
"li-4452208582","linkedin","https://www.linkedin.com/jobs/view/4452208582","","Cabin Crew Recruitment Day - Rome Fiumicino - 8 September 2026","Wizz Air","Fiumicino, Latium, Italy","","","","","","","",False,"","","","","","","https://hu.linkedin.com/company/wizzair","","","","","","","","","","","","","selezionatrice"
"in-4bde54befe281ff6","indeed","https://it.indeed.com/viewjob?jk=4bde54befe281ff6","https://ars2.equest.com/?response_id=131656199d08c243206e631b07b6261c","Audioprotesista Roma Ciampino/Tor Bella Monaca","Amplifon","Ciampino, LAZ, IT","2026-08-15","fulltime","","","","","",False,"","","","","**Job Description****Il ruolo**
  

  

Siamo sempre orgogliosi di accogliere nuovi audioprotesiste/i nei nostri negozi per aiutarci a far riscoprire alle persone tutte le emozioni dei suoni. Per noi è importante che i clienti si sentano ascoltati e compresi \- siamo davvero a disposizione per migliorare la loro vita.


Per rafforzare la nostra leadership nell'area, abbiamo un'opportunità per un/a audioprotesista che si voglia unire al nostro team di Ciampino e Tor Bella Monaca (RM), Lazio.

**Di cosa ti occuperai?**

Valuterai le esigenze uditive dei tuoi clienti attraverso interviste mirate e test audiologici, applicando i protocolli Amplifon;


Identificherai e offrirai la soluzione migliore in base alle difficoltà uditive del cliente, assicurando il miglior adattamento grazie alle tue competenze audiologiche;


Gestirai l'intera trattativa commerciale con i clienti al fine di proporre la miglior soluzione a seconda delle specifiche esigenze;


Supporterai il cliente durante l'intero percorso di Amplifon, dal test, alla prova e all'applicazione, fino al follow\-up post\-vendita e alla cura della riparazione e della manutenzione degli apparecchi acustici, alimentando un rapporto duraturo;

**Qualifiche e competenze:**

* Laurea triennale in Tecniche Audioprotesiche (L/SNT03\) o titolo equipollente.

* Ottime capacità organizzative e relazionali.

* Doti di negoziazione commerciale.

**Cosa cerchiamo?**


Orientamento al cliente, empatia e capacità di creare solide relazioni con i clienti grazie a buone doti di comunicazione e alla capacità di farli sentire a proprio agio e ascoltati.


Orientamento al business, con buone capacità di negoziazione e una mentalità proattiva per raggiungere gli obiettivi.


Spirito di squadra, capacità di lavorare in team e favorire le relazioni con i colleghi, la classe medica e tutti gli interlocutori.

**Cosa significa lavorare in Amplifon?**

Un ambiente stimolante e dinamico con opportunità di costruire una carriera su misura.


Opportunità di formazione di alto livello per sviluppare continuamente le tue competenze e conoscenze professionali.

**Retribuzione e condizioni**

* Contratto applicato: CCNL Commercio

* Pacchetto retributivo: inserimento al IV livello CCNL Commercio (RAL da 25\.000 a 27\.000 € in base ad esperienza e competenze), a cui si aggiungerà un piano provvigionale connesso agli obiettivi di business tempo per tempo condivisi

* Orario: Full time


Sono al contempo attive ricerche di collaborazioni per lavoratori autonomi con formula di incarico a Partita Iva. In questi casi è previsto un compenso variabile determinato in forma di provvigione ed eventuali ulteriori benefit concordati in fase di trattativa correlati a obiettivi specifici.


Amplifon è un'azienda che garantisce pari opportunità e si impegna a offrire un ambiente di lavoro diversificato ed equo. Crediamo che valorizzando la nostra unicità e rispettando le nostre differenze possiamo raggiungere risultati migliori, e che la diversità arricchisca la nostra cultura. Incoraggiamo le candidature di ogni genere, provenienza geografica e background individuale.


Valutiamo le candidature esclusivamente sulla base delle competenze, dell'esperienza e del potenziale, senza discriminazioni legate a genere, età, origine, nazionalità, disabilità, orientamento sessuale, identità di genere, religione, stato civile, situazione personale o qualsiasi altra caratteristica tutelata dalla legge.


In linea con questo impegno, e nel rispetto degli obblighi previsti dal D.Lgs. 96/2026 attuativo della Direttiva UE 2023/970 e dalla relativa normativa nazionale di recepimento, nonché delle procedure interne dedicate, Amplifon non richiede né raccoglie informazioni sulla retribuzione precedente o sulla qualifica professionale dei candidati: tali informazioni non vengono richieste durante i colloqui, via e\-mail né tramite agenzie di selezione, headhunter o qualsiasi altra terza parte coinvolta nel processo.


Se hai bisogno di assistenza durante il processo di candidatura o di selezione a causa di una disabilità, ti invitiamo a comunicarcelo. Vogliamo garantire che il nostro processo sia accessibile a tutti.


Al termine del processo di selezione, l'Azienda potrà proporre un pacchetto retributivo diverso da quello inizialmente indicato, sulla base dell'esperienza, delle competenze e del profilo complessivo del candidato. Eventuali differenze saranno definite nel rispetto dei requisiti di trasparenza e sulla base di criteri oggettivi e non discriminatori.


La presente ricerca è condotta da Amplifon Italia per conto di una società partner, garantendo un processo trasparente e professionale nel rispetto integrale del dlgs. 96/2026\. Il/La candidato/a selezionato/a sarà inserito/a direttamente dal nostro partner, con cui avrà modo di entrare in contatto nel corso del processo di selezione.","","https://it.indeed.com/cmp/Amplifon","https://d2q79iu7y748jz.cloudfront.net/s/_squarelogo/256x256/d375f0b63b13de3cdd531a29d3aab723","https://careers.amplifon.com/en","","10,000+","$1B to $5B (USD)","We empower people to rediscover all the emotions of sound.","","","","","","","selezione personale"
"in-71f79ee8449ba8ad","indeed","https://it.indeed.com/viewjob?jk=71f79ee8449ba8ad","https://inrec.intervieweb.it/annunci.php?l=impiegatoa-ufficio-tecnico-247095&lang=it&d=indeed&LAC=ntw","Impiegato/a ufficio tecnico","NTWK","Roma, LAZ, IT","2026-08-14","fulltime","","","","","",True,"","","","","NTWK, azienda italiana operante nella ricerca e selezione del personale, si occupa di soddisfare le necessità dei clienti offrendo servizi personalizzati.

  

  

**Posizione:**
--------------

Per affermata Società di Ingegneria con sede a Roma, operante nei settori della Progettazione, Direzione Lavori e Coordinamento della Sicurezza per importanti opere civili e infrastrutturali, si ricercano**Ingegneri Civili (anche junior), Architetti e Geometri** da inserire in un ambiente dinamico e in forte crescita.

 **Cosa farai (Attività principali)**

* Partecipazione attiva alla redazione di progetti civili e infrastrutturali.
* Supporto alla Direzione dei Lavori e al Coordinamento della Sicurezza in fase di Esecuzione.
* Attività di assistenza in cantiere con il ruolo di Ispettore di Cantiere o Direttore Operativo.

**Requisiti:**
--------------

**Cosa richiediamo**

* Laurea Magistrale in Ingegneria Civile/Ambientale, Laurea in Architettura o Diploma di Geometra.
* Ottima conoscenza di AutoCAD, Pacchetto Office e Primus.
* Forte motivazione, attitudine al lavoro di squadra e precisione.

 **Titoli preferenziali (Rappresentano un plus)**

* Indirizzo di studi strutturale o infrastrutturale.
* Conoscenza (anche base) di software di calcolo strutturale, topografici e di grafica.
* Buona conoscenza della lingua inglese.

**Altre informazioni:**
-----------------------

**Cosa offriamo**

* Inquadramento flessibile: Assunzione a tempo determinato (commisurato all’esperienza).
* Flessibilità: Impegno full\-time con possibilità di smart working parziale.
* **Retribuzione:** Da 1500 €/mese.
* Crescita: Opportunità di inserimento all’interno di progetti di rilievo e affiancamento continuo.

 **Sede di lavoro:** Roma (zona EUR / Montagnola) con disponibilità a brevi trasferte o sopralluoghi.","","https://it.indeed.com/cmp/Ntwk","","","","","","","","","","","","","selezione personale"
"in-396a8611384628c6","indeed","https://it.indeed.com/viewjob?jk=396a8611384628c6","https://inrec.intervieweb.it/annunci.php?l=interior-yacht-designer-247092&lang=it&d=indeed&LAC=ntw","Interior Yacht Designer","NTWK","Roma, LAZ, IT","2026-08-14","","","","","","",False,"","","","","NTWK, azienda italiana operante nella ricerca e selezione del personale, si occupa di soddisfare le necessità dei clienti offrendo servizi personalizzati.

  

  

**Posizione:**
--------------

JOB DESCRIPTION – SENIOR INTERIOR YACHT DESIGNER

**YOUR TASKS:**

* Develop luxury interior designs reflecting the studio signature aesthetic;
* Produce architectural nurbs 3d models with precise modelling, texture mapping and organized layers / material coding / information / notes.
* Produce sketches, drawings, technical plans, idea / mood / style / materials boards;
* Research furniture, materials, accessories and design detailing;
* Source FF\&E items and coordinate material samples;
* Manage supplier communication and organize FF\&E documentation;
* Prepare and update material lists, furniture lists and FF\&E schedules in Excel;
* Collaborate with CGI artists and design engineers across project teams;
* Create polished, visually persuasive PDF booklets;

**Requisiti:**
--------------

**WE REQUIRE:**

* 4\-8 years of expertise in superyacht or luxury residential interior design.
* Advanced proficiency in Rhinocerous, ability to work with InDesign and AutoCAD.
* A creative problem\-solver with a pragmatic, results\-oriented approach.
* Self\-motivated professional with a growth mindset and strong adaptability.
* Organizational and communication skills for sourcing and selecting FF\&E
* Resilient and efficient when operating in high\-pressure, fast\-paced studio environments.
* Proficiency in English at a professional level (both written and spoken).
* Based in Rome (or willing to relocate) with a valid EU work authorization.
* Willing to be present in the office for at least 3 days a week.

**Altre informazioni:**
-----------------------

**WORKPLACE:** Rome","","https://it.indeed.com/cmp/Ntwk","","","","","","","","","","","","","selezione personale"
"in-6ee8d6df35055f45","indeed","https://it.indeed.com/viewjob?jk=6ee8d6df35055f45","https://zinrec.intervieweb.it/annunci.php?l=autista-patente-c-settore-costruzioni-cantiere-atac-145855&lang=it&d=indeed&LAC=manuelbregolin","Autista Patente C – Settore Costruzioni (Cantiere ATAC)","NETwk","Roma, LAZ, IT","2026-08-14","","","","","","",False,"","","","","Siamo un'azienda italiana operante nella ricerca e selezione del personale che si occupa di soddisfare le necessità dei clienti offrendo servizi personalizzati.

  

  

**Posizione:**
--------------

Per ampliamento dell’organico, ricerchiamo un Autista con patente C da inserire all’interno del cantiere relativo al deposito tranviario ATAC.


La risorsa lavorerà a diretto riporto del Direttore delle Costruzioni e in coordinamento con il Capo Cantiere, occupandosi principalmente del trasporto materiali funzionali alle attività di cantiere.

 **Attività principali**

* Trasporto materiali da e verso il cantiere (rocce e terre da scavo)
* Supporto logistico alle attività operative di cantiere
* Collaborazione con il team tecnico e operativo

**Requisiti:**
--------------

**Requisiti**

* Patente di guida categoria C (o superiore)
* Esperienza pregressa nel ruolo (anche breve)
* Affidabilità, serietà e capacità di lavorare in contesti operativi
* Disponibilità a lavorare in ambito cantieristico

**Profilo ideale**

* Attitudine al lavoro pratico e dinamico
* Spirito di collaborazione e rispetto delle procedure di sicurezza

**Altre informazioni:**
-----------------------

**Contratto e retribuzione**

* Tipologia contrattuale: da definire (tempo indeterminato/determinato o altra forma)
* Retribuzione commisurata all’esperienza","","https://it.indeed.com/cmp/Netwk","","","","","","","","","","","","","selezione personale"
"in-570d49438b540678","indeed","https://it.indeed.com/viewjob?jk=570d49438b540678","https://zinrec.intervieweb.it/annunci.php?l=system-integrator-it-145902&lang=it&d=indeed&LAC=manuelbregolin","System Integrator IT","NETwk","Roma, LAZ, IT","2026-08-14","parttime, fulltime","","","","","",False,"","","","","Siamo un'azienda italiana operante nella ricerca e selezione del personale che si occupa di soddisfare le necessità dei clienti offrendo servizi personalizzati.

  

  

**Posizione:**
--------------

Per una società che si occupa di tecnologie delle comunicazione IP a livello di:

  

* infrastrutture
* servizi
* sistemi/apparati
* applicativi software

  

Il tutto sia in versione locale che in cloud.

  

Siamo alla ricerca di tre figure nei seguenti settori:

  

– impiantistico/network fisico (installazione apparati IP e prima configurazione) (lavoro prevalentemente presso sedi clienti)


– sistemistico/network (lavoro prevalentemente da sede centrale ufficio – Roma)


– IT management (prevalentemente applicativi software) anche presso sedi clienti con presidio part time / full time in forma dedicata

  

Attività svolte prevalentemente a Roma, con possibilità di trasferte in Toscana, Lombardia, Piemonte, Veneto

**Requisiti:**
--------------

### **Si richiede esperienza pregressa nella mansione.**","","https://it.indeed.com/cmp/Netwk","","","","","","","","","","","","","selezione personale"
"in-a069dc2abf412a69","indeed","https://it.indeed.com/viewjob?jk=a069dc2abf412a69","https://zinrec.intervieweb.it/annunci.php?l=hse-di-cantiere-junior-eo-senior-145889&lang=it&d=indeed&LAC=manuelbregolin","HSE di cantiere junior e/o senior","NETwk","Roma, LAZ, IT","2026-08-14","","","","","","",False,"","","","","Siamo un'azienda italiana operante nella ricerca e selezione del personale che si occupa di soddisfare le necessità dei clienti offrendo servizi personalizzati.

  

  

**Posizione:**
--------------

**Siamo alla ricerca di** HSE Junior e Senior per Cantieri in tutta Italia.

**GARANTIAMO** impiego duraturo nel tempo.

**Requisiti:**
--------------

Preferibile esperienza pregressa nella mansione","","https://it.indeed.com/cmp/Netwk","","","","","","","","","","","","","selezione personale"
"in-41773d56e24f7c3c","indeed","https://it.indeed.com/viewjob?jk=41773d56e24f7c3c","https://zinrec.intervieweb.it/annunci.php?l=facchino-dalbergo-145854&lang=it&d=indeed&LAC=manuelbregolin","Facchino d’albergo","NETwk","Roma, LAZ, IT","2026-08-14","fulltime","","","","","",False,"","","","","Siamo un'azienda italiana operante nella ricerca e selezione del personale che si occupa di soddisfare le necessità dei clienti offrendo servizi personalizzati.

  

  

**Posizione:**
--------------

**Per azienda cliente ricerchiamo Facchino d’Albergo / Operatore Polivalente**

  

La risorsa inserita entrerà a far parte di un’azienda solida e strutturata, operando all’interno del team di una delle nostre strutture partner più esclusive.

  

La figura si occuperà della gestione operativa di diverse attività all’interno dell’hotel:

* Accoglienza clienti e gestione/trasporto dei bagagli.
* Supporto al reparto piani: riassetto e pulizia delle camere.
* Pulizia e decoro delle zone comuni della struttura.
* Gestione, organizzazione e sistemazione dei magazzini.

**Requisiti:**
--------------

### **Requisiti Richiesti**

  

* Forte predisposizione al lavoro in team e capacità di coordinamento con i referenti aziendali.
* Flessibilità, dinamismo e massima precisione.
* La conoscenza della lingua inglese costituisce un titolo preferenziale per la gestione della clientela internazionale.
* Esperienza, anche minima, nel settore delle pulizie professionali o della movimentazione merci.
* Disponibilità a turnazioni mattutine, pomeridiane, notturne e in giorni feriali domenicali e festivi, viste le caratteristiche del settore dell’accoglienza turistica.

**Altre informazioni:**
-----------------------

**Si offre**

* Contratto di lavoro a norma di legge, con inquadramento commisurato all’esperienza.
* Orario di lavoro: 36/40 ore medie settimanali.
* La garanzia e l’affidabilità di una società di outsourcing storica, attenta alla sicurezza sul lavoro e alla puntualità dei pagamenti.
* Assistenza sanitaria integrativa per il rimborso di spese mediche

**Sede di lavoro:** Roma (Zona Stazione Termini)","","https://it.indeed.com/cmp/Netwk","","","","","","","","","","","","","selezione personale"
"in-3eed4f47207cb8be","indeed","https://it.indeed.com/viewjob?jk=3eed4f47207cb8be","https://zinrec.intervieweb.it/annunci.php?l=progettista-reti-fisse-telecomunicazioni-145858&lang=it&d=indeed&LAC=manuelbregolin","Progettista Reti Fisse (Telecomunicazioni)","NETwk","Roma, LAZ, IT","2026-08-14","","","","","","",False,"","","","","Siamo un'azienda italiana operante nella ricerca e selezione del personale che si occupa di soddisfare le necessità dei clienti offrendo servizi personalizzati.

  

  

**Posizione:**
--------------

Siamo alla ricerca di Progettisti Reti Fisse da inserire nel nostro team tecnico per le nostre sedi di Roma e Catania. La risorsa si occuperà della progettazione e dello sviluppo di infrastrutture di telecomunicazioni, collaborando con il team di progettazione e con i responsabili di commessa per garantire la realizzazione di reti efficienti e conformi agli standard di qualità.

 **Principali responsabilità**

* Progettare infrastrutture di rete fissa (FTTH, FTTC e reti in fibra ottica).
* Redigere elaborati tecnici, planimetrie e documentazione progettuale.
* Effettuare studi di fattibilità e analisi dei tracciati.
* Collaborare con enti, gestori di rete e imprese esecutrici.
* Verificare la conformità dei progetti alle normative e alle specifiche tecniche del committente.
* Supportare le attività di autorizzazione e di avanzamento delle commesse.
* Aggiornare la documentazione tecnica e i database di progetto.

**Requisiti:**
--------------

**Requisiti**

* Buona conoscenza di AutoCAD e del pacchetto Microsoft Office.
* Capacità di lettura di cartografia tecnica e planimetrie.
* Precisione, capacità organizzativa e attitudine al lavoro in team.
* Patente B.

 **Costituiscono titolo preferenziale**

* Esperienza nella progettazione di reti FTTH.
* Conoscenza di software GIS e di progettazione dedicati alle telecomunicazioni.
* Esperienza nella gestione di pratiche autorizzative.
* Conoscenza delle normative relative alle infrastrutture di telecomunicazione.

**Altre informazioni:**
-----------------------

**Offriamo**

* Inserimento in un contesto tecnico in crescita.
* Formazione continua e possibilità di sviluppo professionale.
* Coinvolgimento in progetti innovativi nel settore delle telecomunicazioni.
* Retribuzione 5°livello CCNL studi professionali","","https://it.indeed.com/cmp/Netwk","","","","","","","","","","","","","selezione personale"
"in-c04a7b6be7e11c51","indeed","https://it.indeed.com/viewjob?jk=c04a7b6be7e11c51","https://inrec.intervieweb.it/annunci.php?l=sistemista-microsoft-infrastrutturale-247051&lang=it&d=indeed&LAC=ntw","Sistemista Microsoft infrastrutturale","NTWK","Roma, LAZ, IT","2026-08-14","","","","","","",False,"","","","","NTWK, azienda italiana operante nella ricerca e selezione del personale, si occupa di soddisfare le necessità dei clienti offrendo servizi personalizzati.

  

  

**Posizione:**
--------------

Per azienda leader nell’area IT e Software Development, si ricerca un **Sistemista Microsoft Infrastrutturalesenior**con solide competenze nella gestione e amministrazione di ambienti IT complessi, sia on\-premise che ibridi cloud.

  

La risorsa sarà coinvolta nella **progettazione, implementazione e manutenzione dell’infrastruttura IT aziendale**, garantendo stabilità, sicurezza e performance dei sistemi.

**Requisiti:**
--------------

**Richiesta conoscenza approfondita di:**

* Hyper\-V
* Active Directory
* Group Policy
* Microsoft Exchange Server
* Microsoft SharePoint
* PowerShell scripting
* Ambienti Citrix
* Architetture cloud e modelli ibridi

 **Nice to have**

* Esperienza o conoscenza di soluzioni Trellix (ambito sicurezza/processi)

**Altre informazioni:**
-----------------------

**Sede di lavoro:** Roma, con modalità di lavoro ibrida","","https://it.indeed.com/cmp/Ntwk","","","","","","","","","","","","","selezione personale"
"in-4f76ec90d5059b46","indeed","https://it.indeed.com/viewjob?jk=4f76ec90d5059b46","https://inrec.intervieweb.it/annunci.php?l=tecnico-sicurezza-cantieri-percorso-di-crescita-cspcse-247037&lang=it&d=indeed&LAC=ntw","Tecnico Sicurezza Cantieri (Percorso di crescita CSP/CSE)","NTWK","Roma, LAZ, IT","2026-08-14","","","","","","",False,"","","","","NtWK, azienda italiana operante nella ricerca e selezione del personale, si occupa di soddisfare le necessità dei clienti offrendo servizi personalizzati.

  

  

**Posizione:**
--------------

Siamo alla ricerca di una figura tecnica da inserire nel nostro team per la gestione della sicurezza nei cantieri, il controllo della documentazione e il monitoraggio dello stato di avanzamento delle attività.


La risorsa collaborerà con il team tecnico e sarà coinvolta nelle attività di verifica della conformità normativa, gestione documentale e sopralluoghi in cantiere. È previsto un percorso di crescita professionale finalizzato ad assumere il ruolo di Coordinatore della Sicurezza in fase di Progettazione (CSP) e in fase di Esecuzione (CSE).

 **Principali responsabilità**

* Verificare la documentazione relativa alla sicurezza dei cantieri.
* Controllare la conformità documentale di imprese, lavoratori e subappaltatori.
* Effettuare sopralluoghi presso i cantieri.
* Monitorare lo stato di avanzamento dei lavori e predisporre report periodici.
* Collaborare con il team tecnico nella gestione delle attività di cantiere.
* Supportare la redazione e l’aggiornamento della documentazione prevista dalla normativa vigente.
* Interfacciarsi con imprese, committenti, direttori dei lavori e professionisti coinvolti.

**Requisiti:**
--------------

**Requisiti**

* Diploma di Geometra, Perito Industriale o Laurea in Ingegneria, Architettura o discipline affini.
* Conoscenza della normativa sulla sicurezza nei cantieri (D.Lgs. 81/2008\).
* Buona capacità organizzativa e precisione nella gestione documentale.
* Disponibilità a effettuare sopralluoghi presso i cantieri.
* Buona conoscenza del pacchetto Microsoft Office.
* Patente B

 **Requisiti preferenziali**

* Esperienza, anche breve, nella gestione della sicurezza nei cantieri.
* Conoscenza dei principali software tecnici e gestionali.
* Attestati o corsi in materia di sicurezza.

**Altre informazioni:**
-----------------------

**Offriamo**

* Inserimento in un ambiente di lavoro dinamico e orientato alla crescita professionale.
* Formazione continua e affiancamento.
* Percorso finalizzato all’acquisizione delle competenze e dei requisiti necessari per ricoprire il ruolo di CSP/CSE.
* Retribuzione commisurata all’esperienza e alle competenze.

 **Retribuzione:** retribuzione di 5° livello CCNL studi professionali","","https://it.indeed.com/cmp/Ntwk","","","","","","","","","","","","","selezione personale"
"in-a25f5c822957f0f9","indeed","https://it.indeed.com/viewjob?jk=a25f5c822957f0f9","http://it.indeed.com/job/responsabile-operativo-hotellerie-roma-a25f5c822957f0f9","Responsabile Operativo Hotellerie, Roma","CONSORZIO STABILE LGA SERVICE","Roma, LAZ, IT","2026-08-14","fulltime","","","","","",False,"","","","","Siamo una realtà di Facility Management, in forte crescita su tutto il territorio nazionale che vanta tra i suoi clienti prestigiose strutture ricettive . A fronte di un grande incremento del ns. business ricerchiamo un **Responsabile Operativo HOTELLERIE**

Sede di lavoro: Roma e provincia

La nuova risorsa avrà rapporto diretto con l’alto management aziendale e dovrà assicurare l’ottimale svolgimento e organizzazione delle attività di housekeeping nelle strutture alberghiere che gestirà in autonomia.

**Nello specifico, tra le varie attività, si occuperà di:**

\- Monitorare e gestire l'andamento della commessa e relativa turistica del personale in forza

\- Rifornimento e ordini dei vari materiali di consumo

\- Gestire, organizzare e ottimizzare le attività operative dei clienti seguiti;

\- Verificare l’ottimale svolgimento delle attività e assicurare la massima qualità e soddisfazione del cliente;

\- Monitorare, selezionare e formare le risorse per lo svolgimento delle attività;

\- Curare i rapporti con i clienti e cogliere eventuali opportunità di espansione del business;

\- Coordinare il personale e gestire i turni di lavoro;

\- Garantire disponibilità e reperibilità costanti a supporto delle esigenze dei cliente e per la risoluzione di problematiche di carattere operativo.

**Requisiti minimi:**

\- Esperienza pregressa nella Governance

\- Comprovata esperienza nella gestione del personale di pulizia nel settore alberghiero;

\- Ottima capacità di gestione delle risorse umane e dei budget connessi ai progetti seguiti;

\- Ottimo standing e doti relazionali, tali da permettere di rappresentare l’azienda in contesti istituzionali e di alto livello;

\- Grande flessibilità, passione e dedizione per il lavoro svolto e per il settore specifico;

Si offre un contratto con una retribuzione superiore agli standard di mercato \+ auto aziendale \+ bonus al raggiungimento degli obiettivi.

La selezione è aperta a tutti i candidati e le candidate, senza distinzione di genere, età, origine, religione, orientamento sessuale o condizione personale. Valuteremo esclusivamente competenze ed esperienze.

Retribuzione: €1\.500,00 \- €2\.500,00 al mese

Benefit:

* Auto aziendale
* Cellulare aziendale
* Computer aziendale
* Orario flessibile

Sede di lavoro: Di persona","","https://it.indeed.com/cmp/Consorzio-Stabile-Lga-Service-1","","","","","","","","","","","","","selezione personale"
"in-b00217c6f8c330e4","indeed","https://it.indeed.com/viewjob?jk=b00217c6f8c330e4","http://it.indeed.com/job/logopedista-psicolog-neuropsicomotricista-b00217c6f8c330e4","Logopedista - Psicolog* - Neuropsicomotricista","","Roma, LAZ, IT","2026-08-14","","","","","","",False,"","","","bonettiphysioup@gmail.com","Cerchiamo una/un Logopedista o Psicolog\* o Neuropsicomotricista in libera professione per collaborazione professionale presso il nostro studio. La figura si occuperà della valutazione e del trattamento secondo la sua professionalità collaborando con il team multidisciplinare e seguendo percorsi terapeutici personalizzati per pazienti adulti e pediatrici.

Offriamo collaborazione in un ambiente moderno e accogliente, con possibilità di crescita professionale, flessibilità organizzativa e utilizzo di una stanza dedicata all’interno dello studio per lo svolgimento dell’attività professionale. La presenza della rete WIFI (FIbra) a libero accesso, la climatizzazione e la conformità dello studio alle norme necessarie per l’attività sanitaria integra l’offerta

Vi preghiamo di inviare il proprio curriculum autorizzando il trattamento dei dati personali

ai sensi del D.lgs. 196 del 30 giugno 2003 e dell’art. 13 GDPR (Regolamento UE 2016/679\) ai fini della ricerca e selezione del personale.

a bonettiphysioup@gmail.com

A presto!

Retribuzione: €700,00 \- €3\.000,00 al mese

Sede di lavoro: Di persona","","https://it.indeed.comNone","","","","","","","","","","","","","selezione personale"
"in-0d3080593a6b5b12","indeed","https://it.indeed.com/viewjob?jk=0d3080593a6b5b12","https://ars2.equest.com/?response_id=e7537f821bee20a16d3461ab44dd85f8","Audioprotesista Rieti (RI)","Amplifon","Rieti, LAZ, IT","2026-08-14","fulltime","","","","","",False,"","","","","**Job Description****Il ruolo**
  

  

Siamo sempre orgogliosi di accogliere nuovi audioprotesiste/i nei nostri negozi per aiutarci a far riscoprire alle persone tutte le emozioni dei suoni. Per noi è importante che i clienti si sentano ascoltati e compresi \- siamo davvero a disposizione per migliorare la loro vita.


Per rafforzare la nostra leadership nell'area, abbiamo un'opportunità per un/a audioprotesista che si voglia unire al nostro team di Rieti (RI), Lazio.

**Di cosa ti occuperai?**

* Valuterai le esigenze uditive dei tuoi clienti attraverso interviste mirate e test audiologici, applicando i protocolli Amplifon;

* Identificherai e offrirai la soluzione migliore in base alle difficoltà uditive del cliente, assicurando il miglior adattamento grazie alle tue competenze audiologiche;

* Gestirai l'intera trattativa commerciale con i clienti al fine di proporre la miglior soluzione a seconda delle specifiche esigenze;

* Supporterai il cliente durante l'intero percorso di Amplifon, dal test, alla prova e all'applicazione, fino al follow\-up post\-vendita e alla cura della riparazione e della manutenzione degli apparecchi acustici, alimentando un rapporto duraturo;

**Qualifiche e competenze:**

* Laurea triennale in Tecniche Audioprotesiche (L/SNT03\) o titolo equipollente.

* Ottime capacità organizzative e relazionali.

* Doti di negoziazione commerciale.

**Cosa cerchiamo?**

* Orientamento al cliente, empatia e capacità di creare solide relazioni con i clienti grazie a buone doti di comunicazione e alla capacità di farli sentire a proprio agio e ascoltati.
* Orientamento al business, con buone capacità di negoziazione e una mentalità proattiva per raggiungere gli obiettivi.

* Spirito di squadra, capacità di lavorare in team e favorire le relazioni con i colleghi, la classe medica e tutti gli interlocutori.

**Cosa significa lavorare in Amplifon?**

* Un ambiente stimolante e dinamico con opportunità di costruire una carriera su misura.

* Opportunità di formazione di alto livello per sviluppare continuamente le tue competenze e conoscenze professionali.

**Retribuzione e condizioni**

* Contratto applicato: CCNL Commercio

* Pacchetto retributivo: inserimento al IV livello CCNL Commercio (RAL da 25\.000 a 27\.000 € in base ad esperienza e competenze), a cui si aggiungerà un piano provvigionale connesso agli obiettivi di business tempo per tempo condivisi

* Orario: Full time


Sono al contempo attive ricerche di collaborazioni per lavoratori autonomi con formula di incarico a Partita Iva. In questi casi è previsto un compenso variabile determinato in forma di provvigione ed eventuali ulteriori benefit concordati in fase di trattativa correlati a obiettivi specifici.


Amplifon è un'azienda che garantisce pari opportunità e si impegna a offrire un ambiente di lavoro diversificato ed equo. Crediamo che valorizzando la nostra unicità e rispettando le nostre differenze possiamo raggiungere risultati migliori, e che la diversità arricchisca la nostra cultura. Incoraggiamo le candidature di ogni genere, provenienza geografica e background individuale.


Valutiamo le candidature esclusivamente sulla base delle competenze, dell'esperienza e del potenziale, senza discriminazioni legate a genere, età, origine, nazionalità, disabilità, orientamento sessuale, identità di genere, religione, stato civile, situazione personale o qualsiasi altra caratteristica tutelata dalla legge.


In linea con questo impegno, e nel rispetto degli obblighi previsti dal D.Lgs. 96/2026 attuativo della Direttiva UE 2023/970 e dalla relativa normativa nazionale di recepimento, nonché delle procedure interne dedicate, Amplifon non richiede né raccoglie informazioni sulla retribuzione precedente o sulla qualifica professionale dei candidati: tali informazioni non vengono richieste durante i colloqui, via e\-mail né tramite agenzie di selezione, headhunter o qualsiasi altra terza parte coinvolta nel processo.


Se hai bisogno di assistenza durante il processo di candidatura o di selezione a causa di una disabilità, ti invitiamo a comunicarcelo. Vogliamo garantire che il nostro processo sia accessibile a tutti.


Al termine del processo di selezione, l'Azienda potrà proporre un pacchetto retributivo diverso da quello inizialmente indicato, sulla base dell'esperienza, delle competenze e del profilo complessivo del candidato. Eventuali differenze saranno definite nel rispetto dei requisiti di trasparenza e sulla base di criteri oggettivi e non discriminatori.


La presente ricerca è condotta da Amplifon Italia per conto di una società partner, garantendo un processo trasparente e professionale nel rispetto integrale del dlgs. 96/2026\. Il/La candidato/a selezionato/a sarà inserito/a direttamente dal nostro partner, con cui avrà modo di entrare in contatto nel corso del processo di selezione.","","https://it.indeed.com/cmp/Amplifon","https://d2q79iu7y748jz.cloudfront.net/s/_squarelogo/256x256/d375f0b63b13de3cdd531a29d3aab723","https://careers.amplifon.com/en","","10,000+","$1B to $5B (USD)","We empower people to rediscover all the emotions of sound.","","","","","","","selezione personale"
"in-349b877a7920733a","indeed","https://it.indeed.com/viewjob?jk=349b877a7920733a","https://ars2.equest.com/?response_id=70b1672f29195088bac81e3e0e43fede","Responsabile Relazione Clienti Tortona (AL)","Amplifon","LAZ, IT","2026-08-14","fulltime","","","","","",False,"","","","","**Job Description****Il ruolo:**


Per rafforzare la nostra leadership nell'area, stiamo ricercando un/a Responsabile Relazioni Clienti che si voglia unire al nostro team della filiale di Tortona (AL), Piemonte. Inserimento con iniziale contratto a tempo determinato 6 mesi, finalizzato al tempo indeterminato, part time 34 ore.


Svolgerai un ruolo chiave nel supportare i clienti nel loro viaggio alla riscoperta di tutte le emozioni del suono, contribuendo a garantire sempre un ottimo livello di soddisfazione, oltre ad un clima di armonia all'interno della filiale. Ti occuperai anche di far coincidere le esigenze dei clienti con gli obiettivi del negozio e di generare nuove opportunità di business.

**Come sarà organizzata la tua giornata:**

**Attività front office negozio:**

  

* Gestirai i momenti chiave del percorso dei nostri clienti: dall'accoglienza, alla gestione delle informazioni nel database, dalla programmazione degli appuntamenti all'esecuzione dei servizi post\-vendita, sarai il punto di contatto dei clienti, gestendo la comunicazione e costruendo un rapporto di fiducia con loro;
* Sarai responsabile della gestione dell'agenda degli appuntamenti, attraverso attività di recall telefonico e attenta gestione del database clienti, allo scopo di rendere efficace l'organizzazione delle visite dei pazienti, fornendo supporto e collaborazione agli audioprotesisti per raggiungere gli obiettivi comuni;

  

**Attività back office negozio:**  

* Sarai responsabile dell'amministrazione del negozio in termini di: gestione dei rapporti con enti esterni e interni, aggiornamento CRM, gestione della modulistica, applicazione delle procedure fiscali e amministrative, gestione delle giacenze di magazzino. Avrai inoltre cura dell'aspetto del negozio.

**Cosa richiediamo:**

  

* E' gradita esperienza precedente, anche minima, in ruoli affini di assistenza clientela (front office, addetta/o alle vendite, customer care...), maturata in contesti strutturati.
* Conoscenza e capacità di utilizzo dei principali pacchetti informatici
* Preferibile esperienza nell'utilizzo di sistemi CRM
* Orientamento al cliente, empatia, ottime doti di comunicazione e ascolto, indispensabili per instaurare relazioni positive e di fiducia con i clienti.
* Mentalità proattiva, spirito di iniziativa, orientamento all'obiettivo e consapevolezza dell'importanza che questo ruolo gioca nel raggiungimento dei risultati del negozio.
* Capacità di pianificazione e di svolgere un'attività multitasking attribuendo le giuste priorità
* Capacità di lavorare in team, spirito collaborativo.

**Cosa offriamo \| Cosa significa lavorare in Amplifon:**

  

* Ambiente professionale incentrato sull'innovazione continua della tecnologia e dei servizi;
* Contesto stimolante e dinamico con colleghi coinvolgenti, inclusivi e collaborativi;
* Opportunità di formazione di alto livello per sviluppare continuamente le proprie competenze e conoscenze professionali.

  

**Retribuzione e condizioni**  

* Luogo di lavoro: Tortona (AL)
* Orario: Part time 34 ore settimanali
* Contratto applicato: CCNL Commercio
* Pacchetto retributivo: inserimento al V livello CCNL Commercio (in base all'esperienza e alle competenze RAL da 23000 a 25000 per il full time, da riproporzionare rispetto al part time).


Amplifon è un'azienda che garantisce pari opportunità e si impegna a offrire un ambiente di lavoro diversificato ed equo. Crediamo che valorizzando la nostra unicità e rispettando le nostre differenze possiamo raggiungere risultati migliori, e che la diversità arricchisca la nostra cultura. Incoraggiamo le candidature di ogni genere, provenienza geografica e background individuale.


Valutiamo le candidature esclusivamente sulla base delle competenze, dell'esperienza e del potenziale, senza discriminazioni legate a genere, età, origine, nazionalità, disabilità, orientamento sessuale, identità di genere, religione, stato civile, situazione personale o qualsiasi altra caratteristica tutelata dalla legge.


In linea con questo impegno, e nel rispetto degli obblighi previsti dalla Direttiva UE 2023/970 e dalla relativa normativa nazionale di recepimento, nonché delle procedure interne dedicate, Amplifon non richiede né raccoglie informazioni sulla retribuzione precedente o sulla qualifica professionale dei candidati: tali informazioni non vengono richieste durante i colloqui, via e\-mail né tramite agenzie di selezione, headhunter o qualsiasi altra terza parte coinvolta nel processo.


Se hai bisogno di assistenza durante il processo di candidatura o di selezione a causa di una disabilità, ti invitiamo a comunicarcelo. Vogliamo garantire che il nostro processo sia accessibile a tutti.


Al termine del processo di selezione, l'Azienda potrà proporre un pacchetto retributivo diverso da quello inizialmente indicato, sulla base dell'esperienza, delle competenze e del profilo complessivo del candidato. Eventuali differenze saranno definite nel rispetto dei requisiti di trasparenza e sulla base di criteri oggettivi e non discriminatori.


La presente ricerca è condotta da Amplifon Italia per conto di una società partner, garantendo un processo trasparente e professionale nel rispetto integrale del dlgs. 96/2026\. Il/La candidato/a selezionato/a sarà inserito/a direttamente dal nostro partner, con cui avrà modo di entrare in contatto nel corso del processo di selezione.","","https://it.indeed.com/cmp/Amplifon","https://d2q79iu7y748jz.cloudfront.net/s/_squarelogo/256x256/d375f0b63b13de3cdd531a29d3aab723","https://careers.amplifon.com/en","","10,000+","$1B to $5B (USD)","We empower people to rediscover all the emotions of sound.","","","","","","","selezione personale"
"in-d8050e562f96dd97","indeed","https://it.indeed.com/viewjob?jk=d8050e562f96dd97","https://zinrec.intervieweb.it/annunci.php?l=progettista-hardware-145771&lang=it&d=indeed&LAC=manuelbregolin","Progettista hardware","NETwk","Roma, LAZ, IT","2026-08-13","","","","","","",False,"","","","","Siamo un'azienda italiana operante nella ricerca e selezione del personale che si occupa di soddisfare le necessità dei clienti offrendo servizi personalizzati.

  

  

**Posizione:**
--------------

Come **progettista HW** avrai il compito di:

* Progettazione di schede elettroniche di alimentazione e mixed signal: digitali\-analogiche
* Progettazione di schematici, layout, documenti di collaudo
* Sarai coinvolto direttamente nel team di progetto. Interagirai con ingegneri meccanici ed elettronici per realizzare, in team, apparti complessi ed allo stato dell’arte.
* Seguire il collaudo delle board, da te progettate, nel nostro laboratorio
* Interagire con fornitori esterni per la definizione di tutti gli step produttivi
* Imparerai a gestire il tuo lavoro in autonomia ed approfondirai tematiche tecniche e di gestione del lavoro.

  

Il nostro scopo è far emergere tutto il tuo potenziale in un team dedicato alla progettazione di circuiti ed apparati per le telecomunicazioni.

 **Le attività si svolgeranno presso la nostra sede di Roma**, dove avrai modo di accedere al nostro laboratorio all’avanguardia.

**Requisiti:**
--------------

**Requisiti richiesti**


Se hai queste caratteristiche sei il nostro candidato ideale:


– Laure in Elettronica votazione minima 90/100


– Esperienza, almeno triennale, nella progettazione circuiti elettronici


– Capacità di realizzazione di disegni tecnici elettronici


– Esperienza con software CAD per PCB


– Esperienza con apparecchiature di test elettriche/elettroniche

**Altre informazioni:**
-----------------------

**Cosa Offriamo**

* Retribuzione: A Partire da 40\.000€
* Percorso di crescita con formazione strutturata, personalizzata
* Corsi di lingue
* Assicurazione medica integrativa
* Welfare aziendale
* Buoni Pasto
* Programma di bonus aziendali su obiettivi

 **Sede di lavoro**: Roma","","https://it.indeed.com/cmp/Netwk","","","","","","","","","","","","","selezione personale"
"in-7cc866a42c1e8e5a","indeed","https://it.indeed.com/viewjob?jk=7cc866a42c1e8e5a","https://zinrec.intervieweb.it/annunci.php?l=addettoa-pulizia-zona-monterotondo-rm-145748&lang=it&d=indeed&LAC=manuelbregolin","ADDETTO/A PULIZIA ZONA MONTEROTONDO (RM)","NETwk","Monterotondo, LAZ, IT","2026-08-13","","","","","","",False,"","","","","Siamo un'azienda italiana operante nella ricerca e selezione del personale che si occupa di soddisfare le necessità dei clienti offrendo servizi personalizzati.

  

  

**Posizione:**
--------------

Impresa di servizi ricerca per ampiamento del proprio organico addetti al servizio pulizie in zona Monterotondo (Roma) e zone limitrofe per proprio appalto presso un supermercato.


L’orari sono dalle 06\.00 alle 08\.30 da lunedì alla domenica con un giorno di riposo a rotazione.

**Requisiti:**
--------------

Si richiede esperienza specifica nel settore e disponibilità a lavorazioni a turnazioni, automuniti e residenti in zona.","","https://it.indeed.com/cmp/Netwk","","","","","","","","","","","","","selezione personale"
"in-008c976e24416c11","indeed","https://it.indeed.com/viewjob?jk=008c976e24416c11","https://zinrec.intervieweb.it/annunci.php?l=addettoa-facchino-145739&lang=it&d=indeed&LAC=manuelbregolin","Addetto/a Facchino","NETwk","Roma, LAZ, IT","2026-08-13","","","","","","",False,"","","","","Siamo un'azienda italiana operante nella ricerca e selezione del personale che si occupa di soddisfare le necessità dei clienti offrendo servizi personalizzati.

  

  

**Posizione:**
--------------

Si ricercano **addetti al servizio di facchinaggio** con il servizio per un mese in zona Casal Monastero (Roma) e successivo spostamento in zona Santa Palomba (Roma) per proprio appalto.

**Requisiti:**
--------------

Si richiede esperienza specifica nel settore e disponibilità a lavorazioni a turnazioni, automuniti e residenti in zona.

**Altre informazioni:**
-----------------------

Offresi inquadramento di legge.

 **Retribuzione:** 800,00/1\.000,00","","https://it.indeed.com/cmp/Netwk","","","","","","","","","","","","","selezione personale"
"in-a118b5f2fa3a5f6a","indeed","https://it.indeed.com/viewjob?jk=a118b5f2fa3a5f6a","https://zinrec.intervieweb.it/annunci.php?l=guardie-particolari-giurate-145760&lang=it&d=indeed&LAC=manuelbregolin","Guardie Particolari Giurate","NETwk","Roma, LAZ, IT","2026-08-13","fulltime","","","","","",False,"","","","","Siamo un'azienda italiana operante nella ricerca e selezione del personale che si occupa di soddisfare le necessità dei clienti offrendo servizi personalizzati.

  

  

**Posizione:**
--------------

Per la azienda cliente ricerchiamo **2 Guardie Particolari Giurate (GPG)**

  

La persona sarà inserita all’interno della Centrale Operativa e sarà dedicata ad attività di verifica e monitoraggio dei siti clienti, con particolare riguardo alle attività di videosorveglianza ed antintrusione. Le attività prevedono la ricezione contemporanea degli allarmi, provenienti da diversi gestionali e Software, da analizzare e gestire allo scopo di sventare le reali intrusioni. Qualora la situazione lo richiedesse verrebbero attivati i servizi di piantonamento e monitoraggio in tutte le fasi di gestione fino al ripristino della sicurezza del sito.

  

Si specifica che l’attività viene svolta in un ambiente isolato ed è richiesta una elevata capacità di concentrazione per interpretare correttamente la natura dei segnali. Inoltre, è richiesta una prontezza di gestione che deve garantire accuratezza e tempestività al fine di sventare situazioni pericolose e di furto.


Completano il profilo la capacità di dialogo e lavoro in squadra e il rispetto delle procedure, le disposizioni e le gerarchie aziendali.

 **Responsabilità principali:**

* Monitoraggio dei Software gestionali e analisi degli allarmi
* Gestione della presunta intrusione nel rispetto delle procedure aziendali
* Attivazione, ove necessario, del servizio del piantonamento
* Gestione delle varie fasi di verifica fisica sul sito
* Aggiornamento intervento
* Aggiornamento dei vari stakeholder
* Redazione documentale

**Requisiti:**
--------------

**Requisiti obbligatori**

* Decreto prefettizio in corso di validità
* Titoli autorizzativi e porto d’armi conformi al TULPS
* Patente di guida categoria B
* Disponibilità al lavoro su turni h24 (ciclo 6\+1\+1\)

 **Requisiti preferenziali**

* Conoscenza e utilizzo di software dedicati alla sicurezza/vigilanza (DUNIA, SICEP)
* Esperienza nella gestione di sistemi di allarme e videosorveglianza
* Esperienza pregressa in servizi di pattugliamento
* Esperienza pregressa presso una Centrale Operativa
* Buone competenze informatiche di base

 **Soft Skills:**

* Affidabilità operativa (puntualità, rispetto procedure, qualità della reportistica)
* Capacità di gestione dello stress e delle emergenze
* Spirito di osservazione e Problem solving

**Titolo di studi:**


Diploma di scuola superiore, preferibilmente ad indirizzo tecnico

**Altre informazioni:**
-----------------------

Sede di lavoro: RM


Orario Full Time su **Turnazione h24 su ciclo 6\+1\+1** (inclusi notturni e festivi)


Contratto a Tempo Determinato o a tempo Indeterminato in base all’esperienza del candidato/a.


Livello di inquadramento: V\-III CCNL Vigilanza privata e Servizi Fiduciari, in funzione delle competenze tecniche maturate e livello di esperienza.","","https://it.indeed.com/cmp/Netwk","","","","","","","","","","","","","selezione personale"
"in-556d5a3970ead51d","indeed","https://it.indeed.com/viewjob?jk=556d5a3970ead51d","https://zinrec.intervieweb.it/annunci.php?l=sap-vim-consultant-145753&lang=it&d=indeed&LAC=manuelbregolin","SAP VIM Consultant","NETwk","Roma, LAZ, IT","2026-08-13","fulltime","","","","","",True,"","","","","Siamo un'azienda italiana operante nella ricerca e selezione del personale che si occupa di soddisfare le necessità dei clienti offrendo servizi personalizzati.

  

  

**Posizione:**
--------------

Ricerchiamo un **Consulente SAP VIM** con esperienza di livello middle per un progetto in ambito consulenza. La risorsa sarà coinvolta in attività di implementazione e supporto del modulo SAP VIM, contribuendo all’ottimizzazione dei processi di gestione delle fatture elettroniche e documenti digitali.

 **Principali attività**

* Implementazione e configurazione del modulo SAP VIM
* Supporto alle attività di integrazione con i moduli SAP FI e AP
* Gestione dei processi di fatturazione elettronica e documenti digitali (E\-Document)
* Collaborazione con il team di progetto per l’analisi funzionale e tecnica
* Supporto agli utenti finali e predisposizione della documentazione tecnica

**Requisiti:**
--------------

**Competenze Primarie**

* Esperienza consolidata su SAP VIM

**Competenze Secondarie**

* Conoscenza di SAP FI e SAP AP
* Esperienza in Fatturazione Elettronica
* Familiarità con E\-Document

**Lingue Richieste**

* Italiano

**Altre informazioni:**
-----------------------

**Tipologia di ingaggio:**

* Modalità di lavoro: Full Remote
* Durata: Dal 29/06/2026 – a progetto
* Impegno: Fulltime","","https://it.indeed.com/cmp/Netwk","","","","","","","","","","","","","selezione personale"
"in-db9ae38b07e31bf3","indeed","https://it.indeed.com/viewjob?jk=db9ae38b07e31bf3","https://zinrec.intervieweb.it/annunci.php?l=expert-business-associate-fluent-in-english-and-italian-145729&lang=it&d=indeed&LAC=manuelbregolin","Expert business associate fluent in English and Italian","NETwk","Roma, LAZ, IT","2026-08-13","","","","","","",False,"","","","","Siamo un'azienda italiana operante nella ricerca e selezione del personale che si occupa di soddisfare le necessità dei clienti offrendo servizi personalizzati.

  

  

**Posizione:**
--------------

Azienda cliente è alla ricerca di una persona dinamica e motivata, con buona esperienza in marketing internazionale che si unisca al loro team.

  

Responsabilità del ruolo:

* Supporto e coordinamento del team di vendite e al CEO nella gestione dei contatti con clienti inbound/outbound e gestione delle informazioni mediante Excel avanzato e database relazionale
* Analisi dati e creazione di report a supporto delle varie funzioni aziendali
* Redazione documenti di vendita e prima nota

**Requisiti:**
--------------

Requisiti:

* Ottima padronanza di italiano e inglese, molto gradita conoscenza della lingua francese e/o spagnola
* Utilizzo evoluto del pacchetto Office, Excel in particolare
* Ottime capacità organizzative, comunicative e di collaborazione in team
* Buone capacità di analisi di dati
* Molto apprezzata la dimestichezza con social media e software multimediale","","https://it.indeed.com/cmp/Netwk","","","","","","","","","","","","","selezione personale"
"in-0e6ab10638ed5045","indeed","https://it.indeed.com/viewjob?jk=0e6ab10638ed5045","https://inrec.intervieweb.it/annunci.php?l=operatore-elettrotermico-246959&lang=it&d=indeed&LAC=ntw","Operatore Elettrotermico","NTWK","Roma, LAZ, IT","2026-08-13","","","","","","",False,"","","","","NTWK, azienda italiana operante nella ricerca e selezione del personale, si occupa di soddisfare le necessità dei clienti offrendo servizi personalizzati.

  

  

**Posizione:**
--------------

Ricerchiamo un profilo da formare/con esperienza come **Operatore Elettrotermico** per attività di installazione manutenzione e gestione impianti termici, elettrici e di condizionamento.

 **La risorsa si occuperà di:**

* Installazione impianti elettro/termo/idraulici.
* Manutenzione impianti elettro/termo/idraulici.
* Gestione delle Lavorazioni in cantiere.
* Supporto tecnico operativo.

**Requisiti:**
--------------

**Requisiti richiesti:**

* Conoscenze elettriche complete e termiche, idrauliche di base.
* Attenzione al dettaglio e affidabilità.
* Capacità organizzativa e gestione autonoma delle attività.
* Problem solving operativo.
* Riservatezza e rispetto delle procedure.

 **Formazione:**

* Richiesto titolo di studio minimo: Diploma preferibilmente indirizzo Tecnico / Scientifico.

**Altre informazioni:**
-----------------------

**Si offre/Tipo di contratto:**

  

* Contratto a tempo determinato / indeterminato.
* Contratto con orario: 7:00 – 16:00 con pausa pranzo di 1 h.
* Sede di lavoro: Via dei Bichi 14 – 00164 Roma.","","https://it.indeed.com/cmp/Ntwk","","","","","","","","","","","","","selezione personale"
"in-658ebc5ae457ac34","indeed","https://it.indeed.com/viewjob?jk=658ebc5ae457ac34","https://inrec.intervieweb.it/annunci.php?l=operatore-dufficio-con-competenze-informatiche-e-cad-246951&lang=it&d=indeed&LAC=ntw","Operatore d’ufficio con competenze informatiche e CAD","NTWK","Roma, LAZ, IT","2026-08-13","","","","","","",False,"","","","","NTWK, azienda italiana operante nella ricerca e selezione del personale, si occupa di soddisfare le necessità dei clienti offrendo servizi personalizzati.

  

  

**Posizione:**
--------------

Ricerchiamo un profilo ambosesso da formare/con esperienza come **Operatore d’ufficio con competenze informatiche e CAD**, incaricato di inserimento dati, gestione documentale e utilizzo di Word ed Excel . Si occupa inoltre della predisposizione e gestione delle pratiche VVF e INAIL, garantendo precisione e rispetto delle procedure.

 **La risorsa si occuperà di:**

* Compilazione, aggiornamento e gestione delle pratiche VVF (SCIA antincendio, rinnovi,
* integrazioni documentali, rapporti con enti).
* Gestione delle pratiche INAIL (denunce, comunicazioni, aggiornamenti, portale INAIL).
* Elaborazione di disegni grafici CAD 2d ad integrazione della documentazione VVF e INAIL
* Redazione e formattazione di documenti tramite Microsoft Word.
* Gestione e aggiornamento di fogli Excel per elaborazioni ripartizioni, monitoraggio scadenze, registri, anagrafiche e report.
* Archiviazione digitale ordinata e conforme alle procedure interne.
* Comunicazioni con enti e professionisti.
* Supporto generale all’ufficio tecnico/amministrativo

**Requisiti:**
--------------

**Requisiti richiesti:**

* Ottima conoscenza del pacchetto Microsoft Office, in particolare:
* Word (impaginazione, modelli, gestione documenti formali).
* Excel (tabelle, filtri, formule base, gestione dati).
* Conoscenza base CAD 2d.
* Capacità di compilare modulistica tecnica e amministrativa.
* Riservatezza e rispetto delle procedure.
* Capacità di lavorare in team.

 **Formazione:**

**Richiesto titolo di studio minimo:** Diploma preferibilmente indirizzo Tecnico / Scientifico oppure laurea o laurea breve.

**Altre informazioni:**
-----------------------

**Si offre /Tipo di contratto:** contratto a tempo indeterminato.

 **Contratto con orario:** 8:00 – 13:00 / 14:00 – 17:00\.

 **Sede di lavoro:** Via dei Bichi 14 – 00164 Roma.","","https://it.indeed.com/cmp/Ntwk","","","","","","","","","","","","","selezione personale"
"in-dd239387278429d2","indeed","https://it.indeed.com/viewjob?jk=dd239387278429d2","https://inrec.intervieweb.it/annunci.php?l=impiegatoa-tecnico-di-cantiere-246892&lang=it&d=indeed&LAC=ntw","Impiegato/a Tecnico di Cantiere","NTWK","Roma, LAZ, IT","2026-08-13","","","","","","",False,"","","","","NTWK, azienda italiana operante nella ricerca e selezione del personale, si occupa di soddisfare le necessità dei clienti offrendo servizi personalizzati.

  

  

**Posizione:**
--------------

Azienda cliente ricerca una risorsa da inserire nel proprio organico con il ruolo di **Impiegato/a Tecnico di Cantiere**, che supporterà le attività tecniche e organizzative legate alla gestione dei cantieri.

**Requisiti:**
--------------

**Requisiti richiesti**

* Diploma di scuola superiore con indirizzo Geometra.
* Esperienza di almeno 10 anni nella mansione.
* Patente di guida in corso di validità.
* Automunito/a.
* Residenza a Roma.

**Altre informazioni:**
-----------------------

**Sede di lavoro**

* Roma

**Tipologia contrattuale**

* Contratto di lavoro a tempo determinato, con condizioni economiche commisurate all’esperienza e alle competenze del candidato.

**Retribuzione**

* Come da CCNL di riferimento.","","https://it.indeed.com/cmp/Ntwk","","","","","","","","","","","","","selezione personale"
"in-40cea7d353af10b2","indeed","https://it.indeed.com/viewjob?jk=40cea7d353af10b2","https://zinrec.intervieweb.it/annunci.php?l=tecnico-junior-per-sviluppo-circuiti-145642&lang=it&d=indeed&LAC=manuelbregolin","Tecnico junior per sviluppo circuiti","NETwk","Roma, LAZ, IT","2026-08-12","","","","","","",False,"","","","","Siamo un'azienda italiana operante nella ricerca e selezione del personale che si occupa di soddisfare le necessità dei clienti offrendo servizi personalizzati.

  

  

**Posizione:**
--------------

Nel ruolo di tecnico junior dedicato alla progettazione RF ti occuperai di:

  

sviluppare soluzioni per circuiti operanti in radiofrequenza e microonde, seguirne la realizzazione e svolgere attività di misura e verifica; lavorare su schemi elettrici e relative revisioni tecniche; produrre disegni ingegneristici di schede elettroniche tramite strumenti CAD, destinati alla realizzazione di dispositivi innovativi.

  

Sarai parte attiva di un gruppo di lavoro progettuale, collaborando con specialisti dell’area meccanica e dei sistemi embedded per la creazione di sistemi complessi e tecnologicamente avanzati. Avrai inoltre modo di acquisire competenze nell’uso della strumentazione di laboratorio.

  

Con il tempo svilupperai autonomia nella gestione delle attività e approfondirai sia aspetti tecnici sia organizzativi del lavoro.

  

L’obiettivo è valorizzare al massimo le tue capacità all’interno di un team focalizzato sulla progettazione di circuiti e sistemi per telecomunicazioni.

**Requisiti:**
--------------

**Il profilo ideale possiede:**

* Laurea in Ingegneria Elettronica con votazione non inferiore a 90/100
* Conoscenze di base e applicate nell’ambito delle microonde: linee di trasmissione, adattamento d’impedenza, progettazione di amplificatori e filtri RF
* Familiarità con strumenti di misura elettronica come oscilloscopio e analizzatore di spettro
* Lingua inglese a livello A2


Costituisce elemento preferenziale l’utilizzo di software di simulazione per circuiti a microonde (ad esempio PathWave ADS, Microwave Office, Allegro)

**Altre informazioni:**
-----------------------

**Cosa offriamo:**

  

* Percorso di sviluppo professionale
* Buoni pasto
* Copertura sanitaria integrativa
* Sistema di welfare aziendale
* Incentivi legati al raggiungimento di obiettivi

**Sede di lavoro:** Roma","","https://it.indeed.com/cmp/Netwk","","","","","","","","","","","","","selezione personale"
"in-a0d4b0443e198e7a","indeed","https://it.indeed.com/viewjob?jk=a0d4b0443e198e7a","https://zinrec.intervieweb.it/annunci.php?l=impiegatao-amministrativao-145640&lang=it&d=indeed&LAC=manuelbregolin","Impiegata/o amministrativa/o","NETwk","Roma, LAZ, IT","2026-08-12","fulltime","","","","","",False,"","","","","Siamo un'azienda italiana operante nella ricerca e selezione del personale che si occupa di soddisfare le necessità dei clienti offrendo servizi personalizzati.

  

  

**Posizione:**
--------------

Per ampliamento organico, ricerchiamo un profilo con esperienza da inserire come **Impiegata/o amministrativa/o.**

  

La risorsa si occuperà della gestione della documentazione amministrativa di cantiere.

**Requisiti:**
--------------

**Requisiti**

* Esperienza nella gestione di FIR, RENTRI e documentazione di cantiere.
* Ottima conoscenza del pacchetto Office (Excel, Word, Outlook).
* Capacità organizzative.
* Autonomia.
* Automunito/a.
* Diploma di scuola superiore.

**Altre informazioni:**
-----------------------

**Cosa offriamo**

* Contratto CCNL Metalmeccanica Industria.
* Full Time dal lunedì al venerdì.
* No turni.
* Possibilità di stabilizzazione.
* Retribuzione commisurata all’esperienza.

**Sedi di lavoro:** Roma e Civitavecchia","","https://it.indeed.com/cmp/Netwk","","","","","","","","","","","","","selezione personale"
"in-479fe6dfe770033e","indeed","https://it.indeed.com/viewjob?jk=479fe6dfe770033e","https://zinrec.intervieweb.it/annunci.php?l=ricerca-operatore-operatrice-delligiene-ambientale-145622&lang=it&d=indeed&LAC=manuelbregolin","Ricerca Operatore / Operatrice dell'Igiene Ambientale","NETwk","Roma, LAZ, IT","2026-08-12","","","","","","",False,"","","","","Siamo un'azienda italiana operante nella ricerca e selezione del personale che si occupa di soddisfare le necessità dei clienti offrendo servizi personalizzati.

  

  

**Posizione:**
--------------

Società specializzata nel settore del cleaning seleziona nuove figure professionali da integrare nel proprio gruppo di lavoro per la gestione di una commessa locale.

**Requisiti:**
--------------

Competenze ed elementi necessari:

  

* Pregressa attività professionale nella manutenzione e sanificazione dei locali.
* Flessibilità a operare su fasce orarie articolate e alternate.
* Possesso di un veicolo proprio per il raggiungimento della sede operativa.
* Domicilio o dimora nelle immediate vicinanze dell'area d'impiego.

**Altre informazioni:**
-----------------------

Cosa viene garantito:

  

* Regolare inserimento contrattuale secondo i termini della normativa vigente.","","https://it.indeed.com/cmp/Netwk","","","","","","","","","","","","","selezione personale"
"in-7f110fa187c661c2","indeed","https://it.indeed.com/viewjob?jk=7f110fa187c661c2","https://zinrec.intervieweb.it/annunci.php?l=aiuto-progettista-cad-145448&lang=it&d=indeed&LAC=manuelbregolin","Aiuto progettista CAD","NETwk","Roma, LAZ, IT","2026-08-11","","","","","","",False,"","","","","Siamo un'azienda italiana operante nella ricerca e selezione del personale che si occupa di soddisfare le necessità dei clienti offrendo servizi personalizzati.

  

  

**Posizione:**
--------------

Siamo alla ricerca di una figura per la posizione di **aiuto progettista – operatore CAD**.

  

La risorsa deve avere conoscenza dei seguenti campi:


– Circuiti Elettronici in applicazioni analogiche e digitali;


– Tecnologia dei componenti elettronici;


– Tecnologia dei materiali applicati all’elettronica;


– Tecniche di sviluppo dei circuiti stampati;


– Sistemi CAD per il disegno tecnico (AutoCad, Inventor, OrCad, Altium, Mentor Graphics, etc);


– Tecniche ed interfacce di comunicazione (RS232, RS422, LVDS, Ethernet etc.);


– Tecniche e tools di Simulazione di circuiti digitali e analogici (i.e. Spice, MicroCap, etc.);

**Requisiti:**
--------------

**Requisiti**:


– Laurea Triennale in Ing. Elettronica o dell’Informazione, Fisica ad indirizzo Teorico Generale


– è considerato titolo preferenziale la conoscenza della lingua inglese

**Altre informazioni:**
-----------------------

**Sede di lavoro**: Roma, Polo Tecnologico Tiburtino","","https://it.indeed.com/cmp/Netwk","","","","","","","","","","","","","selezione personale"
"in-807a6dd93035ebf8","indeed","https://it.indeed.com/viewjob?jk=807a6dd93035ebf8","https://zinrec.intervieweb.it/annunci.php?l=escavatorista-145453&lang=it&d=indeed&LAC=manuelbregolin","Escavatorista","NETwk","Roma, LAZ, IT","2026-08-11","fulltime","","","","","",False,"","","","","Siamo un'azienda italiana operante nella ricerca e selezione del personale che si occupa di soddisfare le necessità dei clienti offrendo servizi personalizzati.

  

  

**Posizione:**
--------------

Per ampliamento organico, ricerchiamo un profilo con esperienza da inserire come **Escavatorista.**

  

La risorsa opererà nei cantieri stradali eseguendo scavi e movimentazione terra.

**Requisiti:**
--------------

**Requisiti**

* Patentino per macchine movimento terra.
* Almeno 2 anni di esperienza.
* Esperienza nei lavori stradali.
* Ottima dimestichezza negli scavi a sezione obbligata in ambito urbano.
* Capacità di lavorare in squadra.
* Automunito.

**Altre informazioni:**
-----------------------

**Cosa offriamo**

* Contratto CCNL Metalmeccanica Industria.
* Full Time dal lunedì al venerdì.
* No turni.
* Possibilità di stabilizzazione.
* Retribuzione commisurata all’esperienza.

**Sedi di lavoro:** Roma e Civitavecchia.","","https://it.indeed.com/cmp/Netwk","","","","","","","","","","","","","selezione personale"
"in-ae112eed17d3f690","indeed","https://it.indeed.com/viewjob?jk=ae112eed17d3f690","https://zinrec.intervieweb.it/annunci.php?l=specialista-in-sicurezza-aziendale-e-tutela-dei-lavoratori-ruolo-rspp-145424&lang=it&d=indeed&LAC=manuelbregolin","Specialista in sicurezza aziendale e tutela dei lavoratori (ruolo RSPP)","NETwk","Rocca Priora, LAZ, IT","2026-08-11","","","","","","",False,"","","","","Siamo un'azienda italiana operante nella ricerca e selezione del personale che si occupa di soddisfare le necessità dei clienti offrendo servizi personalizzati.

  

  

**Posizione:**
--------------

Si ricerca una risorsa qualificata, dinamica e orientata alla sicurezza da inserire stabilmente nel team con incarico di Addetto alla Prevenzione e Protezione, secondo quanto previsto dal D.Lgs. 81/08\.  

  



**Attività previste:**

* Individuazione e analisi delle condizioni di rischio, anche in contesti di cantiere.
* Stesura e aggiornamento del Documento di Valutazione dei Rischi aziendale.
* Ideazione e organizzazione di percorsi formativi e informativi destinati al personale.
* Illustrazione e condivisione dei programmi di formazione con le diverse aree dell’organizzazione.
* Produzione e gestione di documentazione tecnica in materia di sicurezza sul lavoro.

**Requisiti:**
--------------

**Profilo richiesto:**

* Esperienza consolidata nell’ambito della prevenzione e protezione (RSPP).
* Conoscenza approfondita della normativa vigente in materia di sicurezza sul lavoro (D.Lgs. 81/08 e regolamenti correlati).
* Capacità di analisi dei pericoli in ambienti lavorativi differenti, inclusi cantieri.
* Buone doti comunicative e relazionali.
* Attitudine collaborativa e approccio propositivo.

**Altre informazioni:**
-----------------------

**Offerta:**

* Inserimento diretto nell’organico dell’azienda.
* Contesto lavorativo strutturato, dinamico e professionale.
* Possibilità di sviluppo delle competenze e crescita nel ruolo.

 **Nota importante:** Non si valutano candidature di figure esterne (No Partita Iva).","","https://it.indeed.com/cmp/Netwk","","","","","","","","","","","","","selezione personale"
"in-30f312c49dd0c284","indeed","https://it.indeed.com/viewjob?jk=30f312c49dd0c284","https://zinrec.intervieweb.it/annunci.php?l=saldatore-con-patentino-145432&lang=it&d=indeed&LAC=manuelbregolin","Saldatore con patentino","NETwk","Roma, LAZ, IT","2026-08-11","fulltime","","","","","",False,"","","","","Siamo un'azienda italiana operante nella ricerca e selezione del personale che si occupa di soddisfare le necessità dei clienti offrendo servizi personalizzati.

  

  

**Posizione:**
--------------

Per ampliamento organico, ricerchiamo un profilo da inserire come **Saldatore.**

  

La risorsa si occuperà di:

* Eseguire saldature su reti e impianti.
* Operare nel rispetto degli standard qualitativi e di sicurezza.
* Collaborare con la squadra di cantiere.

**Requisiti:**
--------------

**Requisiti**

* Patentino di saldatura (preferibilmente in corso di validità).
* Esperienza nelle saldature Citoflex a radiografia, polietilene e ossiacetilene.
* Capacità di lavorare in squadra.
* Autonomia operativa.
* Automunito.

**Altre informazioni:**
-----------------------

**Cosa offriamo**

* Contratto CCNL Metalmeccanica Industria.
* Full Time, 40 ore settimanali dal lunedì al venerdì.
* No turni.
* Possibilità di stabilizzazione.
* Retribuzione commisurata all’esperienza.

**Sedi di lavoro:** Roma e Civitavecchia.","","https://it.indeed.com/cmp/Netwk","","","","","","","","","","","","","selezione personale"
"in-d6e9ef52d7f464ff","indeed","https://it.indeed.com/viewjob?jk=d6e9ef52d7f464ff","https://zinrec.intervieweb.it/annunci.php?l=specialista-data-science-145414&lang=it&d=indeed&LAC=manuelbregolin","Specialista Data Science","NETwk","Roma, LAZ, IT","2026-08-11","","","","","","",False,"","","","","Siamo un'azienda italiana operante nella ricerca e selezione del personale che si occupa di soddisfare le necessità dei clienti offrendo servizi personalizzati.

  

  

**Posizione:**
--------------

Società attiva nel settore Information Technology dal 1995 è alla ricerca urgente di una figura di Data Science con competenze su piattaforme AWS.

  

La posizione ha sede di riferimento a Roma, ma le attività lavorative si svolgeranno completamente da remoto.

**Requisiti:**
--------------

**Competenze richieste:**

* Programmazione in Python con attenzione a paradigmi OOP, buone pratiche di sviluppo, testing e documentazione del codice
* Analisi e trasformazione dei dati ed esplorazione preliminare tramite strumenti come numpy, pandas, polars e Jupyter Notebook
* Tecniche di machine learning tradizionale per problemi di previsione e clustering, con utilizzo di scikit\-learn
* Solida preparazione in ambito statistico e capacità di valutazione dei modelli
* Tecniche di interpretazione dei modelli di machine learning tramite strumenti dedicati all’explainability
* Gestione e interrogazione di database relazionali tramite SQL
* Elaborazione di dati su larga scala con PySpark
* Esperienza su servizi AWS, in particolare Amazon SageMaker Studio
* Pratiche MLOps: gestione versioning, rilascio, monitoraggio e deploy di modelli in ambienti produttivi

**Requisiti preferenziali:**

* Esperienza nell’utilizzo di ambienti cloud per sviluppo, training e gestione dei modelli
* Familiarità con sistemi di versionamento (Git), processi CI/CD e strumenti Atlassian in contesti Agile
* Capacità di tradurre esigenze di business in soluzioni analitiche autonome","","https://it.indeed.com/cmp/Netwk","","","","","","","","","","","","","selezione personale"
"in-407e874af2d1889f","indeed","https://it.indeed.com/viewjob?jk=407e874af2d1889f","https://inrec.intervieweb.it/annunci.php?l=addetti-pulizie-presso-supermercato-romacasal-del-marmo-246634&lang=it&d=indeed&LAC=ntw","Addetti pulizie presso Supermercato - Roma/Casal del Marmo","NTWK","Roma, LAZ, IT","2026-08-11","","","","","","",False,"","","","","NTWK, azienda italiana operante nella ricerca e selezione del personale, si occupa di soddisfare le necessità dei clienti offrendo servizi personalizzati.  



  

**Posizione:**
--------------

Impresa di servizi ricerca per ampiamento del proprio organico **addetti al servizio pulizie** in zona Casal del Marmo (Roma) per proprio appalto/Supermercato.

**Requisiti:**
--------------

Si richiede esperienza specifica nel settore e disponibilità a lavorazioni a turnazioni comprese le domeniche;

**Altre informazioni:**
-----------------------

* orario dalle 05:30/08:30 e 14:30\-18:30;
* automuniti e residenti in zona.
* Offresi inquadramento di legge.
* Retribuzione: 1000/1100","","https://it.indeed.com/cmp/Ntwk","","","","","","","","","","","","","selezione personale"
"in-d16f6b1d9c7505bb","indeed","https://it.indeed.com/viewjob?jk=d16f6b1d9c7505bb","https://inrec.intervieweb.it/annunci.php?l=addettoa-controllo-qualita-246549&lang=it&d=indeed&LAC=ntw","Addetto/a Controllo Qualità","NTWK","Roma, LAZ, IT","2026-08-10","","","","","","",False,"","","","","NTWK, azienda italiana operante nella ricerca e selezione del personale, si occupa di soddisfare le necessità dei clienti offrendo servizi personalizzati.

  

  

**Posizione:**
--------------

Per azienda specializzata nella produzione di componenti elettromeccanici e quadri di manovra per ascensori, si ricerca un/a **Addetto/a al Controllo Qualità Produzione.**

  

La figura si occuperà del controllo qualità dei prodotti in fase di lavorazione e assemblaggio, sia meccanici che elettronici, e dell’analisi degli scarti produttivi per contribuire alla riduzione delle difettosità.

 **Responsabilità principali:**

* Eseguire controlli qualità visivi, dimensionali e funzionali su prodotti meccanici ed elettronici durante le fasi di produzione.
* Registrare e classificare le non conformità riscontrate durante il processo produttivo.
* Analizzare gli scarti di produzione per individuare le cause di difettosità.
* Collaborare con la produzione e il reparto tecnico per proporre azioni correttive.
* Utilizzare strumenti di misura e apparecchiature di collaudo per il controllo qualità.
* Redigere report giornalieri/settimanali relativi a controlli e scarti.
* Supportare le attività di miglioramento continuo e mantenimento degli standard qualitativi.
* Garantire il rispetto delle procedure operative e delle normative di qualità aziendali.

**Requisiti:**
--------------

**Requisiti richiesti:**

* Diploma tecnico (meccanico, elettronico, elettrotecnico) o esperienza equivalente.
* Esperienza pregressa nel controllo qualità in ambito produttivo (meccanico/elettronico).
* Esperienza pregressa in laboratori per analisi difettosità di componenti elettromeccanici
* Capacità di lettura del disegno tecnico e schemi elettrici.
* Conoscenza e uso di strumenti di misura (calibro, micrometro, multimetro, oscilloscopio, ecc.).
* Buona capacità di analisi e attenzione al dettaglio.
* Precisione, autonomia operativa e capacità di lavorare in team.
* Buona conoscenza di Excel e strumenti informatici per la registrazione dei dati.
* Buona conoscenza della lingua inglese

**Altre informazioni:**
-----------------------

**Sede di lavoro:** Pomezia (RM)","","https://it.indeed.com/cmp/Ntwk","","","","","","","","","","","","","addetto selezione"
"li-4402150399","linkedin","https://www.linkedin.com/jobs/view/4402150399","","Associate Tenders & Contracts Specialist (Temporary)","Stryker","Rome, Latium, Italy","2026-08-10","","","","","","",False,"","","","","","","https://www.linkedin.com/company/stryker","","","","","","","","","","","","","addetto selezione"
"li-4451184527","linkedin","https://www.linkedin.com/jobs/view/4451184527","","Impiegato/a Risorse Umane - Gestione del Personale","Blue consulting","Rome, Latium, Italy","2026-08-10","","","","","","",False,"","","","","","","https://www.linkedin.com/company/blue-consulting1","","","","","","","","","","","","","addetto selezione"
