"id","site","job_url","job_url_direct","title","company","location","date_posted","job_type","salary_source","interval","min_amount","max_amount","currency","is_remote","job_level","job_function","listing_type","emails","description","company_industry","company_url","company_logo","company_url_direct","company_addresses","company_num_employees","company_revenue","company_description","skills","experience_range","company_rating","company_reviews_count","vacancy_count","work_from_home_type","search_term"
"in-8c75fb3880a623c4","indeed","https://it.indeed.com/viewjob?jk=8c75fb3880a623c4","https://jsv3.recruitics.com/redirect?rx_cid=3436&rx_jobId=R-01281651_1003_rxr-5&rx_url=https%3A%2F%2Fjobs.thermofisher.com%2Fglobal%2Fen%2Fjob%2FR-01281651%2FAssociate-Medical-Director-Neurology%3Frx_a%3D0%26rx_c%3D%26rx_ch%3Djobp4p%26rx_group%3D123525%26rx_id%3D9a2322c7-7de2-11f0-b30b-7b5836f1bf8f%26rx_job%3DR-01281651_1003_rxr-5%26rx_medium%3Dcpc%26rx_r%3Dnone%26rx_source%3Dindeed%26rx_ts%3D20260806T080407Z%26rx_vp%3Dcpc%26utm_medium%3Dppc%26utm_source%3Drecruitics_indeedorganic","(Associate) Medical Director - Neurology","Thermo Fisher Scientific","Milano, LOM, IT","2025-08-20","fulltime","","","","","",False,"","","","","**Work Schedule**


Standard (Mon\-Fri)**Environmental Conditions**


Office**Job Description**


At Thermo Fisher Scientific, you’ll discover meaningful work that makes a positive impact on a global scale. Join our colleagues in bringing our Mission to life \- enabling our customers to make the world healthier, cleaner and safer. We provide our teams with the resources needed to achieve individual career goals while taking science a step beyond through research, development and delivery of life\-changing therapies. With clinical trials conducted in 100\+ countries and ongoing development of novel frameworks for clinical research through our PPD clinical research portfolio, our work spans laboratory, digital and decentralized clinical trial services. Your determination to deliver quality and accuracy will improve health outcomes that people and communities depend on – now and in the future.

**Discover Impactful Work:**


The (Associate) Medical Director will provide medical support and medical advice for clinical trials and safety evaluation within the Pharmacovigilance department.

**A day in the Life:**

* Provide medical leadership to the study teams, including creating clinical trial protocols while implementing the latest scientific information, contribute to site selection, involved in review and approval of study protocols and amendments, Clinical Study Reports (CSRs), Informed Consent Forms (ICFs), Case Report Forms (CRFs), protocol deviation decisions and other clinical documents as required for the conduct of clinical trials
* Real time Medical Monitoring of clinical studies: ensure medical validity of each individual primary endpoint as well study subject safety, while ensuring medical issues are identified early. Pro\-active customer concern and correction of issues in consultation with the Global Medical Indication Lead
* During initial review of protocol, consults with internal groups and support staff regarding procedural and budgetary items and the necessity for change due to any subsequent protocol amendments. Acquires other functions’ dedication to close gaps and address issues timely and effectively. Serves as chief liaison between sponsor and all PPD, part of Thermo Fisher Scientific internal departments performing the required tasks during all study phases. Educates Investigator sites by delivering a protocol specific lab procedures presentation and demonstration during an investigator meeting. Controls, handles and follows day to day activities during the course of the clinical trial to resolve any issues and answer queries
* Medical point of contact for all internal and external stakeholders: Interact with the investigators as needed, answer questions of IRBs and Health Authorities, prepare and present material to the study executive and independent safety committee if applicable; medical training of site staff at Investigator meetings; CRA training in new indications
* Ensure study compliance for all medical aspects by understanding and applying all relevant SOPs and GCP
* Closely collaborate with the cross functional study team members in order for medical risks, issues, and results to be clear to all involved parties

**Education**

* MD, MB/BS or equivalent degree and strong medical knowledge, shown clinical experience running Neurology patients in hospital practice.
* Epileptology experience would be an advantage

**Knowledge, Skills, Abilities**

* Significant experience within pharmaceutical industry, clinical trials and pharmaceutical medicine is critically important
* Is fluent in spoken and written English
* Shown understanding and experience with NDA submission process.
* Shown understanding of regulatory guidelines for adverse event reporting
* Strong communication \& presentation skills and is a strong teammate


Our Mission is to enable our customers to make the world healthier, cleaner and safer. Watch as our colleagues explain 5 reasons to work with us. As one team of 100,000\+ colleagues, we share a common set of values \- Integrity, Intensity, Innovation and Involvement \- working together to accelerate research, solve complex scientific challenges, drive technological innovation and support patients in need. \#StartYourStory with PPD, part of Thermo Fisher Scientific, where diverse experiences, backgrounds and perspectives are valued.

**Apply today! http://jobs.thermofisher.com**


Thermo Fisher Scientific is an EEO/Affirmative Action Employer and does not discriminate on the basis of race, color, religion, sex, sexual orientation, gender identity, national origin, protected veteran status, disability or any other legally protected status.","Industrial Manufacturing","https://it.indeed.com/cmp/Thermo-Fisher-Scientific","https://d2q79iu7y748jz.cloudfront.net/s/_squarelogo/256x256/65bd2e4bebb79b1432ac3277ffd57ae7","https://www.thermofisher.com/","168 Third Avenue, Waltham, MA USA 02451","10,000+","more than $10B (USD)","At Thermo Fisher Scientific, our professionals develop critical solutions—and build rewarding careers.","","","","","","","medical science liaison"
"li-4448954052","linkedin","https://www.linkedin.com/jobs/view/4448954052","","CRA (Level II)","Thermo Fisher Scientific","Milan, Lombardy, Italy","2026-08-05","","","","","","",False,"","","","","","","https://www.linkedin.com/company/thermo-fisher-scientific","","","","","","","","","","","","","medical science liaison"
"li-4446213945","linkedin","https://www.linkedin.com/jobs/view/4446213945","","Medical Science Liaison, North Italy","argenx","Milan, Lombardy, Italy","2026-08-03","","","","","","",False,"","","","","","","https://www.linkedin.com/company/argenx","","","","","","","","","","","","","medical science liaison"
"li-4438258898","linkedin","https://www.linkedin.com/jobs/view/4438258898","","Scientific Relation Manager Oncology - North of Italy","Kyowa Kirin International plc.","Milan, Lombardy, Italy","2026-07-30","","","","","","",False,"","","","","","","https://uk.linkedin.com/company/kyowa-kirin-international-plc.","","","","","","","","","","","","","medical science liaison"
"li-4446746491","linkedin","https://www.linkedin.com/jobs/view/4446746491","","Medical Monitor (Gastroenterology)","PSI CRO","Milan, Lombardy, Italy","2026-07-30","","","","","","",False,"","","","","","","https://ch.linkedin.com/company/psi-cro-ag","","","","","","","","","","","","","medical science liaison"
"li-4409949685","linkedin","https://www.linkedin.com/jobs/view/4409949685","","Clinical Research Associate, Site Management - Italy","IQVIA","Milan, Lombardy, Italy","2026-07-30","","","","","","",False,"","","","","","","https://www.linkedin.com/company/iqvia","","","","","","","","","","","","","medical science liaison"
"li-4438270444","linkedin","https://www.linkedin.com/jobs/view/4438270444","","Clinical Research Associate","ICON Strategic Solutions","Milan, Lombardy, Italy","2026-07-30","","","","","","",False,"","","","","","","https://uk.linkedin.com/company/icon-strategic-solutions","","","","","","","","","","","","","medical science liaison"
"li-4447054220","linkedin","https://www.linkedin.com/jobs/view/4447054220","","Clinical Research Associate II - Full Service Operations Model - Italy","Fortrea","Milan, Lombardy, Italy","2026-07-30","","","","","","",False,"","","","","","","https://www.linkedin.com/company/fortrea","","","","","","","","","","","","","medical science liaison"
"li-4449649769","linkedin","https://www.linkedin.com/jobs/view/4449649769","","Clinical Research Associate & CRA Supervisor EMEA (50/50)","Teleflex","Milan, Lombardy, Italy","","","","","","","",False,"","","","","","","https://www.linkedin.com/company/teleflex","","","","","","","","","","","","","medical science liaison"
"li-4449494122","linkedin","https://www.linkedin.com/jobs/view/4449494122","","Clinical Research Associate II / Senior CRA","Barrington James","Milan, Lombardy, Italy","","","","","","","",False,"","","","","","","https://uk.linkedin.com/company/barrington-james","","","","","","","","","","","","","medical science liaison"
"li-4448171129","linkedin","https://www.linkedin.com/jobs/view/4448171129","","Global Medical Director, Electrophysiology & LAAC","Boston Scientific","Milan, Lombardy, Italy","2026-08-03","","","","","","",False,"","","","","","","https://www.linkedin.com/company/boston-scientific","","","","","","","","","","","","","medical liaison"
"li-4386883470","linkedin","https://www.linkedin.com/jobs/view/4386883470","","Sales Specialist – Tender Medical Devices","Dräger","Corsico, Lombardy, Italy","2026-08-01","","","","","","",False,"","","","","","","https://de.linkedin.com/company/draeger","","","","","","","","","","","","","medical liaison"
"li-4447093057","linkedin","https://www.linkedin.com/jobs/view/4447093057","","Sr. International Regulatory Affairs Specialist - EMEA","Agilent Technologies","Milan, Lombardy, Italy","","","","","","","",False,"","","","","","","https://www.linkedin.com/company/agilent-technologies","","","","","","","","","","","","","medical liaison"
"li-4445556185","linkedin","https://www.linkedin.com/jobs/view/4445556185","","mRNA QC Lab Coordinator","Thermo Fisher Scientific","Monza, Lombardy, Italy","2026-07-31","","","","","","",False,"","","","","","","https://www.linkedin.com/company/thermo-fisher-scientific","","","","","","","","","","","","","MSL"
"li-4448031831","linkedin","https://www.linkedin.com/jobs/view/4448031831","","Regulatory Affairs Specialist","Cosmo I Building Health Confidence","Lainate, Lombardy, Italy","","","","","","","",False,"","","","","","","https://ie.linkedin.com/company/cosmo-buildinghealthconfidence","","","","","","","","","","","","","MSL"
"in-5388106667fc0c8a","indeed","https://it.indeed.com/viewjob?jk=5388106667fc0c8a","https://careers.intuitive.com/en/jobs/744000140620359/REF25043D/key-accounts-manager/","Key Accounts Manager","Intuitive (Intuitive Surgical)","Milano, LOM, IT","2026-07-30","","","","","","",True,"","","","","* Milan, Lombardy, Italy
* Remote Available
* Sales
* REF25043D


  
### **Company Description**


It started with a simple idea: what if surgery could be less invasive and recovery less painful? Nearly 30 years later, that question still fuels everything we do at **Intuitive**. As a global leader in **robotic\-assisted surgery** and **minimally invasive care**, our technologies—like the **da Vinci surgical system** and **Ion**—have transformed how care is delivered for millions of patients worldwide.


We’re a team of engineers, clinicians, and innovators united by one purpose: to make surgery smarter, safer, and more human. Every day, our work helps care teams perform with greater precision and patients recover faster, improving outcomes around the world.


The problems we solve demand creativity, rigor, and collaboration. The work is challenging, but deeply meaningful—because every improvement we make has the potential to change a life.


If you’re ready to contribute to something bigger than yourself and help **transform the future of healthcare**, you’ll find your purpose here.


### **Job Description**


The da Vinci Key Accounts Manager plays a critical role in building and developing the installed base of da Vinci Surgical Systems within IDNs. The major responsibilities are to diagnose and provide training, sales and marketing plan in order to sell, develop and manage champions throughout a health system. This includes surgeons, hospital executives, finance, physician and corporate executives. The objective is to grow both the clinical and capital business across a health system. This responsibility will require an individual able to master and teach all aspects of the clinical and capital sales process, and be able to work throughout all levels of the company.


**Roles and Responsibilities:**


* Diagnose, build plans and execute plans in order to sell system within the listed accounts in working with Sales Directors
* Develop and sell advanced clinical pathways to enable surgeons to adopt da Vinci and improve patient outcomes
* Manage and follow up with customers on regional pricing, program and capital initiatives
* Oversee local and regional level academic training of residents in targeted accounts within IDNs in working with clinical, marketing and training team
* Collaborate with market access, Government affairs and other key Ecosystem support team members to expand access of da Vinci technology at local and regional levels
* Conduct clinical and economic value analysis (QTIs) in working with surgeons and hospitals
* Develop and execute regional commercial strategy at local and country levels
* Create and execute market\-wide strategies for all specialties
* Make executive presentations at local and corporate level
* Eventually teach all aspects of clinical and capital sales process
* Negotiate local and group sales
* Manage the development and implementation of local, regional and national sales campaigns
* Develop and expand key surgeons/customer relationships
* Plan weekly and quarterly sales activities in support of sales goals
* Travel extensively to customer sites (2\-4 days weekly with 50\+% travel) and company meetings

### **Qualifications**


**Required Knowledge, Skills, and Experience:**


* 7\+ Medical sales experience
* Knowledge of the major regional and national healthcare groups
* Excellent communication and interpersonal skills
* Clinical and Capital medical equipment sales experience
* Experience in selling new technologies and in Sales Management

  



### **Additional Information**


Intuitive is an Equal Employment Opportunity Employer. We provide equal employment opportunities to all qualified applicants and employees, and prohibit discrimination and harassment of any type, without regard to race, sex, pregnancy, sexual orientation, gender identity, national origin, color, age, religion, protected veteran or disability status, genetic information or any other status protected under federal, state, or local applicable laws.


We will consider for employment qualified applicants with arrest and conviction records in accordance with fair chance laws.


U.S. Export Controls Disclaimer: In accordance with the U.S. Export Administration Regulations (15 CFR §743\.13(b)), some roles at Intuitive Surgical may be subject to U.S. export controls for prospective employees who are nationals from countries currently on embargo or sanctions status.


Certain information you provide as part of the application will be used for purposes of determining whether Intuitive Surgical will need to (i) obtain an export license from the U.S. Government on your behalf (note: the government’s licensing process can take 3 to 6\+ months) or (ii) implement a Technology Control Plan (“TCP”) (note: typically adds 2 weeks to the hiring process).


For any Intuitive role subject to export controls, final offers are contingent upon obtaining an approved export license and/or an executed TCP prior to the prospective employee’s start date, which may or may not be flexible, and within a timeframe that does not unreasonably impede the hiring need. If applicable, candidates will be notified and instructed on any requirements for these purposes.


This position may be filled at a different job level than listed here depending on
  

business need and/or on the selected candidate’s experience, knowledge and skills.
  

Compensation will be based primarily on the job level at which the role is filled and the
  

candidate’s qualifications, consistent with applicable law.","","https://it.indeed.com/cmp/Intuitive-(intuitive-Surgical)","https://d2q79iu7y748jz.cloudfront.net/s/_squarelogo/256x256/309d44d6acb28b9c67459ac5c20e4274","","","Decline to state","Decline to state","At Intuitive, we believe that minimally invasive care is life-enhancing care. Through ingenuity and intelligent technology, we expand the potential of physicians to heal without constraints.","","","","","","","medical affairs"
"in-2fd8e62688ae11a2","indeed","https://it.indeed.com/viewjob?jk=2fd8e62688ae11a2","https://ferring.wd3.myworkdayjobs.com/en-US/Ferring/job/Milan-Italy/Senior-Product-Manager_R0038044","Senior Product Manager","Ferring Pharmaceuticals, Inc.","Milano, LOM, IT","2026-07-30","fulltime","","","","","",False,"","","","","**Job Description:**
--------------------

**Senior Product Manager – Specialty Brands**

**Join Ferring. Help Shape Better Lives.**


At Ferring Pharmaceuticals, we are driven by a shared purpose: helping people around the world build families and live better lives. As a global, research\-driven biopharmaceutical company, we combine scientific excellence with an entrepreneurial mindset to develop innovative therapies in reproductive and women's health, gastroenterology, urology, and pediatrics.

**Ferring \+ You**


We are looking for a commercially driven and strategically minded **Senior Product Manager** to lead the development and execution of marketing strategies for our Specialty Brands portfolio. Reporting to the Head of Marketing, you will play a pivotal role in shaping the future of established brands by identifying growth opportunities, translating customer insights into impactful strategies, and leading cross\-functional initiatives that drive sustainable business performance.


This role is ideal for you if you combines strong strategic thinking with hands\-on execution, thrives in a dynamic environment, and enjoys taking ownership while working collaboratively across functions; you are comfortable navigating ambiguity, adapting quickly to changing business priorities, and taking ownership of complex projects from concept to delivery and communicate effectively across all organizational levels, and build strong relationships based on trust and collaboration.

**You’re****day at Ferring**

* Strategic Planning: Design and execute the annual marketing plan and multi\-year strategic vision, in alignment with global and local business objectives.
* Operational Excellence: Manage the marketing budget, monitor performance KPIs, sales data and market trends to optimize investments and promotional campaigns.
* Portfolio Lifecycle Management: Oversee the product lifecycle, defining positioning strategies, messaging, and targeted action plans for specific audiences (hospital specialists, key prescribers, and relevant stakeholders).
* Cross\-functional Collaboration: Partner seamlessly with Sales, Medical Affairs, Market Access, and Regulatory teams to ensure coordinated and timely execution of projects in line with the strategy.
* Promotional \& Omnichannel Marketing: Develop promotional and scientific materials (both traditional and digital, focusing on quality and impact and gathering insights from the market), coordinate omnichannel initiatives, digital campaigns, and CME/scientific events.
* Stakeholder \& KOL Engagement: Proactively build and maintain high\-level scientific relationships with top clinical experts (KOLs) in gastroenterology and pediatrics, while developing and consolidating partnership with scientific societies and PAGs.
**Behind our innovation…****There’s****you**

* Degree in a Scientific discipline or Business/Management.
* 5–7 years of marketing experience within the pharmaceutical industry.
* Proven success in pharmaceutical brand management and portfolio strategy.
* Experience in Gastroenterology is strongly preferred; experience in Pediatrics, Chronic Diseases is considered an advantage.
* Fluency in Italian and English.
* Advanced level in Microsoft Excel and PowerPoint, Veeva PromoMats and Power BI.
* Strong knowledge of digital communication and omnichannel marketing.
**People come first at Ferring**

* Get inspired from our commitment to advocate for everyone’s right to build a family, no matter who you are, where you live or who you love
* Our inclusive support package – “Building Families at Ferring” provides equal and accessible policies for all employees who wish to start their family journey, ensuring a global standard, irrespective of location and role
* Parental leave for both birthing and non\-birthing parents
* Extended support on family building journey


You will join a workplace built on our *ACE Performance Drivers – Accountability,* *Collaboration, and* *Entrepreneurship* – fostering a culture of ownership, cross\-functional collaboration, results orientation, and an entrepreneurial mindset.


Making a difference in the life of millions of people means we succeed by working together. Our diverse backgrounds, experiences, expertise, and perspectives enable us to find solutions to even the most challenging problems, and our success is tied to each team member’s contributions. Imagine the power of your career when it’s Ferring \+ You.


We offer a competitive compensation package, including annual gross salary starting from **€55,000**, permanent employment under the Italian Chemical\-Pharmaceutical CCNL, Quadro A3 level. The final package will be tailored based on the candidate’s experience, qualifications, and overall fit for the role.


The offer also includes participation in the Ferring Global Bonus Plan, a comprehensive benefits package, a hybrid working model, and opportunities for continuous learning, international collaboration, and long\-term career development.

**Location:**
-------------


Ferring Italy","Pharmaceuticals","https://it.indeed.com/cmp/Ferring-Pharmaceuticals,-Inc.","https://d2q79iu7y748jz.cloudfront.net/s/_squarelogo/256x256/5132fff31da4c7f7d9086ce7c5d3c4e8","http://ferring.com.ar","","","","","","","","","","","medical affairs"
"li-4431241411","linkedin","https://www.linkedin.com/jobs/view/4431241411","","Head of Medical Affairs, Italy","Genmab","Milan, Lombardy, Italy","","","","","","","",False,"","","","","","","https://dk.linkedin.com/company/genmab","","","","","","","","","","","","","medical affairs"
"in-64f3a08049a31df4","indeed","https://it.indeed.com/viewjob?jk=64f3a08049a31df4","https://www.jobs.abbott/us/en/job/ABLAUS31157589ENUSEXTERNAL/Senior-Field-Technical-Engineer-Elettrofisiologia-Sicilia?utm_source=indeed&utm_medium=phenom-feeds","Senior Field Technical Engineer - Elettrofisiologia - Sicilia","Abbott","Milano, LOM, IT","2026-07-31","fulltime","","","","","",False,"","","","","Specialist / Senior Field Technical Engineer con 2\-5 anni di esperienza in Electrophysiology. Ho trasformato la JD interna in un annuncio più orientato al mercato.**Senior Field Technical Engineer (Electrophysiology)**
=======================================================

**Location:** Italy  

**Division:** Electrophysiology (EP)**About the Role**
------------------


We are looking for a talented and customer\-focused **Senior Field Technical Engineer** to join our Electrophysiology team in Italy.
In this role, you will provide expert clinical and technical support for advanced electrophysiology procedures, partnering closely with physicians, healthcare professionals, and commercial teams. You will play a critical role in supporting the adoption and effective use of innovative EP technologies that contribute to improving patient outcomes.
This opportunity is ideal for a Clinical Specialist or Field Technical Engineer with experience in the medical device industry who enjoys working in a dynamic clinical environment and supporting cutting\-edge technologies.**What You'll Do**
------------------

* Provide clinical and technical support during electrophysiology procedures across Italy.
* Partner with physicians and hospital teams to ensure the effective use of EP technologies and solutions.
* Deliver product demonstrations, training programs, and educational activities for healthcare professionals.
* Support clinical study enrollment and follow\-up activities when required.
* Collaborate closely with Sales, Marketing, Clinical, and Technical teams to drive customer success.
* Share procedural feedback, clinical insights, and market intelligence with internal stakeholders.
* Act as a trusted advisor to customers by identifying opportunities to improve workflow efficiency and clinical outcomes.
* Represent the company at congresses, workshops, customer meetings, and industry events.
* Ensure full compliance with company policies, quality standards, and applicable regulations.

**Who You Are**
---------------

* Degree in Biomedical Engineering, Electrical Engineering, Life Sciences, or a related scientific discipline.
* 2\-5 years of experience as a Clinical Specialist, Field Technical Engineer, or similar customer\-facing role within the medical device industry.
* Experience supporting electrophysiology procedures is strongly preferred.
* Strong technical aptitude and ability to learn complex medical technologies.
* Excellent communication and presentation skills.
* Customer\-centric mindset with a proactive approach to problem solving.
* Ability to build strong relationships with healthcare professionals and internal teams.
* Fluent in Italian and English.
* Willingness to travel extensively across Italy.

**What We Offer**
-----------------

* Opportunity to work with innovative technologies in a rapidly evolving therapeutic area.
* Exposure to leading electrophysiology centers and healthcare professionals.
* A collaborative, inclusive, and high\-performing environment.
* Continuous learning and professional development opportunities.
* Competitive compensation and benefits package.

**Diversity \& Inclusion**
--------------------------


We are committed to creating an inclusive workplace where everyone can thrive. We value diversity in all its forms and welcome applications from qualified candidates regardless of background, experiences, or perspectives. All employment decisions are based on qualifications, merit, and business needs.","","https://it.indeed.com/cmp/Abbott","https://d2q79iu7y748jz.cloudfront.net/s/_squarelogo/256x256/75bf1a6fa23927699207a21afa4f2b8d","http://www.abbott.com","Abbott Park, IL","10,000+","more than $10B (USD)","Abbott employees do work that matters as part of a global community dedicated to helping people live better and healthier with our life-changing technologies.","","","","","","","medical advisor"
"li-4446219644","linkedin","https://www.linkedin.com/jobs/view/4446219644","","Regulatory Affairs Manager","Regulatory Pharma Net - RPN","Milan, Lombardy, Italy","2026-08-03","","","","","","",False,"","","","","","","https://it.linkedin.com/company/regulatory-pharma-net-srl","","","","","","","","","","","","","medical advisor"
"li-4400173863","linkedin","https://www.linkedin.com/jobs/view/4400173863","","Senior Digital Life Science Consultant- (Regulatory Affairs)","ProductLife Group","Milan, Lombardy, Italy","2026-08-02","","","","","","",False,"","","","","","","https://fr.linkedin.com/company/productlifegroup","","","","","","","","","","","","","medical advisor"
"in-abbf3208da862ff2","indeed","https://it.indeed.com/viewjob?jk=abbf3208da862ff2","https://joblink.allibo.com/ats2/job-offer.aspx?DM=1426&ID=130803&LN=IT&SG=3&FT=10&MD=1","Product Innovation Manager","Difa Cooper S.p.A.","LOM, IT","2026-08-04","internship","","","","","",True,"","","","","Cantabria Labs Difa Cooper è la realtà italiana leader in dermatologia del gruppo farmaceutico Cantabria Labs, azienda privata spagnola di health care. L’azienda sviluppa, produce e distribuisce farmaci, cosmetici, integratori e medical device dedicati alla cura e alla salute della pelle. La nostra filosofia racchiusa in tre pilastri: Innovazione, Imprenditorialità e Vicinanza. L’attenzione al benessere delle nostre persone porta Cantabria Labs Difa Cooper a essere più volte certificata Great Place to Work Italia e Health Friendly Company!
  
  

**Scopri qualcosa in più sulla nostra realtà! Visita:** https://www.youtube.com/watch?v\=zicHwrmOUy4
  
  

**Product Innovation Manager:**  

**Cosa farai:**  

La risorsa selezionata, inserita all’interno del Dipartimento Marketing e rispondendo alla Skin Care Marketing \& Product Innovation Manager si occuperà delle seguenti attività:
  
Definire la roadmap di innovazione della categoria Skin Care in collaborazione con Marketing e Direzione.
  
Identificare trend emergenti, white spaces e nuove opportunità di mercato.
  
Analizzare competitor, benchmark internazionali e nuovi ingredienti, tecnologie e format di prodotto.
  
Costruire business case e priorità di sviluppo.
  
  

Creare e implementare piani di marketing a supporto del brand;
  
  

Realizzare materiali di supporto alle attività trade;
  
  

Organizzare e gestire eventi, coordinandosi con agenzie esterne
  
  

Gestire e ottimizzare gli investimenti di marketing;
  
  

Collaborare con l'area Digital per lo sviluppo e l’approvazione del Piano Editoriale Digitale mensile.
  
  

La figura potrà inoltre coordinare una risorsa junior in stage, supportandone il percorso di apprendimento e affiancandola nelle principali attività operative e progettuali del team.
  
  

**Chi cerchiamo:**  

Vorremmo incontrare una persona con esperienza nel marketing di prodotto in ambito dermocosmetico, healthcare o consumer health, capace di unire visione strategica e capacità operativa. Cerchiamo una persona curiosa, intraprendente e orientata al risultato, in grado di lavorare in team e contribuire allo sviluppo dei brand con spirito imprenditoriale.
  
  

**Requisiti richiesti:**  

Laurea in Marketing, Comunicazione o discipline affini;
  
  

Esperienza nel ruolo di Product/Brand Marketing Manager;
  
  

Ottima conoscenza della lingua inglese; la conoscenza dello spagnolo costituisce un plus;
  
  

Buone capacità analitiche e di lettura del mercato;
  
  

Ottime doti relazionali e di comunicazione;
  
  

**Precedente esperienza in uno o più dei seguenti settori:** dermocosmesi, skincare, consumer health.
  
  

**Cosa offriamo:**  

Si offre inserimento immediato a tempo indeterminato. La retribuzione annua lorda prevista è di € 35\.000 – € 45\.000 lordi annui (commisurata alle effettive competenze) CCNL Chimico\-Farmaceutico, \+ incentivi.
  
  

Sono previste policy di smartworking (6gg/mese), Easy Friday (mezza giornata lavorativa il venerdì), Buoni Pasto, palestra con personal trainer e bar aziendale, campo da padel interno, percorsi di formazione continua e numerose iniziative di wellbeing e team building. Contesto dinamico, innovativo e collaborativo, che valorizza la crescita personale e professionale.
  
  

Vuoi sapere com’è lavorare in Cantabria Labs Difa Cooper? Scoprilo qui! e seguici su Linkedin!
  
  

**Luogo di lavoro:** Caronno Pertusella (VA)
  
  

Inviando la candidatura, si acconsente esplicitamente al trattamento dei dati ivi indicati ai sensi del GDPR 679/2016 e ai sensi del D.lgs 196/2003\.
  
  

Il presente annuncio è rivolto ad entrambi i sessi e ai sensi delle leggi 903/77 e 125/91, e a persone di tutte le nazionalità, ai sensi dei decreti legislativi 215/03 e 216/03\.","","https://it.indeed.com/cmp/Difa-Cooper-S.p.a.","https://d2q79iu7y748jz.cloudfront.net/s/_squarelogo/256x256/ac0a5dd2cdc21ed5c40e8e9a5703edfc","https://www.cantabrialabsdifacooper.it/","","","","","","","","","","","medical manager"
"in-5928616fd576fcac","indeed","https://it.indeed.com/viewjob?jk=5928616fd576fcac","https://www.comeet.com/jobs/capslock/59.001/marketing-design-team-lead/95.F64-BA.409?coref=1.11.p56_3C1D","Marketing Design Team Lead","CapsLock","LOM, IT","2026-08-04","fulltime","","","","","",True,"","","","","CapsLock is a global IT marketing company that pioneers unique, scalable customer acquisition solutions for B2C clients. We solve complex sales challenges across a wide range of industries, primarily for large North American partners. By integrating our expertise in Digital Marketing, IT, Design, AI\-driven analytics, proprietary MarTech, and sales consulting, we deliver powerful, data\-informed customer acquisition solutions.


At CapsLock, people, technology, and forward\-thinking innovation lie at the heart of everything we do. Our diverse, global team, fluent in over 10 languages, thrives on open collaboration and the exchange of new ideas, pushing boundaries to ensure our clients' success.

 **Role overview**


We're looking for a Marketing Design Team Lead who is equal parts creative leader, marketer, and AI geek, someone who knows how to achieve business goals through visuals that actually sell.


You will take a team of 3 AI\-driven Creative Designers and scale it to 6\. The team produces static ad creatives, photorealistic AI visuals for performance campaigns across paid media channels, and source assets for our video production pipeline.


Your job is to build the company's visual creative engine. Whatever the starting point\- a brief, a hypothesis, a raw idea \- it leaves the team as a creative that performs.


You'll work closely with Creative Producers, Marketers, Copywriters, Media Buyers, and the Video Editing team, and partner with our Generative AI Pipeline Engineer on tooling and workflows.

 **What you will work on**

* Lead, mentor, and scale a team of 3 to 6 AI\-driven Creative Designers \- grow people, not just output;
* Own the production flow: task distribution, capacity planning, and strict QC \- production\-grade, not demo\-grade;
* Drive creative direction: concepts, hooks, and visual angles that stop the scroll and convert;
* Generate ideas yourself and push the team beyond safe iterations \- informed by visual trends and competitor creatives;
* Own the creative testing loop: build a database of winners, analyze failures, turn performance data into next iterations;
* Track new AI models and tools; be the company's go\-to expert on what's creatively possible with AI, staying hands\-on in the tools;
* Run regular R\&D and build prompt and style libraries that keep quality consistent as the team grows;
* Stay hands\-on: jump into the tools (Figma, Adobe Suite, AI platforms) when needed to unblock the team, take on the most complex creatives, or test new approaches;
* Partner with the Generative AI Pipeline Engineer to turn the team's creative needs into pipelines, presets, and automation;
* Work tightly with Creative Producers, Marketers, Media Buyers, and Video Editors: align on strategy, negotiate deadlines, solve bottlenecks.

  


Requirements:  

  

**Your must\-haves**

*You don't need to meet every single requirement. If you're excellent in most of these areas and can show shipped work, we'd love to hear from you.*

* 5\+ years of Leadership Experience: You have successfully managed creative/design teams in digital marketing. (This is not a role for a senior designer looking for their first management gig);
* Mature Leader \& Problem Solver: You build clear processes, guide your team, gracefully resolve conflicts, remain highly proactive, and stay completely open to new ideas and approaches;
* Strong Project Manager: You drive every project cleanly to the finish line. You guarantee top\-tier quality, maintain absolute order, and hit strict deadlines without excuses;
* Strong Visual Craft: composition, lighting, color, typography, anatomy. You can articulate exactly why a creative works or doesn't;
* Design Toolstack: proficiency in Figma and Adobe Creative Suite; comfortable connecting AI outputs with traditional design pipelines;
* AI Geek: far beyond basic prompting. You track every new model release and can't wait to test how it could level up ad creatives. Hands\-on with modern AI image platforms (Figma Weave, Higgsfield, Magnific, Runway, or similar), using them for creating photorealistic visuals. Able to choose the right tool for each task, as well as to catch and fix artifacts.
* Performance Marketing DNA: solid understanding of static ad creatives (Google, Meta, and other paid channels). You know what stops the scroll, what makes a visual sell, and how creative decisions move CTR, CPA, and conversion rate;
* Fluency in English \- both spoken and written.

**Nice to have**

* A strong portfolio showcasing performance marketing creatives and AI\-generated photorealistic work \- ideally with examples shipped under your leadership and the results they drove;
* Experience with creatives for high\-CPA verticals (home improvement, insurance, health, legal, finance, or similar);
* Experience creating visuals for North American audiences \- you know what looks native to a US consumer;
* Understanding of how static visuals feed video production pipelines.

 **What we offer**

* Remote Work \- we offer a truly and fully remote environment. You choose where you are the most productive and comfortable to have an impact.
* Paid vacations \- generous paid vacation policy to ensure you have time to recharge.
* Unlimited Sick Days \- we understand that being only human means getting sick or feeling under the weather from time to time, so we guarantee you time off as long as you need to recover and get back on your feet.
* Ongoing Learning \- people at CapsLock are deeply inquisitive and eager to learn new knowledge and skills, that's why we support and create learning opportunities like the Free Books program, workshops, conferences, and more.
* Home Office \- we will cover the equipment and furniture expenses to make sure you have the best work\-from\-home experience.
* Physical Well\-Being \- we will cover costs of your medical insurance. Additionally we offer an allowance for a flexible fitness program.
* Fun Stuff \- there is never a shortage of fun stuff.","","https://it.indeed.com/cmp/Capslock","","","","","","","","","","","","","medical manager"
"in-5cba7271d2d79d01","indeed","https://it.indeed.com/viewjob?jk=5cba7271d2d79d01","https://tnl2.jometer.com/v2/job?jx=5v7ym165a368bd369085f60f8336a190dc4a3AIAJUBIAAABQ&jz=561wk8196c2562703df450d9eba30eec8ca29AEAMABTEAAAQAAAAABSA&source=APPLICANT_SOURCE-3-2017","Assoc Dir, Site Management","IQVIA","Milano, LOM, IT","2026-08-04","fulltime","","","","","",True,"","","","","Milan, Italy \| Full time \| Hybrid \| R1559635  
We're looking for an Associate Director level Line Manager within the Clinical Operations Department that will be responsible for the direct management of a team of CRAs. Accountable of resource oversight, upskilling, performance monitoring and career development to ensure alignment with strategic business goals.  
\- Lead the day\-to\-day strategy and strategic management of assigned CRAs, including Project allocation, workload balancing, performance assessment, and individual development;  
\- Track and review KPI at both individual and team level ensuring alignment with global standards and local targets;  
\- Manage and approve RAL, vacation plans, promotions/progressions, and recognition program in close collaboration with HR and according to company policies;  
\- Collaborate with head of Clinops, peers and other cross functional stakeholders to ensure efficient Country delivery.  


IQVIA is a leading global provider of clinical research services, commercial insights and healthcare intelligence to the life sciences and healthcare industries. We create intelligent connections to accelerate the development and commercialization of innovative medical treatments to help improve patient outcomes and population health worldwide. Learn more at https://jobs.iqvia.com  


IQVIA is committed to integrity in our hiring process and maintains a zero tolerance policy for candidate fraud. All information and credentials submitted in your application must be truthful and complete. Any false statements, misrepresentations, or material omissions during the recruitment process will result in immediate disqualification of your application, or termination of employment if discovered later, in accordance with applicable law. We appreciate your honesty and professionalism.  


The potential base pay range for this role, when annualized, is €63,300\.00 \- €107,700\.00\. The actual base pay offered may vary based on a number of factors including job\-related qualifications such as knowledge, skills, education, and experience; location; and/or schedule (full or part\-time). Dependent on the position offered, incentive plans, bonuses, and/or other forms of compensation may be offered, in addition to a range of health and welfare and/or other benefits.  
Where you'll work  
Hybrid  


You’ll split your time between home and the office, giving you the flexibility to focus where you work best while still building strong in\-person connections with your team. This model combines the autonomy of remote work with the collaboration, energy and resources of an office environment.  
Culture  


Culture at IQVIA is built on a shared belief: that when people are empowered with better data, smarter technology and deeper expertise, they can change what’s possible for patients. Across every team and every corner of the globe, you’ll find colleagues who genuinely care — about the mission and about each other. That’s what makes this a place where people tend to stay, grow and do the best work of their careers.","","https://it.indeed.com/cmp/Iqvia","https://d2q79iu7y748jz.cloudfront.net/s/_squarelogo/256x256/03e043400efdf1e7d2f66b4d0a67997e","http://jobs.iqvia.com","Durham, NC","10,000+","more than $10B (USD)","IQVIA (NYSE:IQV) is a leading global provider of advanced analytics, technology solutions and clinical research services to the life sciences industry dedicated to delivering actionable insights.","","","","","","","medical manager"
"in-78cc164c6d36d679","indeed","https://it.indeed.com/viewjob?jk=78cc164c6d36d679","https://careers.intuitive.com/en/jobs/744000141267365/REF25067G/da-vinci-clinical-territory-associate/","da Vinci Clinical Territory Associate","Intuitive (Intuitive Surgical)","Bergamo, LOM, IT","2026-08-03","","","","","","",True,"","","","","* Lecco, Lombardy, Italy / Varese, Lombardy, Italy / Bergamo, Lombardy, Italy
* Remote Available
* Sales
* REF25067G


  
### **Company Description**


It started with a simple idea: what if surgery could be less invasive and recovery less painful? Nearly 30 years later, that question still fuels everything we do at **Intuitive**. As a global leader in **robotic\-assisted surgery** and **minimally invasive care**, our technologies—like the **da Vinci surgical system** and **Ion**—have transformed how care is delivered for millions of patients worldwide.


We’re a team of engineers, clinicians, and innovators united by one purpose: to make surgery smarter, safer, and more human. Every day, our work helps care teams perform with greater precision and patients recover faster, improving outcomes around the world.


The problems we solve demand creativity, rigor, and collaboration. The work is challenging, but deeply meaningful—because every improvement we make has the potential to change a life.


If you’re ready to contribute to something bigger than yourself and help **transform the future of healthcare**, you’ll find your purpose here.


### **Job Description**


The Clinical Territory Associate (CTA) will work closely with the Clinical Sales Manager to gain knowledge in all aspects of our business to include technical, clinical, and sales. He or She will train to be a da Vinci® Surgery technical and sales expert across all primary surgical specialties to develop surgical robotics programs in the assigned territory. During the first year of the job, the CTA will focus on the technical and clinical aspect of the job, and during the second year of the job, the CTA will progress and begin to focus on the sales aspect of the job. The CTA will have the opportunity to support a specific region by maximizing the utilization of installed da Vinci® Surgical Systems by leading product demonstrations/in\-services and sales activities.


This position is a developmental role and requires high commitment.


**Roles and Responsibilities:**


* Case Support \-Be a resource to the surgical team by providing guidance, insight, and training on the use of the da Vinci® Surgical System.
* Product Demonstrations/In\-Services\- Lead all technical in\-services for customers to include OR staff, surgeons, etc.
* Selling Activities\- Contribute to Clinical Sales Manager team quarterly sales goals by helping influence behavior change in customers such as product demonstrations/in\- services, OR selling activities, and customer support trainings.
* Customer Support \- Support and or coordinate, under the direction of the local sales management team, regional sales and marketing development events that create system awareness and procedure adoption through product demonstrations/in\-services and selling activities.
* Administrative Duties\- Responsibly manage administrative tasks: reporting of sales/procedures, outcomes of sales activities, submission of expense reports, and assigned ISU on\-line modules using company required software systems.
* Act as a Medical Device Consultant, after appropriate training, as per legal requirement and provide guidance, insight, and support in the proper handling of Intuitive medical devices.

### **Qualifications**


* Bachelor’s degree required.
* Minimum 1 year sales experience or 1 year leadership experience.
* Fluent in English and local language as required.
* Ambition and strong work ethic.
* Ability to excel in a high\-energy, fast\-paced environment.
* Excellent interpersonal skills and persuasive communication skills.
* Proven ability to work effectively as part of a team.
* Ability to travel up to 50%.
* Sales degree a plus.

### **Additional Information**


Intuitive is an Equal Employment Opportunity Employer. We provide equal employment opportunities to all qualified applicants and employees, and prohibit discrimination and harassment of any type, without regard to race, sex, pregnancy, sexual orientation, gender identity, national origin, color, age, religion, protected veteran or disability status, genetic information or any other status protected under federal, state, or local applicable laws.


We will consider for employment qualified applicants with arrest and conviction records in accordance with fair chance laws.


U.S. Export Controls Disclaimer: In accordance with the U.S. Export Administration Regulations (15 CFR §743\.13(b)), some roles at Intuitive Surgical may be subject to U.S. export controls for prospective employees who are nationals from countries currently on embargo or sanctions status.


Certain information you provide as part of the application will be used for purposes of determining whether Intuitive Surgical will need to (i) obtain an export license from the U.S. Government on your behalf (note: the government’s licensing process can take 3 to 6\+ months) or (ii) implement a Technology Control Plan (“TCP”) (note: typically adds 2 weeks to the hiring process).


For any Intuitive role subject to export controls, final offers are contingent upon obtaining an approved export license and/or an executed TCP prior to the prospective employee’s start date, which may or may not be flexible, and within a timeframe that does not unreasonably impede the hiring need. If applicable, candidates will be notified and instructed on any requirements for these purposes.


This position may be filled at a different job level than listed here depending on
  

business need and/or on the selected candidate’s experience, knowledge and skills.
  

Compensation will be based primarily on the job level at which the role is filled and the
  

candidate’s qualifications, consistent with applicable law.","","https://it.indeed.com/cmp/Intuitive-(intuitive-Surgical)","https://d2q79iu7y748jz.cloudfront.net/s/_squarelogo/256x256/309d44d6acb28b9c67459ac5c20e4274","","","Decline to state","Decline to state","At Intuitive, we believe that minimally invasive care is life-enhancing care. Through ingenuity and intelligent technology, we expand the potential of physicians to heal without constraints.","","","","","","","medical manager"
"in-3f3808c95df30aaf","indeed","https://it.indeed.com/viewjob?jk=3f3808c95df30aaf","https://vantagedc.wd1.myworkdayjobs.com/Vantage/job/Milan-Italy/Manager--Chief-Engineer_R23448","Manager, Chief Engineer","Vantage Data Centers","Milano, LOM, IT","2026-07-31","","","","","","",False,"","","","","**About Vantage Data Centers**
==============================

  

Vantage Data Centers powers, cools, protects and connects the technology of the world’s well\-known hyperscalers, cloud providers and large enterprises. Developing and operating across North America, EMEA and Asia Pacific, Vantage has evolved data center design in innovative ways to deliver dramatic gains in reliability, efficiency and sustainability in flexible environments that can scale as quickly as the market demands.

**Position Overview**


The Manager, Chief Engineerwill be responsible for continued and uninterrupted operation of raised floor 24\-7\-365 in a large Tier III data center campus to include all equipment and spaces up to the PDU at the customer level. The Manager will manage scheduled and corrective maintenance, system repairs, testing, equipment commissioning and all critical facility start up and continuing operations.


The Manager, Chief Engineer will manage and lead a team of Senior Level Specialists (Electrical and Mechanical) and Facility Technicians, as well as all contracted maintenance and repair teams working onsite in the facility. The Chief Engineer is responsible for the overall direction, coordination, and evaluation of these employees, and will report directly to the Director of Operations and coordinate activities with the Director of Engineering.

**This position will be based on\-site in one of our data center campuses.**

**Essential Job Functions**

* Oversee and supervise the efficient 24/7/365 operation of the facility equipment and systems.
* Strive toward a goal of zero down\-time in operations by virtue of reliable system performance.
* Extensive customer service focus and interaction: evaluate all equipment and system operations, to include providing customers with engineering analysis, recommendations for improvement and energy efficiency methods.
* Leadership and management of all assigned personnel, to include developing/conducting performance appraisals, training plans, counseling and mentoring.
* Coordination, oversight and quality assurance supervision of maintenance and service repairs on all critical facility and building engineering systems to include (but not limited to); electrical distribution (12kv and lower), emergency diesel generators, UPS/Battery back\-up systems, heating, ventilating and air conditioning systems (Chillers, CRACs, Cooling Towers, Package Units, etc.), BMS infrastructure, fire prevention as well as other electro\-mechanical and control equipment throughout the data center campus.
* Ensure all maintenance activities are performed in accordance with approved MOPs and the Vantage’s Mission Critical Facility work rules.
* Utilizes the current CMMS program to administer and refine an effective preventative maintenance plan tailored to the facility.
* Monitor and supervise subcontracted maintenance and repair projects, evaluating work performance and providing recommendations for utilizing in\-house support whenever practical.
* Ensure that work responsibilities are allocated properly among subordinates by developing and implementing manpower schedules and work methods and procedures that are designed to obtain low cost and efficient operation.
* Establish performance standards for each phase of work, adhering to standard practices and quality levels.
* Coordinate the development, implementation and training of SOP/EOP/MOPs for equipment and systems throughout the data center campus. This includes existing/supported equipment and systems as well as developing technical documentation for new and/or unsupported equipment and systems.
* Run the site industrial safety program; assuring compliance with company policies, federal, state and local safety regulations.
* Manage the site Lock\-out / Tag\-out program, strictly adhering to OSHA regulations.
* Prepare operating and repair budgets, coordinating requirements with the Operations and Engineering Directors.
* Oversee the purchasing of parts, equipment, and services to support operations within budget. Ensure adequate spare parts are maintained to allow expeditious repairs.
* Establish and maintain periodic operational testing schedules for critical systems and equipment.
* Conduct oversight of system testing and quality assurance documentation after major system repairs and/or maintenance to ensure compliance with EPA/environmental guidelines as well as local and state regulations.
* Maintain and improve the site reliability program, identifying areas of concern that could develop into future problems.
* Develop and maintain the site training program for technicians and other staff personnel on facility equipment and systems.
* Perform other services determined necessary to maintain and operate all mission critical related infrastructure in an approved manner.
* Additional duties as assigned by Management

**Job Requirements**

* Minimum ten years of “hands on” maintenance/repair/installation/commissioning level experience in mission\-critical facilities (mechanical and/or electrical), including experience with mission\-critical infrastructure, or in a related industrial/engineering
* At least two years of leadership/management experience \- proven experience in project management, meeting deadlines, directing a maintenance department, and managing and developing staff in mission\-critical infrastructure environments.
* Possess complete understanding and working knowledge of 2N Data Center/Critical Facility infrastructure, systems, operations, maintenance and emergency responses.
* Strong Technical Writing skills and experience; as well as creating, coordinating, updating and/or modifying MOP/EOP/SOPs for critical facilities equipment, to include supporting new systems and researching technical requirements.
* Excellent customer service experience with the ability and desire to engage customers at the site to explain infrastructure or engineering related concepts, methods of improvement or explaining emergency procedures.
* Strong communication skills and the ability to maintain constant interaction with supervisors and managers, as well as technicians in order to maintain awareness of critical facility activities.
* Experience developing budgets, future plans, capital investments and repair projects with management and coordinating financial requests up to the CEO level as well as training subordinates to remain within budget.
* Must be open to long hours, weekend, rotating shifts, and subject to calls during hours away from plant (24/7\).
* Potential managers must successfully complete a background check and drug screen.
* Travel is expected to be minimal, up to 5% for training.

**Compensation \& Benefits**
----------------------------

* Salary Range (Gross Annual Salary – RAL): € 68\.000,00 – €102,000 gross per year, plus 10% bonus.
* Compensation for this role will depend on a number of factors, including your qualifications, skills, competencies and experience, and may fall outside the range shown.
* A permanent employment contract under the CCNL Commerce collective agreement (Commercio – Terziario, Distribuzione e Servizi).
* Meal vouchers and access to the Corporate Benefits portal, offering a wide range of discounts.
* Medical benefit.
* A comprehensive suite of health and welfare benefits, including an Employee Assistance Programme, retirement benefits and generous paid leave.
* Training and development opportunities through our academy


We operate with No Ego and No Arrogance. We work to build each other up and support one another, appreciating each other’s strengths and respecting each other’s weaknesses. We find joy in our work and each other, actively seeking opportunities to inject fun into what we do. Our hard and efficient work is rewarded with an above market total compensation package. We offer a comprehensive suite of health and welfare, retirement, and paid leave benefits exceeding local expectations.

  

Throughout the year, the advantage of being part of the Vantage team is evident with an array of benefits, recognition, training and development, and the knowledge that your contribution adds value to the company and our community.


Don't meet all the requirements? Please still apply if you think you are the right person for the position. We are always keen to speak to people who connect with our mission and values.


Vantage Data Centers is an Equal Opportunity Employer


Vantage Data Centers does not accept unsolicited resumes from search firm agencies. Fees will not be paid in the event a candidate submitted by a recruiter without an agreement in place is hired; such resumes will be deemed the sole property of Vantage Data Centers.","","https://it.indeed.com/cmp/Vantage-Data-Centers","https://d2q79iu7y748jz.cloudfront.net/s/_squarelogo/256x256/dbe28ad3dcf5d79436bae3088835f172","https://vantage-dc.com","Denver, CO","501 to 1,000","Decline to state","Vantage offers a workplace where inclusion, equity, respect and acceptance are deeply valued.","","","","","","","medical manager"
"in-43ed203eddcb951b","indeed","https://it.indeed.com/viewjob?jk=43ed203eddcb951b","https://careers.zoll.com/jobs/R19842","Salesforce Administrator","Zoll Medical Corporation","Piacenza, EMI, IT","2026-07-31","","","","","","",False,"","","","","Acute Care Technology
At ZOLL, we're passionate about improving patient outcomes and helping save lives. We provide innovative technologies that make a meaningful difference in people's lives. Our medical devices, software and related services are used worldwide to diagnose and treat patients suffering from serious cardiopulmonary and respiratory conditions.


**Job Summary:**


The CRM Systems Specialist provides frontline support for Salesforce.com and related business applications, helping drive user adoption, data quality, and system effectiveness across the organization. Reporting to the Manager, Global Sales Systems \- International, this role is responsible for Salesforce administration, user support, data maintenance, troubleshooting, training, and documentation. The position partners closely with cross\-functional teams to support system enhancements, process improvements, and business initiatives while serving as a Tier I support resource and managing user requests through a structured case management process.
**Location:** Ideally within commuting distance of our Cologne or Runcorn offices.
**Essential Functions:**


* Provide day\-to\-day support for Salesforce.com users, promoting adoption and best practices across the business.
* Perform routine CRM administration and data maintenance, ensuring data accuracy and integrity.
* Manage account, contact, opportunity, and lead updates, including imports, merges, and hierarchy changes.
* Create and maintain user documentation, training materials, and knowledge resources.
* Support testing, troubleshooting, and validation of Salesforce enhancements and new functionality.
* Assist with user requests, issue resolution, and other Salesforce or business application support activities.
* Collaborate and cross\-train with team members to support broader business processes and applications.
**Skills Requirements:**


* 2\+ years of hands\-on Salesforce experience.
* Experience supporting Sales Cloud, Service Cloud, and marketing\-related business processes.
* Familiarity with Salesforce Lightning Experience.
* Strong understanding of CRM systems, data management, and business processes.
* Excellent troubleshooting, problem\-solving, and analytical skills.
* Strong written and verbal communication skills with a customer\-focused mindset.
* Ability to manage multiple priorities and work effectively in a fast\-paced environment.
* Detail\-oriented, self\-motivated, and capable of working independently or as part of a team.
* Experience with user testing, system enhancements, and process documentation is preferred.
* Willingness to travel internationally up to 30%.
\#LI\-AK1","Health Care","https://it.indeed.com/cmp/Zoll-Medical-Corporation","https://d2q79iu7y748jz.cloudfront.net/s/_squarelogo/256x256/3b760c76e33af9ac4dd6ca5e7bd9a0f7","https://www.zoll.com/","269 Mill Road
Chelmsford, MA 01824-4105","1,001 to 5,000","$500M to $1B (USD)","","","","","","","","medical manager"
"in-0d3bdb070f9c91cc","indeed","https://it.indeed.com/viewjob?jk=0d3bdb070f9c91cc","https://tnl2.jometer.com/v2/job?jx=5v7ym69c2aa2b37cffb7f2de31bf1e035de30AIAJUBIAAABQ&jz=561wk5e654b5b6c18b441b0de52f5b981349eAEAMABTEAAAQAAAAABSA&source=APPLICANT_SOURCE-3-2017","Senior Clinical Project Manager (Renal, Obesity, MASH) - Global Study Leadership","IQVIA","Milano, LOM, IT","2026-07-30","fulltime","","","","","",True,"","","","","Milan, Italy \| Full time \| Home\-based \| R1560940  
At IQVIA, our Senior Project Managers play a pivotal role in bringing innovative medicines to patients worldwide. You'll provide strategic leadership for complex global clinical trials, partnering directly with sponsors and cross\-functional teams to deliver studies that accelerate the development of life\-changing therapies.  


This is an opportunity to lead large\-scale, multi\-regional studies focused on renal, obesity and/or MASH (Metabolic Dysfunction\-Associated Steatohepatitis) for some of the world's most innovative pharmaceutical and biotechnology companies while expanding your leadership impact and helping shape the future of clinical research.  


Why Join Global Study Leadership?  


Global Study Leadership is a global, full\-service team delivering clinical trials through both therapeutically aligned and customer\-dedicated delivery models. You'll work on some of the industry's most complex global clinical trials, partnering directly with leading pharmaceutical and biotechnology sponsors across therapeutic areas including Oncology, Rare Disease, CNS, Cardiovascular, Immunology, Respiratory, Renal, Obesity, MASH (Metabolic Dysfunction\-Associated Steatohepatitis), Cell \& Gene Therapy, Infectious Disease, Ophthalmology and Women's Health. Supported by a collaborative global network, flexible ways of working and AI\-enabled technology and data\-driven insights, you'll have exceptional opportunities to broaden your expertise, expand your leadership impact and accelerate your career within one of the world's leading clinical research organizations.  


What You'll Be Doing  


As the strategic leader of your studies, you'll be accountable for the successful delivery of complex global clinical trials from start\-up through close\-out, ensuring quality, timeline, budget, regulatory and customer objectives are achieved.  


Key Responsibilities  


Lead the delivery of complex global and multi\-regional clinical studies, driving operational excellence and successful study outcomes  


Serve as the primary strategic partner for sponsors, providing leadership, guidance and innovative solutions to drive successful study outcomes  


Provide leadership and direction to cross\-functional teams across regions, fostering collaboration, accountability and high performance  


Oversee study timelines, budgets, quality, risks, financial performance and operational delivery to ensure study success  


Drive proactive risk management, issue resolution, decision\-making and stakeholder alignment throughout the study lifecycle  


Ensure studies are delivered in compliance with ICH\-GCP, regulatory requirements and contractual commitments  


What We're Looking For  


Bachelor's degree in Life Sciences, Healthcare or a related scientific discipline  


7\+ years of clinical research experience, including significant project management experience leading global or multi\-regional clinical trials within a CRO, pharmaceutical or biotechnology environment  


Experience leading renal, obesity and/or MASH (Metabolic Dysfunction\-Associated Steatohepatitis) global clinical studies is strongly preferred  


Strong knowledge of clinical trial conduct, ICH\-GCP guidelines and applicable regulatory requirements  


Proven success leading cross\-functional teams and managing study delivery, including timelines, budgets, quality, risks and operational performance  


Demonstrated ability to build trusted sponsor relationships and effectively manage senior stakeholders in a global environment  


Exceptional leadership, communication, problem\-solving and decision\-making skills  


Passion for advancing clinical research and improving patient outcomes  


Build Your Future with IQVIA  


If you're looking for a role that combines global exposure, strategic leadership, sponsor partnership and meaningful work, we'd love to hear from you. At IQVIA, you'll have the opportunity to work on high\-profile global studies, collaborate with industry\-leading sponsors, leverage cutting\-edge technology and build a rewarding career with one of the world's leading clinical research organizations, all while helping bring innovative treatments to patients faster.  


IQVIA is a leading global provider of clinical research services, commercial insights and healthcare intelligence to the life sciences and healthcare industries. We create intelligent connections to accelerate the development and commercialization of innovative medical treatments to help improve patient outcomes and population health worldwide. Learn more at https://jobs.iqvia.com  


IQVIA is committed to integrity in our hiring process and maintains a zero tolerance policy for candidate fraud. All information and credentials submitted in your application must be truthful and complete. Any false statements, misrepresentations, or material omissions during the recruitment process will result in immediate disqualification of your application, or termination of employment if discovered later, in accordance with applicable law. We appreciate your honesty and professionalism.  


Where you'll work  
Home\-based  


You’ll work remotely, with the flexibility to do your best work from home. Supported by collaborative tools and a global team, you’ll stay connected while enjoying the autonomy and balance that comes with a fully remote role.  
Culture  


Culture at IQVIA is built on a shared belief: that when people are empowered with better data, smarter technology and deeper expertise, they can change what’s possible for patients. Across every team and every corner of the globe, you’ll find colleagues who genuinely care — about the mission and about each other. That’s what makes this a place where people tend to stay, grow and do the best work of their careers.","","https://it.indeed.com/cmp/Iqvia","https://d2q79iu7y748jz.cloudfront.net/s/_squarelogo/256x256/03e043400efdf1e7d2f66b4d0a67997e","http://jobs.iqvia.com","Durham, NC","10,000+","more than $10B (USD)","IQVIA (NYSE:IQV) is a leading global provider of advanced analytics, technology solutions and clinical research services to the life sciences industry dedicated to delivering actionable insights.","","","","","","","medical manager"
"li-4448175086","linkedin","https://www.linkedin.com/jobs/view/4448175086","","Health Economics and Market Access (HEMA)- Talent Community","Boston Scientific","Milan, Lombardy, Italy","2026-08-03","","","","","","",False,"","","","","","","https://www.linkedin.com/company/boston-scientific","","","","","","","","","","","","","medical manager"
"li-4447074091","linkedin","https://www.linkedin.com/jobs/view/4447074091","","Sponsor Dedicated CRAI/CRA II Regionalized North Italy - Home Based Milan area","Syneos Health","Milan, Lombardy, Italy","2026-07-30","","","","","","",False,"","","","","","","https://www.linkedin.com/company/syneos-health","","","","","","","","","","","","","medical manager"
"in-d24ba401f41ca0f4","indeed","https://it.indeed.com/viewjob?jk=d24ba401f41ca0f4","https://careers.gehealthcare.com/global/en/job/GEVGHLGLOBALR4044002EXTERNALENGLOBAL/Field-services-Engineer-CT-PET-Puglia-Basilicata?utm_source=indeed&utm_medium=phenom-feeds","Field services Engineer CT- PET - Puglia&Basilicata","GE HealthCare","Milano, LOM, IT","2026-08-05","","","","","","",True,"","","","","**Job Description Summary**
===========================


Field Service Engineer Puglia\& Basilicata is responsible for installation, configuration, maintenance, and repair of medical equipment, ensuring optimal performance and compliance with regulatory standards  

  

Location: Puglia**Job Description**
===================

* Install and configure a range of medical equipment, focusing on one modality.
* Conduct testing and calibration to ensure optimal performance.
* Train healthcare staff on operation and basic troubleshooting.
* Perform preventive maintenance and corrective operations of moderate complexity.
* Capture and maintain accurate work documentation, including debriefing, parts ordering, and KPI metrics.
* Apply and coach to ensure EHS and compliance standards are met.
* Leverage customer knowledge to assist with contract and on\-demand revenue growth.
* Escalate complex problems to experienced peers.
* Lead communications with customers and serve as escalation point for concerns, including installations.
* Remote fixing and equipment diagnostics

**Technical Knowledge**

* Proficient in CT PET, Nuclear Medicine modalities; developing knowledge in another.
* Knowledge of Lean \& Continuous Improvement principles.

**Skills**

* Embrace company cultural behaviors.
* Technical curiosity to learn and solve problems.
* Safety\-first mindset.
* Collaboration and one\-team approach.
* Rigor, organization, and efficient time management.
* Customer\-focused mindset.
* Strong written and verbal communication skills.
* English and Italian: Read, understand, and hold conversations.
* Skilled in using Excel, PowerPoint, and other tools to analyze service data and present findings clearly and effectively.
* Comfortable using digital tools to analyze performance data and communicate results through structured presentations.
* Capable of assisting with network setup and troubleshooting for connected medical devices, including IP configuration and basic IT coordination.

*For Italy based positions,*

*Annual Salary Range:* 35,600\.00 EUR \- 48,950\.00 EUR
  

C.C.N.L per i dipendenti dalle Industrie Metalmeccaniche private e della Installazione di impianti sottoscritto da Federmeccanica, Assistal, Fim\-CISL, Fiom\-CGIL e Uilm\-UIL.

*Placement within this range depends on:*

*Relevant skills and qualifications*

*Prior job\-related experience*

*Internal equity considerations (alignment with colleagues in similar roles) e.t.c.*

*We review pay ranges regularly to ensure they remain competitive with the external market and align with our internal equity considerations.*


For this application we also evaluate candidates who meet the requirements set out in the art. 1 or belonging to the protected categories referred to in art. 18 of law 68/99

**Inclusion and Diversity**


GE HealthCare is an Equal Opportunity Employer where inclusion matters. Employment decisions are made without regard to race, color, religion, national or ethnic origin, sex, sexual orientation, gender identity or expression, age, disability, protected veteran status or other characteristics protected by law.

**Behaviors**


We expect all employees to live and breathe our behaviors: to act with humility and build trust; lead with transparency; deliver with focus, and drive ownership – always with unyielding integrity.

**Total Rewards**


Our total rewards are designed to unlock your ambition by giving you the boost and flexibility you need to turn your ideas into world\-changing realities. Our salary and benefits are everything you’d expect from an organization with global strength and scale, and you’ll be surrounded by career opportunities in a culture that fosters care, collaboration and support.


\#LI\-FG1


\#LI\-Hybrid

**Additional Information**
==========================

**Relocation Assistance Provided:** No","","https://it.indeed.com/cmp/GE-Healthcare","https://d2q79iu7y748jz.cloudfront.net/s/_squarelogo/256x256/0319a8fc3b79fe8ed6f689ff5f1478c1","https://www.gehealthcare.com","Chicago, IL","10,000+","more than $10B (USD)","","","","","","","","medical information"
"in-c71509f0bcb518d4","indeed","https://it.indeed.com/viewjob?jk=c71509f0bcb518d4","https://career2.successfactors.eu/career?career%5fns=job%5flisting&company=diasorinsp&navBarLevel=JOB%5fSEARCH&rcm%5fsite%5flocale=en%5fUS&career_job_req_id=7853&selected_lang=en_US","Director, Global Marketing Immuno","Diasorin","Bresso, LOM, IT","2026-08-04","fulltime","","","","","",False,"","","","hr@diasorin.com, hr@diasorin.com","Obsessed by Science. Entrepreneurial by Nature. United by Purpose.
  
  

Diasorin is a global leader in immunodiagnostic and molecular diagnostic solutions, advancing science to improve patient outcomes worldwide. For more than 50 years, we have combined scientific rigor with an entrepreneurial mindset, operating with a strong commitment to innovation, accountability, and results to deliver trusted diagnostic solutions.
  
  

As the Diagnostics Specialist, Diasorin continuously invests in research, technology, and people. Guided by our values of operational excellence, customer focus, and teamwork, we empower teams to think boldly, act decisively, and transform ideas into meaningful impact across one of the industry’s broadest specialty diagnostic portfolios.
  
  

When you join Diasorin, you are not just filling a role. You are helping build what comes next.
  
Why Join Diasorin
  
  

Build What Matters
  
Take ownership, challenge the status quo, and contribute directly to solutions that improve patient care worldwide.
  
Innovate with Agility at a Global Scale
  
Work in an entrepreneurial environment that enables speed, collaboration, and global impact.
  
Grow in a People\-Centered Culture
  
Thrive in a culture that values accountability, inclusion, and continuous development.
  
  

Job Scope
  
  

The Global Marketing Director Immuno is responsible for leading the strategic development and long\-term growth of Diasorin's Immuno and Infectious Diseases franchise globally. As a key member of the Global Marketing organization, the role defines the franchise vision, identifies market opportunities, and drives cross\-functional alignment across commercial, scientific, and product development functions. Through a strong customer and market focus, the role ensures the delivery of sustainable business growth, portfolio value creation, and competitive leadership within the immunodiagnostics landscape.
  
  

Key Duties and Responsibilities
  
  

The Global Marketing Director Immuno will lead the Marketing strategy, including launching with excellence and engaging with customers, bringing voice of customer as lead with other stakeholders across Diasorin’s scientific, commercial, product development teams, project leaders and technical staff.
  
  

He / She will define and lead the immuno strategy, plan and execute the global program to develop and grow the Immuno franchise. Through collaboration and partnership internally and externally, she/he will drive organizational direction for Diasorin’s commercial leaders and drive financial and strategic initiatives.
  
  

Education, Experience, and Qualifications
  
  

B.S. in Science or Marketing, MBA is desirable
  
7\+ years of marketing experience in a healthcare related business.
  
Experience marketing in pharma or companion diagnostics. You are open also to broader In\-vitro Diagnostic or Medical Device sectors
  
Expertise in Infectious disease or Immunology or Diagnostic areas
  
He/She must speak English, Italian is a plus
  
Pharma Marketing and/or Laboratory experience is a plus (i.e. lab tech)
  
Project management experience is a plus
  
Able to interact effectively in a matrix organization where commercial areas steer regional Marketing
  
  

What we offer
  
  

Permanent employment contract
  
Classification under the “Dirigenti Industria” CCNL (Italian national collective bargaining agreement)
  
Gross annual base salary from € 100\.000
  
Variable compensation linked to the achievement of objectives
  
  

**Actual pay is set on objective criteria:** seniority, distinctive skills, scope of responsibility.
  
  

At Diasorin, we are committed to supporting the well\-being of our employees every day — which is why we complement compensation with a comprehensive set of benefits:
  
  

Company car (business and personal use)
  
**Feel Good – Diasorin for You:** a dedicated well\-being program offering initiatives, services, and opportunities designed to support you every day
  
A benefits package guaranteed by the “Dirigenti Industria” CCNL, including a supplementary pension fund and supplementary healthcare coverage.
  
  

Diasorin is committed to building a workplace where people feel empowered to contribute ideas, take ownership, and grow their careers. We believe diverse perspectives strengthen innovation and help us deliver meaningful impact for patients and customers worldwide.
  
  

Diasorin is an equal opportunity employer. All qualified applicants will receive consideration for employment without regard to race, color, religion, sex, sexual orientation, gender identity, national origin, disability, protected veteran status, or any other characteristic protected by applicable law.
  
  

This posting and recruitment process are subject to applicable local laws and regulations in the country where the position is located. Additional employment disclosures, candidate rights, and employment conditions may apply based on local jurisdiction.
  
  

Individuals hired will be required to verify identity and eligibility to work and may be subject to a background check and drug screening where permitted by law. Diasorin is committed to providing reasonable accommodations for qualified individuals with disabilities during the application process. If assistance is required, please contact hr@diasorin.com .
  
  

​Recruitment Fraud Notice
  
  

Diasorin never requests payment, financial information, or personal banking details from candidates at any stage of the recruitment process. Official communications from Diasorin recruiters will only come from a verified @diasorin.com email address. If you have questions about the legitimacy of a recruitment communication, please contact hr@diasorin.com for verification.
  
  

Unauthorized third\-party recruiting agencies may not submit candidates for this position without prior written authorization from the Diasorin Human Resources Department.","Health Care","https://it.indeed.com/cmp/Diasorin","https://d2q79iu7y748jz.cloudfront.net/s/_squarelogo/256x256/1958516a1f4564f5db197041685347c6","https://www.diasorin.com/en","DiaSorin Inc.
1951 Northwestern Avenue
Stillwater, MN 55082
USA","1,001 to 5,000","","We enable medical decisions which impact patients lives through innovative, high quality diagnostic tests.","","","","","","","medical information"
"in-c8b4e85918472e4f","indeed","https://it.indeed.com/viewjob?jk=c8b4e85918472e4f","https://www.ifom.eu/it/opportunita-lavoro/posizioni-aperte/posizione-aperta.php?docuID=12447","Computational Scientist and Bioinformatician","IFOM","Milano, LOM, IT","2026-08-01","fulltime","","","","","",False,"","","","recruitment@ifom.eu, giovanni.crisafulli@ifom.eu","2026/08 \| Milan
**IFOM** is an internationally recognized non\-profit cancer research institute supported by the Italian Association for Cancer Research (AIRC), based in Milan within a highly dynamic urban environment.


IFOM's continued success is ensured by the recruitment of highly selected undergraduate, graduate and post\-graduate researchers from over 24 countries worldwide.


IFOM is hosted within a research campus shared with the European Institute of Oncology and the Italian Institute of Technology.


IFOM is committed to creating a safe and inclusive environment, based on mutual respect and the enhancement of diversity, offering equal job opportunities to all qualified candidates.


**We seek for our Institute: Computational Scientist and Bioinformatician**
---------------------------------------------------------------------------


The successful candidate will join the Computational Oncology and Bioinformatics Unit and report directly to the Head of the Unit. This is a permanent, full\-time position with a central role in delivering bioinformatics and computational analyses across strategically relevant institutional, translational and collaborative research programmes at IFOM.


The Unit coordinates bioinformatics and computational medicine activities, promotes the development of advanced analytical platforms, integrates molecular and clinical data, and implements innovative research projects in collaboration with IFOM research groups and external clinical, academic and industrial partners.


The Unit operates as a research and development structure rather than a task\-based facility. The candidate will therefore contribute as an integrated scientific partner throughout the research process, from study design and analytical planning to biological interpretation, dissemination and publication.


The Unit aims to generate clinically relevant knowledge and novel therapeutic opportunities by:


* integrating genomic, transcriptomic and other molecular data with clinical and phenotypic information;
* characterizing tumour evolution, heterogeneity, cellular plasticity, treatment response and resistance;
* developing and validating computational methods and reproducible analytical platforms for tissue\- and liquid\-biopsy studies;
* supporting high\-priority institutional programmes and collaborative projects with robust, innovative and quantitatively sound analyses.


We are looking for a scientist with at least 3 years of relevant experience in bioinformatics, computational biology or biomedical data science, including doctoral research where applicable.


**The candidate will be responsible for:**


* Designing, implementing and interpreting bioinformatics analyses of next\-generation sequencing and multi\-omic datasets, including WES/WGS, targeted sequencing, RNA sequencing and liquid\-biopsy data.
* Developing, validating and maintaining reproducible analytical pipelines, standard operating procedures and documentation, with appropriate QA/QC, version control and testing.
* Integrating molecular data with clinical and experimental variables to generate biologically and clinically meaningful results.
* Contributing to study design, analytical strategy, statistical planning and the definition of computational endpoints for preclinical, translational and clinical research projects.
* Working closely with wet\-lab scientists, clinicians, computational researchers and external partners to translate scientific questions into effective analytical solutions.

**About the position**
----------------------


* Coordinating computational activities across multiple projects, managing priorities, milestones, deliverables and dependencies in agreement with the Head of the Unit.
* Communicating analytical approaches and results clearly through technical reports, project meetings, presentations, manuscripts, grant applications and institutional deliverables.
* Contributing to the management, optimization and responsible use of servers, HPC resources and data storage in coordination with IFOM IT, RCDS unit and infrastructure teams.
* Ensuring secure and compliant handling of research and clinical data in accordance with institutional data\-governance policies, GDPR requirements and research ethics.
* Providing technical guidance and contributing to the training and mentoring of junior researchers and students.
* Developing independent methodological contributions and actively supporting the scientific growth and visibility of the Unit.

**Qualification**
-----------------


* Strong background in cancer biology and/or computational sciences, with demonstrated experience in translational, biomedical or clinically oriented research contexts.
* Solid knowledge of statistics, quantitative methods and sound principles of experimental and observational data analysis.
* Demonstrated experience in the analysis of NGS and/or multi\-omic data and in the biological interpretation of complex datasets.
* Programming skills in Bash, Python and/or R; experience with C, C\+\+ or comparable languages is considered an advantage.
* High confidence in Linux\-based systems and command\-line environments.
* Experience with computational infrastructures, including servers and/or HPC environments, job schedulers, resource management and storage systems.
* Experience with reproducible research practices, including workflow automation, version control, code documentation, software testing and containerized environments.
* Basic to intermediate knowledge of IT infrastructure and information\-security best practices, including user and access management, data protection, backup principles and compliance with data\-governance policies.
* Proven ability to manage computational analyses across multiple projects, exercise independent scientific judgement and take ownership of technical deliverables.
* Ability to communicate analytical choices and results clearly and to work constructively within multidisciplinary teams spanning biology, computation and clinical research.
* Flexible, reliable and problem\-solving\-oriented approach, with the ability to adapt to evolving scientific and project requirements.
* Experience with LLM is a plus.

**Education**
-------------


Candidates with a PhD in biology or another life\-science discipline will also be considered when supported by a strong and demonstrable computational profile.


PhD in bioinformatics, computational biology, computer science, applied mathematics, statistics or biostatistics, data science, computer or biomedical engineering, or a closely related quantitative discipline.


**Languages**
-------------


* Professional proficiency in spoken and written English, sufficient to work effectively in an international scientific environment and communicate technical results.
* Experience with C, C\+\+ or comparable languages is considered an advantage.
* Knowledge of Italian is not required but will be considered an advantage.

**Soft skills**
---------------


* Scientific curiosity and a rigorous, solution\-oriented mindset.
* Ability to work independently while contributing effectively to collaborative research.
* Clear and pragmatic communication with colleagues from different scientific and professional backgrounds.
* Strong organization, reliability, adaptability and attention to the quality and reproducibility of results.
* The ideal candidate should be rigorous and uncompromising when it comes to data quality, while remaining respectful, constructive, and collaborative with colleagues.

**What we offer**
-----------------


* An international and highly collaborative research environment, continuous training and flexible working time.
* Relocation\-cost support and a guest house within the campus.
* Support for candidates and their families, including housing, schooling, registration with the Italian National Health Service and work\-permit procedures, through the IFOM Welcome Office.
* Campus facilities and benefits, including a bar and canteen, lunch benefit, company nursery, medical service, laptop, CAF tax\-declaration service and agreements with local gyms, pharmacies, psychological services and shops.
* Access to Lab G, a laboratory specifically designed for pregnant or breastfeeding researchers.

**Contract**
------------


Permanent contract, full time.


**Location**
------------


Milan \- Scalo di Porta Romana area


**Contact Details**
-------------------


If you are interested in this opportunity, please submit your CV and a letter of interest to recruitment@ifom.eu and giovanni.crisafulli@ifom.eu.



last update: 03/08/26","","https://it.indeed.com/cmp/Ifom","https://d2q79iu7y748jz.cloudfront.net/s/_squarelogo/256x256/79d36e79b6d359df65976a0afad1c45a","https://www.ifom.eu/it/","","","","","","","","","","","medical information"
"in-b79f65fec346655d","indeed","https://it.indeed.com/viewjob?jk=b79f65fec346655d","https://jobs.danaher.com/global/en/job/DANAGLOBALR1315820EXTERNALENGLOBAL/Regional-Customer-Operations-Lead?utm_source=indeed&utm_medium=phenom-feeds","Regional Customer Operations Lead","Leica Biosystems","Buccinasco, LOM, IT","2026-07-31","fulltime","","","","","",False,"","","","","**Bring more to life.**


Are you ready to accelerate your potential and make a real difference within life sciences, diagnostics and biotechnology?


At Leica Biosystems, one of Danaher’s 15\+ operating companies, our work saves lives—and we’re all united by a shared commitment to innovate for tangible impact.


You’ll thrive in a culture of belonging where you and your unique viewpoint matter. And by harnessing Danaher’s system of continuous improvement, you help turn ideas into impact – innovating at the speed of life.


At Leica Biosystems, we’re not just shaping the future of cancer diagnostics — we’re transforming lives. Our mission of “Advancing Cancer Diagnostics, Improving Lives” is the driving force behind everything we do. As a global leader with the most comprehensive portfolio spanning from biopsy to diagnosis, we empower clinicians with innovative, reliable solutions so they can give patients timely, accurate answers when they need them most. When you join Leica Biosystems, you’re not just taking a job; you’re becoming part of a passionate team that knows every moment matters when it comes to cancer. You’ll help develop diagnostic solutions that turn anxiety into answers, and aid the acceleration of next\-generation, life\-changing therapies. Surrounded by a diverse and collaborative global community, you’ll be inspired each day to stretch, grow, and make an impact.


Learn about the Danaher Business System which makes everything possible.


The **Customer Care Operations Lead is** the essential link between the Global Customer Care Centre of Excellence (CoE) and your local market, you’ll own and manage instrument order fulfillment, resolve escalated requests, and ensure every interaction meets both global standards and specific local needs and requirements. You will partner across commercial, service, supply chain, and customer care functions to drive customer satisfaction, operational excellence, and continuous improvement while balancing global processes with local market needs and contribute to team training, making a meaningful impact on our customers, partners, and business every day.

**In this role you will have the opportunity to:**

* Oversee complex instrument i**nstallations, relocations, deinstallations, backlog execution, inventory management, supplier coordination, forecasting, and regional supply chain requirements to ensure seamless customer delivery.**
* Serve as the regional escalation expert, leveraging Voice of Customer insights, operational data, and trend analysis to resolve issues, improve customer satisfaction, and deliver successful outcomes.
* Partner with Sales, Service, Contracts, Tenders, Supply Chain, Logistics, Finance, and other stakeholders to remove barriers, improve operational performance, and enhance the end\-to\-end customer experience.
* Monitor performance metrics, identify trends, implement process improvements, and balance global standards with local business requirements to improve efficiency, service delivery, and business results.
* Act as the Customer Care Center of Excellence (CoE) market representative, translating regional needs into global improvements while supporting business continuity, training, knowledge sharing, and process standardization across teams.

**The essential requirements of the job include:**

* Bachelor's degree or equivalent extensive experience in customer\-facing roles with a strong understanding of Customer Care processes, customer escalation management, quality practices, and continuous improvement methodologies to ensure consistent service delivery.
* Demonstrated ability to independently assess complex situations, apply sound judgment, and drive customer issues and escalations to timely resolution through a structured, solution\-oriented approach.
* Proven experience coordinating across multiple functions, building strong relationships, and working effectively within a matrix organization to deliver business results and exceptional customer experiences.
* Ability to work autonomously, prioritize competing demands, think critically under pressure, and adapt quickly to changing business needs while maintaining a positive and professional attitude.

**Travel, Motor Vehicle Record \& Physical/Environment Requirements:**

* Ability to travel \~ 5%, including overnight travel for workshops

**It would be a plus if you also possess previous experience in:**

* Experience with DBS tools, including PSP, Kaizen, and Standard Work.
* Fluency in English and at least one additional European language
* Experience in Life Sciences, Medical Devices, or Diagnostics industry

  



Leica Biosystems, a Danaher operating company, offers a broad array of comprehensive, competitive benefit programs that add value to our lives. Whether it’s a health care program or paid time off, our programs contribute to life beyond the


*This role is classified under the applicable CCNL as Commercio which defines minimum terms, job classification, and baseline progression frameworks. The expected gross annual salary range for this role is 39’000 to 59’000 eur determined based on objective criteria such as experience, skills, and role\-related competencies.*

 *Bonus / Incentive Pay*

*5% of annual base salary*

*This job is also eligible for bonus / incentive pay. This is the target earnings as % of base annual salary, subject to objective eligibility criteria and performance conditions as set out in the applicable scheme terms and conditions.*


\#LI\-EB1


Join our winning team today. Together, we’ll accelerate the real\-life impact of tomorrow’s science and technology. We partner with customers across the globe to help them solve their most complex challenges, architecting solutions that bring the power of science to life.


For more information, visit www.danaher.com.","","https://it.indeed.com/cmp/Leica-Biosystems","https://d2q79iu7y748jz.cloudfront.net/s/_squarelogo/256x256/38af49f91c42737b0943e34ceca36290","http://www.leicabiosystems.com","Buffalo Grove, IL","5,001 to 10,000","Decline to state","Leica Biosystems (founded 1989) is a biotechnology company that develops and supplies clinical diagnostics to the pathology market.","","","","","","","medical information"
"in-ff3aad64949a3e85","indeed","https://it.indeed.com/viewjob?jk=ff3aad64949a3e85","https://tnl2.jometer.com/v2/job?jx=5v7ym8a0300a09f2e15448d8dd1a7879a7d52AIAJUBIAAABQ&jz=561wk31b4559451d1516a13a4077721121d49AEAMABTEAAAQAAAAABSA&source=APPLICANT_SOURCE-3-2017","Human Factor Engineer","IQVIA","Milano, LOM, IT","2026-07-31","fulltime","","","","","",True,"","","","","Milano, Italy \| Full time \| Hybrid \| R1466907  
Our client, Chiesi Farmaceutici – one of the top 50 pharmaceutical companies in the world, with more than 80 years of experience within the pharmaceutical and biotechnology industry \- in order to expand their staff, entrusted to IQVIA the recruitment of a Human Factor Engineer who can join an exciting working environment in a dynamic and international atmosphere.  


JOB DESCRIPTION:  


The candidate will be responsible for designing new products by defining user requirements and translating them into solution to optimize the user experience with products that improves patient lives.  


He/She will be responsible for defining the Human factors strategy to support the human factors engineering files and to achieve designing products that increase loyalties and satisfaction of the final users (customers/patients/HCPs). The Human factors process will have to be developed accordingly to regulations and ISO standards requirements ( ISO14971, IEC 62366, FDA HFE guidelines).  


The profile will be responsible for managing external partners that will be responsible for carrying out the Human factors studies also supporting the design of the testing based on a risk\-based approach.  


The candidate will be leading the preparation of task analysis, formative and summative study documentation, known use errors documentation, usability risk assessment, HF plan and final reports. All the Human factors file index will be the candidate responsibility and accountability  


The candidate will be responsible of integrating the HF stream and correspondent documentation into the design development management (from feasibility to life cycle management). Therefore, the candidate should be knowledgeable of design control principle and main activities related to design development (e.g. product risk management, product requirements definition, testing activities (DVT), equipment validation (IQ,OQ,PQ), etc.)  


REQUIREMENTS:  


Degree in biomedical engineering, design, HFE or other similar fields  
One or few years of professional experience in the HFE and ideally in the development of medical products  
Knowledge of user\-centered design and usability engineering principles to product research,  
development and design  
Experience with generating documentation in support of the HF usability engineering activities (usability requirements, URRA, HF study related documentation) for medical products  
Confident in collaborating and communicating with internal and external multidisciplinary teams (including engineering, marketing, clinical, regulatory, quality and drug product experts)  
Experience with all phases of the product development life cycle within the medical device industry  
under a strong QMS  
Experience in working with HCP is considered as a plus  
Knowledge of the applicable standards: IEC 62 366, FDA HFE guidelines, ISO 13 485, ISO 14 971  
Knowledge of design control guidance under FDA and MDR.  
Good communication and organizational skills  
Ability to work in a complex environment both independently and in a team  
Fluent in spoken and written English  
Fluent in spoken and written Italian  


TYPE OF CONTRACT:  


National Collective Labour Agreement: Chemical and Pharmaceutical Industry  
Contract Type: Permanent  
Salary Range or Gross Annual Salary: Minimum salary foreseen for the role starting from 46\.800€ gross per year.  


The role also includes:  


* a variable bonus/MBO ranging between 5% and 8%;
* private health insurance (please note that this is not the one provided under the National Collective Labour Agreement for the Chemical\-Pharmaceutical sector);
* pension fund (please note that this is not the one provided under the National Collective Labour Agreement for the Chemical\-Pharmaceutical sector);
* flexible benefits/corporate welfare.

The salary range is defined based on experience, skills, and internal equity criteria.  


Career progression and compensation review are based on transparent, objective criteria.  


We are committed to fair and equal pay practices, in line with applicable pay transparency regulations (EU  


Directive 2023/970\).  


IQVIA reserves the right to evaluate candidates with domicile / residence and work experience / study with requirements responding to the open request. Applications WITHOUT the requirements Will NOT be fully taken into account. Please enter the authorization for the processing of personal data (DL196/2003\) \- General Data Protection Regulation (13 GDPR 679/16 –) to IQVIA and to transfer those data to IQVIA’s Clients. The research is urgent and is intended for candidates of both sexes (L.903/77\).  


\#LI\-CES \#LI\-DNP  


IQVIA is a leading global provider of clinical research services, commercial insights and healthcare intelligence to the life sciences and healthcare industries. We create intelligent connections to accelerate the development and commercialization of innovative medical treatments to help improve patient outcomes and population health worldwide. Learn more at https://jobs.iqvia.com  


IQVIA is committed to integrity in our hiring process and maintains a zero tolerance policy for candidate fraud. All information and credentials submitted in your application must be truthful and complete. Any false statements, misrepresentations, or material omissions during the recruitment process will result in immediate disqualification of your application, or termination of employment if discovered later, in accordance with applicable law. We appreciate your honesty and professionalism.  


The potential base pay range for this role is The actual base pay offered may vary based on a number of factors including job\-related qualifications such as knowledge, skills, education, and experience; location; and/or schedule (full or part\-time). Dependent on the position offered, incentive plans, bonuses, and/or other forms of compensation may be offered, in addition to a range of health and welfare and/or other benefits.  
Where you'll work  
Hybrid  


You’ll split your time between home and the office, giving you the flexibility to focus where you work best while still building strong in\-person connections with your team. This model combines the autonomy of remote work with the collaboration, energy and resources of an office environment.  
Culture  


Culture at IQVIA is built on a shared belief: that when people are empowered with better data, smarter technology and deeper expertise, they can change what’s possible for patients. Across every team and every corner of the globe, you’ll find colleagues who genuinely care — about the mission and about each other. That’s what makes this a place where people tend to stay, grow and do the best work of their careers.","","https://it.indeed.com/cmp/Iqvia","https://d2q79iu7y748jz.cloudfront.net/s/_squarelogo/256x256/03e043400efdf1e7d2f66b4d0a67997e","http://jobs.iqvia.com","Durham, NC","10,000+","more than $10B (USD)","IQVIA (NYSE:IQV) is a leading global provider of advanced analytics, technology solutions and clinical research services to the life sciences industry dedicated to delivering actionable insights.","","","","","","","medical information"
"in-eb095195bffe498f","indeed","https://it.indeed.com/viewjob?jk=eb095195bffe498f","https://pfizer.wd1.myworkdayjobs.com/en-US/PfizerCareers/job/Italy---Milan/Process-Analyst_4960480","Process Analyst","Pfizer","Milano, LOM, IT","2026-07-30","fulltime","","","","","",True,"","","","disabilityrecruitment@pfizer.com","**Use Your Power for Purpose**


Our mission is straightforward: empower healthcare decisions regarding the safe and appropriate use of medicines for patients. Whether you are developing the framework to ensure our evidence is scientifically robust, providing unbiased and medically essential expertise, or exploring ways to bridge data gaps, your role is vital. By ensuring our evidence is sound and offering necessary medical insights, we strive to improve patient care and treatment efficacy.


The Process Analyst (PA) will be responsible for managing product and non\-product related projects to support the Worldwide Safety (WWS) department, primarily the Safety Surveillance and Risk Management (SSRM) Business Units (BUs), but also other groups within WWS as appropriate.


The PA will be responsible for supporting both novel and routine SSRM and Safety processes, within and across Disease Areas, Safety Lines and BUs.


The PA will be responsible for independently managing processes, compliance, and performance metrics.


**What You Will Achieve**


In this role, you will:

* Supports Risk Management Committee (RMC) and Benefit Risk Committee (BRC) meetings. This includes, but is not limited to, ensuring that the meeting happens in line with the relevant Clincal and Medical Controlled Documents (CMCDs), ensuring the correct personnel are invited to the meeting, issuing agendas prior to the meeting, drafting and finalizing meeting minutes and ensuring actions are completed in a timely fashion. The PA at this level must have a good understanding of the relevant CMCDs to help guide the SRLs and clinical teams for their drug products.
* Signal Tracking Log monitoring duties include:
* Monitors Regulatory Authority sites for safety signals for Pfizer products
* Ensures signals are evaluated at RMC
* Monitors and reviews signals entered into the log for completeness and timeliness of completion
* Contributes to aggregate reports for products with relevant signals
* Assists with internal and external inspection preparations relating to safety and ensures timely provision of responses to inquiries raised by inspectors/auditors.
* Manages small non\-drug product projects (such as process improvement initiatives, metrics monitoring, etc).
* Responsible for executing and implementing good document management practices across all supported safety activities.
* Assists the Risk Management Product Leads (RMPLs) with the tracking of additional risk minimization measures (aRMMs) in Risk Management Plans (RMPs), as appropriate.

**Here Is What You Need** (Minimum Requirements)

* Effective analytical skills \- detail oriented, independent, and manages processes to both establish timelines and ensures timelines are met. Good organizational skills.
* Fundamental knowledge of the principles and concepts of pharmacovigilance.
* Computer applications \- the PA should be competent in should be competent in various computer applications as well as department systems.
* Skills in matrix partnerships to affect inclusive and collaborative working relationships with WWS colleagues, including engaging SSRM Group Heads and other colleagues supplying sources of safety information. Actively engages RMC and BRC members as needed.
* Effective verbal and written communication skills relating to colleagues and associates both inside and outside the organization.
* Working effectively when co\-located with, AND when remote from, product teams/leaders/managers.
* Can handle more than one project simultaneously.
* Relevant knowledge of pharmaceutical company organizational structure, policies, and practices, as applicable to Safety Risk Management.

**Bonus Points If You Have** (Preferred Requirements)

* Master's degree
* Relevant pharmaceutical industry experience
* Familiarity with management of performance metrics
* Strong problem\-solving skillsExperience using common AI tools, including generative technologies such as ChatGPT or Microsoft Copilot, to support problem solving and enhance productivity. Demonstrated curiosity for exploring how these tools can improve outcomes and understanding of responsible AI practices, including risk management and ethical use

  

  

Work Location Assignment: On Premise


The annual base salary for this position ranges from €35\.250,00 to €58\.750,00\. This salary range applies to the location Italy \- Milan. We also offer a range of benefits and programs to meet colleagues’ needs. Benefits vary by location and can include health care coverage, retirement savings plans, insurance benefits, an Employee Assistance Program, wellness benefits and more. Additional details about total compensation and benefits will be provided during the hiring process. Pfizer compensation structures and benefit packages are aligned based on the location of hire. Final compensation will be determined based on the successful candidate’s relevant skills, experience, and qualifications, in accordance with pay equity principles and applicable employment laws.
Purpose

**Breakthroughs that change patients' lives**... At Pfizer we are a patient centric company, guided by our four values: courage, joy, equity and excellence. Our breakthrough culture lends itself to our dedication to transforming millions of lives.


Digital Transformation Strategy


One bold way we are achieving our purpose is through our company wide digital transformation strategy. We are leading the way in adopting new data, modelling and automated solutions to further digitize and accelerate drug discovery and development with the aim of enhancing health outcomes and the patient experience.


Flexibility


We aim to create a trusting, flexible workplace culture which encourages employees to achieve work life harmony, attracts talent and enables everyone to be their best working self. Let’s start the conversation!


Equal Employment Opportunity


We believe that a diverse and inclusive workforce is crucial to building a successful business. As an employer, Pfizer is committed to celebrating this, in all its forms – allowing for us to be as diverse as the patients and communities we serve. Together, we continue to build a culture that encourages, supports and empowers our employees.


Disability Inclusion  

Our mission is unleashing the power of all our people and we are proud to be a disability inclusive employer, ensuring equal employment opportunities for all candidates. We encourage you to put your best self forward with the knowledge and trust that we will make any reasonable adjustments to support your application and future career. Your journey with Pfizer starts here!


Pfizer endeavors to make www.pfizer.com/careers accessible to all users. If you would like to contact us regarding the accessibility of our website or need assistance completing the application process and/or interviewing, please email disabilityrecruitment@pfizer.com. This is to be used solely for accommodation requests with respect to the accessibility of our website, online application process and/or interviewing. Requests for any other reason will not be returned.
To learn more about acceptable and prohibited uses of AI during the recruitment process, please review our candidate AI\-use guidelines available on Pfizer Careers.


Medical","","https://it.indeed.com/cmp/Pfizer","https://d2q79iu7y748jz.cloudfront.net/s/_squarelogo/256x256/783f70becfcb9450a6a59fd5195a31b4","http://www.pfizer.com","New York, NY","Decline to state","more than $10B (USD)","Pfizer is a leading research-based biopharmaceutical company.","","","","","","","medical information"
"in-4c92b4294345717f","indeed","https://it.indeed.com/viewjob?jk=4c92b4294345717f","https://fa-esta-saasfaprod1.fa.ocs.oraclecloud.com:443/hcmUI/CandidateExperience/sv/job/2676","New Media Team Specialist","Hoya Group","Milano, LOM, IT","2026-07-30","internship","","","","","",True,"","","","","Hoya Lens Italia is looking for a Product Specialist to support customers in the use of instruments, systems, and software applications dedicated to the optical industry.


The successful candidate will join the New Media Team and serve as a key point of contact for training, technical consulting, and operational support activities, contributing to the delivery of excellent customer service and customer satisfaction.

 **Key Responsibilities**

* Manage the technical and commercial aspects of HOYA and Seiko branded instruments.
* Manage the commercial activities related to instruments from other brands.
* Oversee the entire product lifecycle at customer sites, from new product launches and customer presentations to installation, training, and after\-sales support.
* Deliver training sessions and on\-site coaching to customers throughout Italy on the use of company instruments and software applications (approximately 40% of working time).
* Provide remote technical support and after\-sales assistance.
* Handle administrative activities related to instrumentation, including warehouse management, delivery notes, and order processing.
* Collaborate cross\-functionally with internal teams to ensure an excellent customer experience.

 **Requirements**

* Degree in Optics and Optometry.
* Excellent command of both Italian and English.
* Previous experience, even if limited, in training, technical support, or customer consulting is considered a plus.
* Strong interpersonal and communication skills.
* Availability to travel frequently across Italy.
* Availability to work on weekends when required.
* Strong organizational skills, problem\-solving mindset, and ability to work effectively in a team environment.

 **Location**


Garbagnate Milanese (MI), Italy, with frequent travel to customer sites throughout the country.

 **Offer**


Base salary 27\-37k \+ variable \+ benefits


Driven by a passion for partnership as well as innovation, HOYA has been a partner to Eye Care Professionals for over 75 years, enabling them to give people the greatest gift, the gift of vision. We provide Eye Care Professionals with the lenses, consultation solutions and other services that help them to develop their practice while changing the way people see the world. We see them as visionaries, and everything we do is for them. Founded in Japan in 1941, today, HOYA has a presence in over 80 countries across the globe.
**HOYA Group**: Founded in 1941 in Tokyo, Japan, HOYA Corporation is a global technology and med\-tech company and a leading supplier of innovative high\-tech and medical products. HOYA’s divisions and business units research and develop products utilized in the healthcare and information technology fields. In the healthcare field, we provide medical device products such as eyeglasses, medical endoscopes, contact and intraocular lenses, orthopedic implants, surgical/therapeutic devices and medical device reprocessing and disinfection solutions. In the information technology field, we provide products such as optical lenses, photomasks and blanks used in the manufacturing process for semiconductor and LCD/OLED devices, text\-to\-speech, human resources and other software solutions and critical components for the mass memory and cloud storage industries. With over 150 offices and subsidiaries worldwide, HOYA currently employs a multinational workforce of 37,000 people.  

  

**HOYA Vision Care**: As a global leader in optical technology, HOYA Vision Care is dedicated to providing innovative vision care solutions for every stage of a patient’s life. A steadfast partner to Eye Care Professionals around the world, it stands at the forefront of optical excellence. With a global presence, consisting of 43 laboratories and a growing team of 20,000 employees, HOYA Vision Care delivers innovative lenses and other vision care solutions to millions of people in 110 countries.  

  

We focus on a better tomorrow, today. You can become part of our story. HOYA Vision Care is the place where you can act according to your strengths and evolve according to your aspirations. It’s a place where you can shape the way you work, guided by our CLEAR Values, and empowered by generations of expertise. You can get involved in our sustainability initiatives and choose to become a One Vision ambassador. You can give back the gift of sight to people all over the world by deciding to work with us.  

  

We welcome people who challenge us to become better, who share our sense of purpose and who embrace growth so that our vision and mission align. We invite you to find out more, and together we can continue to provide vision for a lifetime.","","https://it.indeed.com/cmp/Hoya-Group-1","https://d2q79iu7y748jz.cloudfront.net/s/_squarelogo/256x256/035ae2efa4904e389ce3094f10725206","https://www.hoyavision.com","Lewisville","501 to 1,000","$25M to $100M (USD)","","","","","","","","medical information"
"li-4446609915","linkedin","https://www.linkedin.com/jobs/view/4446609915","","Regulatory Affairs Manager - Extra EU - Fitofarmaci/Agrofarmaci","Hays","","2026-08-04","","","","","","",False,"","","","","","","https://uk.linkedin.com/company/hays","","","","","","","","","","","","","farmacovigilanza"
"li-4449111549","linkedin","https://www.linkedin.com/jobs/view/4449111549","","Regulatory Affairs settore Integratori e Cosmetici - Stabilimento di Novara","SANITPHARMA S.R.L.","Novara, Piedmont, Italy","","","","","","","",False,"","","","","","","https://www.linkedin.com/company/sanitpharma-s.r.l.","","","","","","","","","","","","","farmacovigilanza"
"li-4440222641","linkedin","https://www.linkedin.com/jobs/view/4440222641","","QA Product Validation and Approval Specialist - Medical Devices & Cosmetics Regulatory Affairs (sostituzione maternità)","QVC Italy","","","","","","","","",False,"","","","","","","https://www.linkedin.com/company/qvc-italy","","","","","","","","","","","","","farmacovigilanza"
"in-c244aca51192e26e","indeed","https://it.indeed.com/viewjob?jk=c244aca51192e26e","https://jsv3.recruitics.com/redirect?rx_cid=3436&rx_jobId=R-01362223&rx_url=https%3A%2F%2Fjobs.thermofisher.com%2Fglobal%2Fen%2Fjob%2FR-01362223%2FManufacturing-Sciences-Process-Scientist-II%3Frx_a%3D0%26rx_c%3D%26rx_ch%3Djobp4p%26rx_group%3D123525%26rx_id%3Dc5d69e6a-8c76-11f1-866a-abc82f4dd75e%26rx_job%3DR-01362223%26rx_medium%3Dcpc%26rx_r%3Dnone%26rx_source%3Dindeed%26rx_ts%3D20260806T080407Z%26rx_vp%3Dcpc%26utm_medium%3Dppc%26utm_source%3Drecruitics_indeedorganic","Manufacturing Sciences, Process Scientist II","Thermo Fisher Scientific","Monza, LOM, IT","2026-07-30","fulltime","","","","","",False,"","","","","**Work Schedule**


Standard (Mon\-Fri)**Environmental Conditions**


Adherence to all Good Manufacturing Practices (GMP) Safety Standards, Office, Some degree of PPE (Personal Protective Equipment) required (safety glasses, gowning, gloves, lab coat, ear plugs etc.)**Job Description**

**How will you make an impact?**


Thermo Fisher Scientific Inc. is the world leader in serving science, with annual revenue of more than $40 billion. Our Mission is to enable our customers to make the world healthier, cleaner and safer. Whether our customers are accelerating life sciences research, solving complex analytical challenges, improving laboratory efficiency, advancing patient health through diagnostics, or developing and manufacturing life\-changing therapies, we are here to support them.


We are seeking a highly motivated **Process Scientist II** to join the Pharmaceutical Development Services (PDS) team in Monza, Italy.


The Pharmaceutical Development Services (PDS) division specializes in clinical and small\-scale commercial contract manufacturing of sterile injectable drug products, including liquid and lyophilized formulations.


You will join the **Process Manufacturing Sciences** team, where scientists design, develop and optimize manufacturing processes for innovative therapies, working in close partnership with clients and cross\-functional teams. This role offers the opportunity to contribute to the successful delivery of life\-changing medicines while developing your scientific expertise in a dynamic and collaborative environment.

 **What will you do?**


As a **Process Scientist II**, you will support the development, optimization and technology transfer of sterile manufacturing processes into the cGMP manufacturing suites at the Monza site.


As the **Process Subject Matter Expert (SME)** for assigned projects, you will provide scientific leadership throughout the project lifecycle, partnering with clients and cross\-functional teams to develop robust, scalable and compliant manufacturing processes for clinical and commercial products.

**Your****responsibilities****will****include:**

* Define, develop and optimize manufacturing processes for sterile injectable products based on product knowledge, development data and Quality Target Product Profile (QTPP).
* Prepare and review technical documentation, including manufacturing instructions, study protocols, technical reports, FMEA and GAP analyses.
* Drive the technical execution of assigned projects, supporting process development, scale\-up, technology transfer and manufacturing activities.
* Build strong scientific partnerships with clients, provide technical expertise and supporting process\-related decisions throughout the project lifecycle.
* Lead technical investigations, risk assessments and process optimization to ensure robust and compliant manufacturing processes.
* Collaborate with Manufacturing, MSAT, Quality, Engineering and other cross\-functional teams to ensure successful project execution.
* Present scientific data, project progress and technical recommendations to internal stakeholders and external clients.
* Support client meetings, audits and regulatory inspections as the process technical expert.","Industrial Manufacturing","https://it.indeed.com/cmp/Thermo-Fisher-Scientific","https://d2q79iu7y748jz.cloudfront.net/s/_squarelogo/256x256/65bd2e4bebb79b1432ac3277ffd57ae7","https://www.thermofisher.com/","168 Third Avenue, Waltham, MA USA 02451","10,000+","more than $10B (USD)","At Thermo Fisher Scientific, our professionals develop critical solutions—and build rewarding careers.","","","","","","","drug safety"
"in-1041b4eeef7a2caf","indeed","https://it.indeed.com/viewjob?jk=1041b4eeef7a2caf","https://careers.chiesi.com/job/Milano-Sterile-Supervisor/1368166257/","Sterile Supervisor","Chiesi Farmaceutici S.p.A.","Milano, LOM, IT","2026-07-30","","","","","","",True,"","","","","Date: 30 Jul 2026
Department: Plant Operations Italy, Parma Site
Business Area: Industrial Operations \& HSE
Job Type: Direct Employee
Contract Type: Permanent
Location:
Milano, IT


***About us***


Chiesi is an international research\-focused biopharmaceutical group with 90 years’ experience, operating in more than 30 countries, with its Headquarter in Parma, Italy. More than 8,000 employees across the group are united by a singular purpose: promoting a healthier world for our people, patients, and the planet. This is what drives us as we research, develop, and market innovative drugs across our main therapeutic areas. Discover more here.


At Chiesi we are thinking generations ahead, driving sustainable innovation with purpose. This fosters a culture of reliability, transparency, and ethical behaviour at every level. As a Benefit Corporation and a certified B Corp, we have embedded sustainability in our bylaws and continuously measure our impact.


Diversity and inclusion are at the heart of who we are. We believe our differences make us stronger. We are a vibrant ecosystem of passionate, talented individuals united by strong values, each bringing unique perspectives that help us to continuously challenge the status quo for the better.

  

***Global Technical Operations \& Supply***


Global Technical Operations \& Supply (Global TechOp\&S) is Chiesi’s global manufacturing and supply area, responsible for ensuring consistent, outstanding quality, service and value across our end‑to‑end supply chain. Global TechOp\&S oversees the entire lifecycle of the drug: from process optimization and industrialization, to manufacturing, engineering, quality oversight, and supply chain management. Throughout this journey, Operational Excellence drives continuous improvement. This end‑to‑end model is powered by our four manufacturing sites \- Parma (IT), Blois (FR), Santana de Parnaíba (BR), and Nerviano (IT) \- together with our Virtual Plant network of external partners.


**This is what you will do**
----------------------------


We are seeking an experienced and highly motivated **Sterile Production Supervisor** to join a unique greenfield project focused on **biologics manufacturing**.


This role offers the opportunity to contribute not only to daily sterile operations, but also to the **design, implementation, and start\-up of a next\-generation sterile production department**.


The successful candidate will play a key role in shaping processes, supporting equipment and facility design decisions, and establishing operational standards for a biologics manufacturing environment.


This is a rare opportunity to be part of a **site built from the ground up**, contributing to technical excellence, compliance, and long\-term operational success.


**You will be responsible for**
-------------------------------


**Project \& Start\-up Phase**


* Contribute to **process and facility design discussions**, ensuring manufacturability and GMP compliance.
* Support **layout review, equipment URS definition, and operational input** during design and procurement phases.
* Participate in **FAT/SAT, commissioning, and qualification activities** for sterile biologics manufacturing lines.
* Collaborate with MS\&T, Engineering, QA, and Validation teams to define robust operational workflows.
* Contribute to the development of **SOPs, batch records, training programs, and aseptic practices**.

**Operational Phase**


* Supervise day\-to\-day **sterile biologics manufacturing operations** (e.g., aseptic processing, filtration, filling, formulation).
* Ensure compliance with **GMP, Annex 1, and aseptic processing standards**.
* Lead and coach operators in cleanroom behaviors, gowning practices, and aseptic techniques.
* Monitor production performance, deviations, and investigations; drive timely resolution and continuous improvement.
* Support media fills, environmental monitoring oversight, and inspection readiness activities.
* Promote a strong **quality and safety culture** within the department.
**You will need to have**
-------------------------


* Degree in Biotechnology, Pharmacy, Biology, Chemical Engineering, or related scientific disciplines
* Minimum **3–5 years of experience** in sterile pharmaceutical manufacturing.
* Proven hands\-on experience in **biologics manufacturing** (e.g., aseptic processing, sterile filtration, fill\-finish, upstream/downstream interfaces).
* Knowledge of **GMP and Annex 1 requirements**.
* Deep understanding of **aseptic techniques and contamination control strategy**.
* Familiarity with **process validation and equipment qualification**.
* Strong documentation and deviation management capabilities.
**We would prefer for you to have**
-----------------------------------


* Experience in **start\-up, scale\-up, or facility expansion projects** is desirable.
* Exposure to isolators, cleanroom qualification, and media fill execution is a strong advantage.
**Location**
------------


Nerviano, Milano


**Compensation Range**
----------------------


The minimum salary for this role is € 39\.000, aligned to our established salary framework. The final offer will reflect the candidate’s skills, experience, qualifications and internal equity considerations.


In addition, we offer a comprehensive benefits package includining pension, private medical insurance, wellbeing programme, flexible benefits programme.


**What we offer**


No matter where your path starts at Chiesi, it leads to inspiring possibilities. Your future is our focus, and we are committed to nurturing your development in our dynamic, friendly environment with access to resources and training every step of the way.


We provide top\-class benefits, including comprehensive healthcare programs, work\-life balance initiatives, and robust relocation support. Our salary package is competitive, comprising a basic salary, performance bonuses, and benefits benchmarked against the external market. Additionally, we offer flexible working arrangements, remote work options, and tax assistance services for foreign colleagues, all designed to help you thrive.

  

*Chiesi is an equal opportunity employer committed to hiring a diverse workforce at all levels of our business. All qualified applicants receive consideration for employment based on attitude and merit, without regard to race, national origin, age, sex, religion, disability, sexual orientation, marital status, military status, gender identity or expression, or any other basis protected by applicable laws. This policy applies to all aspects of employment, including hiring, transfer, promotion, compensation, eligibility for benefits, and termination.*","","https://it.indeed.com/cmp/Chiesi-Farmaceutici-S.p.a.","https://d2q79iu7y748jz.cloudfront.net/s/_squarelogo/256x256/a2bc2e1ac585c7a4dff48e6300f98940","https://www.chiesi.com/","Parma","1,001 to 5,000","","","","","","","","","drug safety"
"in-16b1e0a2a9eb6828","indeed","https://it.indeed.com/viewjob?jk=16b1e0a2a9eb6828","https://jsv3.recruitics.com/redirect?rx_cid=3436&rx_jobId=R-01355791_1006_rxr-1&rx_url=https%3A%2F%2Fjobs.thermofisher.com%2Fglobal%2Fen%2Fjob%2FR-01355791%2FCTM-Sr-CTM-EMEA-FSP%3Frx_a%3D0%26rx_c%3D%26rx_ch%3Djobp4p%26rx_group%3D123525%26rx_id%3D4fd9ba93-8d40-11f1-9be6-1305a648db6d%26rx_job%3DR-01355791_1006_rxr-1%26rx_medium%3Dcpc%26rx_r%3Dnone%26rx_source%3Dindeed%26rx_ts%3D20260806T080407Z%26rx_vp%3Dcpc%26utm_medium%3Dppc%26utm_source%3Drecruitics_indeedorganic","CTM/Sr CTM - EMEA - FSP","Thermo Fisher Scientific","Milano, LOM, IT","2026-07-31","fulltime","","","","","",True,"","","","","**Work Schedule**


Standard (Mon\-Fri)**Environmental Conditions**


Office**Job Description**


At Thermo Fisher Scientific, you’ll discover meaningful work that makes a positive impact on a global scale. Join our colleagues in bringing our Mission to life \- enabling our customers to make the world healthier, cleaner and safer. We provide our teams with the resources needed to achieve individual career goals while taking science a step beyond through research, development and delivery of life\-changing therapies. With clinical trials conducted in 100\+ countries and ongoing development of novel frameworks for clinical research through our PPD clinical research portfolio, our work spans laboratory, digital and decentralized clinical trial services. Your determination to deliver quality and accuracy will improve health outcomes that people and communities depend on – now and in the future.


Our global Clinical Operations colleagues within our clinical research services provide end\-to\-end support for clinical trials from study start up to monitoring through to study close out, across commercial and government contracts. Together, we help clients define and develop clinical programs, minimize delays, and execute high\-quality, cost\-efficient clinical studies.

**The FSP Solution:**


PPD's Functional Service Provider division partner with and serve as an extension of our PPD team, supporting our customers key functions. We cover customer needs on every level, allowing them to do more with less, with an uncompromising commitment to quality. We deploy the same top\-tier talent in ALL engagement models. Exceptionally trained, rigorously supported and technologically empowered to help customers manage capacity and set programs up for success.


Joining within our PPD FSP functional area, allows you to join the renowned PPD CRO and still gain invaluable client dedicated experience.

**Discover Impactful Work:**


To lead local study teams at country level to deliver committed components of clinical studies according to agreed resources, budget and timelines complying with international guidelines such as ICH\-GCP as well as relevant local regulations. In addition may perform site monitoring as needed to support the flexible capacity model. The position is responsible to ensure that sites are identified, site qualifications performed, set up, initiated, monitored, closed and documentation archived.

**A Day in the Life:**

* Has the overall responsibility for the study commitments within the country and for timely delivery of data to required quality.
* Leads Local Study Team consisting of CRA(s), CSA(s), for assigned study/studies
* Leads and optimises the performance of the Local Study Team(s) at country level ensuring compliance with Procedural Documents, ICH\-GCP and local regulations.
* Ensures, as required, that clinical and operational feasibility assessment of potential studies is performed to the highest quality.
* Coordinates the site selection process by identifying potential sites/investigators, performing initial Site Quality Risk Assessment, and conducting Site Qualification Visits to evaluate suitability and quality risks.
* Ensures timely submission of application/documents to EC/IRB at start up and for the duration of the study. Works together with Regulatory Affairs to ensure timely delivery of application/documents for submissions to Regulatory Authority for the duration of the study, and in line with local regulations.
* Ensures timely preparation of country financial Study Management Agreement (fSMA) and maintains accurate study budget in clinical studies financial system by regular checks of the system and financial reports (as agreed with Director, SMM/ Director, Country Head.
* Ensures timely preparation of local Master CSA (including site budget) and amendments as needed.
* Ensures timely preparation of country level Master Informed Consent Form (MICF) and subsequent site level ICFs, as required, including any relevant translations, and in line with relevant SOPs and local regulations.
* Ensures all country and site level trial essential documents required by ICH\-GCP prior to study start have been collected and verified for correctness, prior to setting sites ready to enrol, and in line with SOPs.
* Plans and coordinates applicable local drug activities (from local purchase or reimbursement to drug destruction).
* Sets up and maintains the study in CTMS at study country level as well as local websites as required by local laws and regulations.
* Oversees, manages and coordinates monitoring activities from site activation through to study closure at country and site level in accordance with the Monitoring Plans.
* Reviews monitoring visit reports (as required and following SOPs and pro\-actively advices the monitor(s) on study related matters.
* Performs any required co\-monitoring, Accompanied Site Visits/training visits with study CRAs.
* Proactively identifies risks and facilitates resolution of complex study problems and issues.
* Organises regular Local Study Team meetings on an agenda driven basis.
* Actively works towards achieving good personal relationships with all Local Study Team members, sites’ staff and global stakeholders.
* Reports study progress/update to the Global Study Associate Director/ Global Study Team including SMM Lead.
* Contributes to patient recruitment strategy including regular communication with participating Investigators as necessary.
* Develops, maintains and reviews risk management plan on country study level: proactively manages sites, stakeholders, local and global vendors and customers to ensure risks are timely identified, mitigated and managed.
* Communicates and co\-ordinates regularly with National Co\-ordinating Investigator / National Lead Investigator on recruitment and other study matters, if applicable.

**Keys to Success:**

 **Education**

* Bachelor's degree or equivalent and relevant formal academic / vocational qualification

 **Experience**

* Previous experience as CTM that provides the knowledge, skills, and abilities to perform the job (comparable to 3\+ years).
* In some cases an equivalency, consisting of a combination of appropriate education, training and/or directly related experience, will be considered sufficient for an individual to meet the requirements of the role.
* Experience in site monitoring

**Knowledge, Skills, Abilities**

* Demonstrates flexibility and resilience with the ability to evolve in an always changing and challenging (internal and external) environment, processes, and systems.
* Demonstrates excellent leadership skills, promoting motivation and high\-quality performance of others to accomplish individual, team, and organizational objectives.
* Demonstrates an excellent understanding of clinical study, drug development, sample management, and other associated processes and quality requirements.
* Has a strong project management approach and demonstrated ability to work and lead in a matrix team environment involving both internal and external partners.
* Proficient in acting as the organization's spokesperson to external physician investigators and other external clinical site staff, institutional review boards, etc., including responding to intricate questions.
* Capable of performing well within the local setting and, if needed, in additional regional settings while encouraging positive relationships with remote central team members. Ability to work effectively in a remote environment.
* Capable of establishing and coordinating priorities and performance objectives in a nearby setting and, when necessary, in additional regional settings.
* Effectively plans, communicates, coordinates, and facilitates delivery of local/regional team objectives.
* Demonstrates a solid understanding of country local regulations and, if required, basic understanding of other countries' regulations, ICH\-GCP guidelines, and written standards.
* Available and willing to travel for project\-related activities as required (e.g., Investigator \& Monitors Meeting attendance).
* Acts as a role model in line with the organization's culture, including values and behaviours.
* Able to understand and apply new digital innovations to clinical trials.
* Able to demonstrate conceptual, analytical, and strategic thinking including data literacy.
* Effective at problem\-solving and conflict resolution.
* Demonstrates good English language written and verbal communication skills in addition to proven negotiation skills.
* Demonstrates flexibility with high learning agility.
* Demonstrates strong computer skills and the ability and willingness to learn and master new or evolving computer systems to support business requirements effectively.

 **Working Environment**


Thermo Fisher Scientific values the health and wellbeing of our employees. We support and encourage individuals to create a healthy and balanced environment where they can thrive. Below is listed the working environment/requirements for this role:

* Able to communicate, receive, and understand information and ideas with diverse groups of people in a comprehensible and reasonable manner.
* Able to work upright and stationary for typical working hours.
* Ability to use and learn standard office equipment and technology with proficiency.
* Able to perform successfully under pressure while prioritizing and handling multiple projects or activities.
* May require travel.

  

Our Mission is to enable our customers to make the world healthier, cleaner and safer. Watch as our colleagues explain 5 reasons to work with us. As one team of 100,000\+ colleagues, we share a common set of values \- Integrity, Intensity, Innovation and Involvement \- working together to accelerate research, solve complex scientific challenges, drive technological innovation and support patients in need. \#StartYourStory with PPD, part of Thermo Fisher Scientific, where diverse experiences, backgrounds and perspectives are valued.

 **Apply today!** **http://jobs.thermofisher.com**


Thermo Fisher Scientific is an EEO/Affirmative Action Employer and does not discriminate on the basis of race, color, religion, sex, sexual orientation, gender identity, national origin, protected veteran status, disability or any other legally protected status.

 **Accessibility/Disability** **Access**


Job Seekers with a Disability: Thermo Fisher Scientific offers accessibility service for job seekers requiring accommodations in the job application process. For example, this may include individuals requiring assistance because of hearing, vision, mobility, or cognitive impairments. If you are a job seeker with a disability, or assisting a person with a disability, and require accessibility assistance or an accommodation to apply for one of our jobs, please submit a request by telephone at 1\-855\-471\-2255\*. Please include your contact information and specific details about your required accommodation to support you during the job application process.

* This telephone line is reserved solely for job seekers with disabilities requiring accessibility assistance or an accommodation in the job application process. Messages left for other purposes, such as not being able to get into the career website, following up on an application, or other non\-disability related technical issues will not receive a response.","Industrial Manufacturing","https://it.indeed.com/cmp/Thermo-Fisher-Scientific","https://d2q79iu7y748jz.cloudfront.net/s/_squarelogo/256x256/65bd2e4bebb79b1432ac3277ffd57ae7","https://www.thermofisher.com/","168 Third Avenue, Waltham, MA USA 02451","10,000+","more than $10B (USD)","At Thermo Fisher Scientific, our professionals develop critical solutions—and build rewarding careers.","","","","","","","clinical research associate"
"in-6a08ae6abe870d6b","indeed","https://it.indeed.com/viewjob?jk=6a08ae6abe870d6b","https://jsv3.recruitics.com/redirect?rx_cid=3436&rx_jobId=R-01362678&rx_url=https%3A%2F%2Fjobs.thermofisher.com%2Fglobal%2Fen%2Fjob%2FR-01362678%2FTenders-Specialist%3Frx_a%3D0%26rx_c%3D%26rx_ch%3Djobp4p%26rx_group%3D123525%26rx_id%3D976614c1-9021-11f1-a5f3-a1ee316ee817%26rx_job%3DR-01362678%26rx_medium%3Dcpc%26rx_r%3Dnone%26rx_source%3Dindeed%26rx_ts%3D20260806T080407Z%26rx_vp%3Dcpc%26utm_medium%3Dppc%26utm_source%3Drecruitics_indeedorganic","Tenders Specialist","Thermo Fisher Scientific","Grassobbio, LOM, IT","2026-08-04","fulltime","","","","","",False,"","","","","**Work Schedule**


Standard (Mon\-Fri)**Environmental Conditions**


Office**Job Description**


As part of the Thermo Fisher Scientific team, you’ll discover meaningful work that makes a positive impact on a global scale. Join our colleagues in bringing our Mission to life every single day to enable our customers to make the world healthier, cleaner and safer. We provide our global teams with the resources needed to achieve individual career goals while helping to take science a step beyond by developing solutions for some of the world’s toughest challenges, like protecting the environment, making sure our food is safe or helping find cures for cancer.

 **Tender Specialist description:**


* Identify and monitor public tender opportunities through national and regional e\-procurement platforms (e.g., MEPA, Sintel…).
* Review tender documentation, including administrative requirements, technical specifications and economic offer.
* Manage the entire tender process, ensuring full compliance with deadlines, procurement regulations and company procedures.
* Liaise with internal stakeholders, including Sales, Marketing, Finance, Regulatory Affairs, Technical Support, Quality and Legal departments to ensure timely preparation of competitive and compliant bids.
* Support the Sales Team in the preparation of commercial offers for private customers.
* Monitor tender award and manage post\-award activities, including contract execution, extensions, amendments and renewals.
* Maintain accurate tender records and ensure proper archiving of all bid documentation in accordance with company policies and regulatory requirements.
* Provide support to other departments within the company as required.

  

REQUIREMENTS:  

* Bachelor's Degree required,
* Preferred Fields of Study: Business, Finance, Accounting, or related field
* Additional professional certifications or training in relevant areas preferred
* Advanced proficiency in Microsoft Office suite, especially Excel (pivot tables, formulas) and PowerPoint
* Excellent written and verbal communication skills, with ability to effectively interact with diverse stakeholders
* Proven ability to manage multiple projects simultaneously while maintaining attention to detail
* Strong organizational and project management capabilities with focus on meeting deadlines
* Detail\-oriented mindset with commitment to accuracy and quality control
* Ability to work effectively in a results\-oriented environment
* Knowledge of commercial sales operations, revenue recognition, and contract management principles
* Experience with tender/RFP processes and documentation preferred
* Professional fluency in English required; additional language skills valued
* Demonstrated problem\-solving abilities and process improvement mindset
* Strong customer service orientation with focus on building collaborative relationships
* Ability to handle confidential information with discretion and maintain data integrity","Industrial Manufacturing","https://it.indeed.com/cmp/Thermo-Fisher-Scientific","https://d2q79iu7y748jz.cloudfront.net/s/_squarelogo/256x256/65bd2e4bebb79b1432ac3277ffd57ae7","https://www.thermofisher.com/","168 Third Avenue, Waltham, MA USA 02451","10,000+","more than $10B (USD)","At Thermo Fisher Scientific, our professionals develop critical solutions—and build rewarding careers.","","","","","","","scientific affairs"
"in-73cf8942bd9479b8","indeed","https://it.indeed.com/viewjob?jk=73cf8942bd9479b8","https://jobs.boltongroup.net/job/Milano-Product-Development-Specialist/1421734133/","Product Development Specialist","BOLTON GROUP","Milano, LOM, IT","2026-08-03","fulltime","","","","","",True,"","","","","work
Bolton Home, Personal Care \& Beauty
domain
Innovations, Development \& Quality
location\_on
Milano, IT


Apply now



Product Development Specialist


We are looking for an **R\&D Product Development Specialist** to join our Research and Development team within the Beauty Care Business Unit, based in our HQ in Milan.  



How you make the difference

Innovation is at the heart of Bolton. In this role, you will be a key driver of product innovation, transforming ideas into successful launches and strengthening our competitive edge in the beauty market.  



How your agenda looks like:
* Lead end\-to\-end product development and renovation projects in your category, working hand\-in\-hand with trusted external suppliers.
* Deliver projects on time, on budget, and fully aligned with brand standards – ensuring top\-notch product performance, safety, and quality.
* Build strong supplier relationships through regular visits and continuous collaboration.
* Translate marketing briefs into concrete, actionable, and effective development strategies.
* Collaborate closely with cross\-functional teams (Marketing, Regulatory, Quality, Sustainability) to guarantee flawless execution.
* Explore new ingredients, technologies, and trends to fuel a consumer\-driven innovation pipeline.

  



Your team:

You will join the R\&D Beauty Care team as part of the formulation area, reporting directly to the R\&D Manager and working in close partnership with the packaging division.  

You will also be supported by our dedicated Quality, Regulatory Affairs, and Sustainability teams, so you can focus on what you do best: driving innovation and shaping future product strategies.  



What makes you a great fit:
* Education: Master’s degree or PhD in Chemistry, Pharmaceutical Sciences, Cosmetic Science, or a related field.
* Experience: 2/3 years in R\&D within the beauty or personal care industry (makeup experience is a plus).
* Expertise: proven track record in managing product development with third\-party suppliers or contract manufacturers.
* Technical skills: solid knowledge of cosmetic formulation principles and product lifecycle management.
* Regulatory know\-how: good understanding of global frameworks (EU, US, Asia) and claim substantiation methodologies.
* Testing skills: familiarity with clinical testing and efficacy evaluation protocols.
* Flexibility: openness to regular travel to suppliers.
* Passion: a genuine love for cosmetics makes all the difference.
* Soft skills: consumer\-centric mindset, curiosity, initiative, problem\-solving, proactivity, and a drive for innovation.
* Languages: proficient in Italian and fluent in English.
* If you combine scientific expertise with creativity and a passion for beauty, this is the place where your talent can truly shine.

  



What’s in for you:
* **Starting salary:** from 40\.000 euro (based on experience and skills)
* **Variable compensation**: Yes, PPO
* **Work location**: Milano, Italy
* **Contract type:** Temporary contract (Maternity cover)
* **Working hours:** Full time
* **Smart working:** Yes, with a flexible smart working
* **Benefit:** Meal vouchers worth 12€ per day; Health insurance (Faschim \+ supplementary coverage); Corporate welfare plan;
* **Collective Agreement:** CCNL Chimico

  



Curious About Us? Dive In:
*About Bolton*

Bolton is an Italian family\-owned fast\-moving consumer goods company with 10\.500 people located across 60 offices, 17 production facilities, 10 R\&D laboratories, and 14 fishing vessels worldwide. With a diverse portfolio of over 60 quality brands, Bolton has been enriching the lives of millions of people every day for more than 75 years, making their everyday more delicious, more enjoyable, useful, and beautiful.  


*About Beauty*

Bolton Beauty is a Business Unit of Bolton that enhances the beauty of millions of people through much\-loved brands such as Collistar and Somatoline. We are committed to creating simple yet powerful cosmetic solutions, in Italy and beyond, that make everyday life more glamorous, confident, and beautiful.  



Grow Your Future with Us, Apply now!
Apply now","","https://it.indeed.com/cmp/Bolton-Group","https://d2q79iu7y748jz.cloudfront.net/s/_squarelogo/256x256/e37d685d0ae14480a6d6e2a83a22afdf","","","Decline to state","Decline to state","We are an Italian family-owned company specializing in fast-moving consumer goods. Every day, we bring trusted, beloved brands into homes around the world. ","","","","","","","scientific affairs"
"in-2901ebf17d5b69ec","indeed","https://it.indeed.com/viewjob?jk=2901ebf17d5b69ec","https://www.comeet.com/jobs/capslock/59.001/senior-marketing-strategist/9B.F62-BA.409?coref=1.11.pE0_4C12","Senior Marketing Strategist","CapsLock","LOM, IT","2026-08-05","","","","","","",True,"","","","","**Company Overview**

**CapsLock** is a dynamic marketing company providing IT\-enabled solutions for large North American partners. We specialize in scalable customer acquisition through data\-driven marketing, creative production, and technology innovation.


Our teams collaborate across Marketing, IT, Analytics, CRO, and Media Buying to build, test, and optimize high\-performing funnels that help clients achieve predictable growth across industries such as Home Improvement, Health, Legal, and Insurance.

**Role Overview**


We're looking for a **Senior Marketing Strategist** who thinks like a strategist, creative person and optimizer—someone who understands customer behavior, identifies growth opportunities, and continuously improves marketing performance through experimentation.


You'll be responsible for developing new funnels, conducting market and competitor research, generating hypotheses, managing A/B testing initiatives, and collaborating closely with Creative, Media Buying, Analytics, and IT teams to deliver measurable business results.


Success in this role means constantly asking ""How can we improve conversion?"" and using data to find the answer.

 **Responsibilities**

* Conduct market, audience, and competitor research for new and existing clients.
* Develop new landing page concepts and marketing funnels.
* Generate, prioritize, and document CRO hypotheses.
* Plan and manage A/B testing roadmaps across multiple clients.
* Analyze landing page performance and identify optimization opportunities.
* Collaborate with Copywriters, Designers, Video Producers, IT, and Media Buyers throughout the production process.
* Review campaign performance and translate data into actionable insights.
* Identify winning strategies and scale them across similar clients and industries.
* Maintain and expand the company's CRO knowledge base and testing library.
* Research new marketing trends, technologies, and customer acquisition strategies.
* Ensure projects are delivered on time and meet quality standards.
* Present recommendations and optimization plans to internal stakeholders.

**AI \& Experimentation Mindset**


You actively use AI to improve research, productivity, and decision\-making. Whether it's generating hypotheses, analyzing competitors, organizing knowledge, or accelerating content creation, you view AI as a strategic assistant rather than a replacement for marketing thinking.


We're looking for someone who enjoys experimenting, learning, and continuously improving existing processes.

  


Requirements:  

  

**Essential**

* 5\+ years of experience in Performance Marketing, CRO, Digital Marketing, or Growth Marketing.
* Strong understanding of customer acquisition funnels and landing page optimization.
* Experience planning and evaluating A/B tests.
* Ability to interpret marketing data and make data\-driven decisions.
* Strong analytical thinking and problem\-solving skills.
* Experience collaborating with cross\-functional teams.
* Excellent project management and organizational skills.
* Exceptional communication skills.
* Proficient English language skills.
* Experience with AI tools for marketing research and automation.

**Nice to Have**

* Experience in Home Improvement or Lead Generation industries.
* Experience working with Meta, Google Ads, Native Advertising, or YouTube.
* Knowledge of UX principles and conversion optimization.
* Familiarity with Tableau, GA4, Microsoft Clarity, Hotjar, or similar analytics tools.

 **﻿****Why do we deserve your attention?**


Not only do we offer fair and competitive pay, but we also provide perks and benefits that support your well\-being and growth. Here are some of them:

**Remote Work**


We are a truly remote\-first company. You choose where you feel the most productive and comfortable to make an impact.

**Paid Time Off**


Work\-life balance matters to us, and we support it with paid time off for rest, personal time, or simply doing what makes you happy.

**Ongoing Learning**


We believe in curiosity and growth. That’s why we support continuous learning with workshops, online courses, conferences, and certifications.

**Home Office**


We help you set up your perfect workspace by covering equipment and furniture expenses, so you can do your best work from home.

**Physical Well\-Being**


From gym memberships and yoga classes to home workout equipment or even a bicycle, we give you the flexibility to stay active your way.

**Unlimited Sick Days**


Your health matters. Take the time you need to rest and recover \- we’ll be here when you’re ready to return.

**Medical Coverage**


We support you and your family with reimbursement for medical insurance and health\-related expenses, including dental care and psychological support.

**Co\-Working Space**


If you sometimes crave a change of scenery or more social interaction, we’ll cover the full cost of a co\-working space.

**Fun Stuff**


From gaming nights and fitness challenges to annual retreats at world\-class resorts, we make sure there’s never a shortage of fun and connection.","","https://it.indeed.com/cmp/Capslock","","","","","","","","","","","","","medical communication"
"in-a5700deb5f7e2d39","indeed","https://it.indeed.com/viewjob?jk=a5700deb5f7e2d39","https://apply.workable.com/j/E629E580BD","Business Graduate Program 2026","Empatica","Milano, LOM, IT","2026-07-31","fulltime","","","","","",False,"","","","","Welcome, and thank you for your interest in Empatica's first Business Graduate Program: a 12\-month, on\-the\-job role for one outstanding early\-career graduate to work at the **intersection of business analytics and business intelligence** in support of Empatica's commercial and BD efforts. You'll build real analytical infrastructure: from market and competitive research to structured databases like KOL/partner tracking, and produce reporting and analysis that inform live business decisions, **spanning multiple areas of Empatica's business** over time, including clinical and pharma\-facing initiatives, with direct mentorship throughout.


We hope, furthermore, that by the end of this journey you will have chosen Empatica's mission for your own.


So let us begin your application process, we’re excited to meet you!

**Your contribution to the mission**


By working at Empatica, you’ll have a real opportunity to improve lives around the world, as part of a tight\-knit team that shares knowledge and is eager to keep learning and improving to create top\-notch products that have a meaningful impact.

* Support business operations and decision\-making with data\-driven analysis and reporting
* Build and maintain structured databases and dashboards that leadership and teams rely on
* Conduct research and market/competitive analysis to inform commercial strategy
* Work cross\-functionally across the business, with exposure to multiple functions over the course of the program
* Take ownership of ambiguous problems and turn them into clear, actionable recommendations

  

**Requirements**  

The ideal candidate for this position:

* Has a Master's degree in Economics \& Management, Data Science \& Business Analytics, International Management, or Finance, or is graduating in the July or October 2026 session
* Has strong Excel/data\-modeling skills (lookups, pivots, visualization, conditional logic, etc.); SQL/Python a plus
* Has strong analytical, problem\-solving, and critical thinking skills, including an ability to combine attention to detail with a big picture perspective
* Has excellent oral and written communication skills, including presentation and facilitation skills, to effectively inform key updates and issues across all levels of the organization
* Has the ability to work independently and successfully in a fast\-paced, results\-driven, highly accountable environment with large potential impact
* Has the ability to prioritize and manage multiple tasks simultaneously, integrate cross\-functional issues, and balance competing priorities effectively
* Has a genuine interest, passion and motivation for Empatica's mission
* Has a get\-things\-done attitude, and a desire to do great work
* Has proficiency in English

**Talent is only one part of the equation. Even if you don’t meet every listed requirement, don’t rule yourself out.** We seek empathy, courage, passion, and curiosity to feel at home with our company culture. **A good level of English is the only requirement.**

**Important note:** Applicants should have **authorization to work in Italy**, as visa sponsorship is not available for this role.

**Life at Empatica**


You will join a fast\-growing, international, and diverse team of 120\+ talented people who care passionately about what we do and the difference we are making in the world. You’ll get the opportunity to work directly with colleagues across all levels of the organization, no matter their seniority, and learn from the people who built the business and our products.


If you jump on board, we can guarantee it won't be an easy ride, but it will be one of the most rewarding experiences in your career, one that will allow you to learn a lot, have true ownership of your work, and test your whole skillset on multiple projects which are helping thousands of people worldwide.


Read our blog post and find out some reasons why we love working at Empatica.

 **Inclusion \& Diversity**


At Empatica we embrace diversity and inclusion. We have colleagues from 30 different countries, while over 50% of our team is women (double the tech average!). We believe this makes Empatica a more exciting and stimulating place to work, and brings different points of view to the table while fostering a spirit of communication, collaboration, and care, where everyone’s opinion and thoughts matter.

 **Benefits**  

For this role, the salary range is up to €36,000 gross per year. The final offer is determined on the basis of objective, gender\-neutral criteria: relevant experience, skills, qualifications, and the scope of responsibilities associated with the position.


But a paycheck is only part of the full package. We believe everyone should share in the success they help create, which is why we offer stock options that allow employees to become stakeholders in the company and benefit from our long\-term growth.


In addition, we provide a range of benefits designed to support our people both professionally and personally.

* Multiple opportunities to be challenged and step up your career in a fast\-growth company in one of the hottest areas of tech
* Competitive salary
* Personal MacBook
* ️‍️ Wellhub membership with access to gyms, online classes, personal training sessions, and nutrition plans
* Membership for mental health and wellness platforms
* Health Insurance
* Free healthy lunch every day
* ️ Flexible working hours
* Much more…

**Recruiter's Note:**


We read *a lot* of applications every day, and we love seeing a *human\-written* one! While AI can be helpful, we’re really looking for ***authenticity:*** your personality, your story, and what makes you excited about this opportunity.


We are not expecting perfection; **a genuine application that is personally crafted helps you stand out in the crowd!**","","https://it.indeed.com/cmp/Empatica","https://d2q79iu7y748jz.cloudfront.net/s/_squarelogo/256x256/7a3bf9c16117dede0b0a92f5ef7baabe","https://www.empatica.com/","Milano","11 to 50","","","","","","","","","KOL management"
"in-c26a9208870b02d7","indeed","https://it.indeed.com/viewjob?jk=c26a9208870b02d7","https://www.rwe.com/en/rwe-careers-portal/job-offers/details/?id=93143-en_GB","Commercial Asset and Contract Manager d/f/m - Renewables Italy","RWE","Milano, LOM, IT","2026-08-02","fulltime","","","","","",False,"","","","lisa.koenen@rwe.com","**Commercial Asset and Contract Manager d/f/m \- Renewables Italy**
-------------------------------------------------------------------

* **Location(s):**
* Milano, 25, IT, 20124
Rome, 62, IT, 00192  
* 
  

**RWE Supply \& Trading GmbH**  

**To start as soon as possible, full time / part time, permanent**

#### **About the role**

Shape how RWE’s Italian renewables portfolio performs in the market. This is a high‑visibility role at the intersection of Renewables and Trading, giving you a combined view of commercial, market and operational levers to maximise value and accelerate the energy transition.


* Lead route‑to‑market tenders for renewables and battery storage, securing optimal commercial terms and robust risk frameworks.
* Manage and enhance existing route‑to‑market and subsidy agreements, partnering with cross‑functional teams to ensure operational excellence.
* Analyse market and regulatory developments to identify and implement revenue optimisation opportunities across operational assets.
* Act as a key commercial partner for stakeholders across the renewables business, providing market insights and commercial assessments on projects and strategic initiatives, while facilitating collaboration with the wider trading organization
* Deliver asset and subsidy accreditations with Terna and GSE, ensuring agreements and assets are accurately reflected across internal systems and processes.
* Navigate a dynamic, fast‑growing environment, balancing urgent operational topics with longer‑term initiatives as new opportunities emerge.

#### **Job requirements and experience**

* At least five years’ experience in commercial asset management, energy trading or a closely related role.
* Strong knowledge of the Italian electricity market and regulatory framework, with experience applying this knowledge in a commercial setting.
* Strong negotiation, stakeholder management and relationship\-building skills.
* Excellent analytical and numerical capabilities, with a high level of accuracy and attention to detail.
* Proficiency in managing and analyzing data using tools such as Tableau, Excel, and other platforms, along with a proven ability to quickly learn and adopt new IT tools and technologies.
* Sound judgement when using AI to support market analysis and reporting, including the ability to evaluate outputs critically.
* Fluency in Italian and English, with the ability to communicate clearly and collaborate effectively across teams.
* A decisive, entrepreneurial and resilient approach, with the ability to move from analysis to action and take accountability for outcomes.

#### **Advantageous, but not essential**

* Experience with route‑to‑market contracts and other commercial agreements; a strong network in the Italian energy market is a plus.
* Experience with dispatch of renewable assets in the Italian market, particularly imbalance cost optimisation.

What we value most is someone who continuously demonstrates courage, thrives to create impact and seeks to build trusting, collaborative relationships. So, even if you think you do not yet display all of the skills listed above we would still like to hear from you.


Further we welcome applications from individuals who may not be able to commit to full\-time roles. At RWEST, finding the right person for the job is our top priority, and we are willing to explore flexible arrangements.


#### **Your benefits**

We offer a comprehensive package designed to support your well‑being as well as your personal and professional growth. Here’s what you can look forward to:


* International exposure across RWEST’s Renewables and Trading businesses, with real responsibility from day one.
* Career growth in a dynamic, fast‑growing environment where you can shape how assets create value.
* Collaboration with expert teams in Rome or Milan and across Europe, building a strong internal network.
* Continuous learning, mentorship and the visibility to progress your career at the heart of the energy transition.
* Salary Range 70,000 – 85,000€

**Apply with just a few clicks:** ad code **93143**  

Any questions? **Contact HR:** Lisa Koenen, lisa.koenen@rwe.com
  

  

We look forward to meeting you. Of course, you can find us on LinkedIn, Instagram, Facebook, YouTube and Xing, too.
  

  

We value diversity and therefore welcome all applications \- regardless of gender, disability, nationality, ethnic and social origin, religion/belief, age, sexual orientation, and identity. \#inclusionmatters
  

  

RWE Supply \& Trading is our connection to the world’s energy markets. Headquartered in Essen, Germany, the company operates one of Europe’s largest and most advanced energy trading floors. A diverse team of over 2,300 professionals from around 90 countries trades electricity, gas, commodities, and CO2 emission allowances. With precise market analysis and a strong customer focus, we create innovative energy supply solutions and tailored risk management concepts for industrial clients.
  

  

We also ensure the commercial optimisation of RWE’s power plant portfolio and market the electricity generated by RWE. In addition, legally independent RWE gas storage companies operate in Germany, contributing to a secure energy supply.


**More insights**

**From here, you can turn passion into valuable impact.**

Dive into our world of trading and find out which impact you can make with us.","","https://it.indeed.com/cmp/Rwe","https://d2q79iu7y748jz.cloudfront.net/s/_squarelogo/256x256/f3e42b01cd90da0e4daeacf619ff00a3","http://www.rwe.com","Essen, North Rhine-Westphalia","10,000+","more than $10B (USD)","RWE is leading the way to a green energy world. With an extensive investment and growth strategy. Around 19,000 employees worldwide work towards our purpose: Our energy for a sustainable life.","","","","","","","RWE"
"in-1666e9982b8fd988","indeed","https://it.indeed.com/viewjob?jk=1666e9982b8fd988","https://jsv3.recruitics.com/redirect?rx_cid=3436&rx_jobId=R-01362712&rx_url=https%3A%2F%2Fjobs.thermofisher.com%2Fglobal%2Fen%2Fjob%2FR-01362712%2FContract-Specialist-FSP-Italy%3Frx_a%3D0%26rx_c%3D%26rx_ch%3Djobp4p%26rx_group%3D123525%26rx_id%3D063ab449-8f7a-11f1-9492-5d5e91dc1598%26rx_job%3DR-01362712%26rx_medium%3Dcpc%26rx_r%3Dnone%26rx_source%3Dindeed%26rx_ts%3D20260806T080407Z%26rx_vp%3Dcpc%26utm_medium%3Dppc%26utm_source%3Drecruitics_indeedorganic","Contract Specialist - FSP - Italy","Thermo Fisher Scientific","Milano, LOM, IT","2026-08-03","fulltime","","","","","",False,"","","","","**Work Schedule**


Standard (Mon\-Fri)**Environmental Conditions**


Office**Job Description**


As part of the Thermo Fisher Scientific team, you’ll discover meaningful work that makes a positive impact on a global scale. Join our colleagues in bringing our Mission to life every single day to enable our customers to make the world healthier, cleaner and safer. We provide our global teams with the resources needed to achieve individual career goals while helping to take science a step beyond by developing solutions for some of the world’s toughest challenges, like protecting the environment, making sure our food is safe or helping find cures for cancer.  

  

DESCRIPTION:  

As a Contracts Specialist II at Thermo Fisher Scientific, you'll contribute to supporting our mission to enable customers to make the world healthier, cleaner, and safer. You'll be part of our Legal Function team, providing expert contract review, drafting, and negotiation support for commercial agreements across our operations. Working with a collaborative, cross\-functional team of legal professionals, you'll handle contract lifecycle management while ensuring compliance with corporate policies and regulatory requirements. Your analytical skills and business understanding will help protect company interests while facilitating critical business relationships. This role offers opportunities for professional development through comprehensive training resources and exposure to diverse contract types across multiple business units.

***OBJECTIVES/PURPOSE***

* Supporting the facilitation of site budgets and contracts negotiations, and communication with internal and external team members to ensure prompt contract execution and study timelines are achieved.
* Support negotiation and administration of master clinical trial agreements.

***ACCOUNTABILITIES***

* Negotiate directly with assigned sites on all site related contracting items including clinical trial agreements, budgets, payment terms, ancillary agreements and amendments.
* Partner with internal Study Startup team, CROs, Clinical Operations teams, and partners to improve overall SB\&C metrics and deliver processes.
* Ensure standards are applied to the SB\&C processes across projects.
* Leverage leading industry tools and data sources to provide budget and contract feedback aligned with parameters and fair market value guidance.
* Promptly recognize and improve potential delays and escalate to appropriate team members.
* Track all actions and negotiations to ensure timelines are achieved for studies and sites assigned.
* Support resolving escalated issues identified by the site activation sub\-team in partnership with the internal Study Startup team.

***DIMENSIONS AND ASPECTS***

**Technical/Functional (Line) Expertise**

* Understanding of the pharmaceutical industry (e.g., clinical development, the prescription drug distribution process, etc.)
* Understanding of Clinical Trial Agreements, budgeting and fair market value principals
* Knowledge or FDA and ICH\-GCP guidelines for conducting clinical research

**Leadership**

* Demonstrated ability to work across functions, regions and cultures
* The ability to inspire, motivate and drive results
* Excellent communicator, able to persuasively convey both ideas and data, verbally and in writing
* Proven skills as an effective team player who can engender credibility and confidence within and outside the company
* Ability to distil complex issues and ideas down to simple comprehensible terms
* Embraces and demonstrates a diversity and inclusion mindset and role models these behaviors for the organization

**Decision\-making and Autonomy**

* Broad decision\-making responsibilities:
	+ Ability to make decisions
	+ Accountable for decision making for designated tasks
	+ Ability to seek diverse input from multiple constituents and stakeholders to drive innovative solutions
	+ Ability to incorporate feedback and ensure decisions are made swiftly to yield flawless execution

**Interaction**

* Effectively navigates the changing external and internal environment
* Effectively represent in high\-level negotiations with the ability to resolve conflict in a constructive manner

**Complexity**

* Ability to work in a global ecosystem (internal and external) with a high degree of complexity

***EDUCATION, BEHAVIOURAL COMPETENCIES AND SKILLS:***

* BS degree or international equivalent
* 2 or more years of experience in clinical research site contracting and budgeting within a pharmaceutical company, CRO or relevant industry vendor.
* Ability to explain data to facilitate decision making processes to be data driven.
* Knowledge and understanding of clinical study protocols and schedule of assessments
* Strong organizational skills, decision making, communication and negotiation skills.","Industrial Manufacturing","https://it.indeed.com/cmp/Thermo-Fisher-Scientific","https://d2q79iu7y748jz.cloudfront.net/s/_squarelogo/256x256/65bd2e4bebb79b1432ac3277ffd57ae7","https://www.thermofisher.com/","168 Third Avenue, Waltham, MA USA 02451","10,000+","more than $10B (USD)","At Thermo Fisher Scientific, our professionals develop critical solutions—and build rewarding careers.","","","","","","","clinical development"
"in-baf2917d937be120","indeed","https://it.indeed.com/viewjob?jk=baf2917d937be120","https://jsv3.recruitics.com/redirect?rx_cid=3436&rx_jobId=R-01361989&rx_url=https%3A%2F%2Fjobs.thermofisher.com%2Fglobal%2Fen%2Fjob%2FR-01361989%2FSenior-CTM-Non-Interventional-Observational-Studies%3Frx_a%3D0%26rx_c%3D%26rx_ch%3Djobp4p%26rx_group%3D123525%26rx_id%3D8b2fd856-8f58-11f1-813e-2334171b0604%26rx_job%3DR-01361989%26rx_medium%3Dcpc%26rx_r%3Dnone%26rx_source%3Dindeed%26rx_ts%3D20260806T080407Z%26rx_vp%3Dcpc%26utm_medium%3Dppc%26utm_source%3Drecruitics_indeedorganic","Senior CTM, Non-Interventional/Observational Studies","Thermo Fisher Scientific","Milano, LOM, IT","2026-08-03","fulltime","","","","","",False,"","","","","**Work Schedule**


Standard (Mon\-Fri)**Environmental Conditions**


Office**Job Description**


Join Us as a Senior Clinical Team Manager \- Make an Impact at the Forefront of Innovation

  

The Senior Clinical Trial Manager is accountable for achieving the final clinical deliverable (usually clean data from evaluable patients as specified in the study protocol) within the time period specified in the contract with the customer. Interprets data on complex issues and makes good business decisions with support from line management. The role involves working to ensure that all clinical deliverables meet the customer's time/quality/cost expectations, and maintaining profitability by ensuring clinical activity is conducted within contract scope, through efficient management of the clinical team. Typically the Senior Clinical Trial Manager works independently on projects of moderate to high complexity, and may assume regional lead or Clinical Study Manager responsibilities.

**We are looking for experienced Sr CTMs with previous experience in the role and preferably experience in the Start Up Team Manager role. Previous experience in non\-interventional / Phase IV studies is also preferable**  

  

  

What You'll Do:  

* Manage all clinical operational and quality aspects of allocated studies, of moderate to high complexity, in compliance with ICH GCP. In accordance to project specific requirements, may assume Lead CTM responsibilities on regional level, Clinical Study Manager (CSM) responsibilities or take on additional responsibilities, e.g. process improvements, manage complex programs, have wider management or project coordination responsibilities.
* Develop clinical tools (e.g. Monitoring Plan, Monitoring Guidelines) in conjunction with the Data Quality Plan. Contribute to the development of the Master Action Plan (MAP) for providing clinical related documents. Ensure timely set up, organization, content and quality of the relevant sections of the Trial Master File (local and central). May participate in the design and development of CRFs, CRF guidelines, patient informed consent templates and other protocol specific documents as required. Collaborate with the project manager to prepare, organize, and present at client meetings, including bid defense and hand\-off meetings.
* Collaborate with the clinical team and other departments as needed to meet deliverables of the project. Regularly communicate with the team and leads team meetings to ensure that timelines, resources, interactions, and quality are maintained. Responsible for the implementation and training of standardized clinical monitoring processes within the study and according to corporate standard policies. Responsible for the timely archiving of documents and study materials for the department.
* Ensure achievement of the final clinical deliverable within the contractual time period specified by preparing and monitoring clinical activity timelines and metrics, providing status updates to the project manager, regularly reviewing projects using tracking and management tools, implementing recovery actions, reviewing monitoring visit reports, and managing CRF collection and query resolution. Continuously monitor clinical trials to assess performance and ensure contractual obligations are met. May routinely conduct Accompanied Field Visits (AFVs) and be accountable for project financials.
* Communicate with study sites regarding issues such as protocol, patient participation, case report form completion and other study\-related issues.
* May coordinate all start\-up activities, and ensure that essential document quality meets the expectation of Regulatory Compliance Review. Ensure timely regulatory submissions (if appropriate) are addressed. Reviews and follows up on all questions raised by ethics committees. Responsibility may vary based on project timelines.
* Provide input into preparation of forecast estimates for clinical activities.
* Responsible for clinical resource management, assignment, delegation of clinical responsibilities and identification of additional resource requirements.
* In North America, where assigned to GPHS (Government \& Public Health Studies) projects, may have limited line management responsibilities.

  

Education \& Experience Requirements:  

* Bachelor's degree or equivalent and relevant formal academic / vocational qualification
* Previous experience that provides the knowledge, skills, and abilities to perform the job (comparable to 8\+ years).

  

In some cases an equivalency, consisting of a combination of appropriate education, training and/or directly related experience, will be considered sufficient for an individual to meet the requirements of the role.  

  

Knowledge, Skills, Abilities:  

* Strong leadership skills, effective at mentoring and training, and capable of motivating and integrating teams.
* Strong planning and organizational skills to enable effective prioritization of workload and workload of team members
* Strong interpersonal and problem solving skills to enable working in a multicultural matrix organization
* Solid understanding of change management principles
* Comprehensive understanding of the practices, processes, and requirements of clinical monitoring
* Strong judgment, decision making, escalation, and risk management skills
* Effective oral and written communication skills, including English language proficiency
* Capable of evaluating own and team members workload against project budget and adjust resources accordingly
* Strong financial acumen and knowledge of budgeting, forecasting and fiscal management
* Strong attention to detail
* In\-depth understanding of relevant regulations e.g. ICH/GCP, FDA guidelines, etc.
* Strong computer skills to effectively use automated systems and computerized applications such as Outlook, Excel, Word, etc.
* Capable of independently managing clinical only studies.

  

Working Conditions and Environment:  

* Work is performed in an office environment with exposure to electrical office equipment.
* Frequently drives to site locations and frequently travels both domestic and international.

  

Why Join Us?  

  

When you join Thermo Fisher Scientific, you become part of a global team that values passion, innovation, and a commitment to scientific excellence. You’ll work in an environment where collaboration and development are part of the everyday experience—and where your contributions truly make a difference.  

  

Apply today to help us deliver tomorrow’s breakthroughs.**Unfortunately, we cannot consider CRAs at this time due to current business needs.**","Industrial Manufacturing","https://it.indeed.com/cmp/Thermo-Fisher-Scientific","https://d2q79iu7y748jz.cloudfront.net/s/_squarelogo/256x256/65bd2e4bebb79b1432ac3277ffd57ae7","https://www.thermofisher.com/","168 Third Avenue, Waltham, MA USA 02451","10,000+","more than $10B (USD)","At Thermo Fisher Scientific, our professionals develop critical solutions—and build rewarding careers.","","","","","","","clinical development"
"in-86ee588b045a83f8","indeed","https://it.indeed.com/viewjob?jk=86ee588b045a83f8","https://jsv3.recruitics.com/redirect?rx_cid=3436&rx_jobId=R-01355792_1002_rxr-1&rx_url=https%3A%2F%2Fjobs.thermofisher.com%2Fglobal%2Fen%2Fjob%2FR-01355792%2FProject-Manager-Trial-Lead-FSP-EMEA%3Frx_a%3D0%26rx_c%3D%26rx_ch%3Djobp4p%26rx_group%3D123525%26rx_id%3D500b816f-8d40-11f1-af52-1305a648db6d%26rx_job%3DR-01355792_1002_rxr-1%26rx_medium%3Dcpc%26rx_r%3Dnone%26rx_source%3Dindeed%26rx_ts%3D20260806T080407Z%26rx_vp%3Dcpc%26utm_medium%3Dppc%26utm_source%3Drecruitics_indeedorganic","Project Manager/Trial Lead - FSP - EMEA","Thermo Fisher Scientific","Milano, LOM, IT","2026-07-31","fulltime","","","","","",False,"","","","","**Work Schedule**


Standard (Mon\-Fri)**Environmental Conditions**


Office**Job Description**


Join Us as a Project Manager \- Make an Impact at the Forefront of Innovation  

The Project Manager serves as the Project Lead and primary sponsor contact and is accountable for the overall delivery of the project (quality, time, cost) on behalf of the organization. Additionally, the Project Manager establishes and communicates customer expectations to the project team and ensures that escalation pathways are adhered to internally and externally. The role involves leading the cross functional project team to meet or exceed deliverables.

**The PPD FSP Solution:**


PPD's Functional Service Provider division partner with and serve as an extension of our PPD team, supporting our customers key functions. We cover customer needs on every level, allowing them to do more with less, with an uncompromising commitment to quality. We deploy the same top\-tier talent in ALL engagement models. Exceptionally trained, rigorously supported and technologically empowered to help customers manage capacity and set programs up for success.


Joining within our PPD FSP functional area, allows you to join the renowned PPD CRO and still gain invaluable client dedicated experience.

 **What You'll Do:**  

* Serve as the primary contact between the sponsor and the organization at the project level.
* Ensure escalation pathways adhered to internally and externally (Rules of Engagement – communication pathways).
* On projects where the scope requires, ensure clear delineation in responsibilities and communication pathways for secondary project leads (such as lead in a specific region, lead for a specific vendor(s) or subset of delivery).
* Accountable for the overall delivery of the cross\-functional project (time, cost, quality).
* Ensure financial stewardship at a project level by demonstrating an intimate understanding of the contract, resource alignment to budget, management of Out of Scope activity, drive the Con Mod process/negotiations and team execution to timelines.
* Establish, communicate and manage customer expectations to achieve optimal delivery during the project
* Drive Risk Identification and Issue Resolution at project level (RBQM/RESOLVE).
* Ensure project team compliance with organization policies, SOPs, ICH\- GCP, regulatory and project specific requirements.

  

**Education \& Experience Requirements:**  

* Bachelor's degree or equivalent and relevant formal academic / vocational qualification
* 6\+ years in clinical operations management, managing clinical trials per quality, timeline, and budget expectations,

  

Years of experience refers to typical years of related experience needed to gain the required knowledge, skills, and abilities necessary to perform the essential functions of the job. Years of experience are not to be used as the only determining factor in establishing the job class or making employment selection decisions.  

  

**Knowledge, Skills, Abilities:**  

* Technical and systems competency, such as computer skills, to include effective use of systems and applications such as Microsoft Outlook, Word, Excel and PowerPoint, as well as organization systems (CTMS, Preclarus, Clarity)
* Ability to delegate and effectively prioritize own and workload of project team members in a frequently changing environment
* Effective oral and written communication and presentation skills
* Proactive, solutions oriented and adaptable to changing priorities and situations
* Advanced therapeutic area knowledge and clinical development guidelines and directives
* Strong understanding of the key principles of project management (time, quality, cost), including solid financial acumen
* Sound interpersonal and customer service skills, including the ability to lead, motivate and coordinate cross\-functional project teams
* Good judgment and decision making skills and capable of applying critical and analytical strategic thinking skills to manage complex/ambiguous situations
* Ability to negotiate, persuade and influence others, including a cross cultural awareness.

  

**Working Conditions and Environment:**  

* Work is performed in an office/ laboratory and/or a clinical environment.
* Exposure to biological fluids with potential exposure to infectious organisms.
* Exposure to electrical office equipment.
* Personal protective equipment required such as protective eyewear, garments and gloves.

  

**Why Join Us?**  

  

When you join Thermo Fisher Scientific, you become part of a global team that values passion, innovation, and a commitment to scientific excellence. You’ll work in an environment where collaboration and development are part of the everyday experience—and where your contributions truly make a difference.  

  

Apply today to help us deliver tomorrow’s breakthroughs.","Industrial Manufacturing","https://it.indeed.com/cmp/Thermo-Fisher-Scientific","https://d2q79iu7y748jz.cloudfront.net/s/_squarelogo/256x256/65bd2e4bebb79b1432ac3277ffd57ae7","https://www.thermofisher.com/","168 Third Avenue, Waltham, MA USA 02451","10,000+","more than $10B (USD)","At Thermo Fisher Scientific, our professionals develop critical solutions—and build rewarding careers.","","","","","","","clinical development"
"in-ad22204c217eb73e","indeed","https://it.indeed.com/viewjob?jk=ad22204c217eb73e","https://jobs.smartrecruiters.com/Eurofins/744000140665415-implementation-project-manager-eqms-","Implementation Project Manager (eQMS)","Eurofins","Vimodrone, LOM, IT","2026-07-30","fulltime","","","","","",False,"","","","","**Company Description**  

Eurofins Scientific is an international life sciences company offering a unique range of analytical services to customers in multiple industries, with the aim of making life and the environment safer, healthier, and more sustainable. From the food you eat and the water you drink to the medicines you trust, Eurofins laboratories work with the world's largest companies to ensure that the products they supply are safe, the ingredients are authentic, and the labeling is accurate.


Eurofins is committed to providing analytical services that contribute to the health and safety of society and the planet, as well as corporate responsibility to protect the environment and promote diversity, equity, and inclusion across the Eurofins network of companies.


The Eurofins network of companies believes it is a global leader in food, environmental, pharmaceutical, and cosmetic analysis, as well as in discovery pharmacology, forensic medicine, advanced materials science, and agro\-scientific research services. It is also a market leader in certain areas of genomics, clinical trial support, and contract development and manufacturing in the biopharmaceutical field. It also has a rapidly expanding presence in the highly specialized field of molecular clinical diagnostics and in vitro diagnostic products.


In over 37 years, Eurofins has grown from a single laboratory in Nantes, France, with more than 65,000 employees in a decentralized and entrepreneurial network of over 950 laboratories in more than 1,000 companies across 59 countries. Eurofins companies offer a portfolio of over 200,000 analytical methods to assess the safety, identity, composition, authenticity, origin, traceability, and purity of biological substances and products.


In 2025, Eurofins generated total revenues of €7\.296 billion and was among the best\-performing stocks in Europe over the past 20 years.

 **Job Description** **Eurofins Biopharma Product Testing** is looking for a ***Project Manager***, at EU level, who will be focused on the **deployment** and **implementation** of **eQMS** (Eurofins Quality Management System).


The resource will be based in Vimodrone (MI) and will report to Eurofins Quality Management System Owner.

**Specific Assignments**


The eQMS software has been adopted by Eurofins BioPharmaceutical Services laboratories as the global quality and compliance management system and will be used worldwide by several hundreds of users in different laboratories.


Following ITIL best practices, GAMP5 guidelines, Internal eQMS procedures and working instructions, the mission of the Project Manager is to:

* Deploy eQMS in different laboratories worldwide in collaboration with the IT Manager in charge of Computerized Quality Systems for the quality processes;
* Manage overall project tasks, deployment or system optimization related, from inception to completion;
* Organize and coordinate requirements elicitation with business teams;
* Provide new requirements to business analyst so they can perform assessments for new and existing features;
* Follow\-up design and functional specifications;
* Lead validation processes, including test plan and test script generation and coordination of work with Technical System Engineer(s);
* Prepare training material and train local resources on system features and implemented processes;
* Author release notes related with implemented changes;
* Author, maintain and periodic review for all documents related with eQMS (requirements, specifications, traceability matrix, working instructions, SOP’s, reports, etc.).

**Other Assignments:**

* Participate in the continuous improvement of IT Quality Assurance systems processes;
* Follow group policies and standards;
* Ensure follow\-up to his Manager on a regular basis and as often as requested;
* Develop good practices;
* Author guidelines, procedures and templates for project management, system maintenance and validation;
* Improve system design to fulfill good practices and applicable regulations;
* Capitalize the knowledge base and help to improve the implemented processes.

  

**Qualifications**  

* Strong project management and coordination capabilities across international teams;
* Solid IT knowledge from a design and functional perspective;
* Experience working in a quality\-related environment;
* **Fluent English communication skills;**
* Proactive, analytical, autonomous, and business\-focused mindset with strong communication skills.
* **Available to travel up to 40% of the time.**

  

**Additional Information**  

Starting date: 1st October 2026

**Expected salary (RAL) range for the role: €25–34K**


Compensation will be determined based on experience, skills, and alignment with the company’s salary ranges for the role.


To apply, it is necessary send a detailed ***Curriculum Vitae written in english,*** specifying the authorization to process personal data. CVs without these requirements will not be considered.


To learn more about Eurofins, please explore our website www.eurofins.com, www.eurofins.it","Pharmaceuticals","https://it.indeed.com/cmp/Eurofins","https://d2q79iu7y748jz.cloudfront.net/s/_squarelogo/256x256/3ee009ff8a3bdc8fa8ff221ca127ef49","https://www.eurofins.com","23 Val Fleuri, 1526 Luxembourg","10,000+","$5B to $10B (USD)","Eurofins Scientific is a group of international life sciences companies which provide a unique range of analytical testing services to clients across multiple industries.","","","","","","","clinical development"
"li-4445036374","linkedin","https://www.linkedin.com/jobs/view/4445036374","","Service Contract Administrator -Medical Devices","PENTAX Medical","","2026-07-30","","","","","","",False,"","","","","","","https://jp.linkedin.com/company/pentax-medical","","","","","","","","","","","","","medical device specialist"
"li-4447017550","linkedin","https://www.linkedin.com/jobs/view/4447017550","","CMO QA Manager","Cpl Life Sciences","Milan, Lombardy, Italy","2026-07-30","","","","","","",False,"","","","","","","https://uk.linkedin.com/company/cpl-life-sciences","","","","","","","","","","","","","ATMP"
"in-8788ae045f6c4ac4","indeed","https://it.indeed.com/viewjob?jk=8788ae045f6c4ac4","https://jsv3.recruitics.com/redirect?rx_cid=3436&rx_jobId=R-01347989_1007_rxr-2&rx_url=https%3A%2F%2Fjobs.thermofisher.com%2Fglobal%2Fen%2Fjob%2FR-01347989%2FSenior-Director-EMEA-Bioproduction-Sales%3Frx_a%3D0%26rx_c%3D%26rx_ch%3Djobp4p%26rx_group%3D123525%26rx_id%3D71f88892-8f9b-11f1-b574-23f13144ac17%26rx_job%3DR-01347989_1007_rxr-2%26rx_medium%3Dcpc%26rx_r%3Dnone%26rx_source%3Dindeed%26rx_ts%3D20260806T080407Z%26rx_vp%3Dcpc%26utm_medium%3Dppc%26utm_source%3Drecruitics_indeedorganic","Senior Director, EMEA Bioproduction Sales","Thermo Fisher Scientific","Milano, LOM, IT","2026-08-03","fulltime","","","","","",True,"","","","","**Work Schedule**


Standard (Mon\-Fri)**Environmental Conditions**


Office**Job Description**

*As part of the Thermo Fisher Scientific team, you’ll discover meaningful work that makes a positive impact on a global scale. Join our colleagues in bringing our Mission to life every single day to enable our customers to make the world healthier, cleaner and safer. We provide our global teams with the resources needed to achieve individual career goals while helping to take science a step beyond by developing solutions for some of the world’s toughest challenges, like protecting the environment, making sure our food is safe or helping find cures for cancer.*

**The job:**


As a **Senior Director of Sales** at Thermo Fisher Scientific, you will support revenue growth and market leadership across our innovative Bioproduction portfolio of scientific products and solutions. You'll guide a high\-performing commercial team while developing and executing comprehensive sales strategies to achieve ambitious growth targets. Working in a collaborative matrix environment, you'll partner across divisions to deliver exceptional value to our customers in healthcare, research, and industry. This role offers the opportunity to make a meaningful impact by enabling our customers to make the world healthier, cleaner and safer through our industry\-leading technologies and solutions.


This role can be based remotely anywhere in Europe. Regular international travel \- up to 50% of working time \- will be required, including overnight stays.

**What will you do?**

  



The Senior Director will be accountable for leading BioProduction sales performance across EMEA and building commercial strategies that enable growth across Thermo Fisher Scientific’s BioProduction portfolio. The role requires close collaboration across a matrixed global organization and frequent engagement with senior internal and external stakeholders.

* Develop and execute the EMEA BioProduction sales strategy, aligning regional priorities with global business objectives, growth targets, and market opportunities.
* Lead a large, high\-performing commercial organization through multiple layers of leadership, ensuring sales managers are equipped to coach teams, inspect performance, and deliver results.
* Translate business goals into clear regional plans, operating rhythms, performance metrics, and accountability mechanisms.
* Drive revenue growth, profitable expansion, and market share gain across the BioProduction portfolio.
* Build executive\-level customer relationships, particularly with strategic biopharma, biotech, CDMO, and life sciences customers.
* Partner with cross\-functional and divisional stakeholders to align customer strategy, product priorities, pricing, supply, service, marketing, and commercial execution.
* Strengthen sales operations discipline, including forecasting, pipeline management, CRM utilization, territory planning, and sales analytics.
* Identify market trends, competitive dynamics, customer needs, and regional opportunities to inform commercial priorities.
* Lead talent planning across the sales organization, including succession planning, leadership development, hiring, performance management, and retention.
* Model Thermo Fisher Scientific’s values of integrity, intensity, innovation, and involvement while building a performance\-oriented and inclusive team culture.
* Represent the BioProduction commercial organization across Europe and globally, with regular international travel as required.

**Who we are looking for:**


The successful candidate will have already led sizable commercial organizations in life sciences, bioproduction, bioprocessing, or similar. Some background in **b****ioproduction/bioprocessing is essential**.


They should be comfortable owning aggressive growth targets while shaping the organization, operating cadence, talent strategy, and customer engagement model required to deliver them.


The ideal candidate operates with a commercial general manager mindset, balancing near\-term revenue delivery with longer\-term market expansion, strategic account development, sales capability building, and cross\-divisional alignment.

* **Strategic commercial leader:** Builds and executes EMEA\-wide sales strategies that support revenue growth, market leadership, share gain, and profitable expansion across a complex BioProduction portfolio.
* **Lead through others:** Leads through sales leaders, sets expectations, coaches leaders, builds accountability, develops successors, and raises the performance bar across multiple layers.
* **Matrix influencer:** Partners effectively across divisions, functions, regions, product teams, commercial operations, marketing, finance, supply chain, and service.
* **Customer\-facing executive:** Builds and maintains C\-level relationships with strategic customers in healthcare, research, pharma, biotech, and broader life sciences markets.
* **Operator with sales discipline:** Drives forecasting accuracy, pipeline quality, CRM adoption, territory planning, account segmentation, and data\-based decision\-making.
* **Talent builder:** Recruits, develops, retains, and upgrades sales leadership talent; coaches leaders who coach others.
* **Change leader:** Leads a geographically dispersed EMEA team through ambiguity, changing market dynamics, portfolio complexity, and competitive pressure.

**What’s in it for you:**


We offer competitive remuneration, a sales incentive plan bonus scheme and a range of employee benefits! Thermo Fisher Scientific offers employment with an innovative, forward\-thinking organization, and outstanding career and development prospects. We offer an exciting company culture that stands for integrity, intensity, involvement, and innovation.","Industrial Manufacturing","https://it.indeed.com/cmp/Thermo-Fisher-Scientific","https://d2q79iu7y748jz.cloudfront.net/s/_squarelogo/256x256/65bd2e4bebb79b1432ac3277ffd57ae7","https://www.thermofisher.com/","168 Third Avenue, Waltham, MA USA 02451","10,000+","more than $10B (USD)","At Thermo Fisher Scientific, our professionals develop critical solutions—and build rewarding careers.","","","","","","","scientific director"
"li-4445012573","linkedin","https://www.linkedin.com/jobs/view/4445012573","","Procurement Manager | CMO","Adecco","Milan, Lombardy, Italy","2026-07-30","","","","","","",False,"","","","","","","https://ch.linkedin.com/company/adecco","","","","","","","","","","","","","CMO pharma"
