"id","site","job_url","job_url_direct","title","company","location","date_posted","job_type","salary_source","interval","min_amount","max_amount","currency","is_remote","job_level","job_function","listing_type","emails","description","company_industry","company_url","company_logo","company_url_direct","company_addresses","company_num_employees","company_revenue","company_description","skills","experience_range","company_rating","company_reviews_count","vacancy_count","work_from_home_type","search_term"
"in-0cd46e388c4c6261","indeed","https://it.indeed.com/viewjob?jk=0cd46e388c4c6261","https://jp.syneoshealth.com/careers/jobs/18220142-cra-ii-italia-home-based","CRA II - Italia - Home Based","サイネオス・ヘルス","LOM, IT","2026-09-09","","","","","","",True,"","","","","**Updated:** Today  

**Location:** Remote, MI, Italy  

**Job ID:** 25112254


Not ready to apply?  

Join our Talent Network
**Description**


CRA II \- Italia \- Home Based
Syneos Health® is a leading fully\-integrated life sciences services organization built to accelerate customer success. We partner with innovators at every point across the drug development and commercialization continuum, helping them navigate complexity, anticipate change and accelerate progress.  

  

Our Clinical Solutions team members act with a drug development mindset, applying their years of experience and deep expertise to truly understand customer needs and represent those in the solutions we shape.
  

  

Whether you join us in a Functional Service Provider partnership or a Full\-Service environment, you’ll collaborate with passionate problem solvers, innovating as a team to help our customers achieve their goals. We are agile and driven to deliver – for one another, our customers, and, most importantly, for those in need.
  

  

Discover what your 25,000 future colleagues already know:
  

  

Why Syneos Health  

* We are passionate about developing our people, through career development and progression; supportive and engaged line management; technical and therapeutic area training; peer recognition and total rewards program.
* We are committed to building an inclusive culture – where you can authentically be yourself. Central to this is our purpose – Driven to Deliver – which captures the passion of our colleagues to show up each day and shape solutions that have the ability to dramatically impact someone’s life.
* We are continuously building the company we all want to work for and our customers want to work with. Why? Because we know that when we bring together smart colleagues from across the world, we can shape the future of healthcare, driving impact for customers and defining the pace of patient progress.
**Job Responsibilities**

* Performs site qualification, site initiation, interim monitoring, site management activities and close\-out visits (performed on\-site or remotely) ensuring regulatory, ICH\-GCP and/or Good Pharmacoepidemiology Practice (GPP) and protocol compliance. Uses judgment and experience to evaluate overall performance of site and site staff and to provide recommendations regarding site\-specific actions; immediately communicates/escalates serious issues to the project team and develops action plans. Maintains a working knowledge of ICH/GCP Guidelines or other applicable guidance, relevant regulations, and company SOPs/processes.
* Verifies the process of obtaining informed consent has been adequately performed and documented for each subject/patient, as required/appropriate. Demonstrates diligence in protecting the confidentiality of each subject/patient. Assesses factors that might affect subject/patient’s safety and clinical data integrity at an investigator/physician site such as protocol deviation/violations and pharmacovigilance issues.
* Per the Clinical Monitoring/Site Management Plan (CMP/SMP): Assesses site processes. Conducts Source Document Review of appropriate site source documents and medical records. Verifies required clinical data entered in the case report form (CRF) is accurate and complete. Applies query resolution techniques remotely and on site, and provides guidance to site staff as necessary, driving query resolution to closure within agreed timelines. Utilizes available hardware and software to support the effective conduct of the clinical study data review and capture. Verifies site compliance with electronic data capture requirements.
* May perform investigational product (IP) inventory, reconciliation and reviews storage and security. Verifies the IP has been dispensed and administered to subjects/patients according to the protocol. Verifies issues or risks associated with blinded or randomized information related to IP. Applies knowledge of GCP/local regulations and organizational procedures to ensure IP is appropriately (re)labelled, imported and released/returned.
* Routinely reviews the Investigator Site File (ISF) for accuracy, timeliness and completeness. Reconciles contents of the ISF with the Trial Master File (TMF). Ensures the investigator/physician site is aware of the requirement of archiving essential documents in accordance with local guidelines and regulations.
* Documents activities via confirmation letters, follow\-up letters, trip reports, communication logs, and other required project documents as per SOPs and Clinical Monitoring Plan/Site Management Plan. Supports subject/patient recruitment, retention and awareness strategies. Enters data into tracking systems as required to track all observations, ongoing status and assigned action items to resolution.
* For assigned activities, understands project scope, budgets, and timelines; manages site\-level activities / communication to ensure project objectives, deliverables and timelines are met. Must be able to quickly adapt to changing priorities to achieve goals / targets.
* May act as primary liaison with study site personnel, or in collaboration with Central Monitoring Associate. Ensures all assigned sites and project\-specific site team members are trained and compliant with applicable requirements
* Prepares for and attends Investigator Meetings and/or sponsor face to face meetings. Participates in global clinical monitoring/project staff meetings (inclusive of Sponsor representation, as applicable) and attends clinical training sessions according to the project specific requirements.
* Provides guidance at the site and project level towards audit readiness standards and supports preparation for audit and required follow\-up actions.
* Maintains a working knowledge of ICH/GCP Guidelines or other applicable guidance, relevant regulations, and company SOPs/processes; completes assigned training as required. For Real World Late Phase, the CRA II will use the business card title of Site Management Associate II. Additional responsibilities include:Site support throughout the study lifecycle from site identification through close\-out. Knowledge of local requirements for real world late phase study designs.Chart abstraction activities and data collection  

Collaboration with Sponsor affiliates, medical science liaisons and local country staff. The SMA II may be requested to train junior staff. Identify and communicate out of scope activities to Lead CRA/Project Manager. Proactively suggest potential sites based on local knowledge of treatment patterns, patient advocacy and Health Care Provider (HCP) associations.


The potential annual gross salary for this role will start at EUR 42,000 (a partire da)


Qualifications:

* Bachelor’s degree or RN in a related field or equivalent combination of education, training and experience
* Knowledge of Good Clinical Practice/ICH Guidelines and other applicable regulatory requirements
* Must demonstrate good computer skills and be able to embrace new technologies
* Excellent communication, presentation and interpersonal skills
* Ability to manage required travel of up to 75% on a regular basis
* US ONLY: As part of your employment with Syneos Health, you may be deployed to Sites that require certain medical and other personal information to gain facility access. Pursuant to our Employee Privacy Notice, Syneos Health can provide the Sites with the information necessary for you to gain such access. Further, a Site may ask you for additional information beyond that which Syneos Health has in its possession. You are required to comply with any such Site requests as a condition of your employment with Syneos Health. Please note that failure to provide requested information may result in a Site barring you from entry, which could put your ongoing employment at risk.

**Get to know Syneos Health**

  

Over the past 5 years, we have worked with 94% of all Novel FDA Approved Drugs, 95% of EMA Authorized Products and over 200 Studies across 73,000 Sites and 675,000\+ Trial patients.


No matter what your role is, you’ll take the initiative and challenge the status quo with us in a highly competitive and ever\-changing environment. Learn more about Syneos Health.


http://www.syneoshealth.com

**Additional Information**

  

Tasks, duties, and responsibilities as listed in this job description are not exhaustive. The Company, at its sole discretion and with no prior notice, may assign other tasks, duties, and job responsibilities. Equivalent experience, skills, and/or education will also be considered so qualifications of incumbents may differ from those listed in the Job Description. The Company, at its sole discretion, will determine what constitutes as equivalent to the qualifications described above. Further, nothing contained herein should be construed to create an employment contract. Occasionally, required skills/experiences for jobs are expressed in brief terms. Any language contained herein is intended to fully comply with all obligations imposed by the legislation of each country in which it operates, including the implementation of the EU Equality Directive, in relation to the recruitment and employment of its employees. The Company is committed to compliance with the Americans with Disabilities Act, including the provision of reasonable accommodations, when appropriate, to assist employees or applicants to perform the essential functions of the job.

**Summary**


Roles within Clinical Monitoring/CRA are responsible for overseeing and ensuring the integrity of clinical research studies by monitoring data and processes from a centralized location. This includes conducting remote monitoring of trial sites to verify compliance with regulatory requirements and clinical protocols. Utilizes data analytics and risk\-based monitoring techniques to identify potential issues and trends, ensuring that trials are conducted in accordance with established clinical practices. Collaborates with site teams to develop and implement tools, procedures, and processes that enhance quality monitoring and support the overall success of clinical trials. Impact and Contribution Individual contributors with responsibility in a professional or technical discipline or specialty, but may manage two or fewer employees. May direct the work of lower level professionals or manage processes and programs. The majority of time is spent contributing to the design, implementation or delivery of processes, programs, and policies, using knowledge and skills typically acquired through advanced education. Established and productive individual contributor. May manage defined components of projects or processes within area of responsibility. Requires practical knowledge of a professional area, typically obtained through education combined with experience.","","https://it.indeed.com/cmp/%E3%82%B5%E3%82%A4%E3%83%8D%E3%82%AA%E3%82%B9-%E3%83%98%E3%83%AB%E3%82%B9","","","","","","","","","","","","","medical science liaison"
"in-39490526f108a35a","indeed","https://it.indeed.com/viewjob?jk=39490526f108a35a","https://jp.syneoshealth.com/careers/jobs/18216436-sponsor-dedicated-cra-ii-slash-sr-cra-home-based-ita","Sponsor Dedicated CRA II/ Sr CRA - Home Based ITA","サイネオス・ヘルス","LOM, IT","2026-09-08","","","","","","",True,"","","","","**Updated:** Today  

**Location:** Remote, MI, Italy  

**Job ID:** 25111058


Not ready to apply?  

Join our Talent Network
**Description**


Sponsor Dedicated CRA II/ Sr CRA \- Home Based ITA
Syneos Health® is a leading fully\-integrated life sciences services organization built to accelerate customer success. We partner with innovators at every point across the drug development and commercialization continuum, helping them navigate complexity, anticipate change and accelerate progress.  

  

Our Clinical Solutions team members act with a drug development mindset, applying their years of experience and deep expertise to truly understand customer needs and represent those in the solutions we shape.
  

  

Whether you join us in a Functional Service Provider partnership or a Full\-Service environment, you’ll collaborate with passionate problem solvers, innovating as a team to help our customers achieve their goals. We are agile and driven to deliver – for one another, our customers, and, most importantly, for those in need.
  

  

Discover what your 25,000 future colleagues already know:
  

  

Why Syneos Health  

* We are passionate about developing our people, through career development and progression; supportive and engaged line management; technical and therapeutic area training; peer recognition and total rewards program.
* We are committed to building an inclusive culture – where you can authentically be yourself. Central to this is our purpose – Driven to Deliver – which captures the passion of our colleagues to show up each day and shape solutions that have the ability to dramatically impact someone’s life.
* We are continuously building the company we all want to work for and our customers want to work with. Why? Because we know that when we bring together smart colleagues from across the world, we can shape the future of healthcare, driving impact for customers and defining the pace of patient progress.
**Job Responsibilities**

* Performs site qualification, site initiation, interim monitoring, site management activities and close\-out visits (performed on\-site or remotely) ensuring regulatory, ICH\-GCP and/or Good Pharmacoepidemiology Practice (GPP) and protocol compliance. Uses judgment and experience to evaluate overall performance of site and site staff and to provide recommendations regarding site\-specific actions; immediately communicates/escalates serious issues to the project team and develops action plans. Maintains a working knowledge of ICH/GCP Guidelines or other applicable guidance, relevant regulations, and company SOPs/processes.
* Verifies the process of obtaining informed consent has been adequately performed and documented for each subject/patient, as required/appropriate. Demonstrates diligence in protecting the confidentiality of each subject/patient. Assesses factors that might affect subject/patient’s safety and clinical data integrity at an investigator/physician site such as protocol deviation/violations and pharmacovigilance issues.
* Per the Clinical Monitoring/Site Management Plan (CMP/SMP): Assesses site processes. Conducts Source Document Review of appropriate site source documents and medical records. Verifies required clinical data entered in the case report form (CRF) is accurate and complete. Applies query resolution techniques remotely and on site, and provides guidance to site staff as necessary, driving query resolution to closure within agreed timelines. Utilizes available hardware and software to support the effective conduct of the clinical study data review and capture. Verifies site compliance with electronic data capture requirements.
* May perform investigational product (IP) inventory, reconciliation and reviews storage and security. Verifies the IP has been dispensed and administered to subjects/patients according to the protocol. Verifies issues or risks associated with blinded or randomized information related to IP. Applies knowledge of GCP/local regulations and organizational procedures to ensure IP is appropriately (re)labelled, imported and released/returned.
* Routinely reviews the Investigator Site File (ISF) for accuracy, timeliness and completeness. Reconciles contents of the ISF with the Trial Master File (TMF). Ensures the investigator/physician site is aware of the requirement of archiving essential documents in accordance with local guidelines and regulations.
* Documents activities via confirmation letters, follow\-up letters, trip reports, communication logs, and other required project documents as per SOPs and Clinical Monitoring Plan/Site Management Plan. Supports subject/patient recruitment, retention and awareness strategies. Enters data into tracking systems as required to track all observations, ongoing status and assigned action items to resolution.
* For assigned activities, understands project scope, budgets, and timelines; manages site\-level activities / communication to ensure project objectives, deliverables and timelines are met. Must be able to quickly adapt to changing priorities to achieve goals / targets.
* May act as primary liaison with study site personnel, or in collaboration with Central Monitoring Associate. Ensures all assigned sites and project\-specific site team members are trained and compliant with applicable requirements
* Prepares for and attends Investigator Meetings and/or sponsor face to face meetings. Participates in global clinical monitoring/project staff meetings (inclusive of Sponsor representation, as applicable) and attends clinical training sessions according to the project specific requirements.
* Provides guidance at the site and project level towards audit readiness standards and supports preparation for audit and required follow\-up actions.
* Maintains a working knowledge of ICH/GCP Guidelines or other applicable guidance, relevant regulations, and company SOPs/processes; completes assigned training as required. For Real World Late Phase, the CRA II will use the business card title of Site Management Associate II. Additional responsibilities include:Site support throughout the study lifecycle from site identification through close\-out. Knowledge of local requirements for real world late phase study designs.Chart abstraction activities and data collection  

Collaboration with Sponsor affiliates, medical science liaisons and local country staff. The SMA II may be requested to train junior staff. Identify and communicate out of scope activities to Lead CRA/Project Manager. Proactively suggest potential sites based on local knowledge of treatment patterns, patient advocacy and Health Care Provider (HCP) associations.


Qualifications:

* At least 2,5\+ years of experience as Certified CRA according to M.D. 15 Nov 2011
* Experience with Risk Based Monitoring is required
* Knowledge of Good Clinical Practice/ICH Guidelines and other applicable regulatory requirements
* Must demonstrate good computer skills and be able to embrace new technologies
* Excellent communication, presentation and interpersonal skills
* Ability to manage required travel as per monitoring plan needs


The employment relationship shall be governed by the National Collective Labour Agreement (CCNL) for employees of companies operating in the tertiary, distribution and services sectors (""CCNL Commercio""), and all related provisions shall apply, including Article 213, in its version in force from time to time.


The potential annual gross salary range for this role will be 40,000\.00 EUR \- 62,000\.00 EUR, excluding any additional benefits and allowances.

**Get to know Syneos Health**

  

Over the past 5 years, we have worked with 94% of all Novel FDA Approved Drugs, 95% of EMA Authorized Products and over 200 Studies across 73,000 Sites and 675,000\+ Trial patients.


No matter what your role is, you’ll take the initiative and challenge the status quo with us in a highly competitive and ever\-changing environment. Learn more about Syneos Health.


http://www.syneoshealth.com

**Additional Information**

  

Tasks, duties, and responsibilities as listed in this job description are not exhaustive. The Company, at its sole discretion and with no prior notice, may assign other tasks, duties, and job responsibilities. Equivalent experience, skills, and/or education will also be considered so qualifications of incumbents may differ from those listed in the Job Description. The Company, at its sole discretion, will determine what constitutes as equivalent to the qualifications described above. Further, nothing contained herein should be construed to create an employment contract. Occasionally, required skills/experiences for jobs are expressed in brief terms. Any language contained herein is intended to fully comply with all obligations imposed by the legislation of each country in which it operates, including the implementation of the EU Equality Directive, in relation to the recruitment and employment of its employees. The Company is committed to compliance with the Americans with Disabilities Act, including the provision of reasonable accommodations, when appropriate, to assist employees or applicants to perform the essential functions of the job.

**Summary**


Roles within Clinical Monitoring/CRA are responsible for overseeing and ensuring the integrity of clinical research studies by monitoring data and processes from a centralized location. This includes conducting remote monitoring of trial sites to verify compliance with regulatory requirements and clinical protocols. Utilizes data analytics and risk\-based monitoring techniques to identify potential issues and trends, ensuring that trials are conducted in accordance with established clinical practices. Collaborates with site teams to develop and implement tools, procedures, and processes that enhance quality monitoring and support the overall success of clinical trials. Impact and Contribution Individual contributors with responsibility in a professional or technical discipline or specialty, but may manage two or fewer employees. May direct the work of lower level professionals or manage processes and programs. The majority of time is spent contributing to the design, implementation or delivery of processes, programs, and policies, using knowledge and skills typically acquired through advanced education. Established and productive individual contributor. May manage defined components of projects or processes within area of responsibility. Requires practical knowledge of a professional area, typically obtained through education combined with experience.","","https://it.indeed.com/cmp/%E3%82%B5%E3%82%A4%E3%83%8D%E3%82%AA%E3%82%B9-%E3%83%98%E3%83%AB%E3%82%B9","","","","","","","","","","","","","medical science liaison"
"li-4464820366","linkedin","https://www.linkedin.com/jobs/view/4464820366","","International Medical Affairs Manager","Evolus","Milan, Lombardy, Italy","2026-09-10","","","","","","",False,"","","","","","","https://www.linkedin.com/company/evolusaesthetic","","","","","","","","","","","","","medical science liaison"
"li-4426942441","linkedin","https://www.linkedin.com/jobs/view/4426942441","","Medical Science Liaison, Oncology","IQVIA","Milan, Lombardy, Italy","2026-09-06","","","","","","",False,"","","","","","","https://www.linkedin.com/company/iqvia","","","","","","","","","","","","","medical science liaison"
"li-4438258898","linkedin","https://www.linkedin.com/jobs/view/4438258898","","Scientific Relation Manager Oncology - North of Italy","Kyowa Kirin International plc.","Milan, Lombardy, Italy","","","","","","","",False,"","","","","","","https://uk.linkedin.com/company/kyowa-kirin-emea","","","","","","","","","","","","","medical science liaison"
"li-4409949685","linkedin","https://www.linkedin.com/jobs/view/4409949685","","Clinical Research Associate, Site Management - Italy","IQVIA","Milan, Lombardy, Italy","","","","","","","",False,"","","","","","","https://www.linkedin.com/company/iqvia","","","","","","","","","","","","","medical science liaison"
"li-4453585644","linkedin","https://www.linkedin.com/jobs/view/4453585644","","Medical Director - Oncology , Sponsor Dedicated (Home-Based)","IQVIA","Milan, Lombardy, Italy","2026-09-09","","","","","","",False,"","","","","","","https://www.linkedin.com/company/iqvia","","","","","","","","","","","","","medical liaison"
"li-4325561650","linkedin","https://www.linkedin.com/jobs/view/4325561650","","Experienced CRA, Sponsor Dedicated - Italy","IQVIA","Milan, Lombardy, Italy","2026-09-06","","","","","","",False,"","","","","","","https://www.linkedin.com/company/iqvia","","","","","","","","","","","","","medical liaison"
"li-4463443257","linkedin","https://www.linkedin.com/jobs/view/4463443257","","Senior Real World Evidence Specialist","VIVISOL","Monza, Lombardy, Italy","2026-09-10","","","","","","",False,"","","","","","","https://it.linkedin.com/company/vivisol","","","","","","","","","","","","","medical affairs"
"li-4455984242","linkedin","https://www.linkedin.com/jobs/view/4455984242","","REGULATORY AFFAIRS SPECIALIST","Quanta System Spa","Samarate, Lombardy, Italy","2026-09-09","","","","","","",False,"","","","","","","https://it.linkedin.com/company/quanta-system","","","","","","","","","","","","","medical affairs"
"li-4455596839","linkedin","https://www.linkedin.com/jobs/view/4455596839","","Senior Director / Executive Director Medical Writing","PrimeVigilance","Milan, Lombardy, Italy","2026-09-08","","","","","","",False,"","","","","","","https://uk.linkedin.com/company/primevigilance-ltd","","","","","","","","","","","","","medical affairs"
"in-5fa8c3cc7e82eb23","indeed","https://it.indeed.com/viewjob?jk=5fa8c3cc7e82eb23","https://jsv3.recruitics.com/redirect?rx_cid=3436&rx_jobId=R-01357019_1006_rxr-1&rx_url=https%3A%2F%2Fjobs.thermofisher.com%2Fglobal%2Fen%2Fjob%2FR-01357019%2FDirector-Senior-Director-FSP-Operational-Delivery-Lead-EMEA%3Frx_a%3D0%26rx_c%3D%26rx_ch%3Djobp4p%26rx_group%3D123525%26rx_id%3D3ef1d4a3-ac8d-11f1-90ec-6f319ed424b3%26rx_job%3DR-01357019_1006_rxr-1%26rx_medium%3Dcpc%26rx_r%3Dnone%26rx_source%3Dindeed%26rx_ts%3D20260912T100417Z%26rx_vp%3Dcpc%26utm_medium%3Dppc%26utm_source%3Drecruitics_indeedorganic","Director / Senior Director FSP Operational Delivery Lead - EMEA","Thermo Fisher Scientific","Milano, LOM, IT","2026-09-09","fulltime","","","","","",False,"","","","","**Work Schedule**


Standard (Mon\-Fri)**Environmental Conditions**


Office**Job Description**

**Join Us as a Director Project Management – Make an Impact at the Forefront of Innovation**  

We have successfully supported the top 50 pharmaceutical companies and more than 750 biotechs, spanning 2,700 clinical trials across 100\+ countries in the last 5 years.


The Director / Senior Director , FSP Project Oversight provides enterprise\-level leadership across multiple strategic FSP accounts, therapeutic areas, and global delivery organizations. This role is responsible for driving portfolio strategy, operational transformation, client partnership growth, and organizational performance while ensuring alignment with divisional and corporate objectives.


The Director / Senior Director, acts as a strategic advisor to clients and internal leadership, influencing long\-term delivery models, workforce strategies, innovation initiatives, and business expansion opportunities.

**Key Responsibilities**

**Strategic Portfolio Leadership**

* Provide executive oversight across multiple FSP portfolios and strategic client relationships.
* Develop and execute long\-term portfolio strategies aligned with business growth objectives.
* Drive consistency and excellence across delivery organizations.
* Lead cross\-functional initiatives to improve operational effectiveness

**Executive Client Management**

* Serve as executive operational lead for key FSP partnerships.
* Lead FSP governance and business reviews.
* Influence client strategy discussions and identify opportunities for growth and innovation.
* Manage complex escalations and organizational risks.

**Business Growth \& Commercial Leadership**

* Partner with Business Development to support strategic opportunities and proposals.
* Contribute to sales strategy, solution development, and account expansion efforts.
* Drive revenue growth, profitability, and repeat business.

**Organizational Leadership**

* Lead Directors and senior oversight leaders across multiple portfolios.
* Develop leadership pipelines and succession planning strategies.
* Champion organizational change initiatives and transformation programs.

**Innovation \& Digital Strategy**

* Drive implementation of digital technologies, analytics, automation, and AI\-enabled solutions.
* Promote innovative operating models that improve quality, speed, and cost efficiency.
* Ensure awareness and adoption of emerging industry trends and capabilities.

 **Education and Experience Requirements:**  

* Bachelor's degree or equivalent and relevant formal academic / vocational qualification
* Previous experience that provides the knowledge, skills, and abilities to perform the job (comparable to 12\+ years).
* 5\+ years of management responsibility
* Strong leadership skills


In some cases an equivalency, consisting of a combination of appropriate education, training and/or directly related experience, will be considered sufficient for an individual to meet the requirements of the role  

  

**Knowledge, Skills and Abilities:**  

* Capable of working independently and exercising independent judgment to assess sponsor regulatory needs and work with project team members to producing compliant deliverables
* Advanced, broad understanding of global/regional/national country requirements/regulatory affairs procedures for clinical trial authorization, licensing, lifecycle management; expert knowledge of ICH and other global regulatory guidelines; in\-depth understanding of a regulatory specialty areas, such as preclinical, clinical, CMC, publishing, etc.
* Advanced understanding of medical terminology, statistical concepts, and guidelines
* Sharp analytical, investigative and problem\-solving skills
* Advanced financial acumen with an in\-depth of knowledge and practical application of budgeting, forecasting and resource management
* Recognized executive presence and consultation and presentation skills
* Effective critical and strategic thinking skills that accounts for a broad impact


Project Lead:  

* Excellent customer service and relationship building skills and proven ability to provide strategic input into customer management in a complex environment
* Excellent negotiation and marketing skills with ability to influence internal and external stakeholders and drive results
* Superior judgment, decision making, escalation and risk management skills
* Solution oriented with a demonstrated ability to drive innovation


Project Oversight:  

* Strong coaching and leadership skills
* Excellent customer service, relationship building and stakeholder management skills
* Expert negotiation and marketing skills with ability to influence others and drive results
* Superior judgment, decision making, escalation and risk management skills
* Proven ability to drive corporate strategies to capture, engage and retain repeat customers


People Manager:  

* Comprehensive coaching skills with a proven ability to have challenging conversations
* Ability to identify and develop solutions to resolve training gaps for soft skill and technical development
* Excellent performance stewardship with the ability to drive performance through metrics
* Superior judgment, decision making and problem\-solving skills and proven ability to apply critical and analytical strategic thinking skills to drive development and retention of top performers
* Proven leadership as a change champion
* Ability to collaborate and foster accountability and excellence in a learning environment
* Strong negotiation skills with ability to influence others and drive results
* Proven ability to drive innovation in the development of talent strategies, including ensuring the proper resources are allocated based on individual skills and abilities

  

**Working Conditions and Environment:**  

* Work is performed in an office/ laboratory and/or a clinical environment.
* Exposure to biological fluids with potential exposure to infectious organisms.
* Exposure to electrical office equipment.
* Personal protective equipment required such as protective eyewear, garments and gloves.

  

**Why Join Us?**  

  

When you join Thermo Fisher Scientific, you become part of a global team that values passion, innovation, and a commitment to scientific excellence. You’ll work in an environment where collaboration and development are part of the everyday experience—and where your contributions truly make a difference.  

  

Apply today to help us deliver tomorrow’s breakthroughs.","Industrial Manufacturing","https://it.indeed.com/cmp/Thermo-Fisher-Scientific","https://d2q79iu7y748jz.cloudfront.net/s/_squarelogo/256x256/65bd2e4bebb79b1432ac3277ffd57ae7","https://www.thermofisher.com/","168 Third Avenue, Waltham, MA USA 02451","10,000+","more than $10B (USD)","At Thermo Fisher Scientific, our professionals develop critical solutions—and build rewarding careers.","","","","","","","medical advisor"
"li-4462207999","linkedin","https://www.linkedin.com/jobs/view/4462207999","","Study Coordinator Clinical Research - Milano","Adecco","Milan, Lombardy, Italy","2026-09-07","","","","","","",False,"","","","","","","https://ch.linkedin.com/company/adecco","","","","","","","","","","","","","medical advisor"
"li-4445714721","linkedin","https://www.linkedin.com/jobs/view/4445714721","","Project Manager R&D Medical Devices","Air Liquide Medical Systems","Bovezzo, Lombardy, Italy","2026-09-09","","","","","","",False,"","","","","","","https://fr.linkedin.com/company/air-liquide-medical-systems","","","","","","","","","","","","","scientific liaison"
"li-4343985374","linkedin","https://www.linkedin.com/jobs/view/4343985374","","Regulatory Affairs | Brescia","Biopharmed","","2026-09-06","","","","","","",False,"","","","","","","https://it.linkedin.com/company/biopharmed-life-sciences-recruiting","","","","","","","","","","","","","scientific liaison"
"li-4464471827","linkedin","https://www.linkedin.com/jobs/view/4464471827","","Regulatory Affairs Specialist - settore cosmetico","Res Novare s.r.l.","Busnago, Lombardy, Italy","2026-09-08","","","","","","",False,"","","","","","","https://it.linkedin.com/company/res-novare-s-r-l","","","","","","","","","","","","","scientific advisor"
"li-4462285678","linkedin","https://www.linkedin.com/jobs/view/4462285678","","Market Access Director – Biosimilars","ADVANZ PHARMA","Milan, Lombardy, Italy","2026-09-08","","","","","","",False,"","","","","","","https://uk.linkedin.com/company/advanz-pharma","","","","","","","","","","","","","scientific advisor"
"li-4454998360","linkedin","https://www.linkedin.com/jobs/view/4454998360","","Clinical Research Associate","ICON plc","Milan, Lombardy, Italy","2026-09-09","","","","","","",False,"","","","","","","https://ie.linkedin.com/company/icon-plc-2","","","","","","","","","","","","","clinical liaison"
"in-b240732dcfe65f89","indeed","https://it.indeed.com/viewjob?jk=b240732dcfe65f89","https://jobs.sanofi.com/job/-/-/2649/44468832576","Medical Affairs Internship","Sanofi","Milano, LOM, IT","2026-09-11","internship","","","","","",False,"","","","","**Medical Affairs Intern**

**Milan, Italy**

**About The Job**


Looking to launch your career at the cutting edge of healthcare? Join Sanofi for a chance to develop with mentoring and guidance from inspirational leaders while helping to make an impact on the lives of countless people worldwide.


As Medical Affairs Intern, you'll be part of a highly specialized team and you'll learn to manage scientific activities related to ongoing projects in **Medical Affairs** with a special focus on Transplant setting.


We are an innovative global healthcare company with one purpose: **to chase the miracles of science to improve people's lives.** We're also a company where you can flourish and grow your career, with countless opportunities to explore, make connections with people, and stretch the limits of what you thought was possible. Ready to get started?

**You will be involved in the following activities:**

* **Support the Transplant Medical Affairs team**, working in close collaboration with **cross\-functional stakeholders** including Marketing, Market Access, Medical Information and Regulatory Affairs, to ensure alignment of scientific and strategic objectives.
* Contribute to the **development, review and update of high\-quality scientific materials** to support Medical Affairs activities (e.g., slide decks, CLM contents), ensuring **scientific accuracy** and alignment with internal standards.
* Assist in **scientific activities**, including: scientific **literature research**, **medical consultancies** and **advisory boards**, **review** of **promotional and non\-promotional materials** in line with compliance requirements
* Support the **preparation and continuous update of scientific documentation** for internal medical training, contributing to knowledge sharing and capability building within the organization.
* **Analysis of the adoption of medical KPIs** and optimization of structured reporting to enable **data\-driven decision** making across medical CV team in collaboration with Medical Effectiveness Manager
* Provide support in the **coordination and tracking of Medical Affairs projects and activities** (e.g., timelines, deliverables), contributing to the effective execution of the medical plan.
* Support the **organization and execution of medical education initiatives** and scientific engagement activities (e.g., meetings, events, training sessions), including preparation of materials and operational coordination.

**About You**

* Master's degree in **Medicine, Pharmacy, Biotecnology** or related fields
* Fluent **English** (level B2\+ or higher)
* Good knowledge of **Excel** and **PowerPoint**
* **Accuracy** and **organizational** skills, **team working**

**Why choose us?**

* Bring the **miracles of science** to life alongside a supportive, future\-focused team.
* Start your career with **inspiring mentors** who will help you take your first professional steps.
* You will have the possibility to carry out the internship in a **hybrid mode**.
* We offer an **internship lasting 6 months**. Competitive monthly compensation and meal vouchers will be provided.

  

\#LI\-Hybrid


\#EarlyTalent

**Pursue Progress. Discover Extraordinary.**


Progress doesn’t happen without people – people from different backgrounds, in different locations, doing different roles, all united by one thing: a desire to make miracles happen. You can be one of those people. Chasing change, embracing new ideas and exploring all the opportunities we have to offer. Let’s pursue Progress. And let’s discover Extraordinary together.


At Sanofi, we provide equal opportunities to all regardless of race, color, ancestry, religion, sex, national origin, sexual orientation, age, citizenship, marital status, disability, or gender identity.


Watch our ALL IN video and check out our Diversity Equity and Inclusion actions at sanofi.com!","","https://it.indeed.com/cmp/Sanofi","https://d2q79iu7y748jz.cloudfront.net/s/_squarelogo/256x256/ef60cd636bc2be61c6eccfef96801f9b","https://www.sanofi.com/fr","Paris","10,000+","more than $10B (USD)","We chase the miracles of science every single day, pursuing progress to make a real impact on millions of patients around the world. ","","","","","","","medical information"
"in-07aa93e815e2bdd2","indeed","https://it.indeed.com/viewjob?jk=07aa93e815e2bdd2","https://medtronic.wd1.myworkdayjobs.com/en-US/MedtronicCareers/job/Milano-Lombardia-Italy/Training-Education-Spec_R74285-1","Training/Education Spec.","Medtronic","Milano, LOM, IT","2026-09-10","fulltime","","","","","",False,"","","","AskHR@medtronic.com","Careers that change lives start here. Medtronic is a global leader in healthcare technology with a Mission to alleviate pain, restore health, and extend life. Our 95,000 employees work across more than 150 countries to put patients first — developing innovative medical technologies that improve the lives of 72\+ million patients each year. Your unique talents will help shape the future of healthcare while building a career grounded in purpose, growth, and impact.


**A Day in the Life**
=====================

Are you passionate about advancing healthcare professional education and helping clinical teams deliver better outcomes for patients with aortic disease? Join Medtronic's Aortic business as a Training \& Education Specialist supporting the Mediterranean Cluster (Italy, Greece, Israel). You will help design, coordinate and execute educational initiatives that enable healthcare professionals to build endovascular knowledge, procedural confidence and effective team\-based practice.
  

  

This hybrid role combines regional program coordination with field\-based execution across the Mediterranean Cluster as well as on Western European level. You will collaborate with country commercial teams, Marketing, Medical Affairs, Clinical, Compliance and regional Medical Education colleagues, as well as external faculty and training centers. Regular travel is required to support customer education events, hands\-on workshops, congress activities and strategic initiatives. The role is part of the Aortic Training \& Education organization; the formal reporting location and travel expectation will be confirmed during recruitment.
**Responsibilities may include the following and other duties may be assigned:**

· Coordinate and deliver healthcare professional education programs, workshops, fellowships, webinars and blended learning activities across the Mediterranean Cluster and Western Europe


· Manage end\-to\-end program preparation, including needs assessment, project planning, faculty coordination, participant communication, logistics, materials, compliance documentation and post\-event follow\-up


· Partner with Marketing, Sales, Clinical, Medical Affairs and Compliance to ensure educational activities address customer needs and align with business, quality and regulatory requirements


· Build productive relationships with healthcare professionals, external faculty, training centers and internal stakeholders across different countries and cultures


· Support education related to Medtronic aortic therapies, including the Endurant™ Stent Graft System, a minimally invasive endovascular device used in the treatment of abdominal aortic aneurysms (AAA) and ValiantTM thoracic stent graft with CaptiviaTM delivery system.


· Monitor participation, feedback, learning outcomes and program execution data, and translate insights into practical improvements for future activities


· Contribute to regional congress activities, educational content development, budget tracking and strategic Medical Education projects  



**Required Knowledge and Experience:**

· Bachelor's degree in life sciences, healthcare, biomedical engineering, education, business or a related discipline, or equivalent relevant experience


· Experience in medical education, clinical education, professional training, healthcare event management or a comparable customer\-facing role


· Demonstrated project management and organizational skills, with the ability to coordinate multiple programs, stakeholders and deadlines


· Clear written and verbal communication skills in Italian and English; confidence working across countries and cultures


· Experience working with healthcare professionals (HCPs) and an understanding of compliance requirements for healthcare professional engagement


· Ability and willingness to travel regularly within the Mediterranean Cluster (and occasionally in Western Europe), together with proficiency in Microsoft 365 and digital collaboration tools


\#LI\-Flex  



**Physical Job Requirements**  

  

The above statements are intended to describe the general nature and level of work being performed by employees assigned to this position, but they are not an exhaustive list of all the required responsibilities and skills of this position.
‌


**Recruitment Fraud Alert**

We are aware of phishing scams targeting job seekers. Please keep the following in mind:  



  

Apply only through official Medtronic channels. All legitimate Medtronic recruiting communications come from approved Medtronic platforms and official @medtronic.com email addresses.  



  

Medtronic will never ask for payment or sensitive personal information (such as bank account or Social Security details) during early stages of the hiring process. Any such requests are not legitimate.  



  

If you receive a suspicious message claiming to be from Medtronic, do not respond, click links, or open attachments.  



  

If you have any questions, concerns regarding the authenticity of a communication alleged to have been made by or on behalf of Medtronic, please contact us immediately at AskHR@medtronic.com .
‌  



**Benefits \& Compensation**
============================

**Medtronic offers a competitive Salary and flexible Benefits Package**  

A commitment to our employees lives at the core of our values. We recognize their contributions. They share in the success they help to create. We offer a wide range of benefits, resources, and competitive compensation plans designed to support you at every career and life stage.  

  



Pay range / Rango salarial / Intervalo salarial /Fascia retributiva / Tranche de salaire / Gehaltsband / Salaribereik: Italy: 40,000\.00 EUR \- 60,000\.00 EUR \|  

This position is eligible for a short\-term incentive called the Medtronic Incentive Plan (MIP).","","https://it.indeed.com/cmp/Medtronic","https://d2q79iu7y748jz.cloudfront.net/s/_squarelogo/256x256/78828b704431b1c10caa524c081f9932","http://www.medtronic.com/","","10,000+","more than $10B (USD)","CAREERS THAT CHANGE LIVES Do meaningful work, make a difference, and improve lives.","","","","","","","medical information"
"in-0c5023f354310705","indeed","https://it.indeed.com/viewjob?jk=0c5023f354310705","https://tnl2.jometer.com/v2/job?jx=5v7ym26251a374cf0f86faf461a367a6ca679C4AJUBIAAABQ&jz=561wkdefa45caa77f8712ba13ad54995ad3c8C4AMABTEAAAQAAAAABSA&source=APPLICANT_SOURCE-3-2017","Senior Consultant - Strategy Consulting","IQVIA","Milano, LOM, IT","2026-09-10","fulltime","","","","","",True,"","","","","Milan, Italy \| Full time \| Hybrid \| R1556781


  
We are currently looking for a **Senior Consultant** to join our *Management Consulting* team based in Milan.


The Sr. Consultant will be involved in **development and delivery of multiple consulting projects** for our clients (**PharmaCos, BiotechCos, PE \& investment funds, etc.**).


Projects cover a broad spectrum including *Commercial Excellence*, *Go\-to\-Market and Launch strategies*, *Portfolio optimization strategies*, *Buy\-side and Sell\-side M\&A* that are deeply impacting our clients’ business **leveraging IQVIA information assets**.


**Responsibilities:**


* Participates in the **design**, **development** and **delivery** of **consulting projects** or components of larger, complex projects
* Engage with clients and present complete, client\-specific solutions and recommendations, frequently collaborating with other IQVIA teams (*Analytics, Real World Solutions, Market Research, etc.*);
* Takes responsibility for creating reports, presentations and other client deliverables;
* Conducts **desk research** to a specific brief using **internal and external sources**;
* Performs **quantitative ana**lyses to aid development of recommendations;
* Contributes to the preparation, execution and follow\-up of **client meetings and workshops**;
* Works independently and as part of a team, with responsibility for **supervising junior team members** and providing them with direction and guidance;
* Supports **proposal development activities** (provides support to Principals in proposal design/stream, finding of sources, etc.);
* Oversees project planning and execution, coordinating multiple workstreams, monitoring timelines and deliverables, and ensuring projects are completed on schedule and to the expected quality standards.
* Builds and maintains strong client and internal stakeholder relationships, serving as a trusted point of contact and ensuring clear communication, alignment and expectation management.

**Desired Qualifications and Experience**


* MSc degree in Economics/Management or Engineering with strong record of academic achievement
* **5\+ years of consulting experience** with a primary management consulting firm
* Prior exposure to Pharma \& Healthcare\-related projects would be considered a plus
* Proficiency both in **Italian** and in **English** (both written and spoken)
* **Excellent Microsoft Office Skills** \- strong presentation skills with Power Point and ability to create and manipulate data via Excel.
* Strong **communication**, **analytical** and **problem\-solving skills**
* Ability to work and manage a team and **excellent Project Management abilities**
* Excellent execution skills, consistently meeting deadlines
* Ability to **manage multiple projects**, juggle priorities and deliver on tight deadlines
* Keenness to learn and commitment to a rapid development curve
* Excellent interpersonal and networking skills.

**What we offer:**


* **Career Development opportunities**: at IQVIA, the company that can be defined as the University of Healthcare, we are committed to hiring exceptional talent and helping employees reach their professional goals through Internal Job Opportunities, structured Performance Management and Enablement processes, Mentoring program, Diversity\&Inclusion initiatives and much more!
* **Competitive Benefits**: You can invest in you and your family's well\-being applying to the Employee Assistance Program and you will have an interesting Insurance Plan. You can use a flexible benefits budget for a wide selection of services (wellness, culture, education, etc). Apply and find out more!
* **Flexibility**: You have flexible working conditions, we trust our employees and we believe that we can perform our job in a smart/agile way, but you can rely also on a modern and sustainable office (LEED Platinum certified!) where you can meet other colleagues, collaborate, innovate and having fun!
* **Unparalleled opportunity to play an active role in helping create a healthier world.** **Our work is important**. It's challenging. Improving human health requires brave thinkers who are willing to explore new ideas, build on successes, and learn from mistakes. It takes brave minds to bring powerful ideas to reality and transform healthcare. We are a diverse, global team that shares a passion for collaboration and solving complex problems. Together, we help customers drive healthcare forward. **Join IQVIA and see where your skills can take you.**

IQVIA is a leading global provider of clinical research services, commercial insights and healthcare intelligence to the life sciences and healthcare industries. We create intelligent connections to accelerate the development and commercialization of innovative medical treatments to help improve patient outcomes and population health worldwide. Learn more at https://jobs.iqvia.com


IQVIA is committed to integrity in our hiring process and maintains a zero tolerance policy for candidate fraud. All information and credentials submitted in your application must be truthful and complete. Any false statements, misrepresentations, or material omissions during the recruitment process will result in immediate disqualification of your application, or termination of employment if discovered later, in accordance with applicable law. We appreciate your honesty and professionalism.


The potential base pay range for this role, when annualized, is €55,800\.00 \- €83,800\.00\. The actual base pay offered may vary based on a number of factors including job\-related qualifications such as knowledge, skills, education, and experience; location; and/or schedule (full or part\-time). Dependent on the position offered, incentive plans, bonuses, and/or other forms of compensation may be offered, in addition to a range of health and welfare and/or other benefits.
**Where you'll work**
---------------------


### **Hybrid**


You’ll split your time between home and the office, giving you the flexibility to focus where you work best while still building strong in\-person connections with your team. This model combines the autonomy of remote work with the collaboration, energy and resources of an office environment.


  
**Culture**
-----------


Culture at IQVIA is built on a shared belief: that when people are empowered with better data, smarter technology and deeper expertise, they can change what’s possible for patients. Across every team and every corner of the globe, you’ll find colleagues who genuinely care — about the mission and about each other. That’s what makes this a place where people tend to stay, grow and do the best work of their careers.","","https://it.indeed.com/cmp/Iqvia","https://d2q79iu7y748jz.cloudfront.net/s/_squarelogo/256x256/03e043400efdf1e7d2f66b4d0a67997e","http://jobs.iqvia.com","Durham, NC","10,000+","more than $10B (USD)","IQVIA (NYSE:IQV) is a leading global provider of advanced analytics, technology solutions and clinical research services to the life sciences industry dedicated to delivering actionable insights.","","","","","","","medical information"
"in-0a4d224a5ecc8f91","indeed","https://it.indeed.com/viewjob?jk=0a4d224a5ecc8f91","https://tnl2.jometer.com/v2/job?jx=5v7ym5c295dab3d69decd8593905978a7a238C4AJUBIAAABQ&jz=561wk557ad9c7fcfd55608c2f19dc49b223f7C4AMABTEAAAQAAAAABSA&source=APPLICANT_SOURCE-3-2017","Therapy Training Specialist","IQVIA","Milano, LOM, IT","2026-09-09","fulltime","","","","","",False,"","","","","Milan, Italy \| Full time \| Field\-based \| R1566948


  
IQVIA is looking for a **Therapy Training Specialist**, a role where your expertise becomes a guiding light of support for patients with diabetes who self\-administer insulin multiple times per day.


These are new positions within a growing team which have been created to address the increased demand for a medical device system which simplifies diabetes management for patients, carers, and healthcare professionals.


We are searching for candidates who are passionate about advancing healthcare and improving patient wellbeing; the ideal applicant will have a clear communication style, strong public speaking skills, the ability to demonstrate spontaneous empathy and build rapport readily, and an adaptable approach that enables them to tailor their delivery to suit the patients they are training.


**Working area:**

* Calabria


**Responsibilities:**


* Work with a small number of hospital accounts in your assigned territory


* Work closely with the field sales team to ensure awareness of patient training needs to maximise efficiencies


* Schedule and provide 1:1 training to patients including correct set up and use of the device system, including gathering the required consents, to ensure a positive onboarding experience


* Give ongoing support to patients as required (in addition to the 24/7 technical assistance telephone service the company also provides)


* Participate in follow\-up meetings to address requests from patients and diabetologists / endocrinologists
* Promote continuous technical training and raise awareness among diabetes teams on the optimal management of diabetes with the company’s devices


* Collaborate in the commercial cycle and prescription process, ensuring inventory management and seamless handover to
* Engage healthcare professionals in educational activities, organizing local training events and providing technical support during scientific events.


**Required Knowledge and Experience:**


* Degree in scientific, economic, or humanities disciplines. Alternatively, equivalent education with proven experience in technical\-commercial activities
* A PhD will be considered a plus, but is not essential


* Good level of English


* A valid driver’s license (B) and availability for frequent travel within the assigned area and occasionally nationwide


* Knowledge of the English language would be beneficial but is not a prerequisite.


* Knowledge of the medical device market and therapies would be advantageous.


* Excellent interpersonal, negotiation, problem\-solving, consultative approach, results\-oriented, teamwork, proactivity, assertive communication skills, and ideally familiarity with CRM (Customer Relationship Management) systems.


**WE OFFER:**


* Chemical contract


* Temporary contract
* Salary range: RAL 35\.000\-40\.000


* Company Car


* Sales Incentive Plan


The compensation package will be determined based on experience, skills, and internal equity criteria.
  

Professional growth and salary adjustments are based on transparent and objective criteria.
  

We are committed to ensuring fair and inclusive compensation practices, in line with salary transparency regulations (EU Directive 2023/970\).


IQVIA reserves the right to evaluate candidates with domicile / residence and work experience / study with requirements responding to the open request. Applications WITHOUT the requirements Will NOT be fully taken into account. Please enter the authorization for the processing of personal data (DL196/2003\) \- General Data Protection Regulation (13 GDPR 679/16 –) to IQVIA and to transfer those data to IQVIA’s Clients. The research is urgent and is intended for candidates of both sexes (L.903/77\).


\#LI\-CES \#LI\-DNP


IQVIA is a leading global provider of clinical research services, commercial insights and healthcare intelligence to the life sciences and healthcare industries. We create intelligent connections to accelerate the development and commercialization of innovative medical treatments to help improve patient outcomes and population health worldwide. Learn more at https://jobs.iqvia.com


IQVIA is committed to integrity in our hiring process and maintains a zero tolerance policy for candidate fraud. All information and credentials submitted in your application must be truthful and complete. Any false statements, misrepresentations, or material omissions during the recruitment process will result in immediate disqualification of your application, or termination of employment if discovered later, in accordance with applicable law. We appreciate your honesty and professionalism.


The potential base pay range for this role is 35,000\.00 annually. The actual base pay offered may vary based on a number of factors including job\-related qualifications such as knowledge, skills, education, and experience; location; and/or schedule (full or part\-time). Dependent on the position offered, incentive plans, bonuses, and/or other forms of compensation may be offered, in addition to a range of health and welfare and/or other benefits.
**Where you'll work**
---------------------


### **Field\-based**


You’ll work where the action is — out in the field, directly engaging with our customers, sites or partners. Field\-based roles offer the opportunity to build relationships face\-to\-face, gain real\-world insights and make a tangible impact.


  
**Culture**
-----------


Culture at IQVIA is built on a shared belief: that when people are empowered with better data, smarter technology and deeper expertise, they can change what’s possible for patients. Across every team and every corner of the globe, you’ll find colleagues who genuinely care — about the mission and about each other. That’s what makes this a place where people tend to stay, grow and do the best work of their careers.","","https://it.indeed.com/cmp/Iqvia","https://d2q79iu7y748jz.cloudfront.net/s/_squarelogo/256x256/03e043400efdf1e7d2f66b4d0a67997e","http://jobs.iqvia.com","Durham, NC","10,000+","more than $10B (USD)","IQVIA (NYSE:IQV) is a leading global provider of advanced analytics, technology solutions and clinical research services to the life sciences industry dedicated to delivering actionable insights.","","","","","","","medical information"
"in-2f36c0308dfc12a6","indeed","https://it.indeed.com/viewjob?jk=2f36c0308dfc12a6","https://tnl2.jometer.com/v2/job?jx=5v7ymb120e7ba5ce27c3fdad12153847c8a9fC4AJUBIAAABQ&jz=561wkff888f1f701d325edfa86f6a958641d3C4AMABTEAAAQAAAAABSA&source=APPLICANT_SOURCE-3-2017","Health Economics internship","IQVIA","Milano, LOM, IT","2026-09-09","fulltime","","","","","",True,"","","","","Milan, Italy \| Full time \| Hybrid \| R1568181


  
*We are currently looking for an internto join our* ***Health Economics*** *team in* ***Milan****.*

*As an intern with IQVIA, you will actively participate in/support the development and delivery of* ***Health Economics studies*** *to help pharmaceutical companies communicate the value of their innovations to stakeholders by quantifying the economic and clinical outcomes of medical technology.*


***Activities***


*Under supervision, you will be involved in the following activities:*

* ***Literature review*** *to source the required inputs to projects*
* *Adaptation and development of* ***health economics analyses*** *(e.g. budget impact analyses, cost/effectiveness analyses, cost of illness studies, etc.)*
* *Development and communication of HE analyses to clients*
* *Perform* ***statistical analysis on IQVIA proprietary and third\-party data*** *and communicate results through scientific publications and posters*

***Desired Skills \& Qualifications***


* *MSc degree in Economics, Health Economics, Econometrics, Statistics/Biostatistics or any other related field with a quantitative background*
* *Strong analytical skills*
* *Proficiency in Italian and English (both oral and written)*
* *Excellent Microsoft Office Skills: strong skills in working with Excel spreadsheets and creating presentations with PowerPoint*
* *Fundamentals of health economics are highly preferred*
* *Ability to work in team*
* *Good planning, time\-management and organizational skills*
* *Intellectual curiosity, flexibility and attention to details*

*Internship duration: six months*

*For further information on the company, visit the website* *www.iqvia.com*


IQVIA is a leading global provider of clinical research services, commercial insights and healthcare intelligence to the life sciences and healthcare industries. We create intelligent connections to accelerate the development and commercialization of innovative medical treatments to help improve patient outcomes and population health worldwide. Learn more at https://jobs.iqvia.com


IQVIA is committed to integrity in our hiring process and maintains a zero tolerance policy for candidate fraud. All information and credentials submitted in your application must be truthful and complete. Any false statements, misrepresentations, or material omissions during the recruitment process will result in immediate disqualification of your application, or termination of employment if discovered later, in accordance with applicable law. We appreciate your honesty and professionalism.


The potential base pay range for this role, when annualized, is €25,600\.00 \- €38,400\.00\. The actual base pay offered may vary based on a number of factors including job\-related qualifications such as knowledge, skills, education, and experience; location; and/or schedule (full or part\-time). Dependent on the position offered, incentive plans, bonuses, and/or other forms of compensation may be offered, in addition to a range of health and welfare and/or other benefits.
**Where you'll work**
---------------------


### **Hybrid**


You’ll split your time between home and the office, giving you the flexibility to focus where you work best while still building strong in\-person connections with your team. This model combines the autonomy of remote work with the collaboration, energy and resources of an office environment.


  
**Culture**
-----------


Culture at IQVIA is built on a shared belief: that when people are empowered with better data, smarter technology and deeper expertise, they can change what’s possible for patients. Across every team and every corner of the globe, you’ll find colleagues who genuinely care — about the mission and about each other. That’s what makes this a place where people tend to stay, grow and do the best work of their careers.","","https://it.indeed.com/cmp/Iqvia","https://d2q79iu7y748jz.cloudfront.net/s/_squarelogo/256x256/03e043400efdf1e7d2f66b4d0a67997e","http://jobs.iqvia.com","Durham, NC","10,000+","more than $10B (USD)","IQVIA (NYSE:IQV) is a leading global provider of advanced analytics, technology solutions and clinical research services to the life sciences industry dedicated to delivering actionable insights.","","","","","","","medical information"
"in-faca6cb193cb1865","indeed","https://it.indeed.com/viewjob?jk=faca6cb193cb1865","https://opissrl.applytojob.com/apply/84WcJJQl91/Marketing-Internship","Marketing internship","OPIS S.r.l.","Milano, LOM, IT","2026-09-09","internship","","","","","",False,"","","","","We are looking for a **Marketing intern** to support OPIS Business Development Unit and assist with various tasks within the marketing team.  

  

This is a great opportunity for someone who wishes to build a career within the Marketing field. You will be able to participate in the practical aspects of our Marketing and Communication team and gain valuable knowledge.  

  

**Some of what you'll do:**

* Generating creative, unique, and engaging content to enable effective SEO and email marketing campaigns
* Optimizing online content to ensure high\-quality traffic is generated and converted into leads.
* Supporting the implementation of the communication strategy and the outline of plans for projects and initiatives
* Providing ad\-hoc support, in particular in approaching the researchers’ target group, by providing suitable content, fostering public relations, etc.
* Supporting the creation of websites and related content
* Organizing events and campaigns, and contributing to the drafting of communication work packages and project proposals
* Supporting OPIS participation in scientific events and exhibitions and significant conferences, as well as taking care of the selection and design of scientific content and programs
* Managing OPIS Community Platform

**What we're looking for:**

* Degree in a Marketing or related field
* Ability to create and edit multimedia content (photography, video, graphics, animated, etc.) for Social Media and other digital channels
* Organization and communicative skills, capable of working in teams
* Knowledge of graphic tools (i.e. Canva, Adobe Photoshop, Adobe Illustrator, etc.)
* Experience with Microsoft Office Package
* Detail\-oriented and with a creative mind
* Fluent English both verbal and written

**What we offer:**

* Internship with an opportunity to transfer to permanent employment
* €700 per month
* Meal vouchers (€7 per day)


The opportunity to develop skills and knowledge within the Marketing unit of a global CRO—boosting your future career success—alongside the chance to advance your professional career within a growing international company.  

  

*Please read the information notice on the processing of personal data in the candidates’ information section of our company website.*  

  

**Who we are:**  

  

*OPIS is an International CRO with 25 years of experience in conducting Phase I\-IV, non\-interventional and medical devices studies on an international level. We always offer state\-of\-the\-art information technology solutions and innovative approaches to the increasing complexity and variety of projects.*  

*OPIS extensive expertise covers all phases of drug\-related trials, taking care of the Sponsor beyond the therapeutic area, offering also accurate clinical investigations for medical and diagnostic devices. With Global Clinical Research Locations all over the world, OPIS offers a full range of integrated clinical research services as scientific advice, medical writing, trial start\-up, monitoring, study management, data management, statistics, pharmacovigilance, medical monitoring, electronic data capture as well as quality assurance and training.*

  

*This page is hosted by JazzHR and uses cookies for technical and analytical purposes. For details regarding the processing of your application data by OPIS, please refer to our:*  

  

*Pivacy Policy*


*Candidate Privacy Policy*","","https://it.indeed.com/cmp/Opis-S.r.l.","https://d2q79iu7y748jz.cloudfront.net/s/_squarelogo/256x256/a83da2119319a69bed68c29c12d541d7","https://www.opis.it","Desio","201 to 500","","","","","","","","","medical information"
"in-809ef4609db25e36","indeed","https://it.indeed.com/viewjob?jk=809ef4609db25e36","https://tnl2.jometer.com/v2/job?jx=5v7ym8f770cc045f6a400a2772c2965b3dd31C4AJUBIAAABQ&jz=561wk2ecdce1a19df9419955428d3e73806f2C4AMABTEAAAQAAAAABSA&source=APPLICANT_SOURCE-3-2017","MedTech Device Field Service Technician Flexible/Part Time - Italy","IQVIA","Milano, LOM, IT","2026-09-08","parttime","","","","","",False,"","","","","Milan, Italy \| Part time \| Field\-based \| R1568006


  
Our**MedTech Field Service Technician**experience a unique opportunity to employ their technical experience by collaborating with healthcare professionals and leading technical initiatives in medical device technology.


You willbe responsible forinstalling hardware for automated medication dispensing systems within healthcare facilities throughout the United States. This isa great opportunityfor you to advance your technical and leadership skills, while building a career path withstrong growthopportunities with a leading medical device company!


This position requires you to travel 100% locally, regionally, and nationally. Due to the travel, the role requires open availability Monday through Friday. Work is assignment based, with a typical week including 16\-30 hours worked, plus travel time.


Job Responsibilities:


* Organizing, testing, and assembling automated medication dispensing systems; all tasks revolve around installing and configuring hardware, software and mechanical medical devices.
* Review of schematics / drawings, documentation, andlogisticsto support installation activities.
* Conduct routine checks and record data from product tests after installation and configuration.
* Ensure work is completedin accordance withquality compliance requirements.
* Partner with a team of support staff, manage project timelines and customer needs.
* Training for this role will be provided and is paid
Schedule:


* Per\-diem, assignment\-based position requiring travel and open flexibility.
RequiredQualifications:


* Diploma di Maturità is required
* Minimum 1 year related electronics, hardware, software or mechanical experiencerequired.
* English and Italian is required
* Professional business acumen and communication skillsrequired.
* Must be comfortable with basic software programs and Microsoft operating systems.
* Ability to work with design engineers, project managers \& healthcare personnel toidentifyequipment layout, operations, and workflowrequired.
* Ability to clear hospital vendor credentialing requirements, including proof of vaccination status,required.
* Positionmay/willrequire up to date immunizations.
* Ability to sit and stand forlong periodsof time andlift upto 50 poundsrequired.
**Travel Requirement:**

* An active and unrestricteddriver’slicenseisrequired.
* Will have a personal vehicle and willing to use it for job related assignments.
* Ability to travel locally, regionally, and nationally weekly to support customer needsrequired.
* Needsto belocatedwithin 30 miles of a major airport.
* Travel, and your time traveling is paid, as is mileage.
Preferred Qualifications:


* Military veterans with experience in electronics related MOS are encouraged to apply!
* Ability to work independently in customer settings with minimal supervision.
IQVIA MedTech CFS takes the approach to helping customers drive healthcare forward in this challenging and fast\-paced environment. We help customers accelerate results, improve patient outcomes, and unleash new opportunities.


Benefits:


* This position is not eligible for our Medical Benefits.
**Vaccine/Immunization/Hospital Credentialing Requirement:**A required function of this job requires individuals to enter various healthcare facilities. Thus, upon selection, individuals must complete healthcare facility credentialing process. To obtain credentials, individuals must meet the immunization requirements specified by the facility. Individuals are typically requiredto have completed/up to date: Measles, Mumps \& Rubella vaccine, Varicella (chicken pox) vaccine, Negative Tuberculosis (TB) Test, Tetanus, Diphtheria \& Pertussis (Tdap) vaccine, Hepatitis B vaccine, Influenza vaccine (seasonal), and COVID\-19 vaccine primary series (heavily enforced by most facilities, some require booster(s)).Please note, IQVIAcomplies withall applicable lawsregardingreasonable accommodationsor exemptions for religious, medical, or other legally protected reasons. However, our client’s requirements may supersede this.


IQVIA is a leading global provider of clinical research services, commercial insights and healthcare intelligence to the life sciences and healthcare industries. We create intelligent connections to accelerate the development and commercialization of innovative medical treatments to help improve patient outcomes and population health worldwide. Learn more at https://jobs.iqvia.com


IQVIA is committed to integrity in our hiring process and maintains a zero tolerance policy for candidate fraud. All information and credentials submitted in your application must be truthful and complete. Any false statements, misrepresentations, or material omissions during the recruitment process will result in immediate disqualification of your application, or termination of employment if discovered later, in accordance with applicable law. We appreciate your honesty and professionalism.


The potential base pay range for this role, when annualized, is €32,100\.00 \- €62,800\.00\. The actual base pay offered may vary based on a number of factors including job\-related qualifications such as knowledge, skills, education, and experience; location; and/or schedule (full or part\-time). Dependent on the position offered, incentive plans, bonuses, and/or other forms of compensation may be offered, in addition to a range of health and welfare and/or other benefits.
**Where you'll work**
---------------------


### **Field\-based**


You’ll work where the action is — out in the field, directly engaging with our customers, sites or partners. Field\-based roles offer the opportunity to build relationships face\-to\-face, gain real\-world insights and make a tangible impact.


  
**Culture**
-----------


Culture at IQVIA is built on a shared belief: that when people are empowered with better data, smarter technology and deeper expertise, they can change what’s possible for patients. Across every team and every corner of the globe, you’ll find colleagues who genuinely care — about the mission and about each other. That’s what makes this a place where people tend to stay, grow and do the best work of their careers.","","https://it.indeed.com/cmp/Iqvia","https://d2q79iu7y748jz.cloudfront.net/s/_squarelogo/256x256/03e043400efdf1e7d2f66b4d0a67997e","http://jobs.iqvia.com","Durham, NC","10,000+","more than $10B (USD)","IQVIA (NYSE:IQV) is a leading global provider of advanced analytics, technology solutions and clinical research services to the life sciences industry dedicated to delivering actionable insights.","","","","","","","medical information"
"in-3e7c852d7a53cfe1","indeed","https://it.indeed.com/viewjob?jk=3e7c852d7a53cfe1","https://jobs.smartrecruiters.com/O-I/744000148245399-junior-internal-auditor-with-french","Junior Internal Auditor with French","O-I (Owens-Illinois)","Origgio, LOM, IT","2026-09-08","fulltime","","","","","",False,"","","","","**Company Description**  

To be the leading producer of glass bottles and jars worldwide you need passion, commitment and innovation baked into the very fabric of a business and its people. For more than 120 years, our glass makers have honed their craft \- channeling their creativity into more than 1,800 patents held today. When you join O\-I you become part of that story.


O\-I has more than a century of experience crafting pure, sustainable, brand\-building glass packaging for many of the world’s best\-known food and beverage brands. We are proud to provide high quality glass packaging for beer, wine, spirits, food, non\-alcoholic beverages, cosmetics and pharmaceuticals. We are dedicated to make what matters to shape a healthier, more sustainable and more exciting world. We transform the industry to make glass more relevant and more accessible to more people.

 **Job Description**  

As Internal Auditor you will support the business in achieving operational excellence by providing reports with independent and objective analyses, appraisals, recommendations and pertinent comments concerning the activities audited. You will also evaluate the effectiveness and efficiency of the design and operation of O\-I's processes, policies procedures and internal controls. As part of your job you will also support other objectives and initiatives of the internal audit department.

**Key Responsibilities:**

* Understand business related risks and provide suggestions for solutions to mitigate such risk;
* Understand objectives of policies and procedures and provide suggestions for any improvement recommendations;
* Perform financial and operational audits in accordance with internal auditing professional standards;
* Execute analytical reviews of financial data and interpret management explanations against expected results;
* Utilize automated tools successfully to execute analytics that drive audit focus areas and policy deviations;
* Support the assessment of the design and operating effectiveness of the internal control;
* Communicate timely audit results within Internal Audit and management;
* Contribute ideas to identify potential projects or process improvement opportunities within the organization;
* Assist Management in identifying practical solutions to identified issues;
* Protect and secure data in accordance with internal audit's policies and procedures;
* Collaborate with external auditors to enable them to express an opinion on the fairness of the financial statements;
* Be a contributor to the achievement of the objectives of the internal audit department.

  

**Qualifications**  

* Bachelor's degree in Accounting, Finance, Economics, Business Administration, or a related field.
* 0\-3 years of experience in Internal Audit, External Audit, Risk Management, Compliance, Finance, or a related area.
* Basic understanding of accounting principles, internal controls, risk management, and audit methodologies.
* Proficiency in Microsoft Office applications, particularly Excel and PowerPoint.
* Fluency in English and French

  

**Additional Information** **Travel:** up to **30%**

**This position reports to**: Internal Audit Team Leader

**Salary Range:** The expected salary for this position is between €35,000 and €45,000\. The final salary package may be adjusted based on the candidate's experience and expertise.


All your information will be kept confidential according to EEO guidelines.


O\-I is an Equal Opportunity Employer, and does not discriminate against any employee or applicant for employment because of race, color, sex, age, national origin, religion, sexual orientation, gender identity, status as a veteran, and basis of disability or any other federal, state or local protected class. If, because of a medical condition or disability, you need a reasonable accommodation for any part of the application process, or in order to perform the essential functions of a position, please contact O\-I at hr.recruiters@o\-i.com and let us know the nature of your request and your contact information.","Industrial Manufacturing","https://it.indeed.com/cmp/O--i-(owens--illinois)","https://d2q79iu7y748jz.cloudfront.net/s/_squarelogo/256x256/4a021a11e87f9d7a90afb26f8738b26b","http://www.o-i.com/","Perrysburg, Ohio, USA","10,000+","$5B to $10B (USD)","To be the leading producer of glass bottles and jars worldwide you need passion, commitment and innovation baked into the very fabric of a business and its people.","","","","","","","medical information"
"in-51a714500a215142","indeed","https://it.indeed.com/viewjob?jk=51a714500a215142","https://jobs.danaher.com/global/en/job/DANAGLOBALR1315302EXTERNALENGLOBAL/Senior-Manager-Field-Service?utm_source=indeed&utm_medium=phenom-feeds","Senior Manager Field Service","Beckman Coulter Diagnostics","Milano, LOM, IT","2026-09-07","fulltime","","","","","",True,"","","","","Are you ready to accelerate your potential and make a real difference within life sciences, diagnostics and biotechnology?

  

At Beckman Coulter Diagnostics, one of Danaher’s 15\+ operating companies, our work saves lives—and we’re all united by a shared commitment to innovate for tangible impact.

  

You’ll thrive in a culture of belonging where you and your unique viewpoint matter. And by harnessing Danaher’s system of continuous improvement, you help turn ideas into impact – innovating at the speed of life.

  

As a global leader in clinical diagnostics, Beckman Coulter Diagnostics has challenged convention to elevate the diagnostic laboratory’s role in improving patient health for more than 90 years. Our diagnostic solutions are used in routine and complex clinical testing, and are used in hospitals, reference and research laboratories, and physician offices around the world. Every hour around the world, more than one million tests are run on Beckman Coulter Diagnostics systems, impacting 1\.2 billion patients and more than three million clinicians per year. From uncovering the next clinical breakthrough, to rapid and reliable sample analysis, to more rigorous decision making—we are enabling clinicians to deliver the best possible care to their patients with improved efficiency, clinical confidence, adaptive collaboration, and accelerated intelligence.


Learn about the Danaher Business System which makes everything possible.


The **Senior Manager Field Service** is responsible for leading the overall Service and Field Applications organization in Italy, ensuring the delivery of exceptional customer support while driving operational excellence, business growth, profitability, and customer satisfaction.


Reporting directly to the Managing Director Italy, this senior leadership role oversees all Field Service, Field Applications, and service performance activities across the country. The successful candidate will lead a team of Field Service Area Managers and Field Application Managers, with overall responsibility for a nationwide organization of more than 100 people.


This role plays a critical part in supporting business objectives by defining and executing the national service strategy, optimizing service delivery, developing high\-performing teams, and ensuring compliance with quality, regulatory, and safety standards. The position is also expected to shape the future service organization in Italy, ensuring alignment with Beckman Coulter's business priorities, customer needs, and long\-term growth objectives.

**In this role, she/he will have the opportunity to:**

* Lead and develop the national Service and Field Applications organization, managing and coaching a team of Field Service Area Managers and Field Application Managers to ensure consistent execution, engagement, and operational excellence across all regions.
* Drive customer satisfaction, service quality, and base business retention, partnering closely with Commercial and Sales leadership to support sustainable growth and strengthen long\-term customer relationships.
* Define and execute the national service strategy, ensuring contractual commitments, operational KPIs, productivity targets, and customer expectations are consistently achieved.
* Build organizational capabilities and technical excellence, developing talent, succession planning, leadership capabilities, and continuous improvement initiatives while fostering a high\-performance, customer\-centric culture.
* Act as a key member of the Italy Leadership Team, influencing business strategy, leading transformational initiatives, optimizing resource allocation, and driving cross\-functional collaboration to deliver a best\-in\-class customer experience.

**The essential requirements of the job include**:

* Bachelor's Degree in Engineering, Chemistry, Biology, Life Sciences, or a related technical/scientific discipline.
* 10\+ years of experience within the Medical Diagnostics, Healthcare, Medical Device, or Life Sciences industry, including significant leadership responsibility in Field Service and/or Field Applications organizations.
* Proven track record in leading managers and geographically dispersed teams, with demonstrated success in driving operational performance, organizational transformation, and talent development.
* Strong leadership, strategic thinking, stakeholder management, and business acumen, with the ability to influence senior leaders and translate service excellence into customer satisfaction and business growth.
* Excellent communication and problem\-solving skills, fluency in English, willingness to travel nationally up to 50% of the time, and a valid driver's license.


Beckman Coulter Diagnostics, a Danaher operating company, offers a broad array of comprehensive, competitive benefit programs that add value to our lives. Whether it’s a health care program or paid time off, our programs contribute to life beyond the job. Check out our benefits at Danaher Benefits Info.


At Beckman Coulter Diagnostics we believe in designing a better, more sustainable workforce. We recognize the benefits of flexible, remote working arrangements for eligible roles and are committed to providing enriching careers, no matter the work arrangement. This position is eligible for a remote work arrangement in which you can work remotely from your home. Additional information about this remote work arrangement will be provided by your interview team. Explore the flexibility and challenge that working for Beckman Coulter Diagnostics can provide.


This role is classified under the applicable as Dirigente CCNL per i Dirigenti di aziende del Terziario, della Distribuzione e dei Servizi, which defines minimum terms, job classification, and baseline progression frameworks. https://www.confcommercio.it/\-/ccnl\-dirigenti\-terziario\-parte\-economica


The expected gross annual salary range for this role is \<87\.000\-135\.000 euros\>, determined based on objective criteria such as experience, skills, and role\-related competencies.


Bonus / Incentive Pay


20% of annual base salary


This job is also eligible for bonus / incentive pay. This is the target earnings as % of base annual salary, subject to objective eligibility criteria and performance conditions as set out in the applicable scheme terms and conditions.


This job is also eligible for a comprehensive package of benefits and specifically \[company car, ticket restaurant, pension Fund Mario Negri \+ Prev.int funds 2% by the Company, medical funds Fasdac\+ Previass, insurance Pastore, training CFMT, Welfare Negri 1500 euros per year]. Details regarding these benefits will be provided separately.


Join our winning team today. Together, we’ll accelerate the real\-life impact of tomorrow’s science and technology. We partner with customers across the globe to help them solve their most complex challenges, architecting solutions that bring the power of science to life.


For more information, visit www.danaher.com.","","https://it.indeed.com/cmp/Beckman-Coulter-Diagnostics","https://d2q79iu7y748jz.cloudfront.net/s/_squarelogo/256x256/9316fef4010d6c58c252f6854c082539","http://www.beckmancoulter.com","Brea, CA","10,000+","$1B to $5B (USD)","Beckman Coulter develops, manufactures and markets products that simplify, automate and innovate complex biomedical testing.","","","","","","","medical information"
"in-b9540a4bc7b88286","indeed","https://it.indeed.com/viewjob?jk=b9540a4bc7b88286","https://jobs.freseniusmedicalcare.com/regional-pmo-commercial-excellence-analyst/job/2906598EDCD0C9B8A93437B730AD907E","Regional PMO & Commercial Excellence Analyst","Fresenius Medical Care","Palazzo Pignano, LOM, IT","2026-09-07","","","","","","",False,"","","","","At Fresenius Medical Care, we are the global leader in kidney care, committed to improving the lives of patients with chronic kidney disease. Guided by our vision — “Creating a future worth living. For patients. Worldwide. Every day.” — we work with purpose and compassion, supported by a global team of over 110,000 employees.


Within our Care Enablement segment, we develop and provide life\-sustaining medical products, health solutions, and therapies that empower clinical teams and improve patient outcomes. Our FME Reignite strategy drives transformation through innovation, efficiency, and sustainable growth.


Our values guide how we work:

* We Care for our patients, each other, and our communities
* We Connect across teams and borders to deliver excellence together
* We Commit to doing things the right way— growing with purpose and leading kidney care with integrity and innovation


Global Commercial, a key sub\-function within Care Enablement, plays a vital role in advancing Fresenius Medical Care’s mission to improve the lives of patients with chronic kidney disease. The team brings together Sales, Marketing, Global Sales Excellence, and Global Technical Operations, working collaboratively to deliver high\-quality medical devices, technical services, and impactful commercial strategies across global markets.


Goal of function: Reporting to the Regional Commercial Excellence lead, the Regional PMO \& Commercial Excellence Analyst is a hybrid, cross\-country role supporting the execution of the regional commercial agenda. Working closely with more senior colleagues, the role provides PMO support to strategic regional and local projects, helps coordinate bottleneck management between countries, corporate Supply Chain, and the Region, and supports the countries in advancing commercial excellence and data analytics. It is an excellent opportunity for a junior professional or a high\-potential graduate to gain broad, cross\-functional, and international exposure.


Your Responsibilities:


1\. PMO – Strategic Project Coordination

* Provide PMO support to strategic regional and local projects, helping to maintain


project plans, trackers, and governance documentation (status reports, RAID logs, action and decision logs)

* Support the preparation of materials for steering committees and project meetings, and


follow up on actions

* Contribute to cross\-functional and cross\-country alignment, helping to keep a single


source of truth across stakeholders

* Where required, support country teams on\-site through travel or temporary


assignments


2\. Bottleneck Management Support – Country / Supply Chain / Region Interface

* Support countries in bottleneck and product\-availability management, helping to


coordinate information flow between countries, corporate Supply Chain, and the Region.

* Help consolidate data on priorities, impacts, and allocation, providing clear and timely


visibility to relevant stakeholders


3\. Commercial Excellence – Data Analytics Support

* Support the countries in adopting commercial excellence tools and advanced


data analytics and processes

* Help develop and maintain dashboards, reports, and performance monitoring tools


(e.g. Power BI, CRM)

* Support the analysis of sales performance, market trends, and business KPIs to


generate actionable insights

* Help promote data quality and the adoption of data\-driven decision\-making across


commercial teams


Your Profile:

* University degree in Business, Economics, Engineering, Data/Information


Management, or a related field

* High\-potential candidate with strong analytical skills and a structured, organized way of


working; some professional experience — particularly in PMO, project coordination, or business/commercial operations — is a plus but not required

* Analytical mindset with an interest in data analysis and business intelligence; familiarity


with Excel and reporting tools (e.g. Power BI, CRM) is an advantage

* Good communication and interpersonal skills, with the ability to collaborate across


functions and cultures

* Able to manage multiple priorities and work to deadlines
* Fluent in English; additional regional languages are a plus
* Willing and able to travel and to undertake temporary assignments of several months


across countries


What We Offer:

* A role with real regional impact, helping to make ever better therapies available to


more and more patients around the world

* Broad exposure across countries, functions, and corporate stakeholders — an


outstanding learning platform and a strong foundation for career growth

* A corporate culture with room for innovative thinking — finding the best solution together
* The benefits of a successful global corporation combined with a collegial, collaborative


Culture


This role starts within a minimum annual gross salary benchmark of €38\.000, in accordance with applicable transparency regulations. The final offer will be determined based on experience, skills, and internal equity.","","https://it.indeed.com/cmp/Fresenius-Medical-Care","https://d2q79iu7y748jz.cloudfront.net/s/_squarelogo/256x256/7e2ea02120b9a07f277555a252e7a7e0","https://www.freseniusmedicalcare.com/en/home","Bad Homburg v. d. Höhe","10,000+","Decline to state","Fresenius Medical Care is the world's largest integrated provider of products and services for individuals undergoing dialysis.","","","","","","","medical information"
"in-b50abb550bff5533","indeed","https://it.indeed.com/viewjob?jk=b50abb550bff5533","https://www.comeet.com/jobs/capslock/59.001/video-editor--motion-designer/F9.27E-BA.409?coref=1.11.p1A_BC19","Video Editor / Motion Designer","CapsLock","LOM, IT","2026-09-10","fulltime","","","","","",True,"","","","","**CapsLock** specializes in providing digital marketing services to businesses facing sales growth challenges. Our services include sales consulting, data analytics, and recruitment support, ensuring efficient and accelerated growth. Founded by industry professionals in IT, design, and data analytics, we address the market need for exclusive, scalable customer acquisition solutions.


At **CapsLock**, we value people, client orientation, quality, continuous improvement, integrity, and strong relationships. Our diverse, global team speaks over 10 languages whose ideas inspire the innovation that runs through everything we do, from unique technology to industry\-leading services and customer experiences.

 **﻿Role overview**

  

The Video Editor / Motion Designer at CapsLock creates and edits high\-performing video content with the primary goal of improving conversion rates. This role sits at the intersection of creative storytelling, motion design, and modern AI tooling — producing advertising videos that convert cold traffic across Facebook, Instagram, TikTok, YouTube, and landing pages.


You'll work closely with the Creative Director, marketers, and copywriters to develop, test, and iterate on video concepts, using AI tools alongside traditional post\-production to accelerate output and raise the quality bar.

 **Responsibilities**

**﻿**

**Video Creation \& Production**

* Develop video ads from concept to final delivery — funnel formats, YouTube, Facebook, and TikTok
* Edit and enhance videos using dialogue, graphics, music, sound design, and visual effects, ensuring logical sequencing and strong storytelling
* Create AI\-generated advertising creative for paid social and landing pages, converting cold traffic into warm leads
* Produce and refine photorealistic human characters in video, with attention to realism in motion, expression, and speech synchronisation
* Enhance video quality through upscaling, smoothness improvements, and post\-processing
* Deliver polished final cuts optimised for advertising performance goals

 **Concept Development \& Pre\-Production**

* Craft clear storylines and narrative structures tailored to platform and audience
* Prepare shoot guides and gather reference materials when collaborating with videographers
* Research and propose multiple creative angles, selecting the best options based on data and research
* Test different formats, calls\-to\-action, and visual approaches

 **AI Tools \& Optimization**

* Research, test, and integrate new AI tools into the production workflow to improve efficiency and output quality
* Experiment with AI\-assisted editing techniques including avatar generation, voice synthesis, and automated post\-production
* Use AI tools to reduce production time without compromising quality

 **Analytics \& Performance**

* Analyse video performance metrics and use insights to optimise creative
* Run A/B tests on formats, hooks, CTAs, and creative elements — monitor and document results promptly
* Build deep product knowledge and apply it to data\-driven creative decisions

 **Collaboration \& Trend Integration**

* Work closely with the Creative Director, copywriters, marketers, and designers to ensure creative alignment
* Track and apply the latest video trends, viral formats, and platform\-specific features
* Document all tasks clearly in ClickUp per team standards

  

Requirements:  

  

**Must\-Have Skills**

* Full post\-production capability: cutting, titling, colour correction, After Effects, sound mixing
* Strong command of video rhythm, pacing, transitions, typography, and sound design
* Skills in improving video quality — sharpness, smoothness, upscaling
* Hands\-on experience creating AI\-generated video from scratch or from references
* Ability to produce realistic human characters in video, including lip\-sync and speech\-to\-movement synchronisation
* Deep enough understanding of video editing to speak the language and spot problems early
* Ability to work from a detailed brief and proactively propose creative solutions
* Comfort collaborating with a Creative Director on iterations and new concepts

 **Technical Skills**

* 2\+ years of experience in video editing, post\-production, or motion design as a primary discipline
* Advanced proficiency in Adobe Premiere Pro and After Effects. **Desktop\-based editing is required — portfolios built on mobile\-only tools such as CapCut will not be considered**
* Experience working within an agency or structured in\-house team, with established workflows and reporting lines
* Working experience with AI video tools: Veo, Higgsfield, Runway, Kling, HeyGen, or similar
* Experience with AI image generation tools: Midjourney, Stable Diffusion, or similar
* Solid understanding of video formats for YouTube, Instagram, TikTok, and Facebook
* Comfortable reviewing performance analytics and iterating based on data
* Upper\-intermediate English (B2\) or higher

 **﻿****Soft Skills**

* Curious to explore new tools, formats, and creative approaches
* Adaptable to shifting priorities and fast\-paced team dynamics
* High execution speed without compromising quality
* Consistent on\-time delivery and strong attention to deadlines
* Strong attention to detail, especially around compliance and brand guidelines
* Critical thinking and a problem\-solving mindset
* Clear, professional communication and team collaboration skills
* Initiative to find solutions even when processes are undefined

 **Why do we deserve your attention?**


Not only do we offer fair and competitive pay, but we also provide perks and benefits that support your well\-being and growth. Here are some of them:

 **Remote Work**


We are a truly remote\-first company. You choose where you feel the most productive and comfortable to make an impact.

 **Paid Time Off**


Work\-life balance matters to us, and we support it with paid time off for rest, personal time, or simply doing what makes you happy.

 **Ongoing Learning**


We believe in curiosity and growth. That’s why we support continuous learning with workshops, online courses, conferences, and certifications.

 **Home Office**


We help you set up your perfect workspace by covering equipment and furniture expenses, so you can do your best work from home.

 **Physical Well\-Being**


From gym memberships and yoga classes to home workout equipment or even a bicycle, we give you the flexibility to stay active your way.

 **Unlimited Sick Days**


Your health matters. Take the time you need to rest and recover \- we’ll be here when you’re ready to return.

 **Medical Coverage**


We support you and your family with reimbursement for medical insurance and health\-related expenses, including dental care and psychological support.

 **Co\-Working Space**


If you sometimes crave a change of scenery or more social interaction, we’ll cover the full cost of a co\-working space.

 **Fun Stuff**


From gaming nights and fitness challenges to annual retreats at world\-class resorts, we make sure there’s never a shortage of fun and connection.","","https://it.indeed.com/cmp/Capslock","","","","","","","","","","","","","medical director"
"li-4436040335","linkedin","https://www.linkedin.com/jobs/view/4436040335","","Compliance & Regulatory Affairs Manager","ReeVo Cloud & Cyber Security","Vimercate, Lombardy, Italy","2026-09-08","","","","","","",False,"","","","","","","https://it.linkedin.com/company/reevo-cloud","","","","","","","","","","","","","CRA monitor"
"li-4465035390","linkedin","https://www.linkedin.com/jobs/view/4465035390","","Medico di Medicina Interna e Oncologia","Italia Hospital S.p.A.","Gravedona ed Uniti, Lombardy, Italy","2026-09-09","","","","","","",False,"","","","","","","https://it.linkedin.com/company/italia-hospital-s-p-a","","","","","","","","","","","","","medical advisor oncology"
"in-ed781246c65a1585","indeed","https://it.indeed.com/viewjob?jk=ed781246c65a1585","https://jsv3.recruitics.com/redirect?rx_cid=3436&rx_jobId=R-01365683&rx_url=https%3A%2F%2Fjobs.thermofisher.com%2Fglobal%2Fen%2Fjob%2FR-01365683%2FSecondary-Packaging-Specialist%3Frx_a%3D0%26rx_c%3D%26rx_ch%3Djobp4p%26rx_group%3D123525%26rx_id%3Df0cffdd1-adfd-11f1-a537-63485f75f075%26rx_job%3DR-01365683%26rx_medium%3Dcpc%26rx_r%3Dnone%26rx_source%3Dindeed%26rx_ts%3D20260912T100417Z%26rx_vp%3Dcpc%26utm_medium%3Dppc%26utm_source%3Drecruitics_indeedorganic","Secondary Packaging Specialist","Thermo Fisher Scientific","Monza, LOM, IT","2026-09-11","fulltime","","","","","",False,"","","","","**Work Schedule**


Standard (Mon\-Fri)**Environmental Conditions**


Office**Job Description**


As part of the Thermo Fisher Scientific team, you’ll discover meaningful work that makes a positive impact on a global scale. Join our colleagues in bringing our Mission to life every single day to enable our customers to make the world healthier, cleaner and safer. We provide our global teams with the resources needed to achieve individual career goals while helping to take science a step beyond by developing solutions for some of the world’s toughest challenges, like protecting the environment, making sure our food is safe or helping find cures for cancer.  

  

DESCRIPTION:  

Join Thermo Fisher Scientific's packaging engineering team and contribute to our mission of making the world healthier, cleaner, and safer. As an Engineer I in Packaging/Labeling, you'll collaborate with cross\-functional teams to develop innovative packaging solutions for our products. You'll work on diverse projects ranging from new package design and validation to process improvement initiatives, while gaining valuable experience in a GMP\-regulated environment. Working with experienced engineers, you'll help ensure our packaging meets the highest quality standards and regulatory requirements while driving cost efficiency and sustainability. This role offers professional growth opportunities within our organization, where you'll develop technical expertise while making meaningful contributions to healthcare and life science products.  

  

REQUIREMENTS:  

* Bachelor's Degree required, no prior experience required
* Preferred Fields of Study: Packaging Engineering or related technical/scientific field
* Strong technical aptitude with ability to read and understand engineering drawings
* Knowledge of packaging materials including glass, PET, HDPE, LDPE, PP, and corrugate
* Proficiency in Microsoft Office suite and packaging\-specific software
* Experience with 3D modeling software (AutoCAD, Solid Works, or similar) preferred
* Understanding of GMP, FDA, ISO, and transportation regulations
* Excellent attention to detail and quality focus
* Strong analytical and problem\-solving abilities
* Effective written and verbal communication skills
* Ability to work collaboratively in cross\-functional teams
* Experience in pharmaceutical, medical device, or biotechnology industry preferred
* Physical ability to lift up to 50 pounds occasionally
* Willingness to work in clean room environments when required
* Must be able to follow standard operating procedures and safety protocols
* Schedule may vary based on business needs","Industrial Manufacturing","https://it.indeed.com/cmp/Thermo-Fisher-Scientific","https://d2q79iu7y748jz.cloudfront.net/s/_squarelogo/256x256/65bd2e4bebb79b1432ac3277ffd57ae7","https://www.thermofisher.com/","168 Third Avenue, Waltham, MA USA 02451","10,000+","more than $10B (USD)","At Thermo Fisher Scientific, our professionals develop critical solutions—and build rewarding careers.","","","","","","","medical communication"
"in-1ae29f54b92857c4","indeed","https://it.indeed.com/viewjob?jk=1ae29f54b92857c4","https://jsv3.recruitics.com/redirect?rx_cid=3436&rx_jobId=R-01367484_1006&rx_url=https%3A%2F%2Fjobs.thermofisher.com%2Fglobal%2Fen%2Fjob%2FR-01367484%2FFSP-Site-Activation-Contracts-Specialist-Middle-East%3Frx_a%3D0%26rx_c%3D%26rx_ch%3Djobp4p%26rx_group%3D123525%26rx_id%3D6dbfea6a-abc4-11f1-8fef-2d58ac68412d%26rx_job%3DR-01367484_1006%26rx_medium%3Dcpc%26rx_r%3Dnone%26rx_source%3Dindeed%26rx_ts%3D20260912T100417Z%26rx_vp%3Dcpc%26utm_medium%3Dppc%26utm_source%3Drecruitics_indeedorganic","FSP Site Activation & Contracts Specialist – Middle East","Thermo Fisher Scientific","Milano, LOM, IT","2026-09-08","fulltime","","","","","",False,"","","","","**Work Schedule**


Standard (Mon\-Fri)**Environmental Conditions**


Office**Job Description**

**FSP Site Activation \& Contracts Specialist – Middle East**

  

Join Us as a FSP Site Activation \& Contracts Specialist – Make an Impact at the Forefront of Innovation  

We have successfully supported the top 50 pharmaceutical companies and more than 750 biotechs, spanning 2,700 clinical trials across 100\+ countries in the last 5 years.

**Role Summary**

  

The Site Activation \& Contracts Specialist is responsible for supporting and managing the end\-to\-end site activation process for assigned clinical study sites across the Middle East.  

The role combines Study Start\-Up (SSU) and Site Contracting responsibilities, coordinating regulatory and Ethics Committee/IRB activities, essential document collection, site contracts and investigator grant budget negotiations to support timely site activation.

  

The Specialist acts as a key point of contact for assigned sites and works closely with internal and external stakeholders to identify and resolve activation barriers, ensuring activities are completed in accordance with applicable regulations, client requirements, study timelines and established processes.

 **Summary of Essential Functions**

  

Site Start\-Up \& Activation  

* Manages assigned sites throughout the end\-to\-end site activation process, from site selection/award through activation readiness.
* Coordinates collection, review and completion of required site start\-up and essential documentation.
* Supports preparation, submission and follow\-up of applicable Ethics Committee/IRB and regulatory documentation, in accordance with country\-specific requirements and agreed study processes.
* Maintains working knowledge of applicable regional and national regulatory requirements, Ethics Committee requirements and country\-specific start\-up processes across assigned Middle East markets.
* Tracks site activation milestones, identifies potential delays and proactively follows up with sites and relevant stakeholders to drive timely completion.
* Ensures required start\-up documentation is complete, accurate and filed/uploaded to the appropriate systems and eTMF within required timelines.
* Supports eTMF quality control and issue resolution, as required.
  

Site Contracts \& Budgets  

* Drafts, executes and processes clinical trial agreements, investigator agreements and other related contractual documents with clinical study sites and Principal Investigators.
* Negotiates investigator grant budgets and contractual terms and conditions within approved client negotiation parameters and established processes.
* Coordinates stakeholder review and escalation of proposed changes falling outside approved negotiation parameters and supports development of recommendations to resolve negotiations.
* Initiates and coordinates follow\-up with sites and internal stakeholders regarding outstanding contractual and budget issues.
* Tracks contractual progress and communicates status, risks and escalations to the appropriate study and contract management stakeholders.
* Tracks recurring negotiation points and provides input to support updates to negotiation parameters and country/site contracting strategies.
* Partners with relevant stakeholders to reduce and/or eliminate regulatory, legal and financial exposure.
  

Site \& Stakeholder Management  

* Develops and maintains effective professional relationships with assigned sites, Principal Investigators and relevant site personnel.
* Serves as a key operational contact for assigned sites during the activation phase, helping coordinate regulatory, Ethics Committee, contracting, budget and documentation activities.
* Collaborates cross\-functionally with Study Start\-Up, Site Contracts, Clinical Operations, Regulatory, Legal, Finance and other relevant functions to progress sites toward activation.
* Proactively identifies site\-specific activation barriers and coordinates appropriate actions and escalations to facilitate resolution.
* Provides clear and timely status updates on assigned sites, including key milestones, risks, dependencies and outstanding actions.
* Works effectively in a matrix environment and manages multiple sites and priorities simultaneously.
 **Role requirements**  

  

Education and Experience  

* Bachelor's degree or equivalent combination of education, training and relevant experience.
* Previous clinical research experience comparable to at least 2 years, preferably within Study Start\-Up, Site Activation, Site Contracts or a related clinical operations function.
* Previous experience supporting clinical trial site activation and/or site contract and budget negotiation strongly preferred.
* Experience working with clinical trial sites in the Middle East is preferred.
* Knowledge of country\-specific regulatory, Ethics Committee and contracting requirements within one or more Middle East countries is highly desirable.
  

Skills and Competencies  

* Effective oral and written communication skills.
* Excellent interpersonal and stakeholder management skills.
* Strong attention to detail and quality of documentation.
* Good negotiation and problem\-solving skills.
* Strong organizational, planning and prioritization skills.
* Ability to manage multiple site activation activities and deadlines concurrently.
* Ability to work independently as well as effectively within cross\-functional and matrix teams.
* Good computer skills and ability to quickly learn relevant clinical trial systems and software.
* Strong English language and grammar skills; Arabic language skills are an advantage.
* Basic understanding of clinical research, medical terminology and clinical trial processes.
* Knowledge of applicable GCP, regional/national regulatory requirements, Ethics Committee requirements and clinical trial contracting principles.
**Compensation**


The estimated annualized pay range for this position in is ر.س.‏200,000\.00–ر.س.‏300,000\.00\.","Industrial Manufacturing","https://it.indeed.com/cmp/Thermo-Fisher-Scientific","https://d2q79iu7y748jz.cloudfront.net/s/_squarelogo/256x256/65bd2e4bebb79b1432ac3277ffd57ae7","https://www.thermofisher.com/","168 Third Avenue, Waltham, MA USA 02451","10,000+","more than $10B (USD)","At Thermo Fisher Scientific, our professionals develop critical solutions—and build rewarding careers.","","","","","","","medical communication"
"li-4464276316","linkedin","https://www.linkedin.com/jobs/view/4464276316","","Biotech QC mRNA Analyst","Thermo Fisher Scientific","Monza, Lombardy, Italy","","","","","","","",False,"","","","","","","https://www.linkedin.com/company/thermo-fisher-scientific","","","","","","","","","","","","","scientific exchange"
"li-4444490928","linkedin","https://www.linkedin.com/jobs/view/4444490928","","Borsa Italiana - Market Access, internship","Euronext","Milan, Lombardy, Italy","2026-09-10","","","","","","",False,"","","","","","","https://www.linkedin.com/company/euronext","","","","","","","","","","","","","RWE"
"in-e84e758a0088da7b","indeed","https://it.indeed.com/viewjob?jk=e84e758a0088da7b","https://inrecruiting.intervieweb.it/annunci.php?l=research-technician-sr-tiget-727167&lang=it&d=indeed&LAC=telethon","Research Technician - SR TIGET","Fondazione Telethon ETS","Milano, LOM, IT","2026-09-09","","","","","","",False,"","","","cantore.alessio@hsr.it","The Institute. SR\-Tiget was created in 1996 as a joint venture between Fondazione Telethon and Ospedale


San Raffaele (OSR), with a mission to conduct cutting\-edge research on gene and cell therapy and translate


its results into therapeutic advances for genetic diseases. The Institute is located on the OSR campus, which


includes a large research hospital, a biomedical research center, a university, and several biotechnology


companies. Over the years, SR\-Tiget has made pioneering contributions to gene and cell therapy, with key


discoveries in vector design, gene transfer and gene\-editing strategies, stem cell biology, and the identity and


mechanisms of action of cells in innate and adaptive immune responses. SR\-Tiget has also built the resources


and framework to translate these advances into novel experimental therapies and has implemented several


successful gene therapy clinical trials, which have already treated \>160 patients and led to the filing and


approval of 3 novel advanced therapy medicines. SR\-Tiget comprises 19 Research Units, 5 Development


Cores, and 2 Clinical Units embedded within the San Raffaele Hospital. With a team of over 300 professionals


from more than 10 countries, the Institute continues to drive scientific innovation and deliver life\-changing


therapies to patients worldwide.

  

  

**Posizione:**
--------------

A Research Technician position is immediately available in the group led by Alessio Cantore at the San


Raffaele Telethon Institute for Gene Therapy (SR\-Tiget), Milan, Italy.


The position. We are looking for a highly motivated Research Technician with experience in mouse


experimentation, cell culture, and molecular biology to join an enthusiastic, dynamic research team


developing in vivo gene therapy for rare genetic diseases. The successful candidate will work in a


multidisciplinary, collaborative research environment with a strong emphasis on developing novel gene and


cell therapy strategies to treat genetic diseases.


Main tasks

* Mouse work (mice handling, in vivo treatments, organ isolation and analysis)
* Cell culture (cell lines, primary cells)
* Molecular biology, biochemistry (PCR, cloning, ELISA, western blots)
* Flow cytometry, histology
* Production of recombinant lentiviral vectors
* Training of new lab members

**Requisiti:**
--------------

Qualifications and skills

* Biomedical degree (Bachelor, Master, or Ph.D.) with at least 1 year of previous lab experience
* Mouse experience
* Cell culture and molecular biology experience
* High accuracy, reliability, precision
* High motivation to work in an international, fast\-paced environment
* Excellent organizational skills
* Friendly, collaborative, proactive mindset
* Good oral and written English skills

**Altre informazioni:**
-----------------------

We offer

* 1\-year renewable fixed\-term contract (assunzione a tempo determinato) with Fondazione Telethon
* Salary commensurate with qualifications and experience: 24\.000\-34\.000 euros gross annual (RAL)
* Opportunity to learn new cutting\-edge advanced techniques
* A dynamic environment and the chance to make an important contribution to the development of


innovative ATMPs


Please submit applications to Alessio Cantore (cantore.alessio@hsr.it), including a CV and the contact


information of 1 or 2 referents. We will begin evaluating applications and conducting interviews immediately


and continue until the position is filled.","","https://it.indeed.com/cmp/Fondazione-Telethon-Ets","","","","","","","","","","","","","clinical development"
"in-1a97779d76b26ebb","indeed","https://it.indeed.com/viewjob?jk=1a97779d76b26ebb","https://jsv3.recruitics.com/redirect?rx_cid=3436&rx_jobId=R-01366838_1002&rx_url=https%3A%2F%2Fjobs.thermofisher.com%2Fglobal%2Fen%2Fjob%2FR-01366838%2FGlobal-Study-Lead-FSP-EMEA%3Frx_a%3D0%26rx_c%3D%26rx_ch%3Djobp4p%26rx_group%3D123525%26rx_id%3Dce050c5e-ad77-11f1-8cea-0fcb751bde56%26rx_job%3DR-01366838_1002%26rx_medium%3Dcpc%26rx_r%3Dnone%26rx_source%3Dindeed%26rx_ts%3D20260912T100417Z%26rx_vp%3Dcpc%26utm_medium%3Dppc%26utm_source%3Drecruitics_indeedorganic","Global Study Lead - FSP EMEA","Thermo Fisher Scientific","Milano, LOM, IT","2026-09-09","fulltime","","","","","",False,"","","","","**Work Schedule**


Standard (Mon\-Fri)**Environmental Conditions**


Office**Job Description**

### **The Opportunity**

  

We are seeking an experienced Global Study Lead (GSL) to provide strategic and operational leadership for complex global clinical studies.

  

This is a senior study leadership position with end\-to\-end accountability for clinical study delivery, from study initiation through to study close\-out and archiving. You will define the operational strategy, lead cross\-functional study teams, and ensure studies are delivered to the required timelines, quality, budget and regulatory standards.

  

As a key member of the Study Leadership Team, you will represent Clinical Operations and work closely with Clinical, Statistics and other cross\-functional partners to drive decisions, manage risk and ensure successful study delivery.

### **Key Responsibilities**

* Lead the operational strategy and end\-to\-end delivery of one or more global clinical studies.
* Own study timelines, budget, quality, risks and key operational deliverables.
* Provide strategic leadership to global, cross\-functional study teams and drive timely decision\-making.
* Represent Clinical Operations within the Study Leadership Team and act as the senior escalation point for operational issues.
* Translate clinical development and asset strategy into clear study\-level operational plans.
* Lead proactive study risk identification, mitigation and issue resolution.
* Ensure robust feasibility, study planning and operational execution.
* Provide strategic operational input into protocols, informed consent forms and other key study documents.
* Oversee CROs and other external vendors, including vendor selection, performance management and escalation where deliverables are at risk.
* Ensure studies remain compliant with ICH\-GCP, applicable regulations, SOPs and inspection\-readiness requirements.
* Lead study financial planning, forecasting and budget management.
* Communicate study progress, risks, decisions and recommendations effectively to senior stakeholders and governance forums.
* Champion innovative approaches to clinical trial delivery, including decentralised trial approaches, technology, automation and AI\-enabled ways of working.
* Contribute to continuous improvement initiatives across Clinical Operations.

### **About You**

  

You will be an accomplished clinical operations professional with significant experience leading complex global clinical studies within the pharmaceutical or biotechnology industry.

  

You will bring:

* A Bachelor's degree in Life Sciences or a related discipline.
* Extensive experience in global clinical study delivery, ideally across multiple phases, indications and geographic regions.
* Proven experience holding end\-to\-end accountability for complex global clinical trials.
* Strong experience leading global cross\-functional teams within a matrix environment.
* Demonstrated ownership of study timelines, budgets, risks, quality and operational strategy.
* Significant experience overseeing CROs and third\-party vendors, including performance management and issue resolution.
* In\-depth knowledge of ICH\-GCP, global regulatory requirements and clinical development processes.
* Strong project and financial management capabilities.
* The ability to influence senior stakeholders and drive decisions in complex, fast\-paced environments.
* Excellent leadership, communication, negotiation and conflict\-management skills.
* Experience proactively identifying and resolving risks that could impact clinical programmes.

### **Highly Desirable**

  

Experience in one or more of the following would be particularly valuable:

* Phase II and/or Phase III global clinical trials.
* Adaptive or other innovative trial designs.
* Decentralised clinical trials (DCTs).
* Platform, umbrella or basket studies.
* Technology\-enabled clinical trial delivery, automation or AI/ML.
* Working with investigators, external experts and regulatory authorities.
* Broad therapeutic\-area experience, combined with deep expertise in one or more indications.

### **What Success Looks Like**


The successful Global Study Lead will be able to set the vision for study delivery, translate strategy into execution and bring diverse stakeholders together around clear priorities. You will be comfortable making complex decisions autonomously, challenging constructively, escalating when required and empowering teams to deliver in demanding global clinical\-development environments.","Industrial Manufacturing","https://it.indeed.com/cmp/Thermo-Fisher-Scientific","https://d2q79iu7y748jz.cloudfront.net/s/_squarelogo/256x256/65bd2e4bebb79b1432ac3277ffd57ae7","https://www.thermofisher.com/","168 Third Avenue, Waltham, MA USA 02451","10,000+","more than $10B (USD)","At Thermo Fisher Scientific, our professionals develop critical solutions—and build rewarding careers.","","","","","","","clinical development"
