"id","site","job_url","job_url_direct","title","company","location","date_posted","job_type","salary_source","interval","min_amount","max_amount","currency","is_remote","job_level","job_function","listing_type","emails","description","company_industry","company_url","company_logo","company_url_direct","company_addresses","company_num_employees","company_revenue","company_description","skills","experience_range","company_rating","company_reviews_count","vacancy_count","work_from_home_type","search_term"
"in-2b110da14b8a0dfd","indeed","https://it.indeed.com/viewjob?jk=2b110da14b8a0dfd","https://commercialcareers.syneoshealth.com/jobs/18270041-regional-msl-manager-neuroscience-europe?tm_job=18502-OTHLOC-CALwYfwz&tm_event=view&tm_company=575","Regional MSL Manager, Neuroscience (Europe)","Syneos Health Commercial Solutions","Milano, LOM, IT","2026-09-22","","","","","","",False,"","","","","**Description**


We are seeking an experienced and scientifically credible Regional MSL Manager to lead and support a team of Medical Science Liaisons across Europe within Neuroscience and Psychiatry.  

This role will focus on leveraging field medical expertise to accelerate clinical trial delivery through investigator engagement, site support, patient identification, enrolment, and retention initiatives for priority neuroscience programmes. The Regional MSL Manager will combine people leadership responsibilities with a strong operational focus, ensuring the field medical team effectively supports clinical development objectives whilst maintaining high\-quality scientific exchange with healthcare professionals and external stakeholders.


Working closely with Medical Affairs, Clinical Development, Clinical Operations, and external study partners, the successful candidate will lead strategies that enhance study site performance, support patient recruitment goals, and generate valuable scientific insights from the field. The individual will remain closely connected to field activities, providing coaching and support to MSLs while driving excellence in trial support, stakeholder engagement, compliance, and execution.  

This position offers an opportunity to lead a high\-performing field medical team while contributing directly to the successful execution of clinical programmes and improved outcomes for patients living with neurological and psychiatric disorders.

**Responsibilities**

* Lead, coach, and develop a team of Medical Science Liaisons across multiple European markets.
* Provide day\-to\-day line management, performance support, field coaching, and professional development for MSL team members.
* Develop and implement regional field medical strategies that support patient identification, enrolment, retention, and overall clinical trial execution.
* Partner closely with Clinical Development, Clinical Operations, and study teams to identify and address barriers to site activation and patient recruitment.
* Ensure MSLs maintain effective territory engagement plans with investigators, research centres, and referral networks to support study objectives.
* Support study feasibility assessments and site identification activities by leveraging scientific expertise and field insights.
* Facilitate compliant scientific engagement with Principal Investigators, study coordinators, healthcare professionals, and research site personnel.
* Accompany MSLs in the field to enhance scientific engagement capabilities and ensure consistent execution of best practices.
* Gather, analyse, and communicate actionable field insights relating to study execution, recruitment challenges, treatment pathways, and investigator needs.
* Work collaboratively with Medical Affairs, Clinical Development, Regulatory, Market Access, and Commercial teams to ensure aligned execution of programme objectives.
* Support clinical study steering committees, investigator meetings, advisory interactions, and other study\-related activities as appropriate.
* Define, monitor, and report key performance indicators related to field medical activities, site engagement, recruitment support, and team effectiveness.
* Support onboarding, training, and capability development programmes for new and existing MSL team members, including clinical trial support competencies.
* Ensure all activities are conducted in full compliance with applicable regulations, industry codes, Good Clinical Practice (GCP), pharmacovigilance requirements, and company policies.

**Requirements:**

* Advanced scientific degree (PharmD, PhD, MD, MBBS, MSc, or equivalent).
* Previous experience as a Medical Science Liaison with demonstrated success in a field medical role.
* Prior line management, team leadership, or mentoring experience within Medical Affairs, Clinical Development, or Field Medical organisations.
* Strong scientific knowledge within Neuroscience, Psychiatry, or related therapeutic areas.
* Experience supporting clinical research, clinical trial execution, site engagement, patient recruitment, or investigator\-sponsored studies.
* Working knowledge of clinical development processes, trial operations, and Good Clinical Practice (GCP).
* Experience collaborating with Clinical Operations, Clinical Development, and cross\-functional study teams.
* Proven ability to engage effectively with healthcare professionals, key opinion leaders, investigators, and research site personnel through scientific exchange.
* Ability to translate field insights into meaningful recommendations that support both Medical Affairs and Clinical Development objectives.
* Strong communication, coaching, leadership, and stakeholder management skills.
* Experience working within complex cross\-functional pharmaceutical or biotechnology environments.
* Solid understanding of compliance, pharmacovigilance, and ethical requirements governing medical activities and clinical research interactions.
* Ability to operate effectively across multiple countries and cultures within a matrix organisation.
* Fluency in English; additional European languages are advantageous.


Willingness to travel extensively across Europe. This role offers the opportunity to shape regional neuroscience strategy, lead diverse international medical teams, and drive scientific excellence across multiple global markets while improving outcomes for patients affected by neurological and psychiatric disorders.


At Syneos Health, we are dedicated to building a diverse, inclusive and authentic workplace. If your past experience doesn’t align perfectly, we encourage you to apply anyway. At times, we will consider transferable skills from previous roles. We also encourage you to join our Talent Network to stay connected to additional career opportunities.

**Why Syneos Health?** Here, the work is challenging, and the pace is exhilarating. By joining one of our commercial teams, you’re empowered to succeed with the support, resources, and autonomy that you need. The diversification and breadth of our new and existing partnerships create a multitude of career paths and employment opportunities. Syneos Health has launched more sales teams in the last 5 years across all major therapeutic areas than the top 25 pharma companies combined. Join our game\-changing, global company dedicated to creating better, smarter, faster ways to get biopharmaceutical therapies to patients. Experience the thrill of knowing that your everyday efforts are contributing to improving patients’ lives around the world.


Work Here Matters Everywhere \| How are you inspired to change lives?

*Syneos Health companies are affirmative action/equal opportunity employers (Minorities/Females/Veterans/Disabled)*

  

400006096","","https://it.indeed.com/cmp/Syneos-Health-Commercial-Solutions","https://d2q79iu7y748jz.cloudfront.net/s/_squarelogo/256x256/072061a964d362f9fb7003d07e5a6cbb","https://www.syneoshealth.com/","Morrisville, NC","10,000+","Decline to state","Join Syneos Health, a game-changing global company that is reinventing the way therapies are developed and commercialized.","","","","","","","medical science liaison"
"li-4442931545","linkedin","https://www.linkedin.com/jobs/view/4442931545","","Senior Medical Director, Italy","Acadia Pharmaceuticals","","2026-09-25","","","","","","",False,"","","","","","","https://www.linkedin.com/company/acadia-pharmaceuticals","","","","","","","","","","","","","medical science liaison"
"li-4471607705","linkedin","https://www.linkedin.com/jobs/view/4471607705","","MSL - Oncologia - Lung - Emilia Romagna, Marche","Johnson & Johnson Innovative Medicine","Milan, Lombardy, Italy","2026-09-24","","","","","","",False,"","","","","","","https://www.linkedin.com/company/jnjinnovativemedicine","","","","","","","","","","","","","medical science liaison"
"li-4431522745","linkedin","https://www.linkedin.com/jobs/view/4431522745","","Field Clinical Specialist TMTT","Edwards Lifesciences","Milan, Lombardy, Italy","2026-09-23","","","","","","",False,"","","","","","","https://www.linkedin.com/company/edwards-lifesciences","","","","","","","","","","","","","medical science liaison"
"li-4460064272","linkedin","https://www.linkedin.com/jobs/view/4460064272","","Sr. Medical Scientific Liaison (Northern) Italy","Acadia Pharmaceuticals","","2026-09-22","","","","","","",False,"","","","","","","https://www.linkedin.com/company/acadia-pharmaceuticals","","","","","","","","","","","","","medical science liaison"
"li-4470161478","linkedin","https://www.linkedin.com/jobs/view/4470161478","","Regional Medical Advisor - Diabetes & Cardiometabolic, Lombardia","Novo Nordisk","Milan, Lombardy, Italy","","","","","","","",False,"","","","","","","https://dk.linkedin.com/company/novo-nordisk","","","","","","","","","","","","","medical science liaison"
"li-4444450322","linkedin","https://www.linkedin.com/jobs/view/4444450322","","MSL Manager - Metabolic Disorder","Sobi - Swedish Orphan Biovitrum AB (publ)","Milan, Lombardy, Italy","","","","","","","",False,"","","","","","","https://se.linkedin.com/company/sobi","","","","","","","","","","","","","medical science liaison"
"li-4426792350","linkedin","https://www.linkedin.com/jobs/view/4426792350","","Vice President, Medical Affairs Rare Diseases","Recordati","Milan, Lombardy, Italy","","","","","","","",False,"","","","","","","https://it.linkedin.com/company/recordati","","","","","","","","","","","","","medical science liaison"
"li-4470113694","linkedin","https://www.linkedin.com/jobs/view/4470113694","","ED/VP Medical Science & Strategy - Oncology","Thermo Fisher Scientific","Milan, Lombardy, Italy","2026-09-25","","","","","","",False,"","","","","","","https://www.linkedin.com/company/thermo-fisher-scientific","","","","","","","","","","","","","medical liaison"
"li-4470298944","linkedin","https://www.linkedin.com/jobs/view/4470298944","","Clinical Specialist Wound Care Italy","Mölnlycke Health Care","Gallarate, Lombardy, Italy","2026-09-22","","","","","","",False,"","","","","","","https://se.linkedin.com/company/molnlyckehealthcare","","","","","","","","","","","","","medical liaison"
"li-4461218020","linkedin","https://www.linkedin.com/jobs/view/4461218020","","Senior Oncology Sales Specialist – Italy","Illumina","Milan, Lombardy, Italy","2026-09-21","","","","","","",False,"","","","","","","https://www.linkedin.com/company/illumina","","","","","","","","","","","","","medical liaison"
"li-4467384989","linkedin","https://www.linkedin.com/jobs/view/4467384989","","Clinical Operations Professionals | CRA, CTA & Clinical Project Management","Adecco","Lombardy, Italy","2026-09-21","","","","","","",False,"","","","","","","https://ch.linkedin.com/company/adecco","","","","","","","","","","","","","medical liaison"
"li-4440155225","linkedin","https://www.linkedin.com/jobs/view/4440155225","","PRODUCT MANAGER MEDICAL DEVICES - SURGICAL WORKFLOW (M/F/D)","Getinge","Milan, Lombardy, Italy","2026-09-24","","","","","","",False,"","","","","","","https://se.linkedin.com/company/getinge","","","","","","","","","","","","","MSL"
"li-4470634259","linkedin","https://www.linkedin.com/jobs/view/4470634259","","Medical Affairs Manager","Johnson & Johnson Innovative Medicine","Milan, Lombardy, Italy","2026-09-22","","","","","","",False,"","","","","","","https://www.linkedin.com/company/jnjinnovativemedicine","","","","","","","","","","","","","MSL"
"in-4f8fbe267d082d4f","indeed","https://it.indeed.com/viewjob?jk=4f8fbe267d082d4f","https://inrec.intervieweb.it/annunci.php?l=regulatory-affairs-specialist-254448&lang=it&d=indeed&LAC=ntw","Regulatory Affairs Specialist","NTWK","Lodi, LOM, IT","2026-09-25","","","","","","",False,"","","","","NTWK, azienda italiana operante nella ricerca e selezione del personale, si occupa di soddisfare le necessità dei clienti offrendo servizi personalizzati.

  

  

**Posizione:**
--------------

Siamo alla ricerca di un/una **Regulatory Affairs Specialist** da inserire nel nostro organico.

  

Il candidato, sotto la supervisione del Direttore Tecnico e QP, si dovrà occupare delle seguenti attività:

* Gestione regolatoria del fascicolo tecnico dei Medical Devices e IVD di cui è titolare Federfarmaco;
* Approvazioni grafiche, notifica agli enti di competenza, richiesta autorizzazione pubblicità, capitolati e contratti fornitori di Dispositivi medici e IVD di cui è titolare/distributore Federfarmaco;
* Interfaccia con le diverse funzioni aziendali per la gestione del ciclo di vita dei prodotti;
* Stesura, revisione ed aggiornamento del MdQ e delle SOP;
* Gestione delle specialità medicinali di Farmakopea S.p.A. per tutto quanto inerente all’area affari regolatori (a titolo esemplificativo e non esaustivo: variazioni, rinnovi, revoche, capitolati e contratti con i fornitori);
* Elaborazione e verifica dei testi da sottomettere e/o approvati dall’Agenzia Italiana del Farmaco relativi alle specialità medicinali Farmakopea;
* Gestione Sunset Clause, pubblicazioni in GU, contatti con fornitori, gestione ordini bollini farmaceutici;
* Mantenimento del modulo 3 CTD e relativa conversione in e\-CTD.

**Requisiti:**
--------------

Requisiti e competenze necessari:

* Laurea in materie scientifiche: farmacia, CTF, chimica o chimica industriale.
* Esperienza di almeno un anno nell’area regolatoria di un’azienda chimico/farmaceutica o in società di consulenza.
* Conoscenza della normativa e dei regolamenti relativi a farmaci, dispositivi medici e parafarmaci.
* Capacità comunicative, di relazione e di lavoro in gruppo.
* Buona conoscenza dell’inglese, soprattutto tecnico.
* Autonomia.

**Altre informazioni:**
-----------------------

Il contratto offerto è a tempo indeterminato.","","https://it.indeed.com/cmp/Ntwk","","","","","","","","","","","","","medical affairs"
"in-820481df08bf2955","indeed","https://it.indeed.com/viewjob?jk=820481df08bf2955","https://joblink.allibo.com/ats4/job-offer.aspx?DM=2308&ID=105948&LN=IT&SG=3&FT=10&MD=1","International Product Manager","Ganassini Corporate","LOM, IT","2026-09-24","","","","","","",False,"","","","","Unisciti a una realtà italiana di eccellenza, innovazione e tradizione!
  
L’Istituto Ganassini di Ricerche Biochimiche, leader internazionale nel settore dermocosmetico, è alla ricerca di un/a International Product Manager per supportare lo sviluppo e la gestione del nostro portafoglio prodotti nei mercati globali, con focus principale sul brand Rilastil e possibilità di collaborare anche sui brand Bioclin e Neoviderm.
  
  

Se sei appassionato/a di marketing internazionale e desideri contribuire al successo di brand riconosciuti a livello mondiale, questa è l’opportunità che fa per te!
  
  

Il ruolo prevede frequenti trasferte internazionali, anche extraeuropee, per supportare lanci, attività formative, visite mercato, meeting con distributori, fiere ed eventi.
  
  

**Principali responsabilità:**  

Supportare la gestione e lo sviluppo del portafoglio prodotti internazionale.
  
Collaborare alla definizione di posizionamento, key messages e materiali di prodotto.
  
Preparare e coordinare i lanci internazionali.
  
Analizzare performance, assortimenti, prezzi, sell\-in e sell\-out nei diversi mercati.
  
Realizzare benchmark e analisi dei principali competitor internazionali.
  
Creare materiali commerciali, formativi e digitali per supportare i mercati.
  
Raccogliere insight e feedback da Business Developer e distributori.
  
Partecipare a visite mercato, meeting con distributori, training, fiere ed eventi internazionali.
  
Collaborare con team interfunzionali (R\&D, Medical Affairs, Regulatory Affairs, Supply Chain, Finance ed Export Business Development).
  
  

**Requisiti:**  

Almeno 1 anno di esperienza in Marketing, Product Marketing, Trade Marketing o ruoli affini.
  
Preferibile background nei settori dermocosmetico, cosmetico, farmaceutico, consumer health o FMCG.
  
Forte interesse per il marketing internazionale e per il prodotto.
  
Disponibilità a frequenti trasferte internazionali, anche extraeuropee.
  
Buone capacità analitiche, organizzative e conoscenza avanzata di Excel e PowerPoint.
  
Proattività, curiosità e orientamento al risultato.
  
Attitudine a lavorare in contesti multiculturali.
  
Laurea in materie scientifiche.
  
Ottima conoscenza della lingua inglese.
  
  

**Requisiti preferenziali:**  

Conoscenza del francese e/o dello spagnolo.
  
Tipologia Contrattuale
  
  

Contratto a tempo indeterminato \- Ral a partire da € 35\.000 \- CCNL Chimico farmaceutico
  
Perché unirti a noi?
  
  

Lavorare all’Istituto Ganassini significa entrare a far parte di una realtà che unisce tradizione e innovazione, con un forte impegno verso la sostenibilità e l’eccellenza scientifica. Ti offriamo l’opportunità di crescere professionalmente in un contesto internazionale, dinamico e motivante.
  
  

Ti aspettiamo!","","https://it.indeed.com/cmp/Ganassini-Corporate","","","","","","","","","","","","","medical affairs"
"in-4fda116d39a383e1","indeed","https://it.indeed.com/viewjob?jk=4fda116d39a383e1","https://jobs.freseniusmedicalcare.com/senior-supplier-quality-expert-cats/job/79D908E992E2F4B0F18EBBB3112FF3FA","Senior Supplier Quality Expert CATS","Fresenius Medical Care","Palazzo Pignano, LOM, IT","2026-09-23","","","","","","",True,"","","","","**Senior Supplier Quality Expert CATS**
=======================================

**Location:** Palazzo Pignano (CR)  

**Work Model:** Onsite

  

At Fresenius Medical Care, we are the global leader in kidney care, committed to improving the lives of patients with chronic kidney disease. Our mission is to deliver high\-quality, innovative products, services, and care across the entire healthcare journey. Guided by our vision—“Creating a future worth living. For patients. Worldwide. Every day.”—we work with purpose and compassion, supported by a global team of over 125,000 employees.

  

Within our Care Enablement segment, we develop and provide life\-sustaining medical products, digital health solutions, and therapies that empower clinical teams and improve patient outcomes. Our FME Reignite strategy drives transformation through innovation, efficiency, and sustainable growth.


Our values guide how we work:

* We Care for our patients, each other, and our communities
* We Connect across teams and borders to deliver excellence together
* We Commit to doing things the right way— growing with purpose and leading kidney care with integrity and innovation

 **Information about plant**


Located in northern Italy, our Palazzo Pignano plant serves as a key center for the production and development of dialysis\-related medical devices. With more than 550 employees, the plant specializes in manufacturing both peritoneal dialysis (PD) disposables and hemodialysis (HD) bloodline components. It combines large\-scale production capabilities with strong R\&D and engineering expertise. By utilizing advanced technologies to ensure the highest standards in dialysis product manufacturing, we’re not only driving innovation — we’re also creating meaningful change for patients worldwide.


Join our passionate team and be part of this global impact!

**The Opportunity**
-------------------


As a **Senior Supplier Quality Expert CATS**, you will play a key role in driving Supplier Quality Management activities in Palazzo Pignano manufacturing site. You will be responsible for ensuring supplier compliance, product quality, and continuous improvement throughout the supply chain, while supporting strategic supplier development and regulatory compliance initiatives.


Working closely with Procurement, Operations, R\&D, Regulatory Affairs, Supplier Engineering, and external suppliers, you will contribute to maintaining the highest quality standards for our medical device manufacturing operations.  



  

**Your Responsibilities**
=========================

**Supplier Quality Management**
-------------------------------

* Lead Supplier Quality Management activities within the Bloodlines division.
* Implement and maintain Supplier Quality Assurance systems in alignment with global FMC policies and procedures.
* Drive supplier qualification, selection, auditing, and continuous development programs.
* Ensure supplier compliance with quality requirements and regulatory standards.
* Support supplier process validation, risk management, and change management activities.
* Assess and approve supplier\-related changes through Change Control processes.

**Supplier Audits \& Compliance**
---------------------------------

* Plan and conduct on\-site and remote supplier audits in accordance with ISO 13485 and applicable regulatory requirements.
* Monitor supplier performance and quality metrics.
* Ensure material and product quality across the entire supply chain.
* Support site and supplier transfer activities.
* Collaborate with Regulatory Affairs and Quality teams to ensure ongoing compliance.

**Quality Systems \& Continuous Improvement**
---------------------------------------------

* Investigate and manage supplier\-related deviations, complaints, and CAPA activities.
* Analyze supplier performance data and develop improvement plans.
* Prepare and present supplier performance reviews and management reports.
* Identify quality risks and implement corrective and preventive actions.
* Promote continuous improvement initiatives and best practices across the supplier network.

**Stakeholder Collaboration**
-----------------------------

* Act as a key quality partner for Procurement, Operations, R\&D, Regulatory Affairs, Supplier Engineering, and manufacturing sites.
* Support SOP deployment and training activities across the assigned plants.
* Provide expert guidance on supplier quality topics and quality management processes.
* Collaborate with suppliers, notified bodies, and regulatory agencies when required.

**Your Profile**
================

* Bachelor's degree in Engineering, Biomedical Engineering, Quality Management, or a related technical field.
* Several years of experience in Quality Management, preferably in Supplier Quality or Supplier Management.
* Experience in supplier qualification, audits, supplier development, and quality system implementation.
* Strong knowledge of supplier quality tools and methodologies.
* Experience working in a regulated environment, preferably within MedTech, pharmaceutical, or healthcare industries.
* Fluent English; German language skills are considered a strong advantage.

**Technical \& Professional Skills**
------------------------------------

* Strong knowledge of GMP requirements and quality management systems.
* Good understanding of ISO 9001, ISO 13485, MDSAP, and applicable regulatory requirements.
* Practical experience with CAPA, 8D, Root Cause Analysis, FMEA, and Change Control processes.
* Experience with process validation in medical device manufacturing.
* Knowledge of manufacturing commodities such as plastics, chemicals, electronics, or injection molding.
* Advanced skills in Excel, SAP, KPI analysis, reporting, and dashboard creation.
* Experience with TrackWise or equivalent Quality Management Systems is preferred.
* Knowledge of Lean, Six Sigma, or Continuous Improvement methodologies is an advantage.
* Project Management experience is highly desirable.

**Personal Competencies**
-------------------------

* Strong analytical mindset and structured problem\-solving approach.
* Excellent communication and stakeholder management skills.
* Ability to influence, moderate discussions, and drive decisions.
* High level of accountability and organizational capability.
* Team\-oriented attitude with strong intercultural awareness.

Ability to work effectively in a global and matrix organization.  
* 

  

**Our Offer for You**
---------------------


There is a lot you can discover at Fresenius Medical Care, regardless in which field you are an expert and how much experience you have \- all dedicated to your professional journey.

  

* Whether in front of or behind the scenes \- you are helping to make ever better medicine available to more and more people around the world
* Individual opportunities for self\-determined career planning and professional development
* A corporate culture in which there is enough room for innovative thinking \- to find the best solution together, not the quickest one
* A large number of committed people with a wide range of skills, talents and experience
* The indicative annual base salary range for this position is between €40\.000 and €46\.000","","https://it.indeed.com/cmp/Fresenius-Medical-Care","https://d2q79iu7y748jz.cloudfront.net/s/_squarelogo/256x256/7e2ea02120b9a07f277555a252e7a7e0","https://Jobs.FreseniusMedicalCare.com","Bad Homburg v. d. Höhe","10,000+","Decline to state","Fresenius Medical Care is the world’s leading provider of products and services for people with kidney disease.","","","","","","","medical affairs"
"in-8627f545254959d3","indeed","https://it.indeed.com/viewjob?jk=8627f545254959d3","https://careers.straumann.com/global/en/job/STGRGLOBAL21569EXTERNALENGLOBAL/Tender-Specialist-Asset-Management-Loans?utm_source=indeed&utm_medium=phenom-feeds","Tender Specialist & Asset Management (Loans)","Straumann Group","Milano, LOM, IT","2026-09-23","fulltime","","","","","",False,"","","","","*La retribuzione annua base prevista per questa posizione è compresa tra EUR 35\.000 e EUR 43\.000\. CCNL applicato: Terziario, Distribuzione e Servizi. Il posizionamento all'interno del range sarà definito in funzione dell'esperienza e delle competenze del/la candidato/a in relazione ai requisiti del ruolo. Eventuali componenti retributive aggiuntive o variabili saranno illustrate nel corso del processo di selezione.*

**Position Summary**  

The Tender Specialist \& Asset Management (Loans) is responsible for managing the complete tender process for public sector customers ensuring compliance with procurement regulations, coordinating internal stakeholders, and maintaining strong relationships with public authorities and government institutions to maximize business opportunities.  

He/she overseese the loans and consignments asset portfolio to ensure product availability, compliance, operational efficiency, and customer satisfaction. This role works closely with Sales, Customer Service, Digital Support and Finance to support business growth and optimize utilization of company\-owned assets. The Tender Specialist is responsible for managing the complete tendering process for public sector customers

**Key Responsibilities**  

**Tender Management**  

* Monitor and identify tender opportunities through public and private procurement platforms.
* Coordinate the preparation, submission, and tracking of tender documents within deadlines.
* Ensure tender submissions comply with legal, regulatory, and company requirements.
* Collaborate with Sales, Marketing, Finance, and Legal teams to gather required information.
* Maintain tender databases, contracts, pricing agreements, and documentation.
* Analyze tender performance, success rates, and competitiveness.
* Support contract implementation and renewal activities.
* Manage customer requests related to pricing agreements and tender obligations.
* Be the internal contact person for any additional request from customers, in order to guarantee will be managed in compliance with legal requirements and tender agreement

**Loans and Consignments Asset Management**  

* Manage the lifecycle of loaned products and equipment, including allocation, tracking, maintenance, and recovery.
* Monitor inventory levels and ensure optimal utilization of loaned assets and consignment stocks.
* Work with Customer service for consignment stocks monitor, inventory and stock optimization
* Ensure accurate asset records within ERP and asset management systems.
* Investigate and resolve discrepancies related to asset location, status, or inventory counts.
* Support periodic asset audits and compliance reviews.
* Prepare utilization and performance reports for management.

**Cross\-Functional Collaboration**  

* Partner with other Operations teams to ensure adequate loans availability.
* Work with Finance to monitor asset depreciation, write\-offs, and budget adherence.
* Support Sales teams with customer requirements and urgent loans requests.
* Maintain strong relationships with healthcare professionals, procurement departments, and external logistics providers.
**Qualifications \& Experience**  

**Education**  

* High school diploma
* Bachelor's degree in Business Administration, Supply Chain Management, Finance, Healthcare Management, or a related field is a plus

**Experience**  

* Experience in tender management, asset management, customer service, logistics, or healthcare/medical device operations.
* Experience working with public procurement processes is preferred.
* Experience managing inventory, equipment, or loaner programs is highly desirable
**Required Skills**  

* Strong project and deadline management skills.
* Excellent organizational and analytical capabilities.
* Attention to detail and high level of accuracy.
* Knowledge of tendering procedures and contract management.
* Proficiency in ERP systems (SAP preferred) and Microsoft Office (especially Excel).
* Ability to manage multiple priorities in a fast\-paced environment.
* Strong communication and stakeholder management skills.
* Problem\-solving mindset and customer\-oriented approach.
* Ability to communicate in English (B1\) highly desirable
**Key Performance Indicators (KPIs)**  

* Tender submission accuracy and on\-time completion rate.
* Tender win rate and contract compliance.
* Loans asset utilization percentage.
* Asset inventory accuracy.
* Loans turnaround time.
* Reduction in lost or overdue assets.
* Customer satisfaction and service levels.
* Compliance with audit and regulatory requirements.
**Reporting Line**  

Reports to: Customer Operations Director  

Key Internal Stakeholders: Sales, Finance, Customer Service, Digital Support, Marketing, Quality \& Regulatory Affairs.  

Key External Stakeholders: Customers, Procurement Departments, Hospitals, Logistics Providers, Service Partners.  

This profile is particularly suitable for medical device and healthcare companies where tender activity and loaner instrument management are critical business processes.


The position requires frequent travel throughout the country (30% of the time or more)

*In Straumann crediamo nel valore unico di ogni persona e promuoviamo un ambiente inclusivo, aperto e rispettoso. Valorizziamo la diversità in tutte le sue forme e garantiamo pari opportunità a tutte e tutti i/le professionisti qualificati/e. Operiamo nel pieno rispetto delle normative vigenti e dei principi della UNI PDR 125:2022, la prassi italiana che supporta le aziende nel promuovere e misurare la parità di genere. I nostri processi di selezione sono equi, trasparenti e privi di discriminazioni, perché il talento cresce dove le persone possono essere sé stesse.*","","https://it.indeed.com/cmp/Straumann-Group","https://d2q79iu7y748jz.cloudfront.net/s/_squarelogo/256x256/d4f507b71e5aab416172bc0704717ef7","https://careers.straumann.com","Basel","5,001 to 10,000","$1B to $5B (USD)","We are Straumann. United for global excellence in dentistry.","","","","","","","medical affairs"
"in-243e5a1418c5b35a","indeed","https://it.indeed.com/viewjob?jk=243e5a1418c5b35a","https://jobs.sanofi.com/job/-/-/2649/45061362752","Medical Affairs Internship","Sanofi","Milano, LOM, IT","2026-09-22","internship","","","","","",False,"","","","","**Medical Affairs Intern**

**Milan, Italy**

 **About the job**


Looking to launch your career at the cutting edge of healthcare? Join Sanofi for a chance to develop with mentoring and guidance from inspirational leaders while helping to make an impact on the lives of countless people worldwide. As Medical Affairs Intern, you’ll be part of a highly specialized team and you’ll learn to manage scientific activities related to ongoing projects in **Medical Affairs** with a special focus on **Oncology \& Oncohematology indications.**

  

We are an innovative global healthcare company with one purpose: to chase the miracles of science to improve people’s lives. We’re also a company where you can flourish and grow your career, with countless opportunities to explore, make connections with people, and stretch the limits of what you thought was possible. Ready to get started?

 **You will be involved in the following activities**

* Contribute to the **implementation of projects** included in the Medical Plan and support the execution of strategic Medical Affairs or Cross Functional initiatives including Marketing, Market Access.
* Support the **collection, review, and analysis** **of scientific literature** to address business and medical information needs.
* Assist in the **preparation or update of scientific presentations**, materials external use and internal communication tools.
* Support the **medical review process** of scientific and promotional materials, ensuring compliance with internal procedures and applicable regulations.
* Actively participate to internal **Medical Affairs brand team**, and **cross\-functional meetings**.
* Become familiar and support the **use of company digital platforms** and systems used for Medical Affairs activities management, document review processes, and compliance\-related workflows.
* Maintain accurate **documentation, activity trackers, repositories, meeting minutes, and project record**s.
* Support the development of **PowerPoint** presentations and other **business reports.**

 **About you**

* Master’s degree in **Medicine, Pharmacy, Biotecnology** or related fields
* Fluent **English** (level B2\+/C1 or higher)
* Good knowledge of **Excel and PowerPoint**
* **Accuracy** and **organizational** skills, **passion for scientific literature** and **teamwork**

 **Why choose us?**

* Bring the miracles of science to life alongside a supportive, future\-focused team.
* Start your career with inspiring mentors who will help you take your first professional steps.
* You will have the possibility to carry out the internship in a hybrid mode.
* We offer an internship lasting 6 months. Competitive monthly compensation and meal vouchers will be provided.

 **\#LI\-Hybrid**

**\#EarlyTalent**

**Pursue Progress. Discover Extraordinary.**

  

Progress doesn’t happen without people – people from different backgrounds, in different locations, doing different roles, all united by one thing: a desire to make miracles happen. You can be one of those people. Chasing change, embracing new ideas and exploring all the opportunities we have to offer. Let’s pursue Progress. And let’s discover Extraordinary together.


At Sanofi, we provide equal opportunities to all regardless of race, color, ancestry, religion, sex, national origin, sexual orientation, age, citizenship, marital status, disability, or gender identity. Watch our ALL IN video and check out our Diversity Equity and Inclusion actions at sanofi.com!","","https://it.indeed.com/cmp/Sanofi","https://d2q79iu7y748jz.cloudfront.net/s/_squarelogo/256x256/ef60cd636bc2be61c6eccfef96801f9b","https://www.sanofi.com/fr","Paris","10,000+","more than $10B (USD)","We chase the miracles of science every single day, pursuing progress to make a real impact on millions of patients around the world. ","","","","","","","medical affairs"
"li-4471801064","linkedin","https://www.linkedin.com/jobs/view/4471801064","","Regulatory Affairs Trainee","Roche","Monza, Lombardy, Italy","2026-09-24","","","","","","",False,"","","","","","","https://ch.linkedin.com/company/roche","","","","","","","","","","","","","medical affairs"
"li-4331270944","linkedin","https://www.linkedin.com/jobs/view/4331270944","","Dermatologist - Medical Director","Medpace","Milan, Lombardy, Italy","2026-09-22","","","","","","",False,"","","","","","","https://www.linkedin.com/company/medpace","","","","","","","","","","","","","medical affairs"
"li-4450565454","linkedin","https://www.linkedin.com/jobs/view/4450565454","","Assistant CRA","Thermo Fisher Scientific","Milan, Lombardy, Italy","2026-09-19","","","","","","",False,"","","","","","","https://www.linkedin.com/company/thermo-fisher-scientific","","","","","","","","","","","","","medical affairs"
"li-4332274670","linkedin","https://www.linkedin.com/jobs/view/4332274670","","Clinical Research Associate","Medpace","Milan, Lombardy, Italy","","","","","","","",False,"","","","","","","https://www.linkedin.com/company/medpace","","","","","","","","","","","","","medical affairs"
"in-c14bb8862a9714b0","indeed","https://it.indeed.com/viewjob?jk=c14bb8862a9714b0","https://tnl2.jometer.com/v2/job?jx=5v7ymbaec9256defb728d2c970fc96525f67aC4AJUBIAAABQ&jz=561wkb3039227d3a746b3341698041e02ed96C4AMABTEAAAQAAAAABSA&source=APPLICANT_SOURCE-3-2017","Global Site Activation Manager, Italy","IQVIA","Milano, LOM, IT","2026-09-25","fulltime","","","","","",True,"","","","","Milan, Italy \| Full time \| Home\-based \| R1571010  
Global Site Activation Manager  


Homebased  


Job Overview  


Lead and manage the strategic, operational, and financial delivery of Site Activation activities across assigned studies and regions. This role is responsible for accelerating site activation to support timely patient enrollment, including Site Identification and Selection, Ethics and Regulatory submissions, and Site Contracting in line with sponsor and company requirements.  


Key Responsibilities  


Provide strategic oversight and project management for global or multi\-regional Site Activation activities.  
Lead start\-up delivery (pre\-award through activation) and lifecycle maintenance in compliance with ICH\-GCP, regulatory requirements, and project timelines.  
Develop and execute the Site Activation Management Plan aligned with study strategy and scope of work.  
Collaborate with internal teams, regions, and external stakeholders to ensure efficient study start\-up execution.  
Oversee regulatory submissions, approvals, contracts, and essential document processes.  
Assess regulatory landscapes and contribute to regulatory intelligence and strategy.  
Identify risks and propose practical solutions to support study delivery and bid processes.  
Ensure accurate tracking, reporting, and maintenance of project systems, timelines, and documentation.  
Support business development, including bid defense and client engagement activities.  
Mentor and coach team members and contribute to continuous improvement initiatives.  
Build and maintain strong client relationships and support customer\-facing activities.  


Qualifications \& Experience  


Bachelor’s degree in Life Sciences or related field.  
Minimum 5\-7 years’ experience in clinical research, including 3\+ years in a leadership role.  
Proven international project experience across multiple regions.  
Strong leadership and project management skills with ability to manage multiple priorities.  
Demonstrated ability to deliver projects on time, within scope, and budget.  
Excellent communication, negotiation, and stakeholder management skills.  
Ability to lead through others and maintain effective cross\-functional relationships.  


Key Competencies  


Strategic thinking and problem\-solving  
Leadership and team development  
Regulatory and clinical trial expertise  
Stakeholder engagement and collaboration  
Quality and compliance focus  


IQVIA is a leading global provider of clinical research services, commercial insights and healthcare intelligence to the life sciences and healthcare industries. We create intelligent connections to accelerate the development and commercialization of innovative medical treatments to help improve patient outcomes and population health worldwide. Learn more at https://jobs.iqvia.com  


IQVIA is committed to integrity in our hiring process and maintains a zero tolerance policy for candidate fraud. All information and credentials submitted in your application must be truthful and complete. Any false statements, misrepresentations, or material omissions during the recruitment process will result in immediate disqualification of your application, or termination of employment if discovered later, in accordance with applicable law. We appreciate your honesty and professionalism.  


The potential base pay range for this role, when annualized, is €53,200\.00 \- €79,800\.00\. The actual base pay offered may vary based on a number of factors including job\-related qualifications such as knowledge, skills, education, and experience; location; and/or schedule (full or part\-time). Dependent on the position offered, incentive plans, bonuses, and/or other forms of compensation may be offered, in addition to a range of health and welfare and/or other benefits.  
Where you'll work  
Home\-based  


You’ll work remotely, with the flexibility to do your best work from home. Supported by collaborative tools and a global team, you’ll stay connected while enjoying the autonomy and balance that comes with a fully remote role.  
Culture  


Culture at IQVIA is built on a shared belief: that when people are empowered with better data, smarter technology and deeper expertise, they can change what’s possible for patients. Across every team and every corner of the globe, you’ll find colleagues who genuinely care — about the mission and about each other. That’s what makes this a place where people tend to stay, grow and do the best work of their careers.","","https://it.indeed.com/cmp/Iqvia","https://d2q79iu7y748jz.cloudfront.net/s/_squarelogo/256x256/03e043400efdf1e7d2f66b4d0a67997e","http://jobs.iqvia.com","Durham, NC","10,000+","more than $10B (USD)","IQVIA (NYSE:IQV) is a leading global provider of advanced analytics, technology solutions and clinical research services to the life sciences industry dedicated to delivering actionable insights.","","","","","","","medical manager"
"in-c919d53578650d54","indeed","https://it.indeed.com/viewjob?jk=c919d53578650d54","https://careers.recordati.com/job/Milano-Head-of-Quality-Systems-and-Risk-Management/1369570055/","Head of Quality Systems and Risk Management","Recordati S.p.A","Milano, LOM, IT","2026-09-25","fulltime","","","","","",True,"","","","","**Head of Quality Systems and Risk Management**
===============================================

ID: 2839
Date of Posting: Sep 25, 2026
Business Area: Quality
Job Type: Direct Employee
On site / Remote / Hybrid: Hybrid
Hub Office:
Milano, IT
Territory:
Full\-Time or Part\-Time: Full Time
Seniority: Mid\-senior
*At Recordati, we are united by a clear purpose: unlocking the full potential of life. With a century of history behind us, we are building the next chapter of our journey, continuing to grow while keeping patients at the centre of all we do.*


*What drives us is a shared belief that health, and the opportunity to live life to the full, should be within reach for everyone. This brings energy to our work, shaping how we support each other and show up every day. Our values – Better Together, Never Settle and Always Deliver – reflect this mindset, helping us to keep improving and make a meaningful difference.*


*Above all, these values bring to life our promise to everyone at Recordati, you can unlock your full potential. We know that people thrive when they can be themselves, are trusted and supported, and are given the opportunity to grow and make a meaningful contribution.*


*Are you ready to unlock your full potential?*


**Job Purpose**
---------------



We are looking for a Manager who provides global leadership and governance of the enterprise Quality Management System (QMS) and Quality Risk Management (QRM) framework across GMP manufacturing, laboratories, supply chain, distribution operations, contract partners and affiliates. This role serves as the corporate process owner for quality systems and ensures compliance, inspection readiness, patient safety, product quality and continuous improvement.

**Key Responsibilities**
------------------------


* Govern global Quality Management System and ensure effectiveness of its quality elements e.g. Deviations, CAPA, Change Control, Complaints and Management Review.
* Drive quality metrics, analytics and system trending.
* Establish standards for APR/PQR processes.
* Lead enterprise Data Integrity strategy and oversight.
* Govern Supplier Quality requirements and performance monitoring.
* Lead inspection readiness programs and support major health authority inspections.
* Establish global risk\-based auding program.
* Support acquisitions, integrations and global harmonization programs.
**Required Education**
----------------------



Bachelor degree in Pharmacy, Chemistry, Engineering, Microbiology or related discipline required. Advanced degree preferred.

**Required Skills and Experience**
----------------------------------


* Minimum 12–15 years of progressive pharmaceutical quality experience including global leadership responsibilities.
* Demonstrated expertise in QMS governance, risk management, compliance, quality culture transformation and cross\-functional leadership within multinational pharmaceutical organizations.
* Enterprise mindset, strategic agility, patient\-centric decision making, courageous leadership, accountability, talent development, stakeholder influence, change leadership, operational excellence, data\-driven decisions, collaboration across cultures, and ability to lead through ambiguity and complexity.
* Success in this role requires strong systems thinking and the ability to understand the interdependencies between quality, manufacturing, supply chain, regulatory, and business objectives.
* The ideal candidate demonstrates exceptional cross\-functional collaboration, building alignment across global stakeholders and external partners.
* Strong analytical problem\-solving, risk\-based decision making, and communication skills are essential to translate complex quality and compliance matters into clear actions and sustainable outcomes.
* Proven project leadership and execution capabilities are critical to drive the effective governance, implementation, and continuous improvement of global Quality Systems and Quality Risk Management processes
**Technical Competencies**
--------------------------


* Expert knowledge of FDA and EU GMP regulations, WHO GMP, ICH Q7, 9, 10 and EU Guidelines on Good Distribution Practice on Medicinal Products for Human Use.
* Familiar with device and combination product requirements as outlined in FDA 21 CFR Parts 4 and 820 and EU Medical Device Regulations.
* Demonstrated success supporting inspections and remediation programs.
**Required Languages**
----------------------



Fluent in English

**Salary**
----------



Gross Annual Salary starting from: 80\.000€  

Please note: The salary indicated in this posting complies with local pay transparency regulations for Italian employment contracts. Final offers will be tailored to the successful candidate's experience, professional expertise, and interview journey, while ensuring internal equity. At Recordati, we are committed to a comprehensive, fair, and competitive remuneration system; a full overview of your total rewards package will be shared and discussed with you during the recruiting process.


*At Recordati we believe in people! Inspired by our purpose \- unlocking the full potential of life \- we are committed to creating a diverse environment and cultivating a culture of inclusion. We strive to continually lead with our values and beliefs, enabling our employees to bring their whole selves to work and develop their potential.*


*We are proud to be an equal opportunity employer. We recruit, develop and reward without regard to, amongst others, gender, sexual orientation, gender identity or expression, national origin, age, physical or mental ability, race, ethnicity, political or religious belief.*


*If you are looking to join a company where you can try new things, speak openly, and be bold, we invite you to apply today.*","","https://it.indeed.com/cmp/Recordati-S.p.a","https://d2q79iu7y748jz.cloudfront.net/s/_squarelogo/256x256/a2c578a547380a1163c00ca20b421075","https://www.recordati.it/","","","","","","","","","","","medical manager"
"in-26769a0c99ae9822","indeed","https://it.indeed.com/viewjob?jk=26769a0c99ae9822","https://medtronic.wd1.myworkdayjobs.com/en-US/MedtronicCareers/job/Milano-Lombardia-Italy/Therapy-Development-Manager---Aortic-Western-Europe_R72964-2","Therapy Development Manager - Aortic Western Europe","Medtronic","Milano, LOM, IT","2026-09-24","fulltime","","","","","",False,"","","","AskHR@medtronic.com","Careers that change lives start here. Medtronic is a global leader in healthcare technology with a Mission to alleviate pain, restore health, and extend life. Our 95,000 employees work across more than 150 countries to put patients first — developing innovative medical technologies that improve the lives of 72\+ million patients each year. Your unique talents will help shape the future of healthcare while building a career grounded in purpose, growth, and impact.


**A Day in the Life**
=====================

We operate as global portfolio owners for products and services, connecting strategy, operations, and the field to deliver effective launches, market expansions, and business impact.
  

  

We are seeking a driven, market\-oriented Therapy Development Manager to accelerate adoption of aortic therapies and unlock new growth opportunities across priority segments and countries in Western Europe. The role translates strategy into practical, field\-ready programs and leads execution with regional, global, cross\-functional, and external partners.
**Responsibilities may include the following and other duties may be assigned:**

* Therapy Development \& Market Growth
* Analyze market trends, customer needs, and competitive dynamics to identify growth opportunities.
* Identify and develop growth opportunities across therapies, segments, and markets.
* Build and execute market development plans and strategic initiatives aligned with regional and global priorities.
* Digital Solutions Development
* Lead the planning and execution of Digital Solutions initiatives across Western Europe.
* Partner with regional and global stakeholders to drive adoption, implementation, and business impact.
* Launch Planning \& Execution
* Lead product launch planning and readiness activities for Western Europe.
* Coordinate cross\-functional teams to ensure aligned and successful launch execution.

**Required Knowledge and Experience:**

* Bachelor's degree and 5\+ years of experience in marketing, commercial, business development, or related roles.
* Proven ability to lead cross\-functional initiatives, translate strategy into execution, and influence stakeholders in a matrix organization.
* Strong analytical skills and ability to leverage data for decision\-making.
* Excellent communication, stakeholder management, and influencing skills.
Fluency in English.  
* 

  

For this role, we would like you to have experience in the medical device or healthcare industry, with aortic or vascular experience being preferred. Experience in new market creation and product launches would also be highly valued. We are looking for someone who combines strong strategic thinking with a hands\-on approach to execution and a clear focus on delivering results. Given the dynamic nature of the role, you should also be comfortable working in a fast\-paced and evolving environment, with the ability to adapt quickly to changing priorities.  



**Physical Job Requirements**  

  

The above statements are intended to describe the general nature and level of work being performed by employees assigned to this position, but they are not an exhaustive list of all the required responsibilities and skills of this position.
‌
‌  



**Recruitment Fraud Alert**

We are aware of phishing scams targeting job seekers. Please keep the following in mind:  



  

Apply only through official Medtronic channels. All legitimate Medtronic recruiting communications come from approved Medtronic platforms and official @medtronic.com email addresses.  



  

Medtronic will never ask for payment or sensitive personal information (such as bank account or Social Security details) during early stages of the hiring process. Any such requests are not legitimate.  



  

If you receive a suspicious message claiming to be from Medtronic, do not respond, click links, or open attachments.  



  

If you have any questions, concerns regarding the authenticity of a communication alleged to have been made by or on behalf of Medtronic, please contact us immediately at AskHR@medtronic.com .


**Benefits \& Compensation**
============================

**Medtronic offers a competitive Salary and flexible Benefits Package**  

A commitment to our employees lives at the core of our values. We recognize their contributions. They share in the success they help to create. We offer a wide range of benefits, resources, and competitive compensation plans designed to support you at every career and life stage.  

  



Pay range / Rango salarial / Intervalo salarial /Fascia retributiva / Tranche de salaire / Gehaltsband / Salaribereik: France: 74,400\.00 EUR \- 111,600\.00 EUR \| Germany: 90,400\.00 EUR \- 135,600\.00 EUR \| Italy: 67,200\.00 EUR \- 100,800\.00 EUR \| Netherlands: 87,600\.00 EUR \- 131,400\.00 EUR \| Spain: 68,400\.00 EUR \- 102,600\.00 EUR \| United Kingdom: 70,000\.00 GBP \- 105,000\.00 GBP \|","","https://it.indeed.com/cmp/Medtronic","https://d2q79iu7y748jz.cloudfront.net/s/_squarelogo/256x256/78828b704431b1c10caa524c081f9932","http://www.medtronic.com/","","10,000+","more than $10B (USD)","CAREERS THAT CHANGE LIVES Do meaningful work, make a difference, and improve lives.","","","","","","","medical manager"
"in-8555e58ebf4db77c","indeed","https://it.indeed.com/viewjob?jk=8555e58ebf4db77c","https://flextronics.wd1.myworkdayjobs.com/en-US/Careers/job/Italy-Milano/Software-Quality-Engineer_WD230181","Software Quality Engineer- Internship","Flex","Milano, LOM, IT","2026-09-23","fulltime","","","","","",False,"","","","accessibility@flex.com","Flex is the diversified manufacturing partner of choice that helps market\-leading brands design, build and deliver innovative products that improve the world.


A career at Flex offers the opportunity to make a difference and invest in your growth in a respectful, inclusive, and collaborative environment. If you are excited about a role but don't meet every bullet point, we encourage you to apply and join us to create the extraordinary.


**Job Summary**
---------------

\&\#xa;\&\#xa;
The SW Quality Engineer will work as Quality Engineer on embedded firmware and software testing and will be responsible for formal software verification of new medical devices. He will report to the Software Quality Manager and will be part of an international cross\-functional team that includes a project manager, system architect, HW and SW designers, product quality assurance and manufacturing operations.  



**What a typical day looks like**

* Ensure quality of SW and FW for products under development
* Participate in ethical hacker/penetration tester activities
* Perform software risk analysis for medical products
* Perform threat modeling and cybersecurity risk assessment for medical products
* Prepare or review Software Bill of Materials
* Development of test cases and execution of testing on software/firmware deliveries
* Writing verification documentation (test plans, test protocols, reports)
* Issue tracking
* Introducing new technologies to improve verification activities (automatic regression testing, build automation, stress test)
* Interface with customers as quality engineer reference for software/firmware activities
* Working together with the development team (hardware, software, firmware)
Work in an international environment  
* 

**Here is some of what you’ll need:** 

* Graduate in Computer Science, Electrical Engineering or equivalent (MS degree) with interest in Cyber Security topics. Knowledge of:
* Product cybersecurity: threat modeling, cybersecurity risk management, security requirements definition, cybersecurity testing, vulnerability management
* Intermediate experience on software and firmware development
* Build, release and configuration management
* Source revision control
* Software verification process
Fluent in English and Italian.  
* 

**Here are a few of our preferred experiences:**

* Performing cybersecurity risk management, cybersecurity and/or automated software verification testing activities
Healthcare\-related regulatory framework (such as ISO 13485, IEC 62304, IEC 81001\-5\-1, ANSI/AAMI TIR57\) or product cybersecurity\-related regulatory framework (such as IEC 62443 series, ISO 27001 series, NIST SP 800\-53\)  
* 

**What you’ll get for the great work you provide:**

* 6 month Internship program (plus 6 month renewable.
* An International dynamic environment.
* Possibility to take part in the full project life cycle from initial design to mass production.
* Work with leading companies in their industrial segments.

The starting pay level offered for this intern role is 1000 EUR per month plus daily lunch vouchers 8 Euro/each.


EB05  



**Job Category**
----------------

Design, Process \& Technology Engineering
Required Skills:


Optional Skills:


Flex is an Equal Opportunity Employer and employment selection decisions are based on merit, qualifications, and abilities. We do not discriminate based on: age, race, religion, color, sex, national origin, marital status, sexual orientation, gender identity, veteran status, disability, pregnancy status, or any other status protected by law. We're happy to provide reasonable accommodations to those with a disability for assistance in the application process. Please email accessibility@flex.com and we'll discuss your specific situation and next steps (NOTE: this email does not accept or consider resumes or applications. This is only for disability assistance. To be considered for a position at Flex, you must complete the application process first).","","https://it.indeed.com/cmp/Flex","https://d2q79iu7y748jz.cloudfront.net/s/_squarelogo/256x256/a267757b20746690b2a70fea504284bc","http://www.flex.com","Austin, TX","10,000+","more than $10B (USD)","Our purpose: Make great products for our customers that create value and improve people's lives.","","","","","","","medical manager"
"in-72611e0d7f2855eb","indeed","https://it.indeed.com/viewjob?jk=72611e0d7f2855eb","https://careers.regeneron.com/en/jobs/r50790/senior-manager-marketing-rare-diseases-europe/","Senior Manager Marketing, Rare Diseases Europe","Regeneron","Milano, LOM, IT","2026-09-23","","","","","","",False,"","","","","**Build our future together:**



At Regeneron, we use science and innovation to develop life\-changing medicines for people with serious diseases. We are seeking a Senior Manager Marketing Rare Disease Europe \& UK to join our Global Rare Disease team, supporting our European and UK business in a hybrid work model. In this role, you will shape and execute regional brand strategy, deliver omnichannel marketing campaigns, and drive cross\-functional initiatives that translate strategy into impactful country\-level execution while collaborating with commercial, medical, market access, regulatory, compliance, and country teams.

  

### **When \& where:**



Location: Multiple locations available



Munich, Germany / Paris, France / Dublin, Ireland / Milan, Italy / Amsterdam, The Netherlands



Work Model: Hybrid

 **Discover your role:**


* Co\-lead European brand planning, including situation analysis, positioning, messaging, and annual tactical planning to translate global strategy into regional and local execution.
* Lead the design, delivery, and optimization of omnichannel healthcare professional campaigns, including approved email, e\-detailing, web, digital media, and congress\-linked activities.
* Direct the development of promotional and disease education materials through approval, coordinating MLR routing, review cycles, version control, localisation, and compliance requirements.
* Manage creative, digital, media, and congress agencies, including scopes of work, budgets, timelines, and performance reviews.
* Partner with Commercial Operations and Strategic Customer Engagement teams to deliver field\-ready tools and define CRM configuration and targeting requirements.
* Own commercial training programs, including disease\-area, product, competitive, onboarding, launch, and sales meeting content in partnership with field leadership and training teams.
* Co\-lead European and international congress strategy and execution, including objectives, content planning, speaker logistics, digital amplification, and compliance oversight.
* Thrive in a highly autonomous environment, building alignment across cross\-functional teams and balancing competing priorities to deliver a unified marketing plan.

  

### **This role requires:**


* Bachelor’s degree in life sciences, business, or marketing, or equivalent experience; advanced degree or MBA is an advantage, and 8\-10\+ years of progressive commercial experience within the pharmaceutical or biotech industry, including 3\+ years in a product, brand, or marketing role.
* Proven multi\-country or regional European marketing experience.
* Experience in product launch, product management, and/or campaign execution within the pharmaceutical industry, ideally in a major European market.
* Experience designing and executing omnichannel marketing campaigns.
* Launch experience in a rare disease or specialty setting is preferred.
* Solid understanding of the EFPIA Code and/or applicable national industry codes is preferred.
* Prior field sales or sales\-facing experience is preferred.

  


Does this sound like you? Apply now to take your first step towards living the Regeneron Way! We are committed to building a workplace with an inclusive culture. Regeneron is an equal opportunity employer and all qualified applicants will receive consideration for employment without regard to race, color, religion or belief (or lack thereof), sex, sexual orientation, gender identity or expression, gender reassignment, marital or civil partnership status, civil status, pregnancy or parental status, age, disability, nationality, citizenship status, ethnic or national origin, membership of the Traveler community, familial status, genetic information, military or veteran status, or any other characteristic protected under applicable law. Where required, we will provide reasonable accommodation to applicants with known disabilities or chronic illnesses during the recruitment process, unless such accommodation would impose undue hardship.



Where necessary, we disclose salary ranges for roles in all countries in which we operate. The final offer will be determined within the relevant range based on the country of employment, specific role level, and your skills and experience. In some countries, collective bargaining agreements (CBAs) may apply and influence certain elements of pay or benefits. Regeneron offers a competitive and comprehensive total rewards package which may include, depending on country and role: annual bonuses or other incentive plans, equity awards, pension or retirement benefits, 401(k) company match, health and wellness programs, fitness centers, insurance benefits (e.g. medical, dental, vision, life and disability), paid time off, and family support benefits. For additional information about Regeneron benefits in the U.S., please visit https://careers.regeneron.com/en/working\-at\-regeneron/total\-rewards/. For other locations, additional information will be provided during the recruitment process. If you have any questions, please speak with your recruiter.  



  

Please be advised that at Regeneron, we believe we do our best work when we are together. For that reason, many roles are required to be performed on‑site. Please speak with your recruiter and hiring manager for more information about on‑site expectations for your role and location.

  

As part of the recruitment process, certain background checks may be conducted in accordance with the laws of the country where the position is based. The purpose of such checks is to verify certain information prior to the commencement of employment such as identity, right to work and educational qualifications.

  

For jobs in Canada: this posting is for an existing position.

 **Salary Range (annually)**


€67,425\.00 \- €112,375\.00","","https://it.indeed.com/cmp/Regeneron","https://d2q79iu7y748jz.cloudfront.net/s/_squarelogo/256x256/3e50b41e037bd1264aa6a05ee71f6d5e","http://www.regeneron.com","Tarrytown, NY","10,000+","$5B to $10B (USD)","Regeneron (NASDAQ: REGN) is a leading science and technology company delivering life-transforming medicines for serious diseases.","","","","","","","medical manager"
"in-297ff17a5a46c690","indeed","https://it.indeed.com/viewjob?jk=297ff17a5a46c690","https://jobs.danaher.com/global/en/job/DANAGLOBALR1316952EXTERNALENGLOBAL/Technical-Support-Specialist-Systems?utm_source=indeed&utm_medium=phenom-feeds","Technical Support Specialist – Systems","Cepheid","Cassina de' Pecchi, LOM, IT","2026-09-23","fulltime","","","","","",True,"","","","","**Bring more to life.**

  

Are you ready to accelerate your potential and make a real difference within life sciences, diagnostics and biotechnology?

  

At Cepheid, one of Danaher’s 15\+ operating companies, our work saves lives—and we’re all united by a shared commitment to innovate for tangible impact.

  

You’ll thrive in a culture of belonging where you and your unique viewpoint matter. And by harnessing Danaher’s system of continuous improvement, you help turn ideas into impact – innovating at the speed of life.

  

At Cepheid, we are passionate about improving health care through fast, accurate, molecular diagnostic systems and tests. As a member of our team, you’ll get to make an immediate, measurable impact on a global scale, within an environment that fosters career growth and development. Our mission drives us to develop groundbreaking solutions for the world’s most complex health challenges. Together, we bring MORE change to the world.


Learn about the Danaher Business System which makes everything possible.

  

The ***Technical Support Specialist – Systems*** is responsible providing advanced product support to customers (and internal teams) who require assistance with **Cepheid’s molecular diagnostics instruments products**, ensuring timely resolution of complex instrumentation, software and hardware\-related technical issues that directly impact **customer satisfaction and patient outcomes**.

  

This position reports to the Customer Care Manager of Italy/Portugal and is part of the Technical Customer Support team, located in South Europe and will be fully remote.

 **In this role, you will have the opportunity to:**

* Provide expert technical support via phone, email, and web for instrumentation systems (hardware, software, connectivity) and troubleshooting complex issues to ensure timely resolution of customer cases and continuity of patient testing.
* Engage customers to collect and document detailed information about instrument\-related complaints, performing in\-depth root cause analysis and replicating issues when possible to identify effective solutions.
* Conduct advanced data analysis and systematic troubleshooting, applying a deep understanding of instrument hardware, software, and network connectivity to pinpoint causes of failures and resolve technical problems.
* Investigate and resolve customer technical issues spanning instrument functionality, prioritizing critical cases to restore system uptime for customers and patients, while providing support remotely and through on\-site customer visits as needed to troubleshoot complex issues and assist customers directly.
* Contribute to team learning and continuous improvement by sharing your expertise across systems, supporting knowledge base updates, mentoring less\-experienced Technical Support colleagues, and assisting with training to improve overall team capability.

 **The essential requirements of the job include**

* Bachelor’s degree (or equivalent experience) in Engineering, Electronics, Biomedical\-engineering, Life Sciences, Clinical Laboratory Science, Laboratory Technician or a related field, with multiple years of relevant experience in technical support of medical devices, diagnostic instrumentation, laboratory systems, or a clinical laboratory environment.
* 2\-3 years experience in health care / biomedical /handling Medical Devices in the region and Knowledge of diagnostic market
* Familiarity with molecular diagnostics and laboratory workflows in clinical or research settings.
* Demonstrated expertise in troubleshooting complex hardware/software issues of laboratory instruments (e.g. mechanical, electronic, firmware) in a regulated medical device or diagnostics environment.
* Proficiency with computer systems and networking (e.g. Windows OS, LIS integration, basic networking protocols) used in laboratory or hospital settings

 **Travel, Motor Vehicle Record \& Physical/Environment Requirements:**

  

* Ability to travel 15%, in Europe, occasionally outside Europe

 **It would be a plus if you also possess previous experience in:**

  

* Working with customer relationship management (CRM) or complaint handling systems (e.g. Salesforce.com or similar tools) for technical support case management

  

Cepheid, a Danaher operating company, offers a broad array of comprehensive, competitive benefit programs that add value to our lives. Whether it’s a health care program or paid time off, our programs contribute to life beyond the job. Check out our benefits at Danaher Benefits Info.

  

At Cepheid we believe in designing a better, more sustainable workforce. We recognize the benefits of flexible, remote working arrangements for eligible roles and are committed to providing enriching careers, no matter the work arrangement. This position is eligible for a remote work arrangement in which you can work remotely from your home. Additional information about this remote work arrangement will be provided by your interview team. Explore the flexibility and challenge that working for Cepheid can provide.

  

Base salary and level of employment  

  

This role is classified under the applicable CCNL (Comercio) as 1 Livello, which defines minimum terms, job classification, and baseline progression frameworks. The expected gross annual salary range for this role is \<40\.900 \- 55\.500 euros\>, determined based on objective criteria such as experience, skills, and role\-related competencies.  

  

Bonus / Incentive Pay  

  

10% of annual base salary  

  

This job is also eligible for bonus / incentive pay. This is the target earnings as % of base annual salary, subject to objective eligibility criteria and performance conditions as set out in the applicable scheme terms and conditions.  

  

This job is also eligible for a comprehensive package of benefits and specifically: 8€ meal voucher per day worked, mandatory national insurance (Fondo Est), supplementary health insurance (Previass II) with full coverage for the employee and their family members, Internet reimbursement, Home Office and IT peripherals reimbursement. Details regarding these benefits will be provided separately.

  

Join our winning team today. Together, we’ll accelerate the real\-life impact of tomorrow’s science and technology. We partner with customers across the globe to help them solve their most complex challenges, architecting solutions that bring the power of science to life.


For more information, visit www.danaher.com

  

Join our winning team today. Together, we’ll accelerate the real\-life impact of tomorrow’s science and technology. We partner with customers across the globe to help them solve their most complex challenges, architecting solutions that bring the power of science to life.


For more information, visit www.danaher.com.","","https://it.indeed.com/cmp/Cepheid","https://d2q79iu7y748jz.cloudfront.net/s/_squarelogo/256x256/e53780ed9b74bdf73212bc0b219ee8cc","http://www.cepheid.com","Sunnyvale, CA","5,001 to 10,000","$1B to $5B (USD)","Our mission is to deliver a better way to improve patient outcomes by enabling access to molecular diagnostic testing everywhere.","","","","","","","medical manager"
"in-e539b7e1c3a0a384","indeed","https://it.indeed.com/viewjob?jk=e539b7e1c3a0a384","https://tnl2.jometer.com/v2/job?jx=5v7yme9fee614c8b32a3d1230ad0c4dea4585C4AJUBIAAABQ&jz=561wkd770a9df2aeacb58676d15f9c5f1d0e5C4AMABTEAAAQAAAAABSA&source=APPLICANT_SOURCE-3-2017","Line Manager for Clinical Project Management","IQVIA","Milano, LOM, IT","2026-09-23","fulltime","","","","","",True,"","","","","Milan, Italy \| Full time \| Home\-based \| R1569997  
About the role  


Are you an experienced Clinical Project Manager who enjoys developing others, building strong teams, and helping colleagues succeed?  


We are looking for a CPM Line Manager to join our cFSP team and provide leadership, coaching, and functional oversight to an assigned group of Clinical Project Managers.  


This opportunity could suit an established people manager, but previous formal line management experience is not essential for the right candidate. We are also keen to hear from high\-performing Senior or Lead Clinical Project Managers who have demonstrated leadership through mentoring, coaching, study team oversight, stakeholder management, or similar responsibilities and are ready to take the next step in their career.  


The successful candidate will combine a strong clinical project management background with excellent communication and stakeholder management skills, a collaborative leadership style, and a genuine passion for developing people.  


Experience leading global clinical studies within a sponsor\-dedicated/FSP model, CRO, or large pharmaceutical environment will be particularly relevant to this opportunity.  


What you will be doing  


As a CPM Line Manager, you will provide dedicated line management, leadership, coaching, and functional oversight to an assigned team of Clinical Project Managers within the cFSP model.  


Your responsibilities will include:  


Conducting regular 1:1 meetings with direct reports, providing coaching, performance feedback, career development support, and oversight of project responsibilities.  
Setting clear performance expectations and objectives and supporting ongoing performance management.  
Coaching and mentoring team members to support their professional growth, leadership development, and longer\-term career progression.  
Leading the onboarding, training, and integration of newly hired CPMs into the cFSP model.  
Completing and reviewing competency assessments and individual development plans with direct reports.  
Monitoring team performance, engagement, workload, training completion, and development needs.  
Supporting employee engagement initiatives and contributing to action planning based on employee feedback.  
Ensuring CPMs understand their responsibilities within the client\-led work package and product delivery model, including appropriate communication, escalation, and adherence to required standards.  
Ensuring work is conducted in accordance with applicable processes, policies, procedures, quality standards, SOPs, and regulatory requirements.  
Reviewing resource allocation and workload across the CPM team and partnering with leadership on capacity planning, succession planning, and backfill activities.  
Producing and presenting team status reports, resource summaries, and operational updates for functional and senior leadership.  
Supporting direct reports with expectations relating to resource management, time reporting, compliance, training, and operational discipline.  
Partnering with functional leadership, client stakeholders, and operational teams to support effective resource management and clear ways of working.  
Driving continuous improvement activities and encouraging the sharing of best practices across the CPM team.  
Representing the CPM line management function during internal meetings, governance discussions, talent reviews, and client\-facing forums as required.  
Supporting recruitment, interviewing, onboarding, and workforce planning activities for the CPM function.  
Serving as an escalation point for team members and providing guidance on people\-related, operational, and resource management challenges.  
Promoting a culture of accountability, collaboration, inclusion, engagement, and continuous development across the team.  
Participating in functional, organizational, and client\-driven initiatives supporting talent development, resource management, and strategic business objectives.  


What we are looking for  


We are looking for someone with strong clinical project management experience who can demonstrate both successful project delivery and the ability to lead, influence, and develop others.  


You will ideally bring:  


A Bachelor's degree in life sciences or a related field, or an equivalent combination of education, training, and relevant experience.  
At least 5 years of clinical research experience, including minimum 3 years of leadership experience.  
Strong clinical project management experience, ideally including responsibility for global studies.  
Experience within a sponsor\-dedicated/FSP model, CRO, or large pharmaceutical environment.  
Previous formal people management experience is valuable, but not essential. Leadership experience gained through mentoring, coaching, study team oversight, or similar responsibilities will also be considered.  
A strong understanding of clinical trial conduct and applicable clinical research regulatory requirements, including ICH\-GCP and relevant local regulations and guidelines.  
A proven ability to deliver projects successfully against quality and timeline expectations.  
Strong stakeholder engagement and relationship management skills, including the ability to work effectively with clients, colleagues, and senior stakeholders.  
Excellent communication and interpersonal skills.  
Strong coaching, influencing, negotiation, judgment, and decision\-making capabilities.  
Good problem\-solving skills and the ability to proactively identify and address performance or operational challenges.  
The ability to establish effective working relationships across functions and geographies, with awareness and understanding of cultural differences.  
A collaborative and inclusive leadership style with a genuine interest in supporting the development and success of others.  
Strong organizational and computer skills, including MS Office applications.  


Above all, we are interested in individuals who demonstrate leadership potential, strong stakeholder engagement, sound operational judgment, and a proven track record of successful clinical project delivery.  


Ready for your next step?  


If you are already an experienced people manager, or an accomplished Clinical Project Manager who has naturally taken on leadership, mentoring, or coaching responsibilities and is now ready to move into formal line management, we would love to hear from you.  


This is an opportunity to combine your clinical project management expertise with people leadership, helping a team of CPMs grow, perform, and succeed while contributing to the continued development of our cFSP partnership.  


Apply today and take the next step in your leadership journey with IQVIA.  


IQVIA is a leading global provider of clinical research services, commercial insights and healthcare intelligence to the life sciences and healthcare industries. We create intelligent connections to accelerate the development and commercialization of innovative medical treatments to help improve patient outcomes and population health worldwide. Learn more at https://jobs.iqvia.com  


IQVIA is committed to integrity in our hiring process and maintains a zero tolerance policy for candidate fraud. All information and credentials submitted in your application must be truthful and complete. Any false statements, misrepresentations, or material omissions during the recruitment process will result in immediate disqualification of your application, or termination of employment if discovered later, in accordance with applicable law. We appreciate your honesty and professionalism.  


Where you'll work  
Home\-based  


You’ll work remotely, with the flexibility to do your best work from home. Supported by collaborative tools and a global team, you’ll stay connected while enjoying the autonomy and balance that comes with a fully remote role.  
Culture  


Culture at IQVIA is built on a shared belief: that when people are empowered with better data, smarter technology and deeper expertise, they can change what’s possible for patients. Across every team and every corner of the globe, you’ll find colleagues who genuinely care — about the mission and about each other. That’s what makes this a place where people tend to stay, grow and do the best work of their careers.","","https://it.indeed.com/cmp/Iqvia","https://d2q79iu7y748jz.cloudfront.net/s/_squarelogo/256x256/03e043400efdf1e7d2f66b4d0a67997e","http://jobs.iqvia.com","Durham, NC","10,000+","more than $10B (USD)","IQVIA (NYSE:IQV) is a leading global provider of advanced analytics, technology solutions and clinical research services to the life sciences industry dedicated to delivering actionable insights.","","","","","","","medical manager"
"in-a702cce47a24be39","indeed","https://it.indeed.com/viewjob?jk=a702cce47a24be39","https://tnl2.jometer.com/v2/job?jx=5v7ym3af0ee4436df1a90fa329c2e8039e042C4AJUBIAAABQ&jz=561wk600808480b68be52768e8dd53ffb2834C4AMABTEAAAQAAAAABSA&source=APPLICANT_SOURCE-3-2017","Data Team Lead, EMEA","IQVIA","Milano, LOM, IT","2026-09-22","fulltime","","","","","",True,"","","","","Milan, Italy \| Full time \| Home\-based \| R1570266  
Job Overview  


Manage end\-to\-end delivery of data management services for single/multi\-service projects with minimal guidance, ensuring quality deliverables on time and within budget, to customer satisfaction. Provide comprehensive data management expertise to Data Management (DM) team to provide high quality data management products that meet customer needs. Provide leadership to the team in the areas of project planning, execution, and close\-out; Overview of financial management for data management activities; communications; and milestone deliverables. Perform role of Data Team Lead (DTL).  


Essential Functions  


* Gather Study Set up requirements through discussion and communication with relevant stakeholders.
* With Minimal guidance \- support, overview of validation of new Device integrations.
* Oversight \& Perform regular Data cleaning activities to ensure clean data with quality and timely deliverables to sponsor.
* Ensure that all the deliverables are of expected quality standards and meet customer expectations.
* With guidance, ensure service and quality meet agreed upon timelines and deliverables in contract/Scope of Work (SOW).
* Support Training of New joiners.
* Lead internal study meetings and internal/ sponsor audits and participate in Study Kick off meetings and other sponsor meetings.
* Tracks and manages the projects, oversee project progress, identify risks and take corrective action to rectify any errors as recommended as required.
* With Guidance manage \& oversight the implementation of new technology / database revisions.
* Work closely with the programming team for process innovation and automation.
* Be compliant to trainings and eSOP reading.
* Provide review and expert opinion in developing, revising, and maintaining core operating procedures and working instructions.
* Communication with Line Manager, and other team members across functions should be collaborative.
* Perform other duties as directed by Line Manager.

Qualifications  


* Bachelor's Degree In health, clinical, biological or mathematical sciences, or related field with proven experience in Data Management Req
* 3 \-4 years direct Data Management experience, including a minimum of 1 year as a CDM project lead. Pref
* English Fluency Spoken and English Advanced
* Advanced computer applications like Microsoft excel, word, Inbox etc Advanced
* Should have Advanced understanding of Drug development lifecycle and Overall Clinical research process Advanced

IQVIA is a leading global provider of clinical research services, commercial insights and healthcare intelligence to the life sciences and healthcare industries. We create intelligent connections to accelerate the development and commercialization of innovative medical treatments to help improve patient outcomes and population health worldwide. Learn more at https://jobs.iqvia.com  


IQVIA is committed to integrity in our hiring process and maintains a zero tolerance policy for candidate fraud. All information and credentials submitted in your application must be truthful and complete. Any false statements, misrepresentations, or material omissions during the recruitment process will result in immediate disqualification of your application, or termination of employment if discovered later, in accordance with applicable law. We appreciate your honesty and professionalism.  


The potential base pay range for this role, when annualized, is €38,000\.00 \- €71,300\.00\. The actual base pay offered may vary based on a number of factors including job\-related qualifications such as knowledge, skills, education, and experience; location; and/or schedule (full or part\-time). Dependent on the position offered, incentive plans, bonuses, and/or other forms of compensation may be offered, in addition to a range of health and welfare and/or other benefits.  
Where you'll work  
Home\-based  


You’ll work remotely, with the flexibility to do your best work from home. Supported by collaborative tools and a global team, you’ll stay connected while enjoying the autonomy and balance that comes with a fully remote role.  
Culture  


Culture at IQVIA is built on a shared belief: that when people are empowered with better data, smarter technology and deeper expertise, they can change what’s possible for patients. Across every team and every corner of the globe, you’ll find colleagues who genuinely care — about the mission and about each other. That’s what makes this a place where people tend to stay, grow and do the best work of their careers.","","https://it.indeed.com/cmp/Iqvia","https://d2q79iu7y748jz.cloudfront.net/s/_squarelogo/256x256/03e043400efdf1e7d2f66b4d0a67997e","http://jobs.iqvia.com","Durham, NC","10,000+","more than $10B (USD)","IQVIA (NYSE:IQV) is a leading global provider of advanced analytics, technology solutions and clinical research services to the life sciences industry dedicated to delivering actionable insights.","","","","","","","medical manager"
"in-d1018b8be4e05dd3","indeed","https://it.indeed.com/viewjob?jk=d1018b8be4e05dd3","https://grnh.se/85qdmogn3us","Medical Data Intern (x/f/m)","Doctolib","Milano, LOM, IT","2026-09-22","fulltime, internship","","","","","",False,"","","","","**Medical Data Intern (x/f/m)**
===============================


**Set a new pulse for healthcare!**
-----------------------------------



We are looking for a **Medical Data Intern** to join the **Terminology and Ontology team within the Medical Excellence department** at Doctolib in **Milan, Italy**.

  



At Doctolib, we're setting a new pulse for healthcare. We create AI\-powered solutions that help health professionals focus on care and help people prevent, detect, and treat health problems earlier. In this role, you will contribute to making medical information clear, structured, and usable across products for patients, healthcare professionals, and technical teams.


**What you'll do**
------------------



Your responsibilities include but are not limited to:


* Collect and format sets of terms describing pathologies, allergies, treatments, and other medical concepts, based on standard medical terminologies such as ICD\-10 and SNOMED CT.
* Adapt medical labels to create versions that are understandable to patients and healthcare professionals.
* Translate labels from English into Italian.
* Map medical lists of terms across different products.
* Select and filter terms, then validate your choices with medical experts.
* Share your work and methodology with the Terminology and Ontology team and product teams.
* Deliver sets of terms to technical teams in the correct format.

  


**About our data environment**
------------------------------


* Our solutions are built on a single fully cloud\-native platform that supports web and mobile app interfaces, multiple languages, and is adapted to the country and healthcare specialty requirements.
* Our stack is composed of Dagster, dbt, Google Cloud Platform, BigQuery, and other technologies.
* We leverage AI ethically across our products to empower patients and health professionals. Discover our AI vision here and learn about our first AI hackathon here!


If you would like to find out more about tech life at Doctolib, feel free to read our latest Medium blog articles!


**Who you are**
---------------



Before you read on, if you don't have the exact profile described below, but you feel this job description matches your skill set, we still encourage you to apply.


**You could be our next teammate if:**


* You have medical skills gained through a diploma or degree that includes medical\-domain learning.
* You have knowledge of data management.
* You are familiar with medical terminologies such as ICD\-10 and SNOMED CT.
* You have strong spreadsheet skills, including Google Sheets or Excel and the use of formulas.
* You are attentive to detail and demonstrate rigour in your work.
* You speak Italian and English, which is a must have for this role.


**Nice to have:**


* Experience using AI tools such as Claude.
* Python programming skills.
* Additional depth of medical knowledge.
* Dutch language skills.

  


**What we offer**
-----------------


* A structured and personalized **onboarding program** through our **Doctolib Academy**, as well as a wide range of in\-house training opportunities and masterclasses throughout the internship.
* **Electronic meal vouchers** (€8\.00 per worked day), Foorban fridges, and **office breakfast**.
* **Free access to the gym in our Milan office**, with 3 classes offered per week, including yoga, pilates, and functional training.
* **Reimbursement of public transportation**.
* A **flexible workplace policy** offering up to **2 days of hybrid work** per week.

  


**The interview process**
-------------------------


* An interview with our Talent Partner (30 minutes).
* An interview with the hiring manager (30 minutes).

**Job details**
---------------


* Contract Type: Internship
* Working Time: Full\-time
* Duration: 6 months
* Work model: Hybrid
* Location: Milan, Italy.
* Expected start date: January 2027

Compensation: 1,000 per month.  
* 

At Doctolib, we are committed to improving access to healthcare for everyone. This commitment is reflected in our hiring process, where we assess applications based solely on qualifications, potential, and motivation, without discrimination of any kind.



We believe that diverse perspectives, backgrounds, and experiences help us build better healthcare products. We welcome applications from all candidates, regardless of gender, religion, age, sexual orientation, ethnicity, or disability.



To support equal opportunities, we encourage candidates not to include unnecessary personal information, such as a photo or age, in their application. If you need any accommodation during the hiring process, please let us know and we will do our best to support you.

  

**Data privacy**


*All information provided is processed by Doctolib for application management. For data processing details, click* here. *Please contact hr.dataprivacy(at)doctolib.com for inquiries or to exercise your rights.*","","https://it.indeed.com/cmp/Doctolib","https://d2q79iu7y748jz.cloudfront.net/s/_squarelogo/256x256/15e4ed97663aae9ff38eca17e787244a","https://careers.doctolib.com/fr","Levallois-Perret","1,001 to 5,000","Decline to state","","","","","","","","medical manager"
"in-1b80cb80113833f1","indeed","https://it.indeed.com/viewjob?jk=1b80cb80113833f1","https://dianax.eu/job-description-product-manager/","Product Manager","Dianax","Milano, LOM, IT","2026-09-22","internship","","","","","",True,"","","","","**Profile**
-----------


The company needs a Product Manager with at least five years’ experience in upstream product management preferably in a medical device In\-Vitro Diagnostics company.


Scope \& Job purpose: managing Product dealing with the planning, forecasting, production and marketing of the company product at all stages of the product lifecycle, including the development and the commercial launch of the products by continuously analyzing various global market segments trends, market existing and unmet needs, defining the product marketing specifications, collaborating with the product development cross functional team, identify business development and growth opportunities, define together with the management the strategic objectives, strategic plans and execution tools according and aligned with the corporate guidelines with the aim accessing the market with a novelty creating a new segment, increasing penetration in the existing market and boosting revenues and business profitability.


### **Professional Abilities**


The successful candidate will work in a group developing portable/mobile diagnostic devices, under the direct supervision of the Chief Marketing Officer. Main focus is on driving new product development, designing the Marketing Plan for the products, identifying strengths, weaknesses, opportunities and risks (SWOT), defining the appropriate Marketing Mix, Pricing Strategy, Product Positioning and developing an Action Plan for Marketing initiatives, Advertising, Promotion, modeling a Go\-2\-Market strategy and Channel management, users, sales Force and distributors education programs and tools, Product Presentations to various level Market stakeholders.


The successful candidate will have proven product management experience and track record, working on launching products to IV Diagnostics Point of Need Market, from early ideation to onboarding customers. He/She will have solid experience of translating user requirements into product features, worked across teams on successful product launches and have made significant contributions to positive product launches. He/She will have excellent organizational, time\-management and communication skills with successful team and relationship building experience.


### **Education**


The ideal candidate has a PhD or a Master and Bachelor’s degree in Medicine or Biomedical Engineering or Economics and at least 5 years of Marketing and Product Management experience preferably in Medical Device, Lifesciences structured organizations.


**Main Requirements**


* Minimum of 5 years experience as upstream Product Manager in the Medical Device market, preferably in the IV Diagnostics.
* Has an excellent track record and demonstrated success defining and launching excellent products
* Excellent written and verbal communication skills
* Bachelor’s degree (MBA preferred), Medical/Engineering preferred
* Technical background, with experience in Medical Device Market
* Excellent teamwork skills, dedicated team player
* Strong listening skills
* Ability to drive projects into a dynamic n d challenging environment
* Proven ability to influence cross\-functional teams without formal authority
* Must be able to travel 50% of the time

**Main Responsibility**


He/she will be responsible for:


* Lead marketing activities full lifecycle for the innovative remote monitoring devices and systems
* Upstream and downstream responsibility
* Perform Market Research Analysis, identify Market Trends, Key Opinion Leaders and Key Market Drivers
* Define the product strategy and roadmap collaborating with key company functions to share a joint development effort
* Deliver Product Development Plans with prioritized features and corresponding justification
* Work with external third parties to support communication and marketing initiatives
* Run beta and pilot programs with early\-stage products and samples
* Be an expert with respect to the competition
* Act as a leader within the company
* Supporting the development of Sales \& Marketing plans to launch new products and make them growing
* Keeping stakeholders updated on progress of products
* Providing feedback to the Development teams on new feature releases
* Using lean experimentation and users’ focus groups to reduce and eliminate risks as they are identified
* Exploring how to best get to product market fit
* Work on pricing and positioning models
* Creating a seamless customer onboarding and support experience with R\&D and Management Teams
* Acting as an advocate of the product within the IV Diagnostics community

**Skills \& Competency**


A flexible mindset and a strong team working capability are required in Dianax interdisciplinary environment. He/she should also have a sound level of soft skills and competency as follows:


* Planning and organization
* Analysis of problems and synthesis
* Strong Leadership capability
* Teamwork ability
* Negotiation skills as a master
* Communication to public
* Result Orientation, meeting budget objectives, financial results, etc.
* Fluent in English and Italian
* Preferably good knowledge of a second language as French or German.

The company offers a permanent position under a national work contract with a competitive remuneration package.","","https://it.indeed.com/cmp/Dianax","https://d2q79iu7y748jz.cloudfront.net/s/_squarelogo/256x256/b740ed22657f3c6b78902d1234a4eac7","","","","","","","","","","","","medical manager"
"li-4470137463","linkedin","https://www.linkedin.com/jobs/view/4470137463","","FOOD AND H&N REGULATORY AFFAIR MANAGER","Alti Profili","Cantù, Lombardy, Italy","2026-09-25","","","","","","",False,"","","","","","","https://it.linkedin.com/company/alti-profili","","","","","","","","","","","","","medical manager"
"li-4470240857","linkedin","https://www.linkedin.com/jobs/view/4470240857","","Senior CTM, Hematology/Oncology","Thermo Fisher Scientific","Milan, Lombardy, Italy","2026-09-22","","","","","","",False,"","","","","","","https://www.linkedin.com/company/thermo-fisher-scientific","","","","","","","","","","","","","medical manager"
"li-4468561907","linkedin","https://www.linkedin.com/jobs/view/4468561907","","Business Unit Head Biopharma & Hospital","Sandoz Italia","Milan, Lombardy, Italy","2026-09-22","","","","","","",False,"","","","","","","https://it.linkedin.com/company/sandoz-italia","","","","","","","","","","","","","medical manager"
"li-4331940454","linkedin","https://www.linkedin.com/jobs/view/4331940454","","Psychiatry - Medical Director","Medpace","Milan, Lombardy, Italy","2026-09-22","","","","","","",False,"","","","","","","https://www.linkedin.com/company/medpace","","","","","","","","","","","","","regional medical advisor"
"li-4325681453","linkedin","https://www.linkedin.com/jobs/view/4325681453","","Clinical Research Associate, Sponsor Dedicated - Italy","IQVIA","Milan, Lombardy, Italy","2026-09-24","","","","","","",False,"","","","","","","https://www.linkedin.com/company/iqvia","","","","","","","","","","","","","scientific liaison"
"li-4331510697","linkedin","https://www.linkedin.com/jobs/view/4331510697","","Clinical Research Associate (CRA) - Law 68/99 Art. 18","Medpace","Milan, Lombardy, Italy","2026-09-21","","","","","","",False,"","","","","","","https://www.linkedin.com/company/medpace","","","","","","","","","","","","","scientific liaison"
"li-4471439451","linkedin","https://www.linkedin.com/jobs/view/4471439451","","Regulatory Affairs & HSE Specialist - Chimico -Milano SUD","NonStop Consulting","Milan, Lombardy, Italy","2026-09-24","","","","","","",False,"","","","","","","https://ch.linkedin.com/company/nonstop-consulting","","","","","","","","","","","","","scientific advisor"
"li-4471404211","linkedin","https://www.linkedin.com/jobs/view/4471404211","","Regulatory Affairs Manager/Senior Manager – CMC & Regulatory Change Management - FSP","Thermo Fisher Scientific","Milan, Lombardy, Italy","2026-09-24","","","","","","",False,"","","","","","","https://www.linkedin.com/company/thermo-fisher-scientific","","","","","","","","","","","","","scientific advisor"
"li-4468928615","linkedin","https://www.linkedin.com/jobs/view/4468928615","","Dental Medical Device QMS / MDR Consultant","Meet Life Sciences","Milan, Lombardy, Italy","2026-09-22","","","","","","",False,"","","","","","","https://uk.linkedin.com/company/meet","","","","","","","","","","","","","scientific advisor"
"li-4469597094","linkedin","https://www.linkedin.com/jobs/view/4469597094","","Regulatory Affairs Manager - Beauty & Industrial, Team Global","NonStop Consulting","Monza e Brianza, Lombardy, Italy","2026-09-20","","","","","","",False,"","","","","","","https://ch.linkedin.com/company/nonstop-consulting","","","","","","","","","","","","","scientific advisor"
"li-4459502404","linkedin","https://www.linkedin.com/jobs/view/4459502404","","CRA - FSP - Italy","Thermo Fisher Scientific","Milan, Lombardy, Italy","2026-09-22","","","","","","",False,"","","","","","","https://www.linkedin.com/company/thermo-fisher-scientific","","","","","","","","","","","","","clinical liaison"
"in-2f6761309cccdacb","indeed","https://it.indeed.com/viewjob?jk=2f6761309cccdacb","https://opissrl.applytojob.com/apply/MefncYVMzV/Director-Of-Clinical-Development?source=INDE&~","Director of Clinical Development","OPIS S.r.l.","Milano, LOM, IT","2026-09-25","fulltime","","","","","",False,"","","","","Due to our ongoing expansion, we are looking for an experienced and business\-oriented professional for our **Director of Clinical Development** role supporting our business development activities and contribute to the growth of our CRO.  

  

As a part of the Business Development team, you will act as a key point of contact for prospective clients during the pre\-award phase. You will work closely with Clinical Operations, and other departments to manage Requests for Proposals (RFPs), develop client relationships, and support the acquisition of new projects. By combining your clinical research expertise with strong communication and project management skills, you will ensure the successful preparation and delivery of competitive proposals.  

  

**Key Responsibilities:*** Support Business Development Managers and Directors in identifying and developing new business opportunities.
* Participate in client meetings, capabilities presentations, bid defence meetings, and face\-to\-face meetings with sponsors.
* Act as a key client contact throughout the acquisition process, ensuring effective communication and follow\-up until contract closure.
* Coordinate RFP activities across Clinical Operations, Medical, Proposal Writing, and other relevant departments.
* Assess study feasibility, review client requirements, and contribute clinical and strategic input to proposals.
* Coordinate proposal timelines, ensure timely delivery of internal inputs, and support the preparation of client\-facing materials.
* Support RFI preparation, vendor selection, and the development of competitive quotations.
* Identify opportunities for upselling and cross\-selling to existing clients.
* Contribute to initiatives aimed at improving RFP conversion rates and business development performance.
* Travel internationally, as required, to support client engagement activities.

**Requirements:*** Degree in a scientific field/discipline.
* At least 10 years of relevant experience in a CRO, pharmaceutical, biotechnology, or similar environment, including clinical study/project management experience.
* Strong understanding of clinical research processes and ICH\-GCP.
* Strategic, commercially oriented mindset with strong negotiation and communication skills.
* Excellent client relationship management and project coordination abilities.
* Ability to manage multiple priorities in a fast\-paced environment.
* Excellent English and proficiency in Microsoft Office, particularly PowerPoint.


This is an exciting opportunity to combine your clinical expertise with business development and play a key role in supporting the growth of an international CRO.  

  

**What we offer:**  

Salary up to EUR 100,000/annually with other benefits/bonuses and opportunity to develop your professional career with an expanding and growing company. At OPIS, you’ll join a collaborative international team where initiative and growth are encouraged.  

  

**Who we are:**  

*OPIS is an International CRO with over 25 years of experience in conducting Phase I\-IV, non\-interventional and medical devices studies on an international level. We always offer state\-of\-the\-art information technology solutions and innovative approaches to the increasing complexity and variety of projects.*  

  

*OPIS extensive expertise covers all phases of drug\-related trials, taking care of the Sponsor beyond the therapeutic area, offering also accurate clinical investigations for medical and diagnostic devices. With Global Clinical Research Locations all over the world, OPIS offers a full range of integrated clinical research services as scientific advice, medical writing, trial start\-up, monitoring, study management, data management, statistics, pharmacovigilance, medical monitoring, electronic data capture as well as quality assurance and training.*  

*This page is hosted by JazzHR and uses cookies for technical and analytical purposes. For details regarding the processing of your application data by OPIS, please refer to our:*  

  

*Pivacy Policy*


*Candidate Privacy Policy*




MefncYVMzV","","https://it.indeed.com/cmp/Opis-S.r.l.","https://d2q79iu7y748jz.cloudfront.net/s/_squarelogo/256x256/a83da2119319a69bed68c29c12d541d7","https://www.opis.it","Desio","201 to 500","","","","","","","","","medical information"
"in-d0e24e3bd01a0dd6","indeed","https://it.indeed.com/viewjob?jk=d0e24e3bd01a0dd6","https://tnl2.jometer.com/v2/job?jx=5v7ym2b70f98a5d2509065f4291b5adfa241cC4AJUBIAAABQ&jz=561wk04d95e15d4267e3088a0d0cc80bacb00C4AMABTEAAAQAAAAABSA&source=APPLICANT_SOURCE-3-2017","Director, Clinical FSP Go to Market/Therapeutic Strategy Lead","IQVIA","Milano, LOM, IT","2026-09-25","fulltime","","","","","",True,"","","","","Milan, Italy \| Full time \| Home\-based \| R1550402  
Join us on our exciting journey!  


IQVIA™ is The Human Data Science Company™, focused on using data and science to help healthcare clients find better solutions for their patients. Formed through the merger of IMS Health and Quintiles, IQVIA offers a broad range of solutions that harness advances in healthcare information, technology, analytics, and human ingenuity to drive healthcare forward.  


Director, Clinical FSP Go to Market/Therapeutic Strategy Lead  


The Director, Clinical FSP Go to Market/TSL is the link between key customers and IQVIA, with a primary focus on supporting and leading the design of FSP Solutions and cFSP NNB growth from early engagement, client discussions, to RFI, RFP and bid defense meetings.  


He/she is in charge to work closely with Sales, BD, account teams and operations, by providing insights and strategy for customer solutions based on understood requirements across functions.  


Responsibilities  


Lead Clinical FSP go\-to\-market activity by translating IQVIA’s FSP strategy, value proposition and differentiated capabilities into compelling customer\-facing positioning, messaging and solution narratives.  
Partner with Sales, Business Development, account teams and CFSP leadership to identify, shape and progress priority FSP opportunities from early engagement through RFI, RFP, proposal development and bid defense.  
Support active and potential sales opportunities by providing FSP subject matter expertise, customer insight, competitive positioning, win themes and practical guidance on the most appropriate FSP, hybrid or flexible delivery model.  
Enable regional Sales and Business Development teams to act as confident FSP ambassadors by creating and maintaining reusable materials, capability decks, battle cards, case studies, solution examples and client\-ready messaging.  
Drive structured early engagement with customers through discovery discussions, workshops, capability presentations and proactive account planning, with a focus on expanding the customer base and increasing FSP new business growth.  
Collaborate across CFSP, Operations, Therapeutic Centers of Excellence, Strategic Sites, Technology, Pricing, Talent Acquisition, Marketing and Sales Enablement to build integrated, feasible and differentiated customer solutions.  
Shape FSP solution design best practices to support increasingly complex customer demands, including multi\-functional FSPs, blended FSP/FSO models, flexible resourcing constructs, hub\-based delivery and technology\-enabled solutions.  
Lead or contribute to proposal strategy, response development and review, ensuring the final customer response clearly reflects the client need, IQVIA’s FSP value proposition, operational feasibility, commercial logic and competitive differentiation.  
Develop and refine opportunity\-specific narratives, executive summaries, client presentations and bid defense materials that articulate IQVIA’s FSP strengths in a clear, credible and outcome\-focused manner.  
Support pricing and commercial strategy discussions by aligning the proposed FSP model, resource assumptions, role mapping, locations and delivery approach with customer expectations and contribution margin requirements.  
Coordinate internal alignment across opportunity teams by clarifying roles, responsibilities, ownership, review timelines, open questions and leadership decisions required to advance high\-quality submissions.  
Represent Clinical FSP in customer meetings, internal strategy discussions and bid defenses, presenting the FSP value proposition, solution rationale, flexible delivery options and key differentiators as required.  
Maintain awareness of FSP market trends, customer outsourcing priorities, competitive dynamics, innovation themes and IQVIA capability developments to continuously strengthen the GTM narrative and sales materials.  
Capture lessons learned from opportunities, client discussions and implemented models to improve future FSP positioning, repeatability, scalability and quality of go\-to\-market execution.  
Support long\-term enterprise growth by expanding IQVIA’s FSP services and value, increasing Business Development fluency, strengthening competitive edge and helping the organisation “see more, win more” in Clinical FSP.  


Our Ideal Candidate  


12\+ years of clinical research, clinical operations, FSP, outsourcing or drug development experience; equivalent education/training accepted.  
Strong understanding of Clinical FSP delivery models, including functional outsourcing, hybrid FSP/FSO, flexible resourcing, hub\-based delivery and multi\-functional FSP constructs.  
Commercially minded, with the ability to translate IQVIA capabilities into clear customer value propositions, differentiated messaging and practical solution narratives.  
Experience supporting RFIs, RFPs, proposals, customer presentations, workshops and bid defenses.  
Strong ability to partner with Sales, Business Development, account teams and Operations to shape early engagement, qualify customer needs and progress priority opportunities.  
Confident developing or contributing to sales enablement materials, capability decks, proposal content, case studies, battle cards and reusable client\-ready messaging.  
Strong cross\-functional leadership skills, with the ability to align Operations, Pricing, Talent Acquisition, Finance, Marketing and leadership around feasible and competitive customer solutions.  
Solid understanding of clinical trial delivery, drug development, customer outsourcing priorities and key FSP market trends.  
Financial and commercial confidence, including comfort with resource assumptions, pricing logic, contribution margin, role mapping and delivery model trade\-offs.  
Excellent communication, presentation and executive storytelling skills, with the ability to simplify complex operational topics into clear, outcome\-focused messages.  
Strong influencing and negotiation skills, with the confidence to manage challenging discussions and drive alignment across matrix teams.  
Technologically confident, with the ability to use data, business intelligence, competitive insights and digital tools to support opportunity strategy and GTM execution.  
Able to work effectively under pressure, manage competing priorities and maintain momentum across multiple opportunities.  
Collaborative, constructive and growth\-oriented, with the ability to coach others, share lessons learned and strengthen FSP fluency across the organisation.  


Why Join?  


You can drive your career at IQVIA and choose the path that best defines your development and success. With exposure across diverse geographies, capabilities, and vast therapeutic and information and technology areas, you can seek opportunities to change and grow without boundaries.  


We know that meaningful results require not only the right approach but also the fitting personality. Regardless of your role, we invite you to reimagine healthcare with us. You will have the opportunity to play an important part in helping our clients drive healthcare forward and ultimately improve human health outcomes.  


It is an exciting time to join and reimagine what's possible in healthcare.  


Moving healthcare forward. Together.  


IQVIA is a strong advocate of diversity and inclusion in the workplace. We believe that a work environment that embraces diversity will give us a competitive advantage in the global marketplace and enhance our success. We believe that an inclusive and respectful workplace culture fosters a sense of belonging among our employees, builds a stronger team, and allows individual employees the opportunity to maximize their personal potential.  


IQVIA is a leading global provider of clinical research services, commercial insights and healthcare intelligence to the life sciences and healthcare industries. We create intelligent connections to accelerate the development and commercialization of innovative medical treatments to help improve patient outcomes and population health worldwide. Learn more at https://jobs.iqvia.com  


IQVIA is committed to integrity in our hiring process and maintains a zero tolerance policy for candidate fraud. All information and credentials submitted in your application must be truthful and complete. Any false statements, misrepresentations, or material omissions during the recruitment process will result in immediate disqualification of your application, or termination of employment if discovered later, in accordance with applicable law. We appreciate your honesty and professionalism.  


Where you'll work  
Home\-based  


You’ll work remotely, with the flexibility to do your best work from home. Supported by collaborative tools and a global team, you’ll stay connected while enjoying the autonomy and balance that comes with a fully remote role.  
Culture  


Culture at IQVIA is built on a shared belief: that when people are empowered with better data, smarter technology and deeper expertise, they can change what’s possible for patients. Across every team and every corner of the globe, you’ll find colleagues who genuinely care — about the mission and about each other. That’s what makes this a place where people tend to stay, grow and do the best work of their careers.","","https://it.indeed.com/cmp/Iqvia","https://d2q79iu7y748jz.cloudfront.net/s/_squarelogo/256x256/03e043400efdf1e7d2f66b4d0a67997e","http://jobs.iqvia.com","Durham, NC","10,000+","more than $10B (USD)","IQVIA (NYSE:IQV) is a leading global provider of advanced analytics, technology solutions and clinical research services to the life sciences industry dedicated to delivering actionable insights.","","","","","","","medical information"
"in-b4e9ef440413e835","indeed","https://it.indeed.com/viewjob?jk=b4e9ef440413e835","https://tnl2.jometer.com/v2/job?jx=5v7ymf17ac72243c9c35be1bb91f650f841a2C4AJUBIAAABQ&jz=561wk16f888c3680f9f75c1bab5a5c05b06b9C4AMABTEAAAQAAAAABSA&source=APPLICANT_SOURCE-3-2017","Clinical Independent Rater - Romanian Speaker","IQVIA","Milano, LOM, IT","2026-09-23","parttime","","","","","",True,"","","","","Milan, Italy \| Part time \| Home\-based \| R1570412  
Clinical Independent Rater \- Romanian Speaking  


Location: Remote/Virtual  
Hours: Estimated 10–16 hours per month  
Role: Clinical Independent Rater for Clinical Trials  


About IQVIA  


IQVIA is a global leader in advanced analytics, technology solutions, and clinical research services, dedicated to driving healthcare forward. We partner with the world’s leading pharmaceutical, biotechnology, and medical device companies to improve patient outcomes and accelerate innovation. Our team combines deep scientific expertise with cutting\-edge technology to deliver high\-quality data and insights that shape the future of clinical trials.  


Position Overview  


The CIR plays a key role in ensuring the integrity and reliability of clinical trial data. This position involves reviewing scales administered by raters to confirm standardized assessment practices. Responsibilities include evaluating assessment quality, engaging in live discussions with raters to provide guidance on methodology and scoring techniques, and supporting rater performance through functional assessments (e.g., mock interviews). Additional tasks may include assisting with communication materials and documentation.  


Key Responsibilities  


Participate in all required orientation, training, and calibration activities.  
Review case data and prepare for rater discussions, ensuring all relevant documents and assessment materials are available.  
Conduct patient interviews and clinical assessments with study participants.  
Administer, score, and interpret clinical rating scales and structured interviews.  
Provide feedback and guidance to raters on assessment methodology, interview techniques, and scoring accuracy through live interactions.  
Complete assigned assessments, rater interactions, and related activities according to study timelines and schedules.  
Work directly with study participants while maintaining protocol compliance and data quality standards.  
Submit all required documentation, reports, and assessment records accurately and within required timelines.  


Required Qualifications  


Education: Master’s degree (MA/MS) in Psychology, Counseling, Psychiatric Nursing, or Social Work (or equivalent). MD, DO, or PhD preferred.  
Experience:  
Minimum 3 years administering psychiatric assessments, rating scales, and/or structured clinical interviews (specifically PANSS and SCID).  
Minimum 3 years of clinical trial experience with psychiatric populations.  
Minimum 3 years administering scales in clinical research trials (excluding graduate/doctoral research).  
Experience in CNS trials preferred.  
Skills:  
Strong interpersonal and communication skills for professional interaction at all levels.  
Excellent organizational skills, attention to detail, time management, and problem\-solving ability.  
Proficiency with Windows and Microsoft Office applications.  


Language Requirement  


Current openings require fluency in English and native\-level proficiency in Romanian(Moldova).  


\#LI\-DNP \#LI\-Remote \#LI\-HCPN  


IQVIA is a leading global provider of clinical research services, commercial insights and healthcare intelligence to the life sciences and healthcare industries. We create intelligent connections to accelerate the development and commercialization of innovative medical treatments to help improve patient outcomes and population health worldwide. Learn more at https://jobs.iqvia.com  


IQVIA is committed to integrity in our hiring process and maintains a zero tolerance policy for candidate fraud. All information and credentials submitted in your application must be truthful and complete. Any false statements, misrepresentations, or material omissions during the recruitment process will result in immediate disqualification of your application, or termination of employment if discovered later, in accordance with applicable law. We appreciate your honesty and professionalism.  


Where you'll work  
Home\-based  


You’ll work remotely, with the flexibility to do your best work from home. Supported by collaborative tools and a global team, you’ll stay connected while enjoying the autonomy and balance that comes with a fully remote role.  
Culture  


Culture at IQVIA is built on a shared belief: that when people are empowered with better data, smarter technology and deeper expertise, they can change what’s possible for patients. Across every team and every corner of the globe, you’ll find colleagues who genuinely care — about the mission and about each other. That’s what makes this a place where people tend to stay, grow and do the best work of their careers.","","https://it.indeed.com/cmp/Iqvia","https://d2q79iu7y748jz.cloudfront.net/s/_squarelogo/256x256/03e043400efdf1e7d2f66b4d0a67997e","http://jobs.iqvia.com","Durham, NC","10,000+","more than $10B (USD)","IQVIA (NYSE:IQV) is a leading global provider of advanced analytics, technology solutions and clinical research services to the life sciences industry dedicated to delivering actionable insights.","","","","","","","medical information"
"in-97dc71d38ac71310","indeed","https://it.indeed.com/viewjob?jk=97dc71d38ac71310","https://careers.alvarezandmarsal.com/jobs/18266261","Transactions Tax, Analyst, Italy","Alvarez & Marsal","Milano, LOM, IT","2026-09-22","internship","","","","","",False,"","","","","Location: Milan, MI, Italy
  

Date Posted: Sep 22, 2026

  

**Transactions Tax Analyst**

**Italy, Milan**


Alvarez \& Marsal (A\&M) is a global consulting firm with entrepreneurial, action and results\-oriented professionals. We take a hands\-on approach to solving our clients' problems and assisting them in reaching their potential. Our culture celebrates independent thinkers and doers who positively impact our clients and shape our industry. The collaborative environment and engaging work—guided by A\&M's core values of Integrity, Quality, Objectivity, Fun, Personal Reward, and Inclusive Diversity—are why our people love working at A\&M.


**About Alvarez \& Marsal**


Alvarez \& Marsal (A\&M) is a leading global professional services firm across more than 40 countries. We are known for our entrepreneurial, action\-oriented approach and for delivering practical solutions to complex business challenges.


Our Tax practice operates without audit conflict, enabling us to provide independent, commercially focused advice to multinational corporates, private equity, and mid\-market businesses.


In Italy, our Tax business is delivered through **A\&M Italy Tax STP SRL**, a regulated professional firm, and is experiencing significant growth. This creates a unique opportunity to join a high\-performing team at an exciting stage of its development.


**The Role**


As a **GTT Analyst**, you will support a wide range of tax advisory and compliance engagements, working closely with senior team members across both Italian and international projects.


You will:


* Support the delivery of corporate tax, international tax, and transaction\-related work
* Assist with tax compliance, advisory, and structuring projects
* Contribute to client deliverables through research, analysis, and technical work
* Gain exposure to cross\-border assignments and collaborate with colleagues across Europe
* Build strong technical foundations alongside commercial awareness

This role offers broad exposure across tax disciplines, allowing you to develop a well\-rounded skillset before specialising.


**What We Are Looking For**


* Eligibility to work in Italy
* Strong analytical and problem\-solving skills
* High attention to detail and a proactive, hands\-on mindset
* Strong communication skills in **Italian and English**
* Good working knowledge of Excel and PowerPoint
* Previous internships or relevant experience are advantageous but not essential
* Evidence of initiative and interests outside of academics

**Your Development at A\&M**


At A\&M, we prioritise learning through exposure and responsibility from day one. You will benefit from:


* A meritocratic environment where performance is recognised and rewarded
* Direct access to senior professionals and hands\-on client experience
* Structured development and ongoing training
* Exposure to complex, international work across multiple sectors

We are committed to supporting your professional development within the Italian regulatory framework and broader A\&M global platform.


**Education and Qualifications:**

* A master’s degree in Economics (LM\-77 or LM\-56\) or Law (LMG\-01\)
* Qualified (or in the process of qualifying) as a Chartered Accountant (Dottore Commercialista) or Lawyer (Avvocato)

**Your journey at A\&M**


We recognize that our people are the driving force behind our success, which is why we prioritize an employee experience that fosters each person’s unique professional and personal development. Our robust performance development process promotes continuous learning, rewards your contributions, and fosters a culture of meritocracy. With top\-notch training and on\-the\-job learning opportunities, you can acquire new skills and advance your career.


We prioritize your well\-being, providing benefits and resources to support you on your personal journey. Our people consistently highlight the growth opportunities, our unique, entrepreneurial culture, and the fun we have together as their favorite aspects of working at A\&M. The possibilities are endless for high\-performing and passionate professionals.


**Culture \& Values**
---------------------


At Alvarez \& Marsal, our core values of Integrity, Quality, Objectivity, Fun, Personal Reward, and Inclusive Diversity guide everything we do, shaping a culture rooted in entrepreneurship, impact, and integrity. We trust our people to take ownership early, contribute to meaningful challenges, and drive results that matter. We empower growth and champion diverse perspectives. Above all, we value doing the right thing. For those ready to roll up their sleeves, lead with integrity, and be difference makers, this is where it starts.


**Equal Opportunity Employer**
------------------------------


It is Alvarez \& Marsal’s practice to provide and promote equal opportunity in employment, compensation, and other terms and conditions of employment without discrimination because of race, color, creed, religion, national origin, ancestry, citizenship status, sex or gender, gender identity or gender expression (including transgender status), sexual orientation, marital status, military service and veteran status, physical or mental disability, family medical history, genetic information or other protected medical condition, political affiliation, or any other characteristic protected by and in accordance with applicable laws. Employees and Applicants can find A\&M policy statements and additional information by region here.


**Unsolicited Resumes from Third\-Party Recruiters**
----------------------------------------------------


Please note that as per A\&M policy, we do not accept unsolicited resumes from third\-party recruiters unless such recruiters are engaged to provide candidates for a specified opening. Any employment agency, person or entity that submits an unsolicited resume does so with the understanding that A\&M will have the right to hire that applicant at its discretion without any fee owed to the submitting employment agency, person or entity.","","https://it.indeed.com/cmp/Alvarez-&-Marsal","https://d2q79iu7y748jz.cloudfront.net/s/_squarelogo/256x256/99f08e8304d82718f819395f00e29a54","https://www.alvarezandmarsal.com/","New York, NY","10,000+","$1B to $5B (USD)","Alvarez & Marsal (A&M) is a global professional services firm specializing in turnaround and interim management, performance improvement and business advisory services.","","","","","","","medical information"
"li-4325561650","linkedin","https://www.linkedin.com/jobs/view/4325561650","","Experienced CRA, Sponsor Dedicated - Italy","IQVIA","Milan, Lombardy, Italy","2026-09-24","","","","","","",False,"","","","","","","https://www.linkedin.com/company/iqvia","","","","","","","","","","","","","pharmacovigilance"
"li-4468915221","linkedin","https://www.linkedin.com/jobs/view/4468915221","","Regulatory Affairs Manager","Pharma Point","Milan, Lombardy, Italy","2026-09-22","","","","","","",False,"","","","","","","https://it.linkedin.com/company/pharma-point-s-r-l-","","","","","","","","","","","","","farmacovigilanza"
"li-4470178129","linkedin","https://www.linkedin.com/jobs/view/4470178129","","Regulatory Affairs - Life Science | Lombardia","Adecco","Lombardy, Italy","","","","","","","",False,"","","","","","","https://ch.linkedin.com/company/adecco","","","","","","","","","","","","","farmacovigilanza"
"in-5dc33c5eca8864f0","indeed","https://it.indeed.com/viewjob?jk=5dc33c5eca8864f0","https://jsv3.recruitics.com/redirect?rx_cid=3436&rx_jobId=R-01362223_rxr-1&rx_url=https%3A%2F%2Fjobs.thermofisher.com%2Fglobal%2Fen%2Fjob%2FR-01362223%2FManufacturing-Sciences-Process-Scientist-II%3Frx_a%3D0%26rx_c%3D%26rx_ch%3Djobp4p%26rx_group%3D123525%26rx_id%3D35912a71-b553-11f1-b903-a143bd9f8dad%26rx_job%3DR-01362223_rxr-1%26rx_medium%3Dcpc%26rx_r%3Dnone%26rx_source%3Dindeed%26rx_ts%3D20260926T100412Z%26rx_vp%3Dcpc%26utm_medium%3Dppc%26utm_source%3Drecruitics_indeedorganic","Manufacturing Sciences, Process Scientist II","Thermo Fisher Scientific","Monza, LOM, IT","2026-09-20","fulltime","","","","","",False,"","","","","**Work Schedule**


Standard (Mon\-Fri)**Environmental Conditions**


Adherence to all Good Manufacturing Practices (GMP) Safety Standards, Office, Some degree of PPE (Personal Protective Equipment) required (safety glasses, gowning, gloves, lab coat, ear plugs etc.)**Job Description**

**How will you make an impact?**


Thermo Fisher Scientific Inc. is the world leader in serving science, with annual revenue of more than $40 billion. Our Mission is to enable our customers to make the world healthier, cleaner and safer. Whether our customers are accelerating life sciences research, solving complex analytical challenges, improving laboratory efficiency, advancing patient health through diagnostics, or developing and manufacturing life\-changing therapies, we are here to support them.


We are seeking a highly motivated **Process Scientist II** to join the Pharmaceutical Development Services (PDS) team in Monza, Italy.


The Pharmaceutical Development Services (PDS) division specializes in clinical and small\-scale commercial contract manufacturing of sterile injectable drug products, including liquid and lyophilized formulations.


You will join the **Process Manufacturing Sciences** team, where scientists design, develop and optimize manufacturing processes for innovative therapies, working in close partnership with clients and cross\-functional teams. This role offers the opportunity to contribute to the successful delivery of life\-changing medicines while developing your scientific expertise in a dynamic and collaborative environment.

 **What will you do?**


As a **Process Scientist II**, you will support the development, optimization and technology transfer of sterile manufacturing processes into the cGMP manufacturing suites at the Monza site.


As the **Process Subject Matter Expert (SME)** for assigned projects, you will provide scientific leadership throughout the project lifecycle, partnering with clients and cross\-functional teams to develop robust, scalable and compliant manufacturing processes for clinical and commercial products.

**Your****responsibilities****will****include:**

* Define, develop and optimize manufacturing processes for sterile injectable products based on product knowledge, development data and Quality Target Product Profile (QTPP).
* Prepare and review technical documentation, including manufacturing instructions, study protocols, technical reports, FMEA and GAP analyses.
* Drive the technical execution of assigned projects, supporting process development, scale\-up, technology transfer and manufacturing activities.
* Build strong scientific partnerships with clients, provide technical expertise and supporting process\-related decisions throughout the project lifecycle.
* Lead technical investigations, risk assessments and process optimization to ensure robust and compliant manufacturing processes.
* Collaborate with Manufacturing, MSAT, Quality, Engineering and other cross\-functional teams to ensure successful project execution.
* Present scientific data, project progress and technical recommendations to internal stakeholders and external clients.
* Support client meetings, audits and regulatory inspections as the process technical expert.","Industrial Manufacturing","https://it.indeed.com/cmp/Thermo-Fisher-Scientific","https://d2q79iu7y748jz.cloudfront.net/s/_squarelogo/256x256/65bd2e4bebb79b1432ac3277ffd57ae7","https://www.thermofisher.com/","168 Third Avenue, Waltham, MA USA 02451","10,000+","more than $10B (USD)","At Thermo Fisher Scientific, our professionals develop critical solutions—and build rewarding careers.","","","","","","","drug safety"
"li-4470453189","linkedin","https://www.linkedin.com/jobs/view/4470453189","","Medicilio | Quality & Regulatory Affairs (QARA) | ref. 123ztrctyxr","Medicilio","Milan, Lombardy, Italy","2026-09-22","","","","","","",False,"","","","","","","https://it.linkedin.com/company/medicilio-medicina-a-domicilio","","","","","","","","","","","","","drug safety"
"in-da30fb5985159216","indeed","https://it.indeed.com/viewjob?jk=da30fb5985159216","https://careers.recordati.com/job/Milano-Search-and-Evaluation-Manager/1369385855/","Search and Evaluation Manager","Recordati S.p.A","Milano, LOM, IT","2026-09-23","fulltime","","","","","",True,"","","","","**Search and Evaluation Manager**
=================================

ID: 2836
Date of Posting: Sep 23, 2026
Business Area: Business Development \& Licensing
Job Type: Direct Employee
On site / Remote / Hybrid: Hybrid
Hub Office:
Milano, IT
Territory:
Full\-Time or Part\-Time: Full Time
Seniority: Mid\-senior
*At Recordati, we are united by a clear purpose: unlocking the full potential of life. With a century of history behind us, we are building the next chapter of our journey, continuing to grow while keeping patients at the centre of all we do.*


*What drives us is a shared belief that health, and the opportunity to live life to the full, should be within reach for everyone. This brings energy to our work, shaping how we support each other and show up every day. Our values – Better Together, Never Settle and Always Deliver – reflect this mindset, helping us to keep improving and make a meaningful difference.*


*Above all, these values bring to life our promise to everyone at Recordati, you can unlock your full potential. We know that people thrive when they can be themselves, are trusted and supported, and are given the opportunity to grow and make a meaningful contribution.*


*Are you ready to unlock your full potential?*


**Job Purpose**
---------------



We are looking for a Search \& Evaluation Manager that will be responsible for operating a disciplined global scouting engine that identifies, landscapes and prioritizes external opportunities capable of supporting Recordati’s business development transactions and portfolio growth. Reporting to the Vice President, Innovation, the role will connect science and strategy, providing high\-quality, evidence\-based recommendations spanning from early\-stage investment, licensing and M\&A.

**Key Responsibilities**
------------------------


* Lead the global landscaping process across agreed therapeutic areas, development stages, geographies
* Translate BD strategy into clear search theses, screening criteria and repeatable scouting plans
* Establish and maintain a dedicated tool to continuously scan scientific, clinical, regulatory, competitive and transaction landscapes to identify emerging assets, platforms, companies
* Build and maintain structured up\-to\-date watchlists and landscape maps, ensuring consistent documentation to fuel BD pipeline
* Perform rapid first\-pass assessments of scientific rationale, translational evidence, clinical data, development feasibility, differentiation, intellectual property, regulatory path, competitive position and preliminary commercial attractiveness
* Support life\-cycle management scouting for the existing portfolio and pipeline, in collaboration with R\&D and Commercial teams
* Monitor relevant scientific congresses, partnering events, company disclosures, databases and publications
* Develop scouting metrics and reporting that provide visibility on coverage, quality of opportunity flow, conversion through the funnel, key gaps and emerging strategic themes.
* Contribute to the continuous improvement of Search \& Evaluation tools, processes, templates, governance and knowledge management
**Required Education**
----------------------



Strong scientific background in and solid experience in research and clinical development, PhD is preferred

**Required Skills and Experience**
----------------------------------


* 5\+ years of relevant experience in pharmaceutical, biotechnology, healthcare investment or life\-sciences advisory environment, including at least 2 years in Search \& Evaluation
* Proven ability to conduct systematic landscapes, scout, evaluate and monitor a broad range of opportunities in different therapeutics areas, stages of development and modalities
* Experience in applying evolving AI and digital tools for landscaping and scouting activities
* Strong analytical and synthesis abilities to turn broad scouting searches into prioritized, actionable BD opportunities
* Established competencies to critically interpret preclinical, translational and clinical evidence
* Understanding of intellectual property and regulatory implications in scouting activities
* Experience working in an international organization and an experience outside Italy are preferred
* Strong project leadership, prioritization and ability to follow multiple concurrent workstreams
* Collaborative and effective across functions, cultures and seniority levels
* Willingness and ability to travel internationally for conferences, partnering events and company meetings
**Required Languages**
----------------------



Fluent English

**Salary**
----------



Gross Annual Salary starting from: 70\.000€  

Please note: The salary indicated in this posting complies with local pay transparency regulations for Italian employment contracts. Final offers will be tailored to the successful candidate's experience, professional expertise, and interview journey, while ensuring internal equity. At Recordati, we are committed to a comprehensive, fair, and competitive remuneration system; a full overview of your total rewards package will be shared and discussed with you during the recruiting process.


*At Recordati we believe in people! Inspired by our purpose \- unlocking the full potential of life \- we are committed to creating a diverse environment and cultivating a culture of inclusion. We strive to continually lead with our values and beliefs, enabling our employees to bring their whole selves to work and develop their potential.*


*We are proud to be an equal opportunity employer. We recruit, develop and reward without regard to, amongst others, gender, sexual orientation, gender identity or expression, national origin, age, physical or mental ability, race, ethnicity, political or religious belief.*


*If you are looking to join a company where you can try new things, speak openly, and be bold, we invite you to apply today.*","","https://it.indeed.com/cmp/Recordati-S.p.a","https://d2q79iu7y748jz.cloudfront.net/s/_squarelogo/256x256/a2c578a547380a1163c00ca20b421075","https://www.recordati.it/","","","","","","","","","","","translational research"
"in-bdf99dd30e2b5a85","indeed","https://it.indeed.com/viewjob?jk=bdf99dd30e2b5a85","https://joblink.allibo.com/ats3/job-offer.aspx?DM=1959&ID=109790&LN=IT&SG=3&FT=10&MD=1","PRE OR POST-DOCTORAL POSITION","Ospedale San Raffaele","Milano, LOM, IT","2026-09-22","","","","","","",False,"","","","","IRCCS San Raffaele Scientific Institute in Milan, Italy, is looking for a Pre or Post\-Doctoral Fellow to join the Biology of Myelin Unit, led by Dr. Maurizio D’Antonio. (https://research.hsr.it/en/divisions/genetics\-and\-cell\-biology/biology\-of\-myelin.html)
  
  

**Main activities:**  

Our research unit is dedicated to unravelling the molecular mechanisms underlying Charcot\-Marie\-Tooth (CMT) diseases, with a specific focus on the genetic and pharmacological modulation of stress pathways, axonal degeneration, and gene editing strategies. We have developed a cohort of genetically modified mice carrying mutations in MPZ and PMP22, which we use to systematically investigate disease mechanisms and identify therapeutic avenues. Our main areas of focus include protein misfolding, the Unfolded Protein Response (UPR), and pathways that lead to axonal degeneration. In particular In previous work we have demonstrated how a significant number of mutant proteins causing CMT are retained in the endoplasmic reticulum where they activate a UPR, and we have demonstrated how modulation of this pathway may provide benefit in disease models (D’Antonio et al., J. Exp Med: , 2013; Das et al., Science, 2015; Bai et al., Mol. Neurobiol: , 2022, Touiver et al., Brain, 2025\).
  
  

**More details at:** https://pubmed.ncbi.nlm.nih.gov/?term\=d%27antonio\+maurizio\&sort\=date
  
  

The successful candidate will play an integral role in ongoing projects that aim to identify novel therapeutic strategies. The position offers an exciting opportunity to work in a dynamic, collaborative, and cutting\-edge research environment.
  
  

**Who we are looking for:**  

**The ideal candidate should have:**  

A Ph.D. in a relevant subject (e.g., cell or molecular biology, or in a related field of the life sciences); more junior candidates will also be considered.
  
Strong motivation for basic and translational research.
  
Expertise in cellular and molecular biology.
  
Experience with animal handling will be considered a plus.
  
  

**Work details:**  

**Type of contract:** co.co.co.
  
**Duration:** 1\-year renewable.
  
**RAL:** 25\.000 – 32\.000€ (depending on experience).
  
**Place of work:** Ospedale San Raffaele, Biology of Myelin Unit.
  
  

At San Raffaele Scientific Institute, a world\-renowned center of excellence for clinical and scientific activities, we believe that considering diversity and promoting an open and inclusive environment is crucial to our success. We are committed to ensure that equal employment opportunities are provided and based on merit without regard to age, religion, sex, disability, medical condition, sexual orientation, cultural and social backgrounds, gender identity or expression, national or ethnic origin, or any other legally recognized status entitled to protection under applicable laws. We offer attractive conditions and rewards appropriate to an internationally competitive research organization.","","https://it.indeed.com/cmp/Ospedale-SAN-Raffaele","https://d2q79iu7y748jz.cloudfront.net/s/_squarelogo/256x256/2b4c133da2c71842823c4b4ba72e6973","https://www.hsr.it","Milan","1,001 to 5,000","","","","","","","","","translational research"
"in-0959ce2883d8a137","indeed","https://it.indeed.com/viewjob?jk=0959ce2883d8a137","https://zeissgroup.wd3.myworkdayjobs.com/en-US/External/job/Castiglione-Olona/Product-Injection-Expert_JR_1053370","Product Injection Expert","ZEISS Group","Castiglione Olona, LOM, IT","2026-09-23","fulltime","","","","","",True,"","","","","**About the Company**

  

ZEISS is technology and innovation. Founded in Germany, in 1846, ZEISS is an internationally leading technology enterprise operating in the optics and optoelectronics industries across 50 countries. As a company wholly owned by a foundation, ZEISS is committed to responsibility in all its activities. As a pioneer in scientific optics, its employees across the globe continue to push the boundaries of what is possible. With a strong focus on quality and innovation, ZEISS creates value for its customers and helps shape new ways of seeing the world.  



  

**About the Role**

  

We’re looking for an Injection Product Expert to join us in Castiglione Olona, Varese, Italy. Within our Product Development organisation, you will work across Engineering, Production, Quality, Regulatory Affairs, Logistics and Product teams to support the successful development and industrialisation of injection\-molded Sun Lens products. As Injection Product Expert, you will manage the development of injection\-molded Sun Lens products, taking responsibility for projects from initial technical feasibility through to production readiness and successful market introduction.  



  

**Responsibilities**

  

* The role of Injection Product Expert will involve:
* Managing the end\-to\-end New Product Development process for thermoplastic injection molding projects, including new molds, materials, lens thicknesses, inserts and product changes.
* Driving development cycles for thermoplastic materials, including Polycarbonate and Polyamide, and assessing their suitability for new product applications.
* Conducting technical feasibility assessments and defining testing, qualification, validation and industrialization plans in collaboration with Engineering, Quality and Regulatory Affairs.
* Leading cross\-functional coordination between Product Development, Production, Logistics and Engineering to ensure development schedules and product release deadlines are achieved.
* Driving production readiness for new injected product launches and ensuring Time\-to\-Market targets are met, working with Key Account Managers and customers when required.
* Leading product testing activities in partnership with the Product Team and working with Quality to establish appropriate product specifications.
* Investigating non\-conformities and development failures alongside Engineering, applying Six Sigma methodologies, Design of Experiments and Minitab analysis where appropriate.
* Tracking and documenting development progress through internal company systems and portals, including Friday and the NPR portal.

**Qualifications**

  

* Your Experience
* A university degree in a scientific or technical discipline, ideally Materials Science, Mechanical Engineering or a related field.
At least 2–3 years’ professional experience within an injection molding environment.  
* 

  

**Required Skills**

  

* Good knowledge of thermoplastic materials and injection molding processes.
* Good knowledge of project management, with the ability to coordinate multiple development activities and stakeholders.
* Strong organisational skills, with experience of industrial resource planning, prioritization and task management.
* Strong relationship\-building, negotiation and communication skills, with the ability to work effectively across multidisciplinary teams.
* Good proficiency in both Italian and English.
Good working knowledge of Microsoft Office.  
* 

  

**Preferred Skills**

  

* It would be desirable if you had:
* Approximately five years’ experience within injection molding or a related manufacturing environment.
* Experience using Minitab and applying Six Sigma methodologies, including Design of Experiments.
Experience supporting the industrialization and launch of thermoplastic injection\-molded products.  
* 

  

**Pay range and compensation package**

  

If you join ZEISS, you will have access to a range of benefits, including:  



  

* Salary: 30,000€ \- 45,000€ base salary
* Bonus: Attendance, Production and Performance related
* General Welfare Benefits
* Subsidized canteed
Smart Working (3 days in the office, 2 days smart working)  
* 

  

Role Details  



  

The role is based in Castiglione Olona and will require flexibility to travel, including both short\- and long\-range business travel. Apply now to take the next step in joining ZEISS, where you can push technological boundaries, shape markets and contribute to the advancement of society.  



  

*ZEISS is committed to responsibility in all its activities and to creating an inclusive work environment. All qualified applicants will receive consideration for employment without regard to any protected characteristic, and ZEISS encourages applications from candidates of all backgrounds who want to contribute to pushing the boundaries of what is possible.*

Your ZEISS Recruiting Team:


Lameez Peer","","https://it.indeed.com/cmp/Zeiss-Group","https://d2q79iu7y748jz.cloudfront.net/s/_squarelogo/256x256/3a382065567ca4d6043fb73967b72a70","http://www.zeiss.de","Oberkochen","10,000+","more than $10B (USD)","ZEISS is one of the global leaders in the optical and optoelectronic industries and has been enabling technological progress for 170 years.","","","","","","","scientific affairs"
"in-bf13f110ad96ed4c","indeed","https://it.indeed.com/viewjob?jk=bf13f110ad96ed4c","https://careers.amd.com/jobs/92392/job?utm_source=indeed_integration&iis=Job%20Board&iisn=Indeed&indeed-apply-token=73a2d2b2a8d6d5c0a62696875eaebd669103652d3f0c2cd5445d3e66b1592b0f","Staff Layout Engineer","AMD","Milano, LOM, IT","2026-09-25","","","","","","",True,"","","","","Overview:
**ADVANCE YOUR CAREER. ADVANCE THE WORLD.**
At AMD, we believe technology has the power to solve the world’s most important challenges. From advancing healthcare and scientific discovery to powering AI and the technologies people rely on every day, innovation at AMD is shaping the future.  

Whether you’re designing next\-gen processors, enabling AI breakthroughs, or bringing leading edge products to market, every role at AMD contributes to something bigger — technology that moves the world forward. Join us and, together, we’ll advance your career.
Responsibilities:
**STAFF LAYOUT DESIGN ENGINEER** **THE ROLE:**
The AMD SerDes Technology Group develops high\-performance, multi\-protocol wireline transceivers in state\-of\-the\-art CMOS process. We are currently seeking an experience analog/mixed\-signal layout design engineer to join our world\-class team in the development of SerDes solutions to facilitate the future connectivity of AMD CPU and GPU products. **THE PERSON:**
You have a passion for high speed layout design with innovative and creative ideas to solve complex design challenges. You are a team player who has excellent communication skills and experience collaborating with other engineers located in different sites/time zones. You have strong analytical and problem\-solving skills, and are willing to learn, and ready to take on problems.  

**KEY RESPONSIBILITIES:*** Layout design of high speed and high performance SerDes analog mixed signal circuit in accordance to project requirements and specifications.
* Block level physical implementation which includes floor\-planning, power distribution network, clock and signal routing, analog and mixed signal transistor level layout.
* Participate in post\-layout circuit performance analysis.
* Participate in block/IP/chip level integration activities.
* Estimate realistic schedule, track and report clear progress and status.
* Strong participation in defining layout methodology and flow.
* Driving layout productivity improvement initiatives (i.e., pcell development and automation).
* Other responsibilities which include supervision of layout resources (onsite and offsite), assessing and correcting layout quality issues, and providing feedback to design teams.

 **PREFERRED EXPERIENCE:*** Good understanding of analog and mixed signal layout fundamentals, IR, EM, self and coupling capacitances, RC delay and self\-heating.
* Good understanding of high speed critical signal routing and shielding.
* Strong in physical design verifications (LVS/DRC/ERC/ANT/ESD/etc.).
* Familiarity with circuit design concepts/flows and IC manufacturing processes.
* Experience in layout of high\-speed SerDes blocks and PLLs in advanced Fin\-FET process is a plus.
* Experience with digital on top integration flow or digital SOC flow is a benefit.
* Experience with Cadence SKILL and other programming is a benefit (Perl, Python, Tcl, etc.).
* Ability to work closely with the remote \& different time zones design teams.
* Excellent team player and good communication skills.

 **ACADEMIC CREDENTIALS:*** Bachelors or Masters degree in Computer Engineering/Electrical Engineering.


\#LI\-PL1


\#LI\-REMOTE

  


Qualifications:
*Benefits offered are described:* AMD benefits at a glance. *AMD does not accept unsolicited resumes from headhunters, recruitment agencies, or fee\-based recruitment services. AMD and its subsidiaries are equal opportunity, inclusive employers and will consider all applicants without regard to age, ancestry, color, marital status, medical condition, mental or physical disability, national origin, race, religion, political and/or third\-party affiliation, sex, pregnancy, sexual orientation, gender identity, military or veteran status, or any other characteristic protected by law. We encourage applications from all qualified candidates and will accommodate applicants’ needs under the respective laws throughout all stages of the recruitment and selection process.* *AMD may use Artificial Intelligence to help screen, assess or select applicants for this position. AMD’s “Responsible AI Policy” is available* *here.* *This posting is for an existing vacancy.*","Computers And Electronics","https://it.indeed.com/cmp/Amd","https://d2q79iu7y748jz.cloudfront.net/s/_squarelogo/256x256/0d88c8b7ad753413e8139d134955d34d","http://www.amd.com/","Sunnyvale, California","5,001 to 10,000","$5B to $10B (USD)","","","","","","","","medical communication"
"in-23b1af9ee6f5b6b1","indeed","https://it.indeed.com/viewjob?jk=23b1af9ee6f5b6b1","https://dianax.eu/job-description-system-integration-engineer/","System Integration Engineer","Dianax","Milano, LOM, IT","2026-09-22","","","","","","",False,"","","","","### **Profile**


The company needs a system integration engineer with at least five years’ experience in systems development and project management preferably in a medical device company.


### **Professional Abilities**


The successful candidate will work in a group developing portable/mobile diagnostic equipment, located in Milan (Italy), under the direct supervision of the CTO; his main responsibility will be coordination of system integration and project management. He/She will interface the internal development group and the OEM companies developing system electronics and software to drive and monitor the development of the whole diagnostic system integrating Lab\-on\-Chip technology with electronics, software and industrial design.


He/She will also manage the developing timeline, in pace with the company objectives.


### **Education**


The ideal candidate has a PhD or an Italian second level Laurea degree in electronic engineering or software engineering with hardware specialization and at least 7\-10 years of industrial experience in structured organizations. An experience in electronic system integration and in drafting development requirements and project management is required. Experience in the qualification process and industrialization of electronic devices is considered a plus.


**Main Responsibility**


He/she will be responsible for driving the project execution of the new devices in the product portfolio pipeline, coordinating the technical requirements specification documents, the project planning execution and monitoring, the project cost and timeline management.


He/she will collaborate with CTO to define the project pipeline priority.


He/she will coordinate the activity of the project teams, the internal development team and the external sub\-contractors and suppliers.


**Skills \& Competency**


A flexible mindset and a strong team working capability are required in Dianax interdisciplinary environment. He/she should also have a sound level of soft skills and competency as follows:


* System Architecture design and specification
* Planning and organization
* Electronics and SW specifications
* Analysis of problems and synthesis
* Leadership
* Teamwork
* Negotiation
* Communication
* Result Orientation

A good knowledge and fluently spoken and written English is required.


The company offers a permanent position under a national work contract.","","https://it.indeed.com/cmp/Dianax","https://d2q79iu7y748jz.cloudfront.net/s/_squarelogo/256x256/b740ed22657f3c6b78902d1234a4eac7","","","","","","","","","","","","medical communication"
"in-cba63052a1281bae","indeed","https://it.indeed.com/viewjob?jk=cba63052a1281bae","https://grnh.se/bn98alil3us","Senior Threat Intelligence Researcher","SentinelOne","Milano, LOM, IT","2026-09-22","","","","","","",True,"","","","","### **Our Purpose**

  


At SentinelOne, we are driven by a clear purpose: to give the advantage to those who secure our future. As AI reshapes how organizations build, operate, and innovate, the responsibility to protect them becomes more critical than ever. When you join SentinelOne, your work helps protect global enterprises, critical infrastructure, and the technologies shaping tomorrow. If you are motivated by meaningful challenges and want your impact to be real, measurable, and global, you will find purpose here.


### **About Us**

  


SentinelOne is a company at the intersection of AI and security, pioneering a new operating model for cybersecurity. Our AI\-native platform unifies protection across endpoint, cloud, identity, data, and AI systems to deliver autonomous detection and response with clarity and speed. By combining real\-time analytics, intelligent automation, and a unified data foundation, we reduce noise, simplify complexity, and empower security teams to focus on what truly matters.



Our teams are builders, problem\-solvers, and innovators committed to shaping the future of security. If you are excited to solve hard problems alongside talented, mission\-driven people, we invite you to help us build a safer future for humanity.


### **What Are We Looking For?**



We're looking for people who are relentlessly curious and committed to continuous learning. AI is reshaping every function across our business, and we enable every team member, regardless of role or level, to build fluency in AI tools and concepts. Those who thrive here actively seek out new solutions, experiment thoughtfully, and apply what they learn to drive better, faster, smarter outcomes.


As a Senior Threat Intelligence Researcher, you will be tasked with leading deep\-dive investigations into both emerging and known threats, while maintaining a vigilant watch over malware developments to ensure defenses remain a step ahead of evolving attack methods. You will synthesize complex data into actionable intelligence and provide senior management with the clear briefings necessary to understand and mitigate potential risks. You will also develop refined hunting strategies to adapt to and anticipate shifts in threat actor tactics and techniques, and track adversary infrastructure to effectively counteract shifts in threat actor tradecraft through detail\-oriented investigation.


### **What Will You Do?**



Primary responsibilities include:


* Synthesize complex data, from internal hunt findings to intelligence gathered from dark web forums, leak sites, and research repositories, into actionable threat briefings and risk assessments for security leadership and senior stakeholders.
* Lead in\-depth, hypothesis\-driven threat hunts across internal networks, cloud environments, and endpoints to uncover sophisticated intrusions that evade traditional security controls.
* Map threat actor footprints internally by pivoting through EDR telemetry.
* Analyze adversary tactics, techniques, and procedures (TTPs) within the environment, identifying shifts in execution, persistence, and lateral movement.
* Trace adversary infrastructure externally by pivoting through domain registrations, SSL certificates, and passive DNS.

### **What Skills and Knowledge Will You Bring?**



Ideal candidates will have:


* A background in threat intelligence or threat hunting.
* Knowledge of the cyber threat landscape, including threat actors and their tactics, techniques, and procedures (TTPs).
* Strong analytical skills, with the ability to identify patterns and trends in large datasets.
* Knowledge of how our products operate internally and how to maximize their telemetry.
* Strong knowledge of YARA to track new malware families, along with knowledge of validation best practices.
* An understanding of software vulnerabilities and the ability to implement internal hunting strategies to track their exploitation across the estate.
* Knowledge of MITRE ATT\&CK, CISA KEV, EPSS, AMITT, and MISP Galaxy.
* Knowledge of malware analysis tools and techniques, including static and dynamic analysis, sandboxing, and debugging.
* Technical writing and content development skills.
* A solid technical understanding of how EDR works is preferred.
* Relevant certifications, such as Certified Malware Analyst (CMA), Certified Reverse Engineering Analyst (CREA), or GIAC Certified Malware Reverse Engineer (GREM), are preferred.

### **Why SentinelOne?**



AI is redefining how the world operates and rewriting the rules of security in real time, and SentinelOne was built for this moment. From day one, we architected an AI\-native platform designed to operate at machine speed, not as an add\-on to legacy systems but as the foundation itself. If you want to build where innovation and impact move together, this is that place.



We invest in our Sentinels with comprehensive, competitive benefits designed to support you and your family:


**Equity \& Rewards**


* Restricted Stock Units (RSUs)
* Employee Stock Purchase Plan (ESPP)


**Time Off \& Wellbeing**


* Competitive leave benefits
* Gender\-neutral parental leave


**Insurance \& Financial Security**


* Medical and insurance benefits
* Pension
* Employee Assistance Program (EAP)


**Work Perks \& Flexibility**


* Global home office allowance
* Mobile phone reimbursement

  

SentinelOne is proud to be an Equal Employment Opportunity and Affirmative Action employer. We do not discriminate based upon race, religion, color, national origin, gender (including pregnancy, childbirth, or related medical conditions), sexual orientation, gender identity, gender expression, age, status as a protected veteran, status as an individual with a disability, or other applicable legally protected characteristics.



SentinelOne participates in the E\-Verify Program for all U.S. based roles.","","https://it.indeed.com/cmp/Sentinelone","https://d2q79iu7y748jz.cloudfront.net/s/_squarelogo/256x256/e46efa1e574f1754cbe73b576eb62b82","http://www.sentinelone.com","Mountain View, CA","1,001 to 5,000","Decline to state"," At SentinelOne, we exist for those who protect what matters most. We believe security should be intelligent, unified, and always on.","","","","","","","medical writing"
"li-4469449025","linkedin","https://www.linkedin.com/jobs/view/4469449025","","Regulatory Affairs Analyst","IQVIA","Milan, Lombardy, Italy","2026-09-23","","","","","","",False,"","","","","","","https://www.linkedin.com/company/iqvia","","","","","","","","","","","","","medical writing"
"in-19d69b650c97a35e","indeed","https://it.indeed.com/viewjob?jk=19d69b650c97a35e","https://jsv3.recruitics.com/redirect?rx_cid=3436&rx_jobId=R-01367556&rx_url=https%3A%2F%2Fjobs.thermofisher.com%2Fglobal%2Fen%2Fjob%2FR-01367556%2FField-Service-Engineer-North%3Frx_a%3D0%26rx_c%3D%26rx_ch%3Djobp4p%26rx_group%3D123525%26rx_id%3D473a794b-b835-11f1-bcc3-b30e3c1bab1e%26rx_job%3DR-01367556%26rx_medium%3Dcpc%26rx_r%3Dnone%26rx_source%3Dindeed%26rx_ts%3D20260926T100412Z%26rx_vp%3Dcpc%26utm_medium%3Dppc%26utm_source%3Drecruitics_indeedorganic","Field Service Engineer North","Thermo Fisher Scientific","Milano, LOM, IT","2026-09-24","fulltime","","","","","",True,"","","","","**Work Schedule**


Standard (Mon\-Fri)**Environmental Conditions**


Laboratory Setting, Strong Odors (chemical, lubricants, biological products etc.)**Job Description**


Thermo Fisher Scientific Inc. is the world leader in serving science, with annual revenue of $40 billion. Our Mission is to enable our customers to make the world healthier, cleaner and safer. Whether our customers are accelerating life sciences research, solving complex analytical challenges, improving patient diagnostics and therapies or increasing productivity in their laboratories, we are here to support them.

 **Position Summary:**

  

The Binding Site part of Thermo Fisher Scientific Inc. seeks a Field Service Engineer for North Italy to provide top\-notch service and support for our products. This position is outstanding, enabling you to boost patient outcomes in multiple myeloma through your technical expertise and dedication providing specialized service and support on the installation, integration, servicing, repair, planned maintenance and troubleshooting leveraging product knowledge and technical competency

**A day in the life:**

* Be part of a dynamic and skilled team that enables our customers to successfully complete their important clinical work on the Binding Site part of Thermo Fisher Scientific, products portfolio.
* The Filed Service Engineer will ensure successful installation, system integration, validation, scheduled maintenance, upgrades, troubleshooting and repair of the systems and associated software.
* The role also involves provision of timely technical support to customers and colleagues including remote access support and cross\-functional technical investigation work \- efficiently diagnosing faults and restoring full system functionality.
* As an expert in their field, the Filed Service Engineer must be confident in participating in technical discussions on the product – both hardware and software.
* Perform scheduled preventative maintenance (PM) visits within the timeframes required.
* Complete service reports in Service CRM and ensure they are completed both fully and accurately.
* Maintain accurate records of spare parts, ensuring parts are used appropriately and support with spare part stock checks and reconciliation.
* Update instruments placed at customer laboratories with software and data management upgrades as required.
* Provide feedback to global product teams on instrument reliability and quality.
* Provide training courses of installation and maintenance to end\-user
* Make preliminary visits to laboratories to agree on positioning of the instrumentation, checking correct installation site and the need for any hydraulic/electric/logistic work.
* Support for interfacing LIS with the main company management tools
* Support and sponsor our middleware product, drawing on your in\-depth knowledge of networking and client/server dynamics

**Physical Requirements / Work Environment**

* This position will require working in a wide variety of clinical/hospital laboratories.


Technical training may be required periodically at the UK head office.


Keys to Success:

  

* Bachelor’s degree in biomedical engineering or a related field or equivalent experience.
* Proven experience in a scientific or engineering field (e.g., clinical/research laboratories, electronics, biotechnology, medical devices).
* Proven IT skills for laboratory middleware management.
* Strong technical competence and problem\-solving abilities
* Customer\-focused with excellent interpersonal skills.
* Proficiency in English and Italian – both written and verbal.
* Availability to travel at short notice and occasionally work weekends/unsociable hours (75 – 85% of working on field).
* Full driving license.

**What we offer:**

* A super team in which openness and team spirit are lived.
* A company car that can also be used privately.
* A job with an innovative employer.
* Outstanding development and career prospects in a globally growing company.
* A workplace culture in which integrity, involvement, intensity, and innovation are lived.


When your part of the team at Thermo Fisher Scientific, you’ll do important work, like helping customers in finding cures for cancer, protecting the environment, or making sure our food is safe. Your work will have real\-world impact, and you’ll be supported in achieving your career goals.  

  

As an employer, Thermo Fisher Scientific is committed to equal opportunity and cultural minority support and does not discriminate based on ethnic origin, color, religion, gender, sexual orientation, gender identity, national origin, disability, or legally protected status.


Join Thermo Fisher Scientific Inc. today and be part of a diverse and inclusive community dedicated to making the world healthier, cleaner, and safer. As an equal opportunity employer, we value individuals with diverse experiences, backgrounds, and perspectives. We are committed to providing reasonable accommodation for individuals with disabilities throughout the recruitment process. Please contact us to request accommodation and start your journey with us.","Industrial Manufacturing","https://it.indeed.com/cmp/Thermo-Fisher-Scientific","https://d2q79iu7y748jz.cloudfront.net/s/_squarelogo/256x256/65bd2e4bebb79b1432ac3277ffd57ae7","https://www.thermofisher.com/","168 Third Avenue, Waltham, MA USA 02451","10,000+","more than $10B (USD)","At Thermo Fisher Scientific, our professionals develop critical solutions—and build rewarding careers.","","","","","","","clinical development"
"in-f2cc84462e897746","indeed","https://it.indeed.com/viewjob?jk=f2cc84462e897746","https://jsv3.recruitics.com/redirect?rx_cid=3436&rx_jobId=R-01369465_1004&rx_url=https%3A%2F%2Fjobs.thermofisher.com%2Fglobal%2Fen%2Fjob%2FR-01369465%2FGlobal-Clinical-Integration-Lead-FSP-EMEA%3Frx_a%3D0%26rx_c%3D%26rx_ch%3Djobp4p%26rx_group%3D123525%26rx_id%3D7090ff04-b8fe-11f1-bc9a-67be21c489c3%26rx_job%3DR-01369465_1004%26rx_medium%3Dcpc%26rx_r%3Dnone%26rx_source%3Dindeed%26rx_ts%3D20260926T100412Z%26rx_vp%3Dcpc%26utm_medium%3Dppc%26utm_source%3Drecruitics_indeedorganic","Global Clinical Integration Lead - FSP EMEA","Thermo Fisher Scientific","Milano, LOM, IT","2026-09-24","fulltime","","","","","",False,"","","","","**Work Schedule**


Standard (Mon\-Fri)**Environmental Conditions**


Office**Job Description**

**JOB PURPOSE**


As a Global Clinical Integration Lead, you will provide strategic project and programme management support for complex business development, integration, separation and transition activities within Clinical Operations.


The role is focused on bringing structure and momentum to complex, high\-priority initiatives. You will simplify complex work, develop clear roadmaps, coordinate activities across functions and ensure priorities, risks, dependencies and deliverables are actively managed.

  

You will work closely with senior stakeholders across Business Development, Clinical Operations, Clinical Development and other relevant functions to ensure integration and separation activities are effectively planned and executed. You will represent Clinical Operations in high\-level cross\-functional discussions and help translate broader business objectives into clear, actionable deliverables.

  

You will lead and facilitate workshops, establish clear ownership and governance, coordinate cross\-functional stakeholders and, where required, directly lead the execution of selected initiatives. The role requires flexibility, strong judgement and the ability to operate effectively in fast\-moving and changing environments.

 **KEY RESPONSIBILITIES**

* Lead sub\-workstreams and/or discrete programmes of work relating to integration, separation, transition and partnership opportunities.
* Develop and manage clear project roadmaps, milestones, dependencies, risks and actions to ensure high\-priority initiatives remain on track.
* Provide senior leadership visibility of integration priorities, key risks, impacts, decisions and progress.
* Coordinate stakeholders across Clinical Operations, Business Development, Clinical Development and other relevant functions to drive effective cross\-functional execution.
* Facilitate workshops and working sessions to define transition plans, activities, ownership and timelines.
* Establish and manage cross\-functional working groups and governance forums, ensuring effective communication, alignment and escalation.
* Support the development and implementation of processes, guidance and written standards to improve consistency and efficiency across integration and post\-deal activities.
* Partner with internal teams and external vendors/partners to establish transition strategies, agree deliverables and manage execution.
* Identify, assess and mitigate project risks, issues and dependencies, ensuring appropriate escalation and resolution.
* Lead or support issue management, CAPA development/response and change control activities associated with integration and separation programmes, as required.
* Act as a subject matter expert for study delivery and integration/separation activities, contributing to broader Clinical Operations integration planning and execution.

 **EXPERIENCE AND QUALIFICATIONS**


Minimum Requirements

* Bachelor's degree in a scientific, business or related discipline.
* Strong project or programme management experience, ideally within a complex global organisation.
* Proven ability to manage high\-priority projects with multiple stakeholders, competing priorities and demanding timelines.
* Strong stakeholder management and communication skills, including the ability to engage effectively with senior stakeholders.
* Demonstrated ability to influence across a matrix organisation and drive outcomes without direct authority.
* Experience coordinating cross\-functional teams and managing complex dependencies, risks and issues.
* Experience managing vendors, CROs, external partners or other third parties.
* Proven ability to drive process improvement and establish structured ways of working.
* Strong organisational skills, attention to detail and the ability to translate complex information into clear plans and actions.


Preferred Experience

* Experience within Clinical Operations, clinical development, clinical study delivery or the broader life sciences environment.
* Experience supporting business development, integration, separation, divestment, transition or partnership activities.
* Experience developing written standards, processes, guidance or operating models.
* Experience in project management consulting, transformation, global process ownership or similar consulting\-style environments.
* Knowledge of clinical trial processes and study delivery.

 **KEY SKILLS AND ATTRIBUTES**

* Excellent project and programme management capability.
* Strong interpersonal and stakeholder management skills.
* Confident communication with senior leaders and cross\-functional stakeholders.
* Ability to simplify complex problems and create clear, practical roadmaps.
* Strong influencing and relationship\-building capability.
* Ability to manage multiple priorities in a fast\-paced and changing environment.
* Strong judgement, initiative, urgency, pragmatism and delivery focus.
* Ability to work effectively in a matrix environment and drive accountability across teams.
* Strong risk, issue and dependency management skills.
* Ability to deliver to demanding deadlines while maintaining quality.
* Strong vendor and external partner management capability.
* Proficiency with project management, planning, risk management and workshop facilitation tools.

 **LOCATION AND TRAVEL**


The role may require selective travel to support key integration activities. Some face\-to\-face interaction may be expected during the early stages of an integration, with travel becoming more limited thereafter based on business need and rationale.

 **ONBOARDING AND TRAINING**


The client organisation will provide the initial role\-specific content and training. Thermo Fisher FSP team members will subsequently support knowledge transfer and ongoing training using a train\-the\-trainer model.

 **ABOUT THE ROLE**


This is an opportunity to play a key role in complex, high\-visibility global integration programmes, helping teams navigate change, establish clear plans and deliver critical business priorities. The successful candidate will be comfortable entering new environments quickly, building stakeholder relationships, creating structure from ambiguity and driving execution across multiple functions.","Industrial Manufacturing","https://it.indeed.com/cmp/Thermo-Fisher-Scientific","https://d2q79iu7y748jz.cloudfront.net/s/_squarelogo/256x256/65bd2e4bebb79b1432ac3277ffd57ae7","https://www.thermofisher.com/","168 Third Avenue, Waltham, MA USA 02451","10,000+","more than $10B (USD)","At Thermo Fisher Scientific, our professionals develop critical solutions—and build rewarding careers.","","","","","","","clinical development"
"in-df18a4db09399a6c","indeed","https://it.indeed.com/viewjob?jk=df18a4db09399a6c","https://careers.zimmerbiomet.com/us/en/job/ZBUZBRUS12768EXTERNALENUS/TEMP-Order-Collection-Specialist?utm_source=indeed&utm_medium=phenom-feeds","TEMP Order Collection Specialist","Zimmer Biomet","Milano, LOM, IT","2026-09-24","","","","","","",False,"","","","","At Zimmer Biomet, we believe in pushing the boundaries of innovation and driving our mission forward. As a global medical technology leader for nearly 100 years, a patient’s mobility is enhanced by a Zimmer Biomet product or technology every 8 seconds.


As a Zimmer Biomet team member, you will share in our commitment to providing mobility and renewed life to people around the world. To support our talent team, we focus on development opportunities, robust employee resource groups (ERGs), a flexible working environment, location specific competitive total rewards, wellness incentives and a culture of recognition and performance awards. We are committed to creating an environment where every team member feels included, respected, empowered and recognised.

**What You Can Expect**
-----------------------



Siamo un’azienda leader nel settore medicale e ortopedico, impegnata a supportare quotidianamente ospedali e strutture sanitarie attraverso soluzioni innovative e un servizio di eccellenza.  

Per rafforzare il team Customer Experience, siamo alla ricerca di un Order Collection Specialist: figura chiave nel processo Order\-to\-Cash, responsabile del recupero degli ordini necessari alla corretta e tempestiva fatturazione delle forniture ospedaliere.  

La risorsa gestirà le attività di recupero e verifica degli ordini presso clienti ospedalieri, collaborando con funzioni interne e stakeholder esterni per assicurare la corretta acquisizione della documentazione necessaria alla fatturazione.  

Il ruolo richiede capacità analitiche, conoscenza delle dinamiche del settore ortopedico e familiarità con i processi di gestione di conto deposito, conto visione e movimentazione dei dispositivi medici.

##### **Retribuzione:**


La retribuzione indicata nel presente annuncio rappresenta la retribuzione annua lorda minima prevista per la posizione. La retribuzione finale sarà determinata in funzione dell’esperienza, delle competenze e delle qualifiche della persona selezionata, nel rispetto della normativa applicabile dell’Unione europea in materia di trasparenza retributiva e parità di retribuzione.

  

* CCNL applicabile: Contratto collettivo nazionale di lavoro per i dipendenti da aziende del Terziario, della Distribuzione e dei Servizi – codice CNEL H011
* Retribuzione annua lorda minima: € 27,113\.00
**How You'll Create Impact**
----------------------------


* Analizzare e monitorare le forniture in attesa di fatturazione presso un portafoglio dedicato di clienti ospedalieri.
* Verificare l’effettiva assenza degli ordini attraverso controlli incrociati su sistemi aziendali e documentazione disponibile.
* Predisporre e inviare report periodici ai clienti finalizzati al recupero degli ordini mancanti.
* Effettuare attività di ricerca e investigazione documentale utilizzando SAP e altri strumenti aziendali.
* Collaborare con Customer Experience, Sales Representative, Clinical Specialist e personale ospedaliero per la risoluzione delle anomalie.
* Completare il processo concludendo la fatturazione degli ordini recuperati attraverso la propria attività.
**What Makes You Stand Out**
----------------------------


* Esperienza pregressa in ruoli di Customer Experience, Order Management, Order Collection o attività amministrative legate alla fatturazione.
* Conoscenza dei processi ospedalieri e del settore Medical Devices/Ortopedia.
* Familiarità con i concetti di conto deposito, conto visione e gestione delle forniture ospedaliere.
* Buona conoscenza di SAP e delle principali transazioni per analisi, ricerca documentale e monitoraggio degli ordini.
* Buona conoscenza del pacchetto Office.
* Inglese B1/B2
**Your Background**
-------------------


* Forte attenzione al dettaglio e precisione operativa.
* Approccio analitico e orientato alla risoluzione dei problemi.
* Capacità di organizzare il lavoro in autonomia e gestire priorità multiple.
* Ottime capacità relazionali e comunicative.
* Attitudine al lavoro di squadra e alla collaborazione cross\-funzionale.
* Orientamento al cliente e al raggiungimento degli obiettivi.

 **What We Offer**

  

* Opportunità di entrare a far parte di una realtà leader nel settore healthcare.
* Ambiente dinamico e collaborativo.
* Possibilità di sviluppare competenze specialistiche nei processi Order\-to\-Cash e nel mondo dei dispositivi medici.
* Percorso di crescita professionale in un contesto internazionale.
**Physical Requirements**
-------------------------


**Travel Expectations**
-----------------------

  

EOE/M/F/Vet/Disability","","https://it.indeed.com/cmp/Zimmer-Biomet","https://d2q79iu7y748jz.cloudfront.net/s/_squarelogo/256x256/7157c9d0bf00c70c863d65f5729f721c","https://careers.zimmerbiomet.com/us/en/?utm_source=&utm_campaign=IndeedCompanyPage&utm_medium=IndeedCompanyPage","Warsaw, IN","10,000+","$5B to $10B (USD)","Alleviate pain and improve the quality of life for people around the world.","","","","","","","clinical development"
"in-6d1e97a1ee1e7d1c","indeed","https://it.indeed.com/viewjob?jk=6d1e97a1ee1e7d1c","https://jsv3.recruitics.com/redirect?rx_cid=3436&rx_jobId=R-01365986_1008&rx_url=https%3A%2F%2Fjobs.thermofisher.com%2Fglobal%2Fen%2Fjob%2FR-01365986%2FProject-Manager-Early-Development-Services%3Frx_a%3D0%26rx_c%3D%26rx_ch%3Djobp4p%26rx_group%3D123525%26rx_id%3D92d8de27-b76b-11f1-a43c-0f63149fbe47%26rx_job%3DR-01365986_1008%26rx_medium%3Dcpc%26rx_r%3Dnone%26rx_source%3Dindeed%26rx_ts%3D20260926T100412Z%26rx_vp%3Dcpc%26utm_medium%3Dppc%26utm_source%3Drecruitics_indeedorganic","Project Manager - Early Development Services","Thermo Fisher Scientific","Milano, LOM, IT","2026-09-22","fulltime","","","","","",False,"","","","","**Work Schedule**


Standard (Mon\-Fri)**Environmental Conditions**


Office**Job Description**

  

We are seeking a **(Sr) Project Manage**r to join our **Early Development Services Team** in the **EMEA region**. We seek Phase I experience for this role.

  

The Project Manager serves as the Project Lead and primary sponsor contact and is accountable for the overall delivery of the project (quality, time, cost) on behalf of the organization. Additionally, the Project Manager establishes and communicates customer expectations to the project team and ensures that escalation pathways are adhered to internally and externally. The role involves leading the cross functional project team to meet or exceed deliverables.  

  

**What You'll Do:**  

* Serve as the primary contact between the sponsor and the organization at the project level.
* Ensure escalation pathways adhered to internally and externally (Rules of Engagement – communication pathways).
* On projects where the scope requires, ensure clear delineation in responsibilities and communication pathways for secondary project leads (such as lead in a specific region, lead for a specific vendor(s) or subset of delivery).
* Accountable for the overall delivery of the cross\-functional project (time, cost, quality).
* Ensure financial stewardship at a project level by demonstrating an intimate understanding of the contract, resource alignment to budget, management of Out of Scope activity, drive the Con Mod process/negotiations and team execution to timelines.
* Establish, communicate and manage customer expectations to achieve optimal delivery during the project
* Drive Risk Identification and Issue Resolution at project level (RBQM/RESOLVE).
* Ensure project team compliance with organization policies, SOPs, ICH\- GCP, regulatory and project specific requirements.

  

**Education \& Experience Requirements:**  

* Bachelor's degree or equivalent and relevant formal academic / vocational qualification
* Previous experience that provides the knowledge, skills, and abilities to perform the job (comparable to 8\+ years’).

  

*Years of experience refers to typical years of related experience needed to gain the required knowledge, skills, and abilities necessary to perform the essential functions of the job. Years of experience are not to be used as the only determining factor in establishing the job class or making employment selection decisions.*  

  

**Knowledge, Skills, Abilities:**  

* Technical and systems competency, such as computer skills, to include effective use of systems and applications such as Microsoft Outlook, Word, Excel and PowerPoint, as well as organization systems (CTMS, Preclarus, Clarity)
* Ability to delegate and effectively prioritize own and workload of project team members in a frequently changing environment
* Effective oral and written communication and presentation skills
* Proactive, solutions oriented and adaptable to changing priorities and situations
* Advanced therapeutic area knowledge and clinical development guidelines and directives
* Strong understanding of the key principles of project management (time, quality, cost), including solid financial acumen
* Sound interpersonal and customer service skills, including the ability to lead, motivate and coordinate cross\-functional project teams
* Good judgment and decision making skills and capable of applying critical and analytical strategic thinking skills to manage complex/ambiguous situations
* Ability to negotiate, persuade and influence others, including a cross cultural awareness.

  

**Working Conditions and Environment:**  

* Work is performed in an office/ laboratory and/or a clinical environment.
* Exposure to biological fluids with potential exposure to infectious organisms.
* Exposure to electrical office equipment.
* Personal protective equipment required such as protective eyewear, garments and gloves.

  

**Why Join Us?**  

  

When you join Thermo Fisher Scientific, you become part of a global team that values passion, innovation, and a commitment to scientific excellence. You’ll work in an environment where collaboration and development are part of the everyday experience—and where your contributions truly make a difference.  

  

Apply today to help us deliver tomorrow’s breakthroughs.","Industrial Manufacturing","https://it.indeed.com/cmp/Thermo-Fisher-Scientific","https://d2q79iu7y748jz.cloudfront.net/s/_squarelogo/256x256/65bd2e4bebb79b1432ac3277ffd57ae7","https://www.thermofisher.com/","168 Third Avenue, Waltham, MA USA 02451","10,000+","more than $10B (USD)","At Thermo Fisher Scientific, our professionals develop critical solutions—and build rewarding careers.","","","","","","","clinical development"
"li-4469855465","linkedin","https://www.linkedin.com/jobs/view/4469855465","","QA & RA Specialist - Medical Devices","Lavoropiù SpA","Varese, Lombardy, Italy","2026-09-21","","","","","","",False,"","","","","","","https://it.linkedin.com/company/lavoropiu-spa","","","","","","","","","","","","","medical device specialist"
"in-7bcf980d756e2d4f","indeed","https://it.indeed.com/viewjob?jk=7bcf980d756e2d4f","https://careers.astrazeneca.com/job/basiglio/account-business-manager-linea-lung-lazio-campania/7684/101129511152","Account Business Manager Linea Lung (Lazio, Campania)","AstraZeneca","Basiglio, LOM, IT","2026-09-25","fulltime","","","","","",False,"","","","","**Location** Basiglio, Lombardy, Italy **Job ID** R\-258939 **Date posted** 24/09/2026
  
Se sei interessato alle opportunità che la scienza può offrire per migliorare la vita dei pazienti e per metterti alla prova, AstraZeneca è l’azienda che fa per te! In AstraZeneca crediamo nel potenziale delle nostre persone alle quali offriamo percorsi di sviluppo personali affinché possano rafforzare le proprie competenze e raggiungere i loro traguardi. Come **Account Business Manager Oncology Lung (Lazio, Campania)** ricoprirai un ruolo fondamentale nel canalizzare le nostre capacità scientifiche e avere un impatto positivo sulla vita dei pazienti. AstraZeneca ha una tradizione ben radicata nel campo dell'oncologia, con un portafoglio in rapida crescita, ed un'ampia pipeline di small molecules e farmaci biologici in sviluppo. La visione di AstraZeneca in questa area terapeutica è di ridefinire il paradigma di trattamento delle patologie oncologiche per riuscire, un giorno, ad eliminare il cancro come causa di morte. **PRINCIPALI RESPONSABILITA’ E ATTIVITA’** Riportando all’ Head of Business Lung sarai responsabile dei risultati commerciali del portafoglio Oncologia e del raggiungimento degli obiettivi di business assegnati alla tua area di competenza attraverso: · Definizione di piani territoriali (Account Plan) focalizzati sui principali Account gestiti nel proprio territorio, allocando risorse economiche e coordinando il team territoriale cross funzionale (MSL, RAM, LAM,DXL) in coerenza con la Brand Strategy · Identificazione per ogni Account delle potenzialità di crescita nei differenti segmenti partecipando al processo di forecasting del/dei brand · Gestione e allocazione efficace delle risorse economiche assegnate · Gestione della propria area territoriale coordinando le risorse del team cross funzionale garantendo l’implementazione del piano strategico nel contesto dell’alleanza commerciale in corso · Coordinamento del team di Informatori Scientifici del proprio territorio e della propria Linea a cui trasferire le strategie e linee guida aziendali, promuovendo comportamenti organizzativi coerenti · Definizione dei piani di sviluppo dei propri collaboratori relativamente alle loro competenze tecniche e comportamentali e piani di coaching finalizzati al miglioramento delle prestazioni · Svolgimento delle proprie attività in linea con il Codice Etico di AstraZeneca, con il Modello di organizzazione gestione e controllo, nonché con le procedure operative di AstraZeneca e nel rispetto delle normative nazionali e regionali **REQUISITI** Laurea scientifica o economica Significativa esperienza nel settore farmaceutico maturata in ruoli di sales in ambito Oncologico con preferibile esperienza nell’ambito del tumore del polmone e/o altre aree altamente specialistiche Capacità di esprimere una leadership cross\-funzionale e di influenzare senior stakeholders all’interno dell’azienda Profonda comprensione del mercato di riferimento e conoscenza delle logiche di account management Forte orientamento al raggiungimento dei risultati Ottime capacità di instaurare e sviluppare una proficua collaborazione anche a lungo termine con gli interlocutori interni ed esterni all’azienda Ottime capacità organizzative e di pianificazione (Project Management) Ottima capacità di gestione del budget Ottime capacità di comunicazione e di presentazione in pubblico Ottime capacità di negoziazione e di problem solving Ottima conoscenza dei supporti informatici (in particolare Excel e PowerPoint) Buona conoscenza della lingua inglese parlata e scritta Domicilio nel territorio di competenzaAstraZeneca promuove la diversità e l’equità. Ci impegniamo a costruire un team inclusivo e diversificato, capace di valorizzare una pluralità di esperienze, competenze e prospettive diverse. Siamo convinti che un ambiente di lavoro inclusivo favorisca la collaborazione, l’innovazione e l’eccellenza. Il nostro processo di selezione è aperto a persone di ogni genere e provenienza, senza alcuna discriminazione basata su orientamento sessuale, età, religione, origine o altre caratteristiche personali. Valutiamo attentamente tutte le candidature, comprese quelle presentate da candidati appartenenti alle Categorie Protette ai sensi della Legge 68/99 (Art. 1 e Art. 18\).**Perché AstraZeneca**Qui stiamo cambiando il modo di trattare il cancro, spostando il focus sui risultati e sull’intero percorso del paziente: dalla diagnosi precoce alla sopravvivenza. Lavorerai su una pipeline ampia e innovativa, con scienza d’avanguardia e combinazioni di precision medicine, in un contesto che unisce mentalità imprenditoriale e rigore scientifico. Decisioni rapide, investimenti mirati e co\-creazione sono la norma: team diversi nella stessa stanza liberano idee coraggiose e la tua voce ha impatto reale. Valorizziamo la gentilezza insieme all’ambizione, ti diamo fiducia per sperimentare, imparare velocemente e vedere da vicino la differenza che crei per i pazienti.**Call to action**Prendi il timone della crescita in Lazio e Campania e contribuisci a portare terapie che cambiano la vita a più pazienti: invia la tua candidatura oggi e guida con noi la prossima ondata di trasformazione in oncologia **La nostra offerta**Fascia retributiva: da 83\.345,60€ a 125\.018,40€ annuiLivello contrattuale: A1 CCNL: Chimico\-Farmaceutico Full\-time Contratto a tempo indeterminatoBenefit: Oltre alla Retribuzione Annua Lorda, prevediamo anche: Incentivi di vendita secondo le policy aziendali tempo per tempo vigenti e soggetto a revisione periodicaPremio di partecipazione Wellbeing benefits (welfare, assicurazioni, supporto psicologico etc)Auto aziendale La retribuzione finale sarà determinata in base a diversi fattori, tra cui, a titolo esemplificativo ma non esaustivo, competenze, esperienza, equità interna all’organizzazione ed altri fattori rilevanti.
**Date Posted**


25\-set\-2026
**Closing Date**


03\-ott\-2026
AstraZeneca embraces diversity and equality of opportunity. We are committed to building an inclusive and diverse team representing all backgrounds, with as wide a range of perspectives as possible, and harnessing industry\-leading skills. We believe that the more inclusive we are, the better our work will be. We welcome and consider applications to join our team from all qualified candidates, regardless of their characteristics. We comply with all applicable laws and regulations on non\-discrimination in employment (and recruitment), as well as work authorization and employment eligibility verification requirements.","","https://it.indeed.com/cmp/Astrazeneca","https://d2q79iu7y748jz.cloudfront.net/s/_squarelogo/256x256/f2c4573da9c8a5f3d23f2bc4e5da72a3","http://www.astrazeneca.com","Cambridge, England","10,000+","more than $10B (USD)","Build unrivalled capabilities in a place that promotes learning agility and offers development opportunities. We never standstill so you’ll have the chance to constantly grow your abilities.","","","","","","","MSL oncology"
