"id","site","job_url","job_url_direct","title","company","location","date_posted","job_type","salary_source","interval","min_amount","max_amount","currency","is_remote","job_level","job_function","listing_type","emails","description","company_industry","company_url","company_logo","company_url_direct","company_addresses","company_num_employees","company_revenue","company_description","skills","experience_range","company_rating","company_reviews_count","vacancy_count","work_from_home_type","search_term"
"in-4acb24edff7b067e","indeed","https://it.indeed.com/viewjob?jk=4acb24edff7b067e","https://jp.syneoshealth.com/careers/jobs/18270478-regional-msl-manager-neuroscience-europe","Regional MSL Manager, Neuroscience (Europe)","サイネオス・ヘルス","Milano, LOM, IT","2026-09-22","","","","","","",False,"","","","","**Updated:** Yesterday  

**Location:** Milan, Lombardy, Italy  

**Job ID:** 18502\-OTHLOC\-CALwYfwz


Not ready to apply?  

Join our Talent Network
**Description**


We are seeking an experienced and scientifically credible Regional MSL Manager to lead and support a team of Medical Science Liaisons across Europe within Neuroscience and Psychiatry.  

This role will focus on leveraging field medical expertise to accelerate clinical trial delivery through investigator engagement, site support, patient identification, enrolment, and retention initiatives for priority neuroscience programmes. The Regional MSL Manager will combine people leadership responsibilities with a strong operational focus, ensuring the field medical team effectively supports clinical development objectives whilst maintaining high\-quality scientific exchange with healthcare professionals and external stakeholders.


Working closely with Medical Affairs, Clinical Development, Clinical Operations, and external study partners, the successful candidate will lead strategies that enhance study site performance, support patient recruitment goals, and generate valuable scientific insights from the field. The individual will remain closely connected to field activities, providing coaching and support to MSLs while driving excellence in trial support, stakeholder engagement, compliance, and execution.  

This position offers an opportunity to lead a high\-performing field medical team while contributing directly to the successful execution of clinical programmes and improved outcomes for patients living with neurological and psychiatric disorders.

**Responsibilities**

* Lead, coach, and develop a team of Medical Science Liaisons across multiple European markets.
* Provide day\-to\-day line management, performance support, field coaching, and professional development for MSL team members.
* Develop and implement regional field medical strategies that support patient identification, enrolment, retention, and overall clinical trial execution.
* Partner closely with Clinical Development, Clinical Operations, and study teams to identify and address barriers to site activation and patient recruitment.
* Ensure MSLs maintain effective territory engagement plans with investigators, research centres, and referral networks to support study objectives.
* Support study feasibility assessments and site identification activities by leveraging scientific expertise and field insights.
* Facilitate compliant scientific engagement with Principal Investigators, study coordinators, healthcare professionals, and research site personnel.
* Accompany MSLs in the field to enhance scientific engagement capabilities and ensure consistent execution of best practices.
* Gather, analyse, and communicate actionable field insights relating to study execution, recruitment challenges, treatment pathways, and investigator needs.
* Work collaboratively with Medical Affairs, Clinical Development, Regulatory, Market Access, and Commercial teams to ensure aligned execution of programme objectives.
* Support clinical study steering committees, investigator meetings, advisory interactions, and other study\-related activities as appropriate.
* Define, monitor, and report key performance indicators related to field medical activities, site engagement, recruitment support, and team effectiveness.
* Support onboarding, training, and capability development programmes for new and existing MSL team members, including clinical trial support competencies.
* Ensure all activities are conducted in full compliance with applicable regulations, industry codes, Good Clinical Practice (GCP), pharmacovigilance requirements, and company policies.

**Requirements:**

* Advanced scientific degree (PharmD, PhD, MD, MBBS, MSc, or equivalent).
* Previous experience as a Medical Science Liaison with demonstrated success in a field medical role.
* Prior line management, team leadership, or mentoring experience within Medical Affairs, Clinical Development, or Field Medical organisations.
* Strong scientific knowledge within Neuroscience, Psychiatry, or related therapeutic areas.
* Experience supporting clinical research, clinical trial execution, site engagement, patient recruitment, or investigator\-sponsored studies.
* Working knowledge of clinical development processes, trial operations, and Good Clinical Practice (GCP).
* Experience collaborating with Clinical Operations, Clinical Development, and cross\-functional study teams.
* Proven ability to engage effectively with healthcare professionals, key opinion leaders, investigators, and research site personnel through scientific exchange.
* Ability to translate field insights into meaningful recommendations that support both Medical Affairs and Clinical Development objectives.
* Strong communication, coaching, leadership, and stakeholder management skills.
* Experience working within complex cross\-functional pharmaceutical or biotechnology environments.
* Solid understanding of compliance, pharmacovigilance, and ethical requirements governing medical activities and clinical research interactions.
* Ability to operate effectively across multiple countries and cultures within a matrix organisation.
* Fluency in English; additional European languages are advantageous.


Willingness to travel extensively across Europe. This role offers the opportunity to shape regional neuroscience strategy, lead diverse international medical teams, and drive scientific excellence across multiple global markets while improving outcomes for patients affected by neurological and psychiatric disorders.


At Syneos Health, we are dedicated to building a diverse, inclusive and authentic workplace. If your past experience doesn’t align perfectly, we encourage you to apply anyway. At times, we will consider transferable skills from previous roles. We also encourage you to join our Talent Network to stay connected to additional career opportunities.

**Why Syneos Health?** Here, the work is challenging, and the pace is exhilarating. By joining one of our commercial teams, you’re empowered to succeed with the support, resources, and autonomy that you need. The diversification and breadth of our new and existing partnerships create a multitude of career paths and employment opportunities. Syneos Health has launched more sales teams in the last 5 years across all major therapeutic areas than the top 25 pharma companies combined. Join our game\-changing, global company dedicated to creating better, smarter, faster ways to get biopharmaceutical therapies to patients. Experience the thrill of knowing that your everyday efforts are contributing to improving patients’ lives around the world.


Work Here Matters Everywhere \| How are you inspired to change lives?

*Syneos Health companies are affirmative action/equal opportunity employers (Minorities/Females/Veterans/Disabled)*

  

400006096","","https://it.indeed.com/cmp/%E3%82%B5%E3%82%A4%E3%83%8D%E3%82%AA%E3%82%B9-%E3%83%98%E3%83%AB%E3%82%B9","","","","","","","","","","","","","medical science liaison"
"in-b0479da792c0b874","indeed","https://it.indeed.com/viewjob?jk=b0479da792c0b874","https://biibhr.wd3.myworkdayjobs.com/en-US/external/job/Milan-Italy/Medical-Science-Liaison--Rare-Diseases--Emilia-Romagna--Marche--Abruzzo-e-Molise-_REQ24137","Medical Science Liaison, Rare Diseases (Emilia-Romagna, Marche, Abruzzo e Molise)","Biogen","Milano, LOM, IT","2026-09-16","fulltime","","","","","",False,"","","","","Role: **Medical Science Liaison**

Contract type: **Permanent / Full Time**

Area to cover: **Emilia\-Romagna, Marche, Abruzzo e Molise**

Residenza/Domicilio **: Emilia\- Romagna**

**Compensation package:**

* Annual Gross Salary: €58\.000 – €77\.500\. This salary range reflects the full\-time base salary we expect to offer for this role at the time of posting. The base salary will be determined based on several factors, including, but not limited to, relevant experience and skills acquired in the role.
* Variable bonus linked to performance objectives
* Occupational and non\-occupational accident insurance
* Life and permanent disability insurance (\>66%)
* Supplementary health insurance
* Welfare benefits
* Company car
* National Collective Labor Agreement (CCNL) for employees in the chemical, chemical\-pharmaceutical, fiber, abrasive, lubricants and LPG industries

**About the role:**

The Medical Science Liaison (MSL) provides field\-based medical/scientific expertise, ensuring appropriate understanding of the disease area and Biogen’s products, where relevant. As a key scientific interface between Biogen and the external medical community in the assigned territory, the MSL is integral to building valued and constructive partnerships with key stakeholders across the medical community and the healthcare system.


MSLs contribute to company success through internal and external medical education, medical/scientific information exchange and support, as well as by using their scientific expertise to gather medical insights and support research/data\-generation initiatives. Through field excellence, collaboration and sound understanding of the local healthcare environment, the MSL helps ensure that external perspectives are appropriately considered within Medical Affairs planning.


Operating with customer focus, clear commitment to ethics, quality and compliance, the MSL contributes to Biogen’s mission to advance scientific understanding and support improved outcomes for patients.


**Main accountabilities** :


* Engages in high\-quality scientific/medical exchange with HCPs and relevant stakeholders as appropriate, in line with local requirements, regulations and Biogen policies.
* Supports reactive scientific discussions within the product label and, where appropriate, broader disease\-area dialogue, wider medical/scientific literature exchange and legitimate interactions related to medicines in development.
* Gathers, interprets and shares medical insights from medical experts and thought leaders to inform Medical Affairs activities, lifecycle management, investigational compounds and potential research/data\-generation opportunities.
* Maintains up\-to\-date knowledge of therapy advances, current research, Biogen products and relevant disease areas, ensuring scientific discussions are accurate, balanced and aligned with the evolving treatment landscape.
* May support Medical Research activities and clinical research\-related interactions, in collaboration with Global Clinical Development Operations and other relevant functions, within agreed governance boundaries.
* Collaborates appropriately with internal functions, including Medical, Value \& Access, Pharmacovigilance, Regulatory Affairs, Marketing and Care Managers, to ensure aligned medical execution and effective cross\-functional contribution.
* Provides medical and scientific support to HCPs and other stakeholders who wish to present data on Biogen disease areas and related products, ensuring compliant scientific presentations and appropriate data dissemination.

**Qualifications \& Experience:**

* BSc in a relevant scientific discipline required; advanced terminal degree preferred, such as MD, PhD, PharmD or equivalent combination of education and experience.
* Desired minimum 2\+ years’ experience in one of the as a high\-specialty therapeutic areas (rare diseases, neurological disorders, genetics, Neurology, Immunology/Dermatology and/or Hematology from Medical Affairs, the pharmaceutical industry or medical practice.
* Demonstrated ability to engage and communicate complex medical information effectively.
* Understanding of health economics and of the pharmaceutical environment, including the role of Medical Affairs within the healthcare system is desirable.
* Technical knowledge in relevant therapeutic areas, with the ability to interpret, discuss and communicate complex scientific and clinical data in a clear, accurate and balanced manner.
* Ability to travel at least 60% of the time, including overnight and occasional weekend travel.
* Proven ability to work within local regulations, codes of practice and company policies, with strong interpersonal, communication, planning and cross\-functional collaboration skills.
* Strong strategic planning and insight generation skills.
* Proficiency in English with fluent proficiency preferred.

**Whistleblowing**

Biogen has established specific reporting channels and adopted a dedicated Whistleblowing Policy for the management of reports concerning unlawful conduct or irregularities, in compliance with Legislative Decree No. 24/2023 on the protection of persons who report breaches of European Union law (""Whistleblowing""). All relevant information is available on the Company's website at: https://www.biogenitalia.it/responsabilita\-sociale/reporting\-e\-principi.html **.**

  

Job Level: Management
**Why Biogen?**
---------------

We are a global team with a commitment to excellence, and a pioneering spirit. As a mid\-sized biotechnology company, we provide the stability and resources of a well\-established business while fostering an environment where individual contributions make a significant impact. Our team encompasses some of the most talented and passionate achievers who have unparalleled opportunities for learning, growth, and expanding their skills. Above all, we work together to deliver life\-changing medicines, with every role playing a vital part in our mission. Caring Deeply. Achieving Excellence. Changing Lives.  



  

At Biogen, we are committed to building on our culture of inclusion and belonging that reflects the communities where we operate and the patients we serve. We know that diverse backgrounds, cultures, and perspectives make us a stronger and more innovative company, and we are focused on building teams where every employee feels empowered and inspired. Read on to learn more about Biogen.  



  

All qualified applicants will receive consideration for employment without regard to sex, gender identity or expression, sexual orientation, marital status, race, color, national origin, ancestry, ethnicity, religion, age, veteran status, disability, genetic information or any other basis protected by federal, state or local law. Biogen is an E\-Verify Employer in the United States.","","https://it.indeed.com/cmp/Biogen","https://d2q79iu7y748jz.cloudfront.net/s/_squarelogo/256x256/ef1eab4c7089fed360a6c5e0bec260d4","http://www.biogen.com","Cambridge, MA","5,001 to 10,000","more than $10B (USD)","Headquartered in Cambridge, MA, Biogen is a biotechnology company working to advance first-in-class treatments or therapies that deliver superior outcomes.","","","","","","","medical science liaison"
"in-42f8fa731ef9becb","indeed","https://it.indeed.com/viewjob?jk=42f8fa731ef9becb","https://careers.zimmerbiomet.com/us/en/job/ZBUZBRUS12260EXTERNALENUS/QA-RA-Specialist?utm_source=indeed&utm_medium=phenom-feeds","QA/RA Specialist","Zimmer Biomet","Segrate, LOM, IT","2026-09-16","fulltime","","","","","",False,"","","","","At Zimmer Biomet, we believe in pushing the boundaries of innovation and driving our mission forward. As a global medical technology leader for nearly 100 years, a patient’s mobility is enhanced by a Zimmer Biomet product or technology every 8 seconds.


As a Zimmer Biomet team member, you will share in our commitment to providing mobility and renewed life to people around the world. To support our talent team, we focus on development opportunities, robust employee resource groups (ERGs), a flexible working environment, location specific competitive total rewards, wellness incentives and a culture of recognition and performance awards. We are committed to creating an environment where every team member feels included, respected, empowered and recognised.

**What You Can Expect**
-----------------------


* The QARA Specialist, as part of the EMEA Quality Commercial \& Distribution Team within the Commercial Organization, will be responsible for supporting the Quality Assurance \& Regulatory Affairs function of the assigned region.
* Ensure compliance with the requirements of ISO 13485 Quality Management System, appropriate company policies and any other ISO if applicable or required in country (i.e ISO9001, ISO14001, ISO37001 e.t.c).
* Ensure that local organization comply with industry specifications, standards and European as also in country regulations (i.e European Medical Device Regulation (EU) 2017/745\).

 **Compensation:**


The compensation indicated in this job posting represents the minimum annual salary for the position. Final remuneration will be determined based on the selected candidate’s experience, skills, and qualifications, in accordance with applicable EU pay transparency and pay equity requirements.


Applicable CCNL: National Collective Labour Agreement for employees of companies in the Tertiary, Distribution and Services sectors – CNEL code H011  

Minimum annual salary: 32,299\.00 €


Variable Pay: In addition to base salary, the total compensation package may include bonuses, benefits, and other incentives. Your recruiter will discuss these elements with you during the recruitment process.

##### **Principal Duties and Responsibilities:**

* Quality Management System (QMS) support
* Regulatory Compliance
* Complaint Handling
* Field Actions (Recalls)
* Audits internal/ external
**How You'll Create Impact**
----------------------------


##### **Detailed tasks**

##### **Quality Management System (QMS)**

* Support implementation, development, maintenance, and improvement of the local QMS (Quality Management System), according to international standards and corporate guidelines, policies, and procedures, as per instructions of the direct manager.
* Ensure awareness about QMS across the local organization Zimmer Biomet LRD.
* Drive CAPAs and Issue Evaluations as per the internal procedures.
* Participate in, provide support for, and manage Management Review Meetings, Risk Management Reviews, Supplier Review Boards, Distributor Review Boards, CAPA Review Board meetings, and other QMS\-related activities, if applicable to the assigned region.
* Support his/her team and QA/RA EMEA with QA/RA standardization of processes.
* Work on continuous improvement of processes where applicable and needed.
* Ensure continuous communication, reporting, and escalation to the QA/RA manager or supervisor and QA/RA EMEA as needed and according to the instructions of the direct manager.
* Become involved in special projects and duties at the country or EMEA level, such as (re\-)validation of technical systems and procedures, implementation of new tools, and similar activities, as assigned by the direct manager.
* Support the QA/RA Manager and other colleagues in the QA/RA team as needed.

##### **Regulatory Compliance**

* Be responsible for product registration, notifications, renewals, and/or regulatory clearance in the assigned market in accordance with local regulatory requirements.
* Be the main contact for the local competent authority where applicable, and be responsible for maintaining the business in the local market and distributor markets within the assigned region. Act as a local regulatory responsible person if required by local law.
* Represent Zimmer Biomet in a local medical device trade association where applicable.
* Follow internal Zimmer Biomet procedures and processes for regulatory activities, including GRP, RIMS, GTS, FN, CLARITAS, and related systems.
* Provide regulatory support to commercial and local in\-country teams, including support for tenders and provision of regulatory documents for reimbursement or other commercial activities.
* Manage and maintain regulatory documentation, ensuring compliance with applicable regulatory standards and guidelines.
* Ensure awareness of regulatory activities and processes across the market and country.
* Assist with effective, consistent, and reliable Product Surveillance by forwarding information concerning changes and/or new local regulatory requirements, European regulations such as MDR, or Zimmer Biomet procedures to ensure business continuity, as instructed by the direct manager.

##### **Complaint Handling**

* Be responsible for complaint handling, including submission, coordination of product returns, and follow\-up investigations.
* Share complaint\-related KPIs with management.

##### **Field Actions (Recalls)**

* Act as liaison between the FSCA team and regional stakeholders to initiate recalls in impacted countries immediately upon receipt of notification.
* Manage Field Safety Notices for affected customers and be accountable for reporting product reconciliation and customer acknowledgements to the PMS team or FSCA team.
* Be responsible for handling instructed actions such as Field Notices (FN) and Product Holds.
* Share FSCA\-related KPIs with management.

##### **Audits (Internal and External)**

* Plan, support, and participate in internal and external audits within the assigned region as appropriate.
* Ensure audit preparation activities are completed and provide support to auditees.
* Ensure appropriate follow\-up on Internal, EMEA, and External Audits as required by internal procedures.
**What Makes You Stand Out**
----------------------------


##### **Expected areas of Competence:**

* Organized: Ability to handle high volume of correspondence and prioritize work accordingly
* Autonomous: Ability to work independently and collaboratively in a team\-oriented environment.
* Methodical: Ability to prepare high quality, clear communication materials to the appropriate audience
* Excellent communication and interpersonal skills.
* Detail\-oriented: with a commitment to accuracy and precision.
* Diplomatic and tenacious.
* Discretion and confidentiality
* Fluent in English
* Ability to work in a multinational team.
* Ability to adapt to changing environment.
**Your Background**
-------------------


##### **Education/Experience requirements:**

* B.S. or M.S. degree in biomedical/clinical engineering, pharma, biological or medical science or equivalent experience required.
* 3\+ years’ experience in registration/notification activities and/or quality assurance in medical devices, pharma, or veterinary area.
* English language is a basic requirement, high standard of English speaking\-writing skills.
* Not essential, but a plus: Knowledge of ISO standards (ISO13485, ISO9001\), and other relevant regulatory requirements. Knowledge of European Medical Device Regulations (i.e EUMDR 2017/745\) and local applicable regulations. Knowledge of regional/in\-country Medical Device legislation.
* Experience with Windows Office Software, especially Excel and Power Point, SAP.
**Physical Requirements**
-------------------------


**Travel Expectations**
-----------------------



5%

  

EOE/M/F/Vet/Disability","","https://it.indeed.com/cmp/Zimmer-Biomet","https://d2q79iu7y748jz.cloudfront.net/s/_squarelogo/256x256/7157c9d0bf00c70c863d65f5729f721c","https://careers.zimmerbiomet.com/us/en/?utm_source=&utm_campaign=IndeedCompanyPage&utm_medium=IndeedCompanyPage","Warsaw, IN","10,000+","$5B to $10B (USD)","Alleviate pain and improve the quality of life for people around the world.","","","","","","","medical science liaison"
"in-a971d701321aace2","indeed","https://it.indeed.com/viewjob?jk=a971d701321aace2","https://career.ibsagroup.com/job/Lodi-Medical-Science-Specialist-LO-26900/1362593455/","Medical Science Specialist","IBSA FARMACEUTICI ITALIA","Lodi, LOM, IT","2026-08-28","","","","","","",False,"","","","","Location:
Lodi, LO, IT, 26900
Working Area: Lodi
La risorsa, inserita nella Funzione Medical Affairs ed a diretto riporto del Sr Medical Affairs Manager, rappresenta un riferimento scientifico autorevole e affidabile, a supporto della generazione e diffusione di evidenze scientifiche, insight medici e dati di Real World Evidence (RWE) nelle regioni e nei Paesi assegnati.


Il Medical Science Specialist è uno specialista dell'area terapeutica dermoestetica, dotato di solida formazione scientifica ed elevata competenza nella comunicazione di informazioni medico\-scientifiche complesse a diversi interlocutori. Contribuisce allo sviluppo di un piano scientifico coerente con la strategia medica aziendale, fornendo formazione medico\-scientifica di alto livello sia ai team interni sia ai partner esterni.


La figura è inoltre responsabile della costruzione e del mantenimento di solide relazioni con i Key Opinion Leaders (KOL), promuovendo l'utilizzo appropriato dei prodotti IBSA attraverso un confronto scientifico basato sulle evidenze e garantendo l'allineamento con la strategia medica e gli obiettivi dell'area terapeutica.


Nello specifico, il/la candidato/a sarà coinvolto/a nelle seguenti attività:


* Contribuire all'implementazione e all'esecuzione del Piano Tattico Medico, assicurandone l'allineamento con la strategia aziendale e gli obiettivi dell'area terapeutica;
* Agire come referente medico\-scientifico per i Paesi assegnati gestiti tramite canale distributivo, fornendo leadership scientifica e collaborando strettamente con il team di Medical Education per garantire un approccio coordinato e strategico nello sviluppo di relazioni scientifiche con Key Opinion Leaders (KOL), professionisti sanitari e altri stakeholder rilevanti;
* Sviluppare e implementare piani di coinvolgimento scientifico coerenti con la strategia medica e con gli obiettivi globali e regionali;
* Supportare le attività di scambio scientifico, inclusi advisory board, meeting scientifici, masterclass e workshop;
* Condurre attività di confronto scientifico di elevata qualità, comunicando informazioni mediche e scientifiche complesse in modo chiaro, equilibrato e conforme alle normative vigenti;
* Contribuire alla generazione di evidenze di pratica clinica reale (Real World Evidence \- RWE), individuando opportunità di ricerca, raccogliendo insight medici e supportando studi promossi dagli sperimentatori (Investigator Initiated Studies \- IIS) nei Paesi assegnati;
* Erogare formazione medico\-scientifica mirata agli stakeholder esterni, garantendo un elevato livello di conoscenza scientifica e di comprensione dei prodotti;
* Contribuire allo sviluppo di nuovi protocolli terapeutici attraverso l'identificazione di trend scientifici emergenti nell'area terapeutica di riferimento.
  

**Requisiti**


* Laurea in materie scientifiche;
* Esperienza pregressa di almeno 3 anni come Medical Science Liaison (MSL), Product Specialist o Medical Science Specialist nel settore farmaceutico;
* Esperienza pregressa in Medicina Estetica e/o Dermatologia, considerata un requisito preferenziale;
* Elevate capacità relazionali, comunicative e di presentazione;
* Comprovata capacità di sviluppare relazioni con i Key Opinion Leaders attraverso un dialogo scientifico qualificato e di gestire efficacemente eventuali obiezioni;
* Esperienza nella redazione di documentazione scientifica, report e materiali educativi;
* Spiccate capacità formative, con attitudine a presentare concetti scientifici complessi in modo chiaro ed efficace;
* Ottime capacità di pianificazione e organizzazione, con abilità nel definire priorità e monitorare il raggiungimento degli obiettivi;
* Capacità di lavorare efficacemente in contesti internazionali e multidisciplinari;
* Ottima conoscenza della lingua italiana e inglese, sia scritta sia parlata;
* Disponibilità a trasferte nazionali e internazionali fino al 40% del tempo lavorativo.
  

**Range retributivo:** 45K – 55K

  

*Le candidature non in linea con i requisiti indicati, non verranno prese in considerazione.*","","https://it.indeed.com/cmp/Ibsa-Farmaceutici-Italia","","https://www.ibsa.it/","","","","","","","","","","","medical science liaison"
"li-4460064272","linkedin","https://www.linkedin.com/jobs/view/4460064272","","Sr. Medical Scientific Liaison (Northern) Italy","Acadia Pharmaceuticals","","2026-09-22","","","","","","",False,"","","","","","","https://www.linkedin.com/company/acadia-pharmaceuticals","","","","","","","","","","","","","medical science liaison"
"li-4459975118","linkedin","https://www.linkedin.com/jobs/view/4459975118","","Medical Manager | Pharma","Adecco","Milan, Lombardy, Italy","2026-09-22","","","","","","",False,"","","","","","","https://ch.linkedin.com/company/adecco","","","","","","","","","","","","","medical science liaison"
"li-4331270944","linkedin","https://www.linkedin.com/jobs/view/4331270944","","Dermatologist - Medical Director","Medpace","Milan, Lombardy, Italy","2026-09-22","","","","","","",False,"","","","","","","https://www.linkedin.com/company/medpace","","","","","","","","","","","","","medical science liaison"
"li-4470407636","linkedin","https://www.linkedin.com/jobs/view/4470407636","","Clinical Specialist Wound Care Italy","Mölnlycke Health Care","Bergamo, Lombardy, Italy","2026-09-22","","","","","","",False,"","","","","","","https://se.linkedin.com/company/molnlyckehealthcare","","","","","","","","","","","","","medical science liaison"
"li-4461218020","linkedin","https://www.linkedin.com/jobs/view/4461218020","","Senior Oncology Sales Specialist – Italy","Illumina","Milan, Lombardy, Italy","2026-09-21","","","","","","",False,"","","","","","","https://www.linkedin.com/company/illumina","","","","","","","","","","","","","medical science liaison"
"li-4450747328","linkedin","https://www.linkedin.com/jobs/view/4450747328","","Medical Science Liaison Rare Diseases Italy","Recordati","Milan, Lombardy, Italy","2026-09-19","","","","","","",False,"","","","","","","https://it.linkedin.com/company/recordati","","","","","","","","","","","","","medical science liaison"
"li-4444945602","linkedin","https://www.linkedin.com/jobs/view/4444945602","","Executive Medical Director, Italy","Incyte","Milan, Lombardy, Italy","2026-09-18","","","","","","",False,"","","","","","","https://www.linkedin.com/company/incyte","","","","","","","","","","","","","medical science liaison"
"li-4468337940","linkedin","https://www.linkedin.com/jobs/view/4468337940","","Medical Science Liaison, Italy","Revolution Medicines","Milan, Lombardy, Italy","2026-09-17","","","","","","",False,"","","","","","","https://www.linkedin.com/company/revolution-medicines","","","","","","","","","","","","","medical science liaison"
"li-4325681453","linkedin","https://www.linkedin.com/jobs/view/4325681453","","Clinical Research Associate, Sponsor Dedicated - Italy","IQVIA","Milan, Lombardy, Italy","","","","","","","",False,"","","","","","","https://www.linkedin.com/company/iqvia","","","","","","","","","","","","","medical science liaison"
"in-5e37d1469ef0d78e","indeed","https://it.indeed.com/viewjob?jk=5e37d1469ef0d78e","https://icon.wd3.myworkdayjobs.com/en-US/broadbean_external/job/Italy-Milan/Clinical-Trial-Liaison_JR156555","Clinical Trial Liaison","ICON plc","Milano, LOM, IT","2026-09-22","fulltime","","","","","",False,"","","","","Clinical Trial Liaison \- Italy  

  

ICON is a global healthcare intelligence and clinical research organisation united by a mission to bring new medicines and treatments to patients faster.

  

  

As a values\-driven organisation, integrity, collaboration, agility, and inclusion are at the heart of how we work and interact with each other, customers, patients and suppliers.

  

  

ICON is seeking a field\-based Clinical Trial Liaison in Italy to support clinical trials across Europe by engaging investigators and site teams, providing scientific and clinical guidance, and helping drive successful patient enrolment.

  

In this role, you will work closely with study sites, sponsors and cross\-functional teams to improve site engagement, strengthen recruitment strategies and ensure study teams have a clear understanding of trial design, protocol requirements and enrolment goals.

  

***What you will be doing***

* Build strong relationships with investigators, site staff and key stakeholders to support trial delivery and patient recruitment.
* Provide scientific, clinical and protocol training to study teams, ensuring clear understanding of study design and procedures.
* Develop and optimise site and study\-level enrolment strategies to improve recruitment and retention.
* Collaborate with cross\-functional teams to translate best practice into local, practical action.
* Represent the study at site visits, project meetings, industry events and conferences.
* Support continuous improvement of enrolment processes and trial outcomes.
  

***What you will bring***

* Doctoral degree such as MD, PharmD or PhD.
* Experience in clinical research within Pharma, Biotech or CRO environments, ideally in scientific, clinical operations or enrolment\-focused roles.
* Strong scientific and medical knowledge, with an understanding of clinical development and local healthcare landscapes.
* Established scientific and clinical network in Europe, with strong networking, influencing and negotiation skills.
* Excellent communication and presentation skills in English and Italian medical language; additional EU languages are an advantage.
* Ability to interpret complex medical data and apply technical, scientific and clinical knowledge.
* Strong analytical, problem\-solving and critical\-thinking skills, with a detail\-oriented approach to accuracy and compliance.
* Proactive, self\-motivated and able to work both independently and collaboratively.
  

This home\- or office\-based role requires national and international travel of up to approximately 75%. Candidates should be based within easy access of an international airport.

  

  

\#LI\-CL1

  

  

Employment with ICON is contingent upon having the legal right to work in the country where the role is based.

  

  

**Rewards \& Benefits**

ICON offers a competitive and comprehensive total rewards package designed to support your health, wellbeing, and career development.

  

  

Benefits may include:


* Competitive base salary and performance related incentives
* Health and wellbeing programmes including medical, dental, and vision coverage where applicable
* Retirement and pension plans
* Life assurance and disability coverage
* Employee assistance programmes and wellbeing resources
* Learning and development opportunities through structured training and career pathways
  

  

Benefits may vary depending on role and location.

  

  

Visit our careers site to read more about the benefits ICON offers.

  

  

**Inclusion and Accessibility**

ICON is an equal opportunity employer. We are committed to building an inclusive and accessible workplace where everyone feels valued and supported.

  

  

If you require reasonable accommodations during the recruitment process, please let us know or submit a **request** .


Salary Range


€54,496\.00\-€68,120\.00
Are you a current ICON Employee?","Health Care","https://it.indeed.com/cmp/Icon-PLC","https://d2q79iu7y748jz.cloudfront.net/s/_squarelogo/256x256/3f235dd0d0ede14f7e24af1049c95a20","http://careers.iconplc.com","South County Business Park
Leopardstown
Dublin 18, Ireland","10,000+","$5B to $10B (USD)","Our mission is to help clients accelerate the development of drugs and devices that save lives and improve quality of life.","","","","","","","medical liaison"
"li-4431241411","linkedin","https://www.linkedin.com/jobs/view/4431241411","","Head of Medical Affairs, Italy","Genmab","Milan, Lombardy, Italy","2026-09-18","","","","","","",False,"","","","","","","https://dk.linkedin.com/company/genmab","","","","","","","","","","","","","medical liaison"
"li-4468320527","linkedin","https://www.linkedin.com/jobs/view/4468320527","","International Medical Affairs Manager","Evolus","Milan, Lombardy, Italy","2026-09-16","","","","","","",False,"","","","","","","https://www.linkedin.com/company/evolusaesthetic","","","","","","","","","","","","","MSL"
"li-4470920398","linkedin","https://www.linkedin.com/jobs/view/4470920398","","Medical Affairs Internship","Sanofi","Milan, Lombardy, Italy","","","","","","","",False,"","","","","","","https://fr.linkedin.com/company/sanofi","","","","","","","","","","","","","MSL"
"in-804c886d2bd9cfde","indeed","https://it.indeed.com/viewjob?jk=804c886d2bd9cfde","https://jsv3.recruitics.com/redirect?rx_cid=3436&rx_jobId=R-01368789_1002&rx_url=https%3A%2F%2Fjobs.thermofisher.com%2Fglobal%2Fen%2Fjob%2FR-01368789%2FRegulatory-Affairs-Manager%3Frx_a%3D0%26rx_c%3D%26rx_ch%3Djobp4p%26rx_group%3D123525%26rx_id%3D1a8e53b9-b447-11f1-97a1-773feda8bf29%26rx_job%3DR-01368789_1002%26rx_medium%3Dcpc%26rx_r%3Dnone%26rx_source%3Dindeed%26rx_ts%3D20260923T100408Z%26rx_vp%3Dcpc%26utm_medium%3Dppc%26utm_source%3Drecruitics_indeedorganic","Regulatory Affairs Manager","Thermo Fisher Scientific","Milano, LOM, IT","2026-09-18","fulltime","","","","","",False,"","","","","**Work Schedule**


Standard (Mon\-Fri)**Environmental Conditions**


Office**Job Description**


Join Us as a Regulatory Affairs Manager

  

As a Regulatory Affairs Manager, you'll offer innovative solutions, including regulatory affairs expertise and client interface, to provide strategic regulatory intelligence and guidance supporting product development from preclinical stages through registration and product optimization.


Beyond regulatory expertise, this position requires a strong **operational mindset, decision\-making ownership, and cross\-functional leadership capability**. The Regulatory Affairs Lead (RAL) will **own regulatory decision\-making for the assigned clinical program and drive the cross\-functional clinical trial team toward execution of the regulatory strategy and achievement of program objectives**.

  

Working closely with Clinical Operations and other key functions, the RAL will **drive alignment, accountability, and execution across the clinical trial team**, ensuring regulatory requirements and dependencies are understood and incorporated into operational plans. The RAL is expected not only to provide regulatory advice, but also to actively lead the team through regulatory challenges and decisions to maintain progress against agreed study milestones and strategic objectives.

  

What You’ll Do:

### **Regulatory Strategy \& Decision Ownership**

* **Own regulatory decision\-making** for assigned clinical trials and programs, ensuring decisions are consistent with the agreed indication\-level regulatory strategy.
* **Translate the agreed indication\-level strategy into an actionable trial\-level regulatory strategy and execution plan**, defining regulatory pathways, priorities, deliverables, dependencies, risks, and timelines.
* Provide strategic regulatory intelligence, guidance, and technical expertise to internal and external stakeholders on projects of moderate to high complexity.
* Maintain current knowledge of applicable legislation, regulatory requirements, guidelines, and emerging regulatory developments and translate these into relevant strategic and operational guidance.
* Serve as a regulatory subject\-matter expert across global, regional, and country\-specific requirements.

### **Cross\-Functional Leadership \& Execution**

* **Drive the cross\-functional clinical trial team to execute the agreed regulatory strategy and achieve study and program objectives**, providing clear regulatory direction and ensuring timely resolution of regulatory and operational challenges.
* Partner closely with Clinical Operations and other functions to integrate regulatory requirements, dependencies, risks, and timelines into study operational plans.
* Establish clear regulatory priorities and accountabilities across the clinical trial team and proactively identify issues that could affect regulatory deliverables or study milestones.
* Lead cross\-functional discussions through regulatory challenges, ensuring decisions are made at the appropriate level, documented, communicated, and translated into action.
* Escalate significant regulatory risks and strategic issues when appropriate while maintaining ownership of follow\-through and resolution.
* Participate in launch meetings, project reviews, governance discussions, and project team meetings.

### **Regulatory Submissions \& Compliance**

* Lead the development and execution of global regulatory strategies and preparation of submissions to **Regulatory Authorities and Ethics Committees**, ensuring high\-quality standards and compliance with applicable local, regional, and global requirements.
* Provide senior review and strategic advice for regional regulatory submissions, ensuring deliverables meet or exceed applicable quality and regulatory requirements.
* Ensure regulatory deliverables are accurate, consistent, compliant, and completed within agreed timelines.
* Ensure compliance with applicable organizational and regulatory SOPs, WPDs, policies, and procedures.

### **Project \& Client Management**

* Ensure quality performance across assigned and managed projects.
* Manage project budgets and forecasting activities.
* Identify out\-of\-scope activities in a timely manner and collaborate with relevant departments to support contract modifications and associated follow\-through.
* Maintain effective client interfaces, providing clear recommendations, communicating risks and options, and supporting timely regulatory decisions.
* Collaborate with Business Development on pricing and new\-business opportunities, including client presentations and development of proposal text, scope, and budgets.
* Provide matrix/project leadership, coaching, training, and guidance to junior team members.

**Education \& Experience**
---------------------------

* Bachelor’s degree or equivalent relevant formal academic/vocational qualification.
* Typically **9\+ years of relevant experience** providing the knowledge, skills, and abilities required to perform the role.
* An equivalent combination of appropriate education, training, and directly related experience may be considered.

**Knowledge, Skills \& Abilities**
----------------------------------

* Excellent written and verbal English communication skills, as well as local\-language capability where applicable.
* Demonstrated ability to **make and own regulatory decisions**, balancing regulatory requirements, strategic objectives, operational feasibility, risk, and timelines.
* Strong **cross\-functional leadership and influencing skills**, with the ability to provide direction and drive execution in a matrix environment without relying on formal authority.
* Strong operational mindset, with demonstrated ability to translate regulatory strategy into executable plans, milestones, dependencies, and actions.
* Ability to identify regulatory and operational risks early, evaluate options, recommend a course of action, and drive issues through resolution.
* Experience with Platform Protocols and Integrated Protocol Designs highly desirable
* Exceptional interpersonal and stakeholder\-management skills, including the ability to work effectively with clients, Clinical Operations, project teams, and other functional stakeholders.
* Excellent negotiation and conflict\-resolution skills.
* Ability to work independently and exercise sound judgment in assessing regulatory needs and directing project teams toward compliant, pragmatic solutions.
* Excellent understanding of global, regional, and national regulatory requirements and procedures relating to clinical trial authorization, licensing, registration, and lifecycle management.
* Expert knowledge of ICH guidelines and other applicable global regulatory standards.
* Advanced expertise in one or more regulatory specialty areas, such as clinical, preclinical, CMC, publishing, or related disciplines.
* Strong understanding of medical terminology, statistical concepts, and relevant scientific and regulatory guidelines.
* Excellent analytical, investigative, decision\-making, and problem\-solving skills.
* Strong organizational, planning, and time\-management capabilities, including the ability to manage competing priorities and multiple complex projects.
* Excellent attention to detail, quality, editorial review, and proofreading skills.
* Excellent understanding of project budgeting and forecasting.
* Advanced proficiency with Microsoft Word, Excel, and PowerPoint and the ability to learn and adopt new technologies.

**Working Conditions \& Environment**
-------------------------------------

* Work is primarily performed in an office environment with standard office equipment.
* Occasional travel to site locations may be required, including domestic and international travel.

 *Severely disabled applicants with the same aptitude will be given preferential treatment. /* *Schwerbehinderte**Bewerber**werden**bei**gleicher**Eignung**bevorzugt**behandelt**.*","Industrial Manufacturing","https://it.indeed.com/cmp/Thermo-Fisher-Scientific","https://d2q79iu7y748jz.cloudfront.net/s/_squarelogo/256x256/65bd2e4bebb79b1432ac3277ffd57ae7","https://www.thermofisher.com/","168 Third Avenue, Waltham, MA USA 02451","10,000+","more than $10B (USD)","At Thermo Fisher Scientific, our professionals develop critical solutions—and build rewarding careers.","","","","","","","medical affairs"
"in-9892b5098a3fde05","indeed","https://it.indeed.com/viewjob?jk=9892b5098a3fde05","https://inrec.intervieweb.it/annunci.php?l=regulatory-affairs-specialist-253177&lang=it&d=indeed&LAC=ntw","Regulatory Affairs Specialist","NTWK","Lodi, LOM, IT","2026-09-18","","","","","","",False,"","","","","NTWK, azienda italiana operante nella ricerca e selezione del personale, si occupa di soddisfare le necessità dei clienti offrendo servizi personalizzati.

  

  

**Posizione:**
--------------

Siamo alla ricerca di un/una **Regulatory Affairs Specialist** da inserire nel nostro organico.

  

Il candidato, sotto la supervisione del Direttore Tecnico e QP, si dovrà occupare delle seguenti attività:

* Gestione regolatoria del fascicolo tecnico dei Medical Devices e IVD di cui è titolare Federfarmaco;
* Approvazioni grafiche, notifica agli enti di competenza, richiesta autorizzazione pubblicità, capitolati e contratti fornitori di Dispositivi medici e IVD di cui è titolare/distributore Federfarmaco;
* Interfaccia con le diverse funzioni aziendali per la gestione del ciclo di vita dei prodotti;
* Stesura, revisione ed aggiornamento del MdQ e delle SOP;
* Gestione delle specialità medicinali di Farmakopea S.p.A. per tutto quanto inerente all’area affari regolatori (a titolo esemplificativo e non esaustivo: variazioni, rinnovi, revoche, capitolati e contratti con i fornitori);
* Elaborazione e verifica dei testi da sottomettere e/o approvati dall’Agenzia Italiana del Farmaco relativi alle specialità medicinali Farmakopea;
* Gestione Sunset Clause, pubblicazioni in GU, contatti con fornitori, gestione ordini bollini farmaceutici;
* Mantenimento del modulo 3 CTD e relativa conversione in e\-CTD.

**Requisiti:**
--------------

Requisiti e competenze necessari:

* Laurea in materie scientifiche: farmacia, CTF, chimica o chimica industriale.
* Esperienza di almeno un anno nell’area regolatoria di un’azienda chimico/farmaceutica o in società di consulenza.
* Conoscenza della normativa e dei regolamenti relativi a farmaci, dispositivi medici e parafarmaci.
* Capacità comunicative, di relazione e di lavoro in gruppo.
* Buona conoscenza dell’inglese, soprattutto tecnico.
* Autonomia.

**Altre informazioni:**
-----------------------

Il contratto offerto è a tempo indeterminato.","","https://it.indeed.com/cmp/Ntwk","","","","","","","","","","","","","medical affairs"
"in-f9c8ee80e031b510","indeed","https://it.indeed.com/viewjob?jk=f9c8ee80e031b510","https://apply.workable.com/j/4A9FAC85BB","Marketing Intern","Ascendis Pharma","Milano, LOM, IT","2026-09-16","fulltime, internship","","","","","",False,"","","","vas@ascendispharma.com","*Are you passionate about working in a fast\-paced, cross\-functional environment, supporting marketing activities while gaining exposure to Medical Affairs and Public Affairs? Do you want to build a 360° understanding of how an innovative therapy is brought to and supported in the Italian market, working closely with different and aligned teams?*

*If so, now is your chance to join Ascendis Pharma as our new Intern in the Italy team.*


Ascendis Pharma is a fast\-growing biopharmaceutical company with locations in various European countries and the United States.


We are applying our TransCon® technology to build a leading, fully integrated biopharmaceutical company focused on making a meaningful difference in patients' lives. Guided by our core values of patients, science, and passion, we use our TransCon® drug development platform to fulfill our mission of developing new and potentially best\-in\-class therapies to address unmet medical needs. Today, we have a growing pipeline of prodrug therapies in development, each designed to be a best\-in\-class therapy.


We are **seeking** a motivated and curious person to join our Italy team as an Intern, reporting directly to Marketing. The role will also work closely with the Medical Affairs and Public Affairs functions, with the goal of building broad, cross\-functional knowledge of the business and providing hands\-on support to the wider Italy team.


This cross\-functional setup is intentional: by working alongside multiple functions, the intern will be able to quickly broaden their skill set, understand the different stages of a product's lifecycle — from marketing strategy, to the generation and communication of scientific evidence, to advocacy and communication initiatives — and become a flexible point of reference for the whole team.


We will provide the necessary training and mentoring to help you get started and continuously expand your skills. You will become part of an international team with a large network — an excellent opportunity for professional growth and a foot in the door to a leading biotech company.


The position is based at our offices in Milan.

**Your support tasks will be:**

**In Marketing:**

* Support in the development of promotional materials and the communication plan, coordinating with external agencies and vendors
* Maintaining and managing Document Management in Veeva, SharePoint and Teams
* Assist and organize scientific events, internal meetings, cycle meetings, and sponsorships for national and international congresses
* Management and planning of shipments of materials to conferences

**In Medical Affairs:**

* Support in the preparation and review of medical\-scientific materials and related document management
* Collaboration in the organization of scientific initiatives, educational events and symposia at major Italian congresses
* Support Medical Project Leads in the preparation, implementation and execution of projects
* Support the Medical team with internal meetings and *ad hoc* team tasks

**In Public Affairs/Communication:**

* Support in the organization of Public Affairs initiatives and engagement activities with patient associations
* Support the development of corporate materials and internal/external communication plans across all functions
* Support Local functions with daily tasks and special projects
* Participate in efforts to improve existing workflows and processes (e.g., contracting, purchase orders)
* Contribute to cross\-functional projects by helping stakeholders with documentation, administration, planning, etc.
* Provide *ad hoc* support to the Italian Leadership Team

**Qualifications and Skills:**


You are currently pursuing a relevant academic degree, or you have obtained your Bachelor’s degree in the fields of scientific disciplines. A Master’s degree in pharmaceutical marketing/management is an added value.


Furthermore, you have:

* Strong communication skills
* Strong PowerPoint \& Excel skills
* Good approach to and use of digital tools and AI assistance
* A flair for working with data and handling administrative tasks
* Fluency in spoken and written English
* The ability to manage multiple tasks simultaneously
* A structured and detail\-oriented working style

**Key competencies:**


You are a team player, service\-minded, and have a can\-do attitude. We expect you to be curious, eager to learn, and enthusiastic about supporting others across functions. You are capable of working independently with minimal supervision but know when to ask for guidance. You take initiative, are not afraid to learn from mistakes, and are reliable when it comes to meeting deadlines.

**Working Hours \& Compensation**


You are expected to work approximately 40 hours per week. Flexibility around exam periods can be arranged with your manager. Compensation: The internship includes a monthly allowance of EUR 1000\.


**Apply now.**


Applications will be evaluated when received, so please apply as soon as possible.


All applications must be submitted in English and are treated confidentially.


For more details about the job or the company, please contact Valerio Sartore, vas@ascendispharma.com.","","https://it.indeed.com/cmp/Ascendis-Pharma-1","https://d2q79iu7y748jz.cloudfront.net/s/_squarelogo/256x256/90bb746f94d72564b69580c4bc4c1e49","https://ascendispharma.com","Hellerup, Denmark","","","","","","","","","","medical affairs"
"li-4468561907","linkedin","https://www.linkedin.com/jobs/view/4468561907","","Business Unit Head Biopharma & Hospital","Sandoz US","Milan, Lombardy, Italy","2026-09-22","","","","","","",False,"","","","","","","https://www.linkedin.com/company/sandoz-us","","","","","","","","","","","","","medical affairs"
"li-4468767333","linkedin","https://www.linkedin.com/jobs/view/4468767333","","Medical Affairs Coordinator - NOT A REAL JOB OPENING DON'T APPLY","ICON plc","Milan, Lombardy, Italy","2026-09-21","","","","","","",False,"","","","","","","https://ie.linkedin.com/company/icon-plc-2","","","","","","","","","","","","","medical affairs"
"li-4469182151","linkedin","https://www.linkedin.com/jobs/view/4469182151","","Deputy Chief Medical Officer","Philogen S.p.A.","","2026-09-18","","","","","","",False,"","","","","","","https://it.linkedin.com/company/philogen","","","","","","","","","","","","","medical affairs"
"li-4470634259","linkedin","https://www.linkedin.com/jobs/view/4470634259","","Medical Affairs Manager","Johnson & Johnson Innovative Medicine","Milan, Lombardy, Italy","","","","","","","",False,"","","","","","","https://www.linkedin.com/company/jnjinnovativemedicine","","","","","","","","","","","","","medical affairs"
"in-9c941056e1e65519","indeed","https://it.indeed.com/viewjob?jk=9c941056e1e65519","https://www.sandoz.com/careers/career-search/job-details/515985/legal-manager%20/","Legal Manager","Sandoz","Milano, LOM, IT","2026-09-08","fulltime","","","","","",False,"","","","","**Major accountabilities:**  

* Act as a strategic business partner to all functions, providing pragmatic, risk\-based legal advice to support business decisions and growth initiatives;
* Draft, review and negotiate a broad range of agreements, including for example Distribution and Supply agreements, Service agreements, Marketing and sponsorship agreements, Consultancy agreements, Procurement and vendor contracts;
* Advise on, and assists management decision\-making regarding legal topics with regard to commercial strategies, product launches, market access initiatives, pricing, tender participation and customer interactions;
* Act as legal advisor on Intellectual Property matters within the affiliate, also liaising with global functions and external advisors;
* Manage disputes, litigations and pre\-litigation matters, coordinating external lawfirms and ensuring efficient resolution aligned with business objectives;
* Manage and support activities regarding compliance issues, such as antitrust, 231 compliance and privacy;
* Participate in the development, recommendation and implementation of legal procedures, templates, training programs, considering global policies, industry standards, as well as external legislation.


**Key performance indicators:**  

* Internal stakeholders’ satisfaction score from feedback surveys
* Number of contracts reviewed and finalized
* Successful resolution of disputes within approved strategy and budget
* Timely implementation of new legal and regulatory requirements
* Effective cross\-functional collaboration demonstrated through project outcomes


**Minimum Requirements:**  

* Law Degree. Admission to the bar is a plus.
* Postgraduate specialization in Pharmaceutical Law, Commercial Law, Intellectual Property Law, Competition Law or Compliance is considered a strong advantage
* At least 5 years experience, preferably gained in a multinational pharmaceutical, biotech, life sciences or healthcare company and/or a top\-tier law firm supporting the healthcare sector.
* Fluency in English.
* Public speaking and training skills.


**Work Experience:**  

Demonstrated experience in drafting, reviewing and negotiating complex commercial agreements independently.
  
Proven experience managing litigation, disputes and external counsels.
  
Solid experience providing legal support to commercial, medical, regulatory, market access and corporate functions.
  
Experience advising senior management and business stakeholders in a fast\-paced and highly regulated environment.
  
  

**Skills:**  

* Business Partnering.
* Contract Management.
* Curiosity.
* Decision Making.
* Litigation (Law).
* Proactivity.


**Languages:**  

* Italian
* English.


**Compensation Structure\& Criteria:**  

Sandoz compensation is determined by job level, qualifications, niche skills, experience, and location within company salary ranges. Fully proficient and highly effective employees can expect a starting salary around market median, with those new to the level or with less functional depth at the lower end of the range and those with sustained superior or niche skills towards the higher end of the range. Internal equity and external market data inform our range placement. Annual salary reviews consider performance outcomes, market alignment, and business needs.
  
  

* Job location: Milano
* Starting pay range: €44,000 \- €83,000
* Pay frequency: Monthly
* Expected weekly working hours: 40 hours
* Contract type: full time​


Why Sandoz?
  
  

Sandoz is the global leader in Biosimilar and Generic medicines, a segment of the healthcare industry that delivers 80% of the world’s medicines at 30% of the cost, touching the lives of more than 1 billion people across 100\+ countries! While we are proud of our achievements, we have an ambition to do more so that everyone can achieve the basic human right of good health.
  
  

With investments in new development capabilities, production sites, new acquisitions, and partnerships, we have the opportunity to shape the future of Sandoz and help even more people gain access to low\-cost, high\-quality medicines, sustainably.
  
  

Our momentum is powered by an open, collaborative culture driven by our talented and ambitious colleagues, who, in return for applying their skills, experience an agile and collegiate environment with impactful careers, where diversity of thought is welcomed and where personal growth is supported!
  
  

Join us, help us make healthcare fairer and faster.
  
\#Sandoz","","https://it.indeed.com/cmp/Sandoz-8a506b47","https://d2q79iu7y748jz.cloudfront.net/s/_squarelogo/256x256/a6ec14ad45129e03b1dea83fdd22194e","https://www.sandoz.com","Basel","10,000+","more than $10B (USD)","Sandoz is a global leader in generic pharmaceuticals and biosimilars","","","","","","","medical advisor"
"li-4469855465","linkedin","https://www.linkedin.com/jobs/view/4469855465","","QA & RA Specialist - Medical Devices","Lavoropiù SpA","Varese, Lombardy, Italy","2026-09-21","","","","","","",False,"","","","","","","https://it.linkedin.com/company/lavoropiu-spa","","","","","","","","","","","","","medical advisor"
"li-4432551277","linkedin","https://www.linkedin.com/jobs/view/4432551277","","Drug Safety Officer","ACS DOBFAR","Agrate Brianza, Lombardy, Italy","2026-09-18","","","","","","",False,"","","","","","","https://it.linkedin.com/company/acs-dobfar","","","","","","","","","","","","","medical advisor"
"in-a702cce47a24be39","indeed","https://it.indeed.com/viewjob?jk=a702cce47a24be39","https://tnl2.jometer.com/v2/job?jx=5v7ym3af0ee4436df1a90fa329c2e8039e042C4AJUBIAAABQ&jz=561wk600808480b68be52768e8dd53ffb2834C4AMABTEAAAQAAAAABSA&source=APPLICANT_SOURCE-3-2017","Data Team Lead, EMEA","IQVIA","Milano, LOM, IT","2026-09-22","fulltime","","","","","",True,"","","","","Milan, Italy \| Full time \| Home\-based \| R1570266  
Job Overview  


Manage end\-to\-end delivery of data management services for single/multi\-service projects with minimal guidance, ensuring quality deliverables on time and within budget, to customer satisfaction. Provide comprehensive data management expertise to Data Management (DM) team to provide high quality data management products that meet customer needs. Provide leadership to the team in the areas of project planning, execution, and close\-out; Overview of financial management for data management activities; communications; and milestone deliverables. Perform role of Data Team Lead (DTL).  


Essential Functions  


* Gather Study Set up requirements through discussion and communication with relevant stakeholders.
* With Minimal guidance \- support, overview of validation of new Device integrations.
* Oversight \& Perform regular Data cleaning activities to ensure clean data with quality and timely deliverables to sponsor.
* Ensure that all the deliverables are of expected quality standards and meet customer expectations.
* With guidance, ensure service and quality meet agreed upon timelines and deliverables in contract/Scope of Work (SOW).
* Support Training of New joiners.
* Lead internal study meetings and internal/ sponsor audits and participate in Study Kick off meetings and other sponsor meetings.
* Tracks and manages the projects, oversee project progress, identify risks and take corrective action to rectify any errors as recommended as required.
* With Guidance manage \& oversight the implementation of new technology / database revisions.
* Work closely with the programming team for process innovation and automation.
* Be compliant to trainings and eSOP reading.
* Provide review and expert opinion in developing, revising, and maintaining core operating procedures and working instructions.
* Communication with Line Manager, and other team members across functions should be collaborative.
* Perform other duties as directed by Line Manager.

Qualifications  


* Bachelor's Degree In health, clinical, biological or mathematical sciences, or related field with proven experience in Data Management Req
* 3 \-4 years direct Data Management experience, including a minimum of 1 year as a CDM project lead. Pref
* English Fluency Spoken and English Advanced
* Advanced computer applications like Microsoft excel, word, Inbox etc Advanced
* Should have Advanced understanding of Drug development lifecycle and Overall Clinical research process Advanced

IQVIA is a leading global provider of clinical research services, commercial insights and healthcare intelligence to the life sciences and healthcare industries. We create intelligent connections to accelerate the development and commercialization of innovative medical treatments to help improve patient outcomes and population health worldwide. Learn more at https://jobs.iqvia.com  


IQVIA is committed to integrity in our hiring process and maintains a zero tolerance policy for candidate fraud. All information and credentials submitted in your application must be truthful and complete. Any false statements, misrepresentations, or material omissions during the recruitment process will result in immediate disqualification of your application, or termination of employment if discovered later, in accordance with applicable law. We appreciate your honesty and professionalism.  


The potential base pay range for this role, when annualized, is €38,000\.00 \- €71,300\.00\. The actual base pay offered may vary based on a number of factors including job\-related qualifications such as knowledge, skills, education, and experience; location; and/or schedule (full or part\-time). Dependent on the position offered, incentive plans, bonuses, and/or other forms of compensation may be offered, in addition to a range of health and welfare and/or other benefits.  
Where you'll work  
Home\-based  


You’ll work remotely, with the flexibility to do your best work from home. Supported by collaborative tools and a global team, you’ll stay connected while enjoying the autonomy and balance that comes with a fully remote role.  
Culture  


Culture at IQVIA is built on a shared belief: that when people are empowered with better data, smarter technology and deeper expertise, they can change what’s possible for patients. Across every team and every corner of the globe, you’ll find colleagues who genuinely care — about the mission and about each other. That’s what makes this a place where people tend to stay, grow and do the best work of their careers.","","https://it.indeed.com/cmp/Iqvia","https://d2q79iu7y748jz.cloudfront.net/s/_squarelogo/256x256/03e043400efdf1e7d2f66b4d0a67997e","http://jobs.iqvia.com","Durham, NC","10,000+","more than $10B (USD)","IQVIA (NYSE:IQV) is a leading global provider of advanced analytics, technology solutions and clinical research services to the life sciences industry dedicated to delivering actionable insights.","","","","","","","medical manager"
"in-d1018b8be4e05dd3","indeed","https://it.indeed.com/viewjob?jk=d1018b8be4e05dd3","https://grnh.se/85qdmogn3us","Medical Data Intern (x/f/m)","Doctolib","Milano, LOM, IT","2026-09-22","fulltime, internship","","","","","",False,"","","","","**Medical Data Intern (x/f/m)**
===============================


**Set a new pulse for healthcare!**
-----------------------------------



We are looking for a **Medical Data Intern** to join the **Terminology and Ontology team within the Medical Excellence department** at Doctolib in **Milan, Italy**.

  



At Doctolib, we're setting a new pulse for healthcare. We create AI\-powered solutions that help health professionals focus on care and help people prevent, detect, and treat health problems earlier. In this role, you will contribute to making medical information clear, structured, and usable across products for patients, healthcare professionals, and technical teams.


**What you'll do**
------------------



Your responsibilities include but are not limited to:


* Collect and format sets of terms describing pathologies, allergies, treatments, and other medical concepts, based on standard medical terminologies such as ICD\-10 and SNOMED CT.
* Adapt medical labels to create versions that are understandable to patients and healthcare professionals.
* Translate labels from English into Italian.
* Map medical lists of terms across different products.
* Select and filter terms, then validate your choices with medical experts.
* Share your work and methodology with the Terminology and Ontology team and product teams.
* Deliver sets of terms to technical teams in the correct format.

  


**About our data environment**
------------------------------


* Our solutions are built on a single fully cloud\-native platform that supports web and mobile app interfaces, multiple languages, and is adapted to the country and healthcare specialty requirements.
* Our stack is composed of Dagster, dbt, Google Cloud Platform, BigQuery, and other technologies.
* We leverage AI ethically across our products to empower patients and health professionals. Discover our AI vision here and learn about our first AI hackathon here!


If you would like to find out more about tech life at Doctolib, feel free to read our latest Medium blog articles!


**Who you are**
---------------



Before you read on, if you don't have the exact profile described below, but you feel this job description matches your skill set, we still encourage you to apply.


**You could be our next teammate if:**


* You have medical skills gained through a diploma or degree that includes medical\-domain learning.
* You have knowledge of data management.
* You are familiar with medical terminologies such as ICD\-10 and SNOMED CT.
* You have strong spreadsheet skills, including Google Sheets or Excel and the use of formulas.
* You are attentive to detail and demonstrate rigour in your work.
* You speak Italian and English, which is a must have for this role.


**Nice to have:**


* Experience using AI tools such as Claude.
* Python programming skills.
* Additional depth of medical knowledge.
* Dutch language skills.

  


**What we offer**
-----------------


* A structured and personalized **onboarding program** through our **Doctolib Academy**, as well as a wide range of in\-house training opportunities and masterclasses throughout the internship.
* **Electronic meal vouchers** (€8\.00 per worked day), Foorban fridges, and **office breakfast**.
* **Free access to the gym in our Milan office**, with 3 classes offered per week, including yoga, pilates, and functional training.
* **Reimbursement of public transportation**.
* A **flexible workplace policy** offering up to **2 days of hybrid work** per week.

  


**The interview process**
-------------------------


* An interview with our Talent Partner (30 minutes).
* An interview with the hiring manager (30 minutes).

**Job details**
---------------


* Contract Type: Internship
* Working Time: Full\-time
* Duration: 6 months
* Work model: Hybrid
* Location: Milan, Italy.
* Expected start date: January 2027

Compensation: 1,000 per month.  
* 

At Doctolib, we are committed to improving access to healthcare for everyone. This commitment is reflected in our hiring process, where we assess applications based solely on qualifications, potential, and motivation, without discrimination of any kind.



We believe that diverse perspectives, backgrounds, and experiences help us build better healthcare products. We welcome applications from all candidates, regardless of gender, religion, age, sexual orientation, ethnicity, or disability.



To support equal opportunities, we encourage candidates not to include unnecessary personal information, such as a photo or age, in their application. If you need any accommodation during the hiring process, please let us know and we will do our best to support you.

  

**Data privacy**


*All information provided is processed by Doctolib for application management. For data processing details, click* here. *Please contact hr.dataprivacy(at)doctolib.com for inquiries or to exercise your rights.*","","https://it.indeed.com/cmp/Doctolib","https://d2q79iu7y748jz.cloudfront.net/s/_squarelogo/256x256/15e4ed97663aae9ff38eca17e787244a","https://careers.doctolib.com/fr","Levallois-Perret","1,001 to 5,000","Decline to state","","","","","","","","medical manager"
"in-1b80cb80113833f1","indeed","https://it.indeed.com/viewjob?jk=1b80cb80113833f1","https://dianax.eu/job-description-product-manager/","Product Manager","Dianax","Milano, LOM, IT","2026-09-22","internship","","","","","",True,"","","","","**Profile**
-----------



The company needs a Product Manager with at least five years’ experience in upstream product management preferably in a medical device In\-Vitro Diagnostics company.



Scope \& Job purpose: managing Product dealing with the planning, forecasting, production and marketing of the company product at all stages of the product lifecycle, including the development and the commercial launch of the products by continuously analyzing various global market segments trends, market existing and unmet needs, defining the product marketing specifications, collaborating with the product development cross functional team, identify business development and growth opportunities, define together with the management the strategic objectives, strategic plans and execution tools according and aligned with the corporate guidelines with the aim accessing the market with a novelty creating a new segment, increasing penetration in the existing market and boosting revenues and business profitability.





### **Professional Abilities**



The successful candidate will work in a group developing portable/mobile diagnostic devices, under the direct supervision of the Chief Marketing Officer. Main focus is on driving new product development, designing the Marketing Plan for the products, identifying strengths, weaknesses, opportunities and risks (SWOT), defining the appropriate Marketing Mix, Pricing Strategy, Product Positioning and developing an Action Plan for Marketing initiatives, Advertising, Promotion, modeling a Go\-2\-Market strategy and Channel management, users, sales Force and distributors education programs and tools, Product Presentations to various level Market stakeholders.



The successful candidate will have proven product management experience and track record, working on launching products to IV Diagnostics Point of Need Market, from early ideation to onboarding customers. He/She will have solid experience of translating user requirements into product features, worked across teams on successful product launches and have made significant contributions to positive product launches. He/She will have excellent organizational, time\-management and communication skills with successful team and relationship building experience.





### **Education**



The ideal candidate has a PhD or a Master and Bachelor’s degree in Medicine or Biomedical Engineering or Economics and at least 5 years of Marketing and Product Management experience preferably in Medical Device, Lifesciences structured organizations.





**Main Requirements**


* Minimum of 5 years experience as upstream Product Manager in the Medical Device market, preferably in the IV Diagnostics.
* Has an excellent track record and demonstrated success defining and launching excellent products
* Excellent written and verbal communication skills
* Bachelor’s degree (MBA preferred), Medical/Engineering preferred
* Technical background, with experience in Medical Device Market
* Excellent teamwork skills, dedicated team player
* Strong listening skills
* Ability to drive projects into a dynamic n d challenging environment
* Proven ability to influence cross\-functional teams without formal authority
* Must be able to travel 50% of the time


**Main Responsibility**



He/she will be responsible for:


* Lead marketing activities full lifecycle for the innovative remote monitoring devices and systems
* Upstream and downstream responsibility
* Perform Market Research Analysis, identify Market Trends, Key Opinion Leaders and Key Market Drivers
* Define the product strategy and roadmap collaborating with key company functions to share a joint development effort
* Deliver Product Development Plans with prioritized features and corresponding justification
* Work with external third parties to support communication and marketing initiatives
* Run beta and pilot programs with early\-stage products and samples
* Be an expert with respect to the competition
* Act as a leader within the company
* Supporting the development of Sales \& Marketing plans to launch new products and make them growing
* Keeping stakeholders updated on progress of products
* Providing feedback to the Development teams on new feature releases
* Using lean experimentation and users’ focus groups to reduce and eliminate risks as they are identified
* Exploring how to best get to product market fit
* Work on pricing and positioning models
* Creating a seamless customer onboarding and support experience with R\&D and Management Teams
* Acting as an advocate of the product within the IV Diagnostics community


**Skills \& Competency**



A flexible mindset and a strong team working capability are required in Dianax interdisciplinary environment. He/she should also have a sound level of soft skills and competency as follows:


* Planning and organization
* Analysis of problems and synthesis
* Strong Leadership capability
* Teamwork ability
* Negotiation skills as a master
* Communication to public
* Result Orientation, meeting budget objectives, financial results, etc.
* Fluent in English and Italian
* Preferably good knowledge of a second language as French or German.


The company offers a permanent position under a national work contract with a competitive remuneration package.","","https://it.indeed.com/cmp/Dianax","https://d2q79iu7y748jz.cloudfront.net/s/_squarelogo/256x256/b740ed22657f3c6b78902d1234a4eac7","","","","","","","","","","","","medical manager"
"in-f3d6eaeebb962029","indeed","https://it.indeed.com/viewjob?jk=f3d6eaeebb962029","https://wework.wd1.myworkdayjobs.com/en-US/WeWork/job/Milan-Italy/Leasing-Manager--Milan_JR-0064170","Leasing Manager, Milan","WeWork","Milano, LOM, IT","2026-09-18","fulltime","","","","","",False,"","","","","**About Us**
============

At WeWork, we provide flexible workspace solutions to help businesses of all sizes thrive in more than 37 countries worldwide. The future of work is here, and we’re not just a part of that movement—we’re leading it. United by a desire to build a global community, our purpose is to give members the support to do their best work, and the space to take their ideas to new heights. Join us as we empower tomorrow’s world at work.


**The Opportunity**

As a Leasing Manager, you will play a pivotal role in driving sales and revenue growth across a cluster of WeWork buildings.


You'll lead new and renewal leasing transaction activity for small and midsize (5–29 person) office spaces, working both independently and in collaboration with Leasing Directors on larger, more complex deals. This role requires a balance of commercial acumen, customer\-centric thinking, and local market expertise.


You’ll be the face of WeWork to prospective members—listening actively, guiding tours with insight and enthusiasm, and crafting tailored workspace solutions that meet their needs.


**What You’ll Do**

This role demands a commercial mindset, a collaborative spirit, and the ability to navigate high pressure, fast moving challenges. Your success will come from mastering the below key areas:


Sales Leadership:


* Own the full sales cycle for 5\-29p office spaces—including qualifying, pitching, touring, negotiating, and closing deals.
* Partner with Leasing Directors on 30\+ person office opportunities, supporting execution across the sales cycle.
* Build and manage a healthy pipeline of potential new members using data\-driven insights.
* Structure deals that optimise revenue outcomes while aligning with WeWork’s broader business objectives.

Market and Product Expertise:


* Become an expert in your assigned buildings and local sub\-market—understanding pricing dynamics, nearby competitors, local trends, and customer needs.
* Demonstrate deep knowledge of WeWork’s product offering, physical space, and platform value proposition.
* Leverage Salesforce and internal systems to produce reports, manage opportunities, and support market analysis

Relationship Building:


* Build strong, trust\-based relationships with prospective and renewing members, understanding their business and creating tailored workspace solutions.
* Act as a collaborative partner to internal stakeholders—including Community, Building Operations, and Development teams—to ensure a seamless member experience.
* Actively contribute to a culture of feedback, mentorship, and knowledge\-sharing with other team members.

What Success Looks Like


* Customer Focus: You champion the voice of the customer, tailoring solutions that meet real business needs and deliver long\-term value.
* Action Orientation: You’re energised by challenges, results\-driven, and quick to act on new opportunities.
* Integrity \& Trust: You communicate with transparency, own your outcomes, and earn trust from colleagues and clients alike.
* Technical Learning: You embrace continuous learning—whether mastering WeWork’s systems or adapting to real estate market shifts.
* Problem Solving: You use data, logic, and creativity to overcome obstacles and unlock smarter deal structures.
* Time Management: You prioritise high\-impact work, move efficiently, and thrive in a fast\-paced environment.
* Approachability \& Collaboration: You’re easy to work with, empathetic, and committed to team success—not just individual wins.

What You’ll Bring


* 2–5 years of experience in a client facing role
* Fluency in Italian and business English
* Demonstrated interest in commercial property and workspace sectors.
* Strong interpersonal and communication skills with the ability to influence decision\-makers at all levels.
* A solutions mindset and entrepreneurial drive—resilient, self\-motivated, and always learning.
* Experience working with CRM systems and a data\-informed approach to decision\-making.
* Familiarity with the Milan market, ideally supported by relevant local experience.
* Passion for creating exceptional member experiences and thriving in a purpose\-driven, collaborative culture.

**CBA** **:** National Collective Labour Agreement for non\-executive employees working in companies of the commercial, distribution and tertiary sector.


**CBA Level** **:** CCNL Terziario


Level II Impiegatio/a


**Pay Range** **:** 32,000 \- 40,000 EUR base salary plus variable incentive pay with on target earnings of 64,000 \- 80,000 EUR


**Incentive** **:** WeWork employees are eligible to participate in an incentive plan specific to their role which sets forth the terms of the variable incentive pay and target earnings described above. Your recruiter will detail what incentive plan is applicable to this specific role. WeWork incentive plans are subject to the terms of the applicable incentive compensation plan, which will be made available to you after commencing employment. WeWork reserves the right to amend its incentive plans, and nothing in this job requisition or any other document creates a right to a specific incentive plan payment.


**Benefits** **:** Full\-time employees are eligible for comprehensive benefits, subject to the terms of the applicable plans and policies provided upon commencement of employment. These benefits include:


\- Private Medical Insurance


\- Public Pension


\- Transportation Allowance


\- Meal Allowance


\- Employee Assistance Program


\- Annual Leave up to 25 days per year


\- Parental Leave


\- Sick Leave


**Life at WeWork**
==================

Being a WeWorker is more than just a job. We believe the magic of work is sparked by the passion you bring, the places you go, the people you meet and the purpose you follow. And it starts here. Here you will brush shoulders with those who dare to dream and do. Here you will be welcomed by a community that embraces and inspires you—because together we can achieve more. Here we challenge ideas, and explore new ways of getting things done. Whether you are part of our Employee Community Groups , or part of a global project, we ask you to bring your open\-minded attitude and collaborative spirit. In return, you will be part of a team where your unique perspectives are celebrated.","Consulting And Business Services","https://it.indeed.com/cmp/Wework","https://d2q79iu7y748jz.cloudfront.net/s/_squarelogo/256x256/dec85c694b05d10a1a53c0220e349c57","http://www.wework.com","New York","1,001 to 5,000","$1B to $5B (USD)","Empowering tomorrow's world at work.","","","","","","","medical manager"
"in-d3de753a426c46ed","indeed","https://it.indeed.com/viewjob?jk=d3de753a426c46ed","https://mindray.jobs.hr.cloud.sap/job-invite/5724/","Marketing Operations Assistant Intern, PMLS, Italy","Mindray","Milano, LOM, IT","2026-09-18","fulltime, internship","","","","","",False,"","","","","Apply now »
**Title:** **Marketing Operations Assistant Intern, PMLS, Italy**
=================================================================

Marketing Operations Assistant Intern, PMLS, Italy


(6 months fixed term contract)

  

Location: Milan, Italy


Reporting to Marketing Manager, PMLS, Italy

  

**About the Role**
==================

Mindray Italy is seeking a motivated and detail\-oriented Marketing Operations Assistant Intern to support the PMLS Marketing Team. The intern will contribute to customer master data improvement, product registration support, and day\-to\-day business operations while working with internal stakeholders across the organization.

  

**Key Responsibilities**
========================

Customer Data Management
========================

* Clean, verify, and update customer database records to improve data accuracy and completeness.
* Consolidate customer information from different sources and maintain CRM and database records.
* Support customer data validation and prepare periodic reports on data quality and progress.

Product Registration Support
============================

* Assist with the preparation, collection, organization, and filing of product registration documents.
* Track registration progress and maintain accurate registration records and documentation.
* Coordinate with internal stakeholders to collect and validate information required for registration activities.
* Provide timely follow\-up support for registration\-related actions.

Marketing Operations Support
============================

* Prepare reports, presentations, marketing materials, and administrative documentation for the PMLS team.
* Assist with customer visits, training activities, exhibitions, and internal coordination.
* Support demo equipment preparation, shipment coordination, inventory tracking, allocation, and return documentation.
* Provide general administrative and operational support to the PMLS team as required.
  

**Key Projects and Expected Deliverables**
==========================================

  

Customer Master Data Cleaning
=============================

  

* Cleaned and validated customer records; improved accuracy and completeness; updated trackers; periodic data\-quality reporting; recommendations for process improvement.
  

Product Registration Support
============================

  

* Organized and up\-to\-date registration documentation; maintained progress trackers and filing systems; timely support for follow\-up activities.
  

**Candidate Profile**
=====================

Education
=========

* Bachelor's degree or above, or currently enrolled in the final year of study, in Biomedical Engineering, Data Management, Computer Science, or a related field.

Required Skills and Competencies
================================

* Strong attention to detail and accuracy in data handling.
* Proficiency in Microsoft Excel and basic data management tools.
* Good organizational and communication skills.
* Ability to manage repetitive tasks efficiently while maintaining high quality standards.
* Good command of written and spoken English.

Preferred Qualifications
========================

* Previous internship or academic experience involving data analysis, database management, or administrative support.
* Familiarity with MSP systems or customer databases.
* Interest in medical devices, the healthcare industry, or product registration processes.
  

**Opportunities**
=================

* Practical exposure to customer data management, product registration, and healthcare business operations.
* Collaboration with an international and cross\-functional team.
* Mentorship and structured opportunities to develop professional skills.
* High\-performing interns may be considered for a full\-time position after successful completion, subject to business requirements and headcount availability.

**Evaluation Criteria**
=======================

  

Quality
=======

* Accuracy and quality of customer database management

Reliability
===========

* Attention to detail and consistent follow\-through

Execution
=========

* Timely, independent completion of assigned tasks

Collaboration
=============

* Teamwork and communication skills

Registration Support
====================

* Efficiency in documentation and progress tracking

Growth Mindset


* Initiative, willingness to learn, and overall contribution
  
Apply now »","Industrial Manufacturing","https://it.indeed.com/cmp/Mindray","https://d2q79iu7y748jz.cloudfront.net/s/_squarelogo/256x256/9891d0ebb4bc6a3c901bdce6fedabb61","https://www.mindray.com/fr/index.html","Shenzhen, CH","5,001 to 10,000","$5B to $10B (USD)","Our mission is to advance medical technologies to make healthcare more accessible.","","","","","","","medical manager"
"in-144c2d11ef6c3429","indeed","https://it.indeed.com/viewjob?jk=144c2d11ef6c3429","https://careers.regeneron.com/en/jobs/r50654/director-regional-market-access-lead-europe/","Director, Regional Market Access Lead - Europe","Regeneron","Milano, LOM, IT","2026-09-18","","","","","","",False,"","","","","**Build our future together:**



At Regeneron, we use science and innovation to develop life\-changing medicines for people with serious diseases. We are seeking a Regional Access Lead to join our Market Access function, supporting our European region in a hybrid work mode. In this role, you will drive market access, pricing, and reimbursement strategies for our neurology portfolio while collaborating with global, regional, and local teams. This position offers the opportunity to contribute to a fast\-growing, science\-driven organization making a meaningful difference to patients worldwide.


### **When \& where:**



Multiple locations are being considered for this role (Hybrid)


### **Discover your role:**


* Lead European market access strategies aligned with global objectives and country needs.
* Monitor payer trends, healthcare policies, and reimbursement frameworks across Europe.
* Represent Europe in global access strategy discussions and shape future approaches.
* Adapt access tools, payer value propositions, and objection handlers for regional use.
* Support Health Technology Assessment dossiers, mock negotiations, and payer engagements.
* Build relationships with payers, policymakers, and patient advocacy groups.
* Align evidence generation and health economics outcomes research with payer requirements.
* You bring an agile, collaborative mindset when influencing cross\-functional teams.


### **This role requires:**


* Ten years’ pharmaceutical experience, including eight years in market access.
* Regional market access launch experience across competitive therapeutic areas.
* Proven European pricing, reimbursement, Health Technology Assessment, and negotiation success.
* Experience developing and adapting economic models for regional and national submissions.
* In\-depth knowledge of European payer systems and reimbursement challenges.
* Advanced life sciences, health economics, or business degree preferred.
* Fluent English; another European language and neurology experience are advantageous.
* Strong communication, data synthesis, matrix working, and stakeholder engagement skills.



Does this sound like you? Apply now to take your first step towards living the Regeneron Way! We are committed to building a workplace with an inclusive culture. Regeneron is an equal opportunity employer and all qualified applicants will receive consideration for employment without regard to race, color, religion or belief (or lack thereof), sex, sexual orientation, gender identity or expression, gender reassignment, marital or civil partnership status, civil status, pregnancy or parental status, age, disability, nationality, citizenship status, ethnic or national origin, membership of the Traveler community, familial status, genetic information, military or veteran status, or any other characteristic protected under applicable law. Where required, we will provide reasonable accommodation to applicants with known disabilities or chronic illnesses during the recruitment process, unless such accommodation would impose undue hardship.



Where necessary, we disclose salary ranges for roles in all countries in which we operate. The final offer will be determined within the relevant range based on the country of employment, specific role level, and your skills and experience. In some countries, collective bargaining agreements (CBAs) may apply and influence certain elements of pay or benefits. Regeneron offers a competitive and comprehensive total rewards package which may include, depending on country and role: annual bonuses or other incentive plans, equity awards, pension or retirement benefits, 401(k) company match, health and wellness programs, fitness centers, insurance benefits (e.g. medical, dental, vision, life and disability), paid time off, and family support benefits. For additional information about Regeneron benefits in the U.S., please visit https://careers.regeneron.com/en/working\-at\-regeneron/total\-rewards/. For other locations, additional information will be provided during the recruitment process. If you have any questions, please speak with your recruiter.  



  

Please be advised that at Regeneron, we believe we do our best work when we are together. For that reason, many roles are required to be performed on‑site. Please speak with your recruiter and hiring manager for more information about on‑site expectations for your role and location.

  

As part of the recruitment process, certain background checks may be conducted in accordance with the laws of the country where the position is based. The purpose of such checks is to verify certain information prior to the commencement of employment such as identity, right to work and educational qualifications.

  

For jobs in Canada: this posting is for an existing position.

 **Salary Range (annually)**


€93,825\.00 \- €156,375\.00","","https://it.indeed.com/cmp/Regeneron","https://d2q79iu7y748jz.cloudfront.net/s/_squarelogo/256x256/3e50b41e037bd1264aa6a05ee71f6d5e","http://www.regeneron.com","Tarrytown, NY","10,000+","$5B to $10B (USD)","Regeneron (NASDAQ: REGN) is a leading science and technology company delivering life-transforming medicines for serious diseases.","","","","","","","medical manager"
"in-d2a21f6b010192f7","indeed","https://it.indeed.com/viewjob?jk=d2a21f6b010192f7","https://jobs.danaher.com/global/en/job/DANAGLOBALR1317903EXTERNALENGLOBAL/Third-Party-Commodity-manager?utm_source=indeed&utm_medium=phenom-feeds","Third Party Commodity manager","Leica Biosystems","Buccinasco, LOM, IT","2026-09-17","fulltime","","","","","",False,"","","","","**Bring more to life.**

  

Are you ready to accelerate your potential and make a real difference within life sciences, diagnostics and biotechnology?

  

At Leica Biosystems, one of Danaher’s 15\+ operating companies, our work saves lives—and we’re all united by a shared commitment to innovate for tangible impact.

  

You’ll thrive in a culture of belonging where you and your unique viewpoint matter. And by harnessing Danaher’s system of continuous improvement, you help turn ideas into impact – innovating at the speed of life.

  

At Leica Biosystems, we’re not just shaping the future of cancer diagnostics — we’re transforming lives. Our mission of “Advancing Cancer Diagnostics, Improving Lives” is the driving force behind everything we do. As a global leader with the most comprehensive portfolio spanning from biopsy to diagnosis, we empower clinicians with innovative, reliable solutions so they can give patients timely, accurate answers when they need them most. When you join Leica Biosystems, you’re not just taking a job; you’re becoming part of a passionate team that knows every moment matters when it comes to cancer. You’ll help develop diagnostic solutions that turn anxiety into answers, and aid the acceleration of next\-generation, life\-changing therapies. Surrounded by a diverse and collaborative global community, you’ll be inspired each day to stretch, grow, and make an impact.

  

Learn about the Danaher Business System which makes everything possible.


The **Third Party Commodity manager** is responsible for ensuring that Leica Biosystems can always offer a complete portfolio to its customers across Europe.


This position reports to the Senior Manager customer operation EMEA and is part of the Customer excellence EMEA located in Italy and will be an on\-site role.

**In this role, you will have the opportunity to:**

* Ensure Leica Biosystems can offer a complete portfolio across Europe by identifying third\-party solutions where internal products do not fully meet customer needs.
* Manage the end\-to\-end third\-party supplier lifecycle, including identification, qualification, onboarding, contracting and performance monitoring.
* Ensure all third\-party products are certified, compliant, competitively priced and supported by the required legal, regulatory and technical documentation.
* Act as the key interface between Sales, Tender/Bid teams, Application Specialists and internal functions, translating customer needs and portfolio gaps into clear sourcing strategies.
* Maintain a centralized third\-party product and supplier catalogue, ensuring full traceability of contracts, certifications, pricing, master data and documentation.
* Support continuous improvement, market analysis and category management initiatives to reduce risk, optimize costs and harmonize processes across EMEA.

**The essential requirements of the job include**

* Professional procurement certification (MCIPS or equivalent).
* Minimum 5 years of strategic sourcing or procurement experience, ideally within regulated industries (medical devices, IVD, diagnostics, life sciences).
* Strong knowledge of legal and regulatory frameworks relevant to supplier contracting in the medical / IVD space.
* Demonstrated success in supplier negotiation, contract management, and stakeholder management.
* Experience in supplier qualification and onboarding processes according to structured corporate standards (Danaher DBS or equivalent quality management systems).

**Travel, Motor Vehicle Record**

* Ability to travel up to 30% of the time in Europe and UK
* Must have a valid driver’s license with an acceptable driving record

**It would be a plus if you also possess previous experience in:**

* Lean methodologies
* Kaizen event


This role is classified under the applicable CCNL as Commercio which defines minimum terms, job classification, and baseline progression frameworks. The expected gross annual salary range for this role is 55\.000 – 63\.000, determined based on objective criteria such as experience, skills, and role\-related competencies.

**Bonus / Incentive Pay**


10% of annual base salary


This job is also eligible for bonus / incentive pay. This is the target earnings as % of base annual salary, subject to objective eligibility criteria and performance conditions as set out in the applicable scheme terms and conditions.


Details regarding these benefits will be provided separately.


Leica Biosystems, a Danaher operating company, offers a broad array of comprehensive, competitive benefit programs that add value to our lives. Whether it’s a health care program or paid time off, our programs contribute to life beyond the job. Check out our benefits at Danaher Benefits Info.

### **Donnez plus de vie à la vie.**


Êtes\-vous prêt(e) à révéler tout votre potentiel et à faire une réelle différence dans les domaines des sciences de la vie, du diagnostic et des biotechnologies?


Chez **Leica Biosystems**, l’une des plus de 15 sociétés opérationnelles de **Danaher**, notre travail sauve des vies, et nous sommes tous unis par une même ambition : innover pour avoir un impact concret.


Vous évoluerez dans une culture inclusive où votre point de vue unique compte. En tirant parti du système d’amélioration continue de Danaher, vous contribuerez à transformer les idées en résultats concrets et à innover au rythme de la vie.


Chez Leica Biosystems, nous ne façonnons pas seulement l’avenir du diagnostic du cancer, nous transformons des vies. Notre mission, **« Faire progresser le diagnostic du cancer, améliorer la vie »**, guide chacune de nos actions. En tant que leader mondial disposant du portefeuille le plus complet couvrant l’ensemble du parcours, de la biopsie au diagnostic, nous donnons aux cliniciens les moyens d’agir grâce à des solutions innovantes et fiables afin qu’ils puissent fournir aux patients des réponses rapides et précises lorsqu’ils en ont le plus besoin. En rejoignant Leica Biosystems, vous ne prenez pas simplement un emploi : vous rejoignez une équipe passionnée qui sait que chaque instant compte lorsqu’il s’agit du cancer. Vous contribuerez au développement de solutions diagnostiques qui transforment l’inquiétude en réponses et participerez à l’accélération de thérapies de nouvelle génération qui changent la vie. Entouré(e) d’une communauté mondiale diversifiée et collaborative, vous serez inspiré(e) chaque jour à vous dépasser, à progresser et à avoir un impact.


Découvrez le **Danaher Business System**, qui rend tout cela possible.

**Responsable Catégorie Fournisseurs Tiers (Third Party Commodity Manager)**
----------------------------------------------------------------------------


Le/la **Third Party Commodity Manager** est chargé(e) de garantir que Leica Biosystems puisse toujours proposer à ses clients un portefeuille complet de solutions à travers l’Europe.


Ce poste est rattaché au **Senior Manager Customer Operations EMEA**, fait partie de l’équipe **Customer Excellence EMEA**, est basé en **Italie** et nécessite une présence sur site.

### **Dans le cadre de ce poste, vous aurez l’opportunité de :**

* Garantir que Leica Biosystems puisse proposer un portefeuille complet à travers l’Europe en identifiant des solutions tierces lorsque les produits internes ne répondent pas pleinement aux besoins des clients.
* Gérer l’ensemble du cycle de vie des fournisseurs tiers, notamment leur identification, qualification, intégration, contractualisation et suivi de performance.
* Veiller à ce que tous les produits tiers soient certifiés, conformes à la réglementation, proposés à des prix compétitifs et accompagnés de la documentation juridique, réglementaire et technique requise.
* Agir comme principal point d’interface entre les équipes commerciales, les équipes d’appels d’offres, les spécialistes applicatifs et les fonctions internes, en traduisant les besoins des clients et les lacunes du portefeuille en stratégies d’approvisionnement claires.
* Maintenir un catalogue centralisé des produits et fournisseurs tiers, en garantissant une traçabilité complète des contrats, certifications, tarifs, données de référence et documents associés.
* Soutenir les initiatives d’amélioration continue, d’analyse de marché et de gestion de catégorie afin de réduire les risques, optimiser les coûts et harmoniser les processus à travers la région EMEA.

### **Les exigences essentielles du poste comprennent :**

* Certification professionnelle en achats (MCIPS ou équivalent).
* Minimum de 5 ans d’expérience en sourcing stratégique ou en achats, idéalement dans des secteurs réglementés (dispositifs médicaux, DIV/IVD, diagnostic, sciences de la vie).
* Solide connaissance des cadres juridiques et réglementaires applicables à la contractualisation des fournisseurs dans le domaine des dispositifs médicaux et du diagnostic in vitro.
* Expérience avérée dans la négociation avec les fournisseurs, la gestion des contrats et la gestion des parties prenantes.
* Expérience des processus de qualification et d’intégration des fournisseurs selon des standards d’entreprise structurés (DBS Danaher ou systèmes de management de la qualité équivalents).

### **Déplacements et permis de conduire**

* Capacité à voyager jusqu’à 30 % du temps en Europe et au Royaume\-Uni.
* Permis de conduire valide requis avec un historique de conduite satisfaisant.

### **Ce serait un atout si vous possédez également une expérience dans les domaines suivants :**

* Méthodologies Lean
* Animation ou participation à des événements Kaizen


Leica Biosystems, société du groupe Danaher, propose une large gamme de programmes d’avantages sociaux complets et compétitifs qui contribuent à améliorer notre qualité de vie. Qu’il s’agisse de couverture santé ou de congés rémunérés, nos programmes soutiennent votre bien\-être au\-delà du travail. Consultez nos avantages sur **Danaher Benefits Info**.


Join our winning team today. Together, we’ll accelerate the real\-life impact of tomorrow’s science and technology. We partner with customers across the globe to help them solve their most complex challenges, architecting solutions that bring the power of science to life.


For more information, visit www.danaher.com.","","https://it.indeed.com/cmp/Leica-Biosystems","https://d2q79iu7y748jz.cloudfront.net/s/_squarelogo/256x256/38af49f91c42737b0943e34ceca36290","http://www.leicabiosystems.com","Buffalo Grove, IL","5,001 to 10,000","Decline to state","Leica Biosystems (founded 1989) is a biotechnology company that develops and supplies clinical diagnostics to the pathology market.","","","","","","","medical manager"
"in-13b9ad6bf458967d","indeed","https://it.indeed.com/viewjob?jk=13b9ad6bf458967d","https://jobs.smartrecruiters.com/SGS/744000150064578-quality-assurance-officer-1-year-maternity-cover-","Quality Assurance Officer (1 year maternity cover)","SGS","Milano, LOM, IT","2026-09-17","fulltime","","","","","",True,"","","","","**Company Description**  

We are SGS – the world's leading testing, inspection and certification company. We are recognized as the global benchmark for sustainability, quality and integrity. Our 99,600 employees operate a network of 2,600 offices and laboratories, working together to enable a better, safer and more interconnected world.


At SGS, we have an open corporate and international culture. We offer a dynamic work environment in a leading global company. Our high professional standards and our sustainability approach guarantee you a future\-oriented work environment. We invest in our employees for the long term and are committed to supporting your development within the company. Our business principles include: Integrity, Health, Safety \& Environment, Quality \& Professionalism, Respect, Sustainability, and Leadership.

 **Job Description** **Main Purpose of Role:**

* Maintenance of the NB 1639 medical device internal quality management system.
* Managing of daily QA tasks:
* Updating and maintenance of documents under the MDD, MDR and IVDR scheme,
* Management the IF database,
* Collaboration on generic scheme documents,
* Publishing of documents on the SGS website,
* Bizzmine (Quality Management System); user communication and maintenance.

**This role will report to the Quality \& Regulatory Manager, Business Assurance.**

**It is remote based, and we are open to candidates located everywhere across Europe. But they must hold a valid work permit for their country of residency.**

 **Key Accountabilities:**

* Management of complaints, compliance queries and appeals,
* Management of continual improvement,
* Management of document control and records,
* Perform quality assurance check on updated quality management system documents,
* Release of updated quality management system documents in Bizzmine,
* Build a good working relationship with the Global Medical Device Certification / Competency /


Technical and Clinical Manager(s), and other Global Medical Device Team members,

* Undertake personal professional development and ensure appropriate training records are


updated,

* Provide technical support to all parts of the business,
* Maintain a full knowledge and understanding of SGS procedures, regulations, guidance


documents (e.g., MDCG) and external approval criteria,

* Support the development and maintenance of combined scheme documents.

 **Qualifications** **Skills \& Knowledge**

***Essential:***

* Good working knowledge of quality management systems including CAPA management,


document control and good documentation practices (GDP),

* Detail oriented,
* Strong organisational skills,
* Ability to organise own workload considering priorities set by the global medical device quality


manager,

* Ability to adapt quickly and demonstrate flexibility,
* Ability to work in a team,
* Ability to write clear procedures,
* Good working knowledge of the main MS office tools (Word, Excel, Outlook),
* Fluent written and spoken English.

***A nice to have:***

* Detailed understanding of global medical device regulations MDR and IVDR, and medical


device directive MDD,

* Knowledge of accreditation standard ISO 17021\-1:2015, ISO 13485, ISO 9001\.

 **Experience**

***Essential:***

* Significant work experience in a position with QA responsibility.

***A nice to have:***

* Experience working with medical devices,
* Auditing experience against recognised standards.

 **Qualifications**

***Essential:***

* Bachelor’s degree (or higher) in Biomedical Sciences or similar field (e.g., pharmacy, bioengineering, nurse, or similar)

***A nice to have:***

* Medical device training on MDD, MDR, IVDR or ISO 13485
* Medical device auditor

***Performance Indicators:***

* Turnaround time for compliance issues/complaints/ appeals,
* Efficient running of QMS and release of quality management documents.

 **Please send your CV in English**

 **Additional Information** **Why SGS?**

* Join a globally recognized and stable company, a leader in the Testing, Inspection, and Certification (TIC) industry.
* Enjoy a flexible schedule and work model.
* Access SGS University and Campus for continuous learning options.
* Thrive in a multinational environment, collaborating with colleagues from multiple continents.
* Benefit from our comprehensive benefits platform.

**Join Us:** At SGS, we are dedicated to fostering an open, friendly, and supportive culture that thrives on teamwork. We value diversity and provide endless opportunities to learn, grow your expertise, and fulfill your potential.

**Please share your CV in English. The role is fully remote. People from other countries can apply as well.**","","https://it.indeed.com/cmp/Sgs-1","https://d2q79iu7y748jz.cloudfront.net/s/_squarelogo/256x256/96465b1a678b9c3597680318f9572c1c","https://www.sgs.com","Geneva","10,000+","$5B to $10B (USD)","","","","","","","","medical manager"
"in-fc5493029853bd2f","indeed","https://it.indeed.com/viewjob?jk=fc5493029853bd2f","https://hippocratesholding.intervieweb.it/annunci.php?l=stagista-medical-operations-150734&lang=it&d=indeed&LAC=Mdcerm7vQYsGHO905nNtIXXbaiA9qd+ohSEnHM4x/dw=","STAGISTA - MEDICAL OPERATIONS","Hippocrates Holding","Milano, LOM, IT","2026-09-16","fulltime, internship","","","","","",False,"","","","","Hippocrates Holding S.p.a. – holding del marchio LaFarmacia.\- è la nuova realtà imprenditoriale attiva nel retail di Farmacie.


Ad oggi contiamo oltre 650 Farmacie di proprietà e più di 3000 farmacisti in tutto il Nord Italia.


Siamo il primo gruppo italiano indipendente del settore. Slegati dalle logiche di gruppi multinazionali e dalla filiera della distribuzione farmaceutica.

  

  

**Posizione:**
--------------

La figura di **STAGISTA \- MEDICAL OPERATIONS**, con riporto al Medical Retail Integration Manager, sarà inserita all’interno del team Operations e lavorerà a stretto contatto anche con il team Integration, a supporto delle attività operative legate alla gestione degli studi medici della rete e dell’integrazione dei nuovi studi medici che entreranno a far parte della rete ItalSalute.

 **Principali mansioni e responsabilità**:

***Team Operations***

* Supporto alle attività operative quotidiane legate alla gestione degli studi medici della rete
* Raccolta, organizzazione e analisi dati tramite Excel, inclusa la predisposizione di reportistica e il monitoraggio di indicatori (KPI)
* Predisposizione di documenti, presentazioni e comunicazioni interne utilizzando il pacchetto Office (Word, Excel, PowerPoint, Outlook)
* Supporto al coordinamento con gli studi medici della rete, anche tramite brevi trasferte sul territorio
* Supporto operativo ai colleghi del team Medical Operations nella gestione di attività trasversali

***Team Integration***

* Supporto backoffice all’analisi di business (P\&L) dello studio medico
* Ricerca dati e supporto alla stesura di contratti con medici e proprietà degli immobili
* Supporto alla gestione contrattualistica per assorbimento del personale presente negli studi medici (servizi di segreteria e infermieristici), congiuntamente al dipartimento legal interno
* Data entry nel gestionale centrale
* Attivazione e coordinamento dei fornitori esterni per adeguamento dei servizi negoziati con i medici di Gruppo.

**Requisiti:**
--------------

**Il/La Candidato/a ideale:**

  

* Ha un interesse spiccato per il settore sanitario territoriale e per l’analisi dati;
* Ha buona conoscenza di Word ed Excel, la conoscenza di Power BI è considerata un plus.

 **Soft skills**:

* Spiccate capacità relazionali, utili a interfacciarsi con entrambi i team e con interlocutori diversi
* Disponibilità a effettuare brevi trasferte sul territorio
* Precisione, organizzazione e proattività nella gestione delle attività
* Autonomia e capacità di adattamento a contesti e priorità diverse

**Altre informazioni:**
-----------------------

**Cosa offriamo:**

  

* Percorso strutturato orientato all'inserimento nel team
* Formazione continua e affiancamento da professionisti del settore
* Ambiente dinamico e in forte crescita
* Possibilità di lavorare su progetti reali con impatto visibile fin da subito

 **Tipo di impiego:**

  

* Stage extracurricolare di 6 mesi con rimborso spese di €600 con possibilità di inserimento
* per stage curricolare il rimborso spese sarà di €400
* Buoni pasto Satispay da €6
* Sconto dipendenti del 25% su parafarmaci e prodotti dermocosmetici (fino a 3\.000 € annui)

  

Sede di lavoro: Milano


Tipo di impiego: Full\-time con 1gg di SW alla settimana.

 *Nel gruppo Hippocrates ogni persona è accolta e valorizzata per ciò che è. Promuoviamo un ambiente basato su rispetto, equità e pari opportunità. La diversità è un valore.*

*Per questo motivo, il Gruppo Hippocrates non effettua discriminazioni sulla base di razza, religione, sesso (compresa la gravidanza e l'identità di genere), nazionalità, affiliazione politica, orientamento sessuale, stato civile, disabilità, età, stato parentale o altro fattore non basato sul merito.*","","https://it.indeed.com/cmp/Hippocrates-Holding","","","","","","","","","","","","","medical manager"
"in-c658013696cd5c82","indeed","https://it.indeed.com/viewjob?jk=c658013696cd5c82","https://wd3.myworkdaysite.com/en-US/recruiting/edenpeople/Edenred_Careers/job/Italy---Milano/Program-Manager---Technology_JR021199","Program Manager - Technology","Edenred","Milano, LOM, IT","2026-09-16","fulltime","","","","","",False,"","","","","Take a step forward and let Edenred surprise you.


Every day, we deliver innovative solutions to improve the life of millions of people, connecting employees, companies, and merchants all around the world.


We know there are hundred ways for you to grow. With us, you will expand your skills in a multicultural, challenging, and dynamic environment.


**Dare to join Edenred and get ready to thrive in a global company that will offer you endless opportunities.**

Edenred is all about meritocracy. You come as you are, and you contribute. Indeed, the Edenred Group recognizes, recruits and develops all talents and singularities.


We are committed to preventing all forms of discrimination and to providing all our candidates with equal opportunities regardless of their gender and gender expression, disability, origin, religious belief and sexual orientation or any other criteria.


**YOU WILL VIBE WITH US**

We are looking for a Program Manager to join the Technology Department, with the objective of supporting the management and coordination of complex technology transformation programs.
 

The role will be responsible for ensuring the end\-to\-end governance of strategic initiatives impacting multiple systems and business functions, guaranteeing stakeholder alignment, activity monitoring, risk management, and delivery targets.


Key Responsibilities:  



* Support the planning and management of complex technology transformation programs, ensuring coordination across multiple project streams.
* Collaborate with Technology and Business teams to translate system evolution needs into structured project initiatives.
* Monitor program progress through project KPIs, milestones, and performance indicators.
* Manage and coordinate program governance activities, ensuring alignment between IT teams, business stakeholders, and external vendors.
* Identify, monitor, and mitigate project risks and issues, ensuring continuity and effectiveness of delivery.
* Support the definition and implementation of program management frameworks and methodologies within the Technology department.
* Ensure coordination across initiatives involving multiple platforms and application systems, particularly in projects related to: digital channel evolution, legacy system modernization, and system/platform integration.
* Prepare reporting and monitoring materials for management and program steering committees.

**WE WILL VIBE WITH YOU**

* Degree in Computer Engineering or a related field.
* Experience (approximately 5 years) in project/program management roles, preferably within IT or digital transformation environments.
* Solid understanding of the dynamics of developing and managing complex, multi\-system technology projects.
* Experience coordinating both technical and business stakeholders.
* Familiarity with program and project management methodologies and tools (e.g., Agile, Waterfall, or hybrid models).
* Ability to define and monitor project KPIs, milestones, and risk management processes.
* Strong organizational, communication, and stakeholder management skills.
* Experience in digital transformation or legacy system modernization projects.
* Project/program management certifications (e.g., PMP, PRINCE2, or equivalent) are a plus.
* Fluent English.

**OTHER DETAILS**

* Permanent Contract
* CCNL Commercio
* Gross Annual Salary (RAL) starting from € 48\.000, determined on the basis of objective and transparent criteria, including professional experience gained, specialized technical skills, the level of autonomy and responsibility required, and alignment with the company's compensation and job classification framework
* Performance bonus in line with the company's incentive plan

* Smart\-working (10 days/month)
* ️ Ticket Restaurant®
* ️ Welfare Plan
* Comprehensive health benefits, including supplementary medical insurance, accident protection and life coverage

**EQUAL OPPORTUNITIES AND HIRING PROCESS**

Edenred fosters an inclusive workplace grounded in equal opportunity, with recruitment and career development processes based on fairness, transparency, and merit.


Candidates are assessed without discrimination on the basis of gender, age, ethnicity, social background, nationality, sexual orientation, personal or religious beliefs, disability, or any other legally protected characteristic.  



**Apply now and Vibe with Us!**","","https://it.indeed.com/cmp/Edenred","https://d2q79iu7y748jz.cloudfront.net/s/_squarelogo/256x256/e46c3b7da67a98b9d94b78f45302c949","https://www.edenred.com","Issy-les-Moulineaux","5,001 to 10,000","$1B to $5B (USD)","","","","","","","","medical manager"
"in-d3603adbfa747c45","indeed","https://it.indeed.com/viewjob?jk=d3603adbfa747c45","https://careers.cencora.com/us/en/job/R2613330","Senior Market Access Manager","Cencora","Milano, LOM, IT","2026-08-10","fulltime","","","","","",False,"","","","hrsc@cencora.com","Location: Milan, Milano, Italy
Category: Consulting
widget: Full time
 Posted Date: August 9th 2026
Job ID: R2613330
  
Our team members are at the heart of everything we do. At Cencora, we are united in our responsibility to create healthier futures, and every person here is essential to us being able to deliver on that purpose. If you want to make a difference at the center of health, come join our innovative company and help us improve the lives of people and animals everywhere. Apply today!


**Job Details**
===============

**Responsibilities**
--------------------


* Prepare, execute, and follow up on tasks related to pricing and reimbursement projects within the Market Access function.
* Support the development of multiple Market Access projects, with a focus on Pricing \& Reimbursement activities.
* Coordinate the activities of analysts and interns involved in project delivery.
* Perform quantitative and qualitative analyses, including landscape assessments, gap analyses, and economic model development or adaptation, to support strategic recommendations.
* Contribute to the preparation, submission, and follow\-up of AIFA Pricing \& Reimbursement dossiers.
* Create, review, and finalize reports, presentations, and other client\-facing deliverables.
* Conduct desk research on relevant topics using internal and external sources.
* Manage internal and external project activities, including administrative tasks required by company and client procedures.
* Maintain effective day\-to\-day working relationships with clients, including support for kick\-off meetings, meeting minutes, deliverables, and invoicing coordination.
* Support business development activities as needed.
* Monitor the AIFA website and relevant AIFA decrees related to pharmaceuticals.
* Draft Regional Pricing \& Reimbursement dossier sections when required.
* Take on other reasonable responsibilities aligned with the role and business needs.

\#LI\-AT2


.


**Education**
-------------


* Master’s degree in Pharmacy, Life Sciences, Economics, Statistics, or a related field.
* Strong academic record required.
* Postgraduate qualification such as an MBA or PhD in Market Access, Health Policy, or Health Economics is preferred.

**Experience**
--------------


* At least 5 years of experience in Market Access, particularly in activities related to AIFA Pricing \& Reimbursement dossiers.
* Proven experience in the preparation, submission, and follow\-up of AIFA P\&R dossiers.
* Experience coordinating projects and supporting the work of junior team members.
* Experience in quantitative and qualitative healthcare or market access analysis.
* Previous experience with GVD preparation or regional dossier development is preferred.
* Exposure to HTA analysis methodology is preferred.
* Knowledge of the regulatory system for medicines and medical devices is preferred.

**Skills**
----------


* Strong knowledge of AIFA procedures.
* Excellent analytical skills, with the ability to interpret complex data, draw conclusions, and formulate recommendations.
* Advanced Microsoft Office skills, especially in Excel and PowerPoint.
* Strong written and verbal communication skills in both English and Italian.
* Strong problem\-solving capabilities.
* Effective planning, time management, and organizational skills.
* Ability to work collaboratively across different teams.
* Strong project management and client management skills.

**What Cencora offers**
=======================


Benefit offerings outside the US may vary by country and will be aligned to local market practice. The eligibility and effective date may differ for some benefits and for team members covered under collective bargaining agreements.


Full time
**Affiliated Companies**
========================


Affiliated Companies: PharmaLex Italy SPA
**Equal Employment Opportunity**
================================


Cencora is committed to providing equal employment opportunity without regard to race, color, religion, sex, sexual orientation, gender identity, genetic information, national origin, age, disability, veteran status or membership in any other class protected by federal, state or local law.


The company’s continued success depends on the full and effective utilization of qualified individuals. Therefore, harassment is prohibited and all matters related to recruiting, training, compensation, benefits, promotions and transfers comply with equal opportunity principles and are non\-discriminatory.


Cencora is committed to providing reasonable accommodations to individuals with disabilities during the employment process which are consistent with legal requirements. If you wish to request an accommodation while seeking employment, please call 888\.692\.2272 or email hrsc@cencora.com. We will make accommodation determinations on a request\-by\-request basis. Messages and emails regarding anything other than accommodations requests will not be returned","","https://it.indeed.com/cmp/Cencora","https://d2q79iu7y748jz.cloudfront.net/s/_squarelogo/256x256/6940a214bfd57eb4556ed84959e3a363","https://www.cencora.com","Conshohocken, PA","10,000+","more than $10B (USD)","We are united in our responsibility to create healthier futures","","","","","","","medical manager"
"li-4470240857","linkedin","https://www.linkedin.com/jobs/view/4470240857","","Senior CTM, Hematology/Oncology","Thermo Fisher Scientific","Milan, Lombardy, Italy","2026-09-22","","","","","","",False,"","","","","","","https://www.linkedin.com/company/thermo-fisher-scientific","","","","","","","","","","","","","medical manager"
"li-4467384989","linkedin","https://www.linkedin.com/jobs/view/4467384989","","Clinical Operations Professionals | CRA, CTA & Clinical Project Management","Adecco","Lombardy, Italy","2026-09-21","","","","","","",False,"","","","","","","https://ch.linkedin.com/company/adecco","","","","","","","","","","","","","medical manager"
"li-4465986721","linkedin","https://www.linkedin.com/jobs/view/4465986721","","Product Manager Oncologia","Randstad Professional Italia","Milan, Lombardy, Italy","2026-09-16","","","","","","",False,"","","","","","","https://it.linkedin.com/company/randstad-professional-italia","","","","","","","","","","","","","medical manager"
"li-4468069893","linkedin","https://www.linkedin.com/jobs/view/4468069893","","Associate Principal, Health Economics, Health Technology Assessment","IQVIA","Milan, Lombardy, Italy","2026-09-19","","","","","","",False,"","","","","","","https://www.linkedin.com/company/iqvia","","","","","","","","","","","","","scientific liaison"
"li-4466260176","linkedin","https://www.linkedin.com/jobs/view/4466260176","","Regulatory Affairs","Hays","Melegnano, Lombardy, Italy","2026-09-17","","","","","","",False,"","","","","","","https://uk.linkedin.com/company/hays","","","","","","","","","","","","","scientific liaison"
"li-4470409470","linkedin","https://www.linkedin.com/jobs/view/4470409470","","Global Regulatory Affairs Clinical Trials Coordinator VIE Contract","Sanofi","Milan, Lombardy, Italy","2026-09-22","","","","","","",False,"","","","","","","https://fr.linkedin.com/company/sanofi","","","","","","","","","","","","","scientific advisor"
"li-4469597094","linkedin","https://www.linkedin.com/jobs/view/4469597094","","Regulatory Affairs Manager - Beauty & Industrial, Team Global","NonStop Consulting","Monza e Brianza, Lombardy, Italy","2026-09-20","","","","","","",False,"","","","","","","https://ch.linkedin.com/company/nonstop-consulting","","","","","","","","","","","","","scientific advisor"
"li-4449318040","linkedin","https://www.linkedin.com/jobs/view/4449318040","","Senior Director, Regulatory Affairs, Italy","Revolution Medicines","Milan, Lombardy, Italy","2026-09-17","","","","","","",False,"","","","","","","https://www.linkedin.com/company/revolution-medicines","","","","","","","","","","","","","scientific advisor"
"li-4450565454","linkedin","https://www.linkedin.com/jobs/view/4450565454","","Assistant CRA","Thermo Fisher Scientific","Milan, Lombardy, Italy","2026-09-19","","","","","","",False,"","","","","","","https://www.linkedin.com/company/thermo-fisher-scientific","","","","","","","","","","","","","clinical liaison"
"li-4468694444","linkedin","https://www.linkedin.com/jobs/view/4468694444","","Senior CRA II - Future Roles (Italy)","Syneos Health","Milan, Lombardy, Italy","2026-09-17","","","","","","",False,"","","","","","","https://www.linkedin.com/company/syneos-health","","","","","","","","","","","","","clinical liaison"
"li-4459502404","linkedin","https://www.linkedin.com/jobs/view/4459502404","","CRA - FSP - Italy","Thermo Fisher Scientific","Milan, Lombardy, Italy","","","","","","","",False,"","","","","","","https://www.linkedin.com/company/thermo-fisher-scientific","","","","","","","","","","","","","clinical liaison"
"li-4470453189","linkedin","https://www.linkedin.com/jobs/view/4470453189","","Medicilio | Quality & Regulatory Affairs (QARA) | ref. 123ztrctyxr","Medicilio","Milan, Lombardy, Italy","","","","","","","",False,"","","","","","","https://it.linkedin.com/company/medicilio-medicina-a-domicilio","","","","","","","","","","","","","clinical liaison"
"in-97dc71d38ac71310","indeed","https://it.indeed.com/viewjob?jk=97dc71d38ac71310","https://careers.alvarezandmarsal.com/jobs/18266261","Transactions Tax, Analyst, Italy","Alvarez & Marsal","Milano, LOM, IT","2026-09-22","internship","","","","","",False,"","","","","Location: Milan, MI, Italy
  

Date Posted: Sep 22, 2026

  

**Transactions Tax Analyst**

**Italy, Milan**


Alvarez \& Marsal (A\&M) is a global consulting firm with entrepreneurial, action and results\-oriented professionals. We take a hands\-on approach to solving our clients' problems and assisting them in reaching their potential. Our culture celebrates independent thinkers and doers who positively impact our clients and shape our industry. The collaborative environment and engaging work—guided by A\&M's core values of Integrity, Quality, Objectivity, Fun, Personal Reward, and Inclusive Diversity—are why our people love working at A\&M.


**About Alvarez \& Marsal**


Alvarez \& Marsal (A\&M) is a leading global professional services firm across more than 40 countries. We are known for our entrepreneurial, action\-oriented approach and for delivering practical solutions to complex business challenges.


Our Tax practice operates without audit conflict, enabling us to provide independent, commercially focused advice to multinational corporates, private equity, and mid\-market businesses.


In Italy, our Tax business is delivered through **A\&M Italy Tax STP SRL**, a regulated professional firm, and is experiencing significant growth. This creates a unique opportunity to join a high\-performing team at an exciting stage of its development.


**The Role**


As a **GTT Analyst**, you will support a wide range of tax advisory and compliance engagements, working closely with senior team members across both Italian and international projects.


You will:


* Support the delivery of corporate tax, international tax, and transaction\-related work
* Assist with tax compliance, advisory, and structuring projects
* Contribute to client deliverables through research, analysis, and technical work
* Gain exposure to cross\-border assignments and collaborate with colleagues across Europe
* Build strong technical foundations alongside commercial awareness

This role offers broad exposure across tax disciplines, allowing you to develop a well\-rounded skillset before specialising.


**What We Are Looking For**


* Eligibility to work in Italy
* Strong analytical and problem\-solving skills
* High attention to detail and a proactive, hands\-on mindset
* Strong communication skills in **Italian and English**
* Good working knowledge of Excel and PowerPoint
* Previous internships or relevant experience are advantageous but not essential
* Evidence of initiative and interests outside of academics

**Your Development at A\&M**


At A\&M, we prioritise learning through exposure and responsibility from day one. You will benefit from:


* A meritocratic environment where performance is recognised and rewarded
* Direct access to senior professionals and hands\-on client experience
* Structured development and ongoing training
* Exposure to complex, international work across multiple sectors

We are committed to supporting your professional development within the Italian regulatory framework and broader A\&M global platform.


**Education and Qualifications:**

* A master’s degree in Economics (LM\-77 or LM\-56\) or Law (LMG\-01\)
* Qualified (or in the process of qualifying) as a Chartered Accountant (Dottore Commercialista) or Lawyer (Avvocato)

**Your journey at A\&M**


We recognize that our people are the driving force behind our success, which is why we prioritize an employee experience that fosters each person’s unique professional and personal development. Our robust performance development process promotes continuous learning, rewards your contributions, and fosters a culture of meritocracy. With top\-notch training and on\-the\-job learning opportunities, you can acquire new skills and advance your career.


We prioritize your well\-being, providing benefits and resources to support you on your personal journey. Our people consistently highlight the growth opportunities, our unique, entrepreneurial culture, and the fun we have together as their favorite aspects of working at A\&M. The possibilities are endless for high\-performing and passionate professionals.


**Culture \& Values**
---------------------


At Alvarez \& Marsal, our core values of Integrity, Quality, Objectivity, Fun, Personal Reward, and Inclusive Diversity guide everything we do, shaping a culture rooted in entrepreneurship, impact, and integrity. We trust our people to take ownership early, contribute to meaningful challenges, and drive results that matter. We empower growth and champion diverse perspectives. Above all, we value doing the right thing. For those ready to roll up their sleeves, lead with integrity, and be difference makers, this is where it starts.


**Equal Opportunity Employer**
------------------------------


It is Alvarez \& Marsal’s practice to provide and promote equal opportunity in employment, compensation, and other terms and conditions of employment without discrimination because of race, color, creed, religion, national origin, ancestry, citizenship status, sex or gender, gender identity or gender expression (including transgender status), sexual orientation, marital status, military service and veteran status, physical or mental disability, family medical history, genetic information or other protected medical condition, political affiliation, or any other characteristic protected by and in accordance with applicable laws. Employees and Applicants can find A\&M policy statements and additional information by region here.


**Unsolicited Resumes from Third\-Party Recruiters**
----------------------------------------------------


Please note that as per A\&M policy, we do not accept unsolicited resumes from third\-party recruiters unless such recruiters are engaged to provide candidates for a specified opening. Any employment agency, person or entity that submits an unsolicited resume does so with the understanding that A\&M will have the right to hire that applicant at its discretion without any fee owed to the submitting employment agency, person or entity.","","https://it.indeed.com/cmp/Alvarez-&-Marsal","https://d2q79iu7y748jz.cloudfront.net/s/_squarelogo/256x256/99f08e8304d82718f819395f00e29a54","https://www.alvarezandmarsal.com/","New York, NY","10,000+","$1B to $5B (USD)","Alvarez & Marsal (A&M) is a global professional services firm specializing in turnaround and interim management, performance improvement and business advisory services.","","","","","","","medical information"
"in-36e5889fabf8f8c3","indeed","https://it.indeed.com/viewjob?jk=36e5889fabf8f8c3","https://jobs.lever.co/cagents/1a29e90c-e92a-43e8-b5e6-e77ca68cff83?lever-source=Indeed","Computer System Validation Engineer","CAI","Milano, LOM, IT","2026-09-18","fulltime","","","","","",False,"","","","","CAI Overview:
**Are You Ready?**
CAI is a professional services company established in 1996 that has grown year over year to nearly 800 people worldwide. For Life Sciences and Mission Critical industries that need to deliver critical solutions in high\-stakes environments, we provide accelerated operational readiness and unparalleled performance at the highest standard through our rigorous approach, field tested processes, and elite expertise developed over 30 years.
Our approach is simple because our Purpose informs everything we do:
* We exist to be the trusted solution for our clients as they strive to build a better working world and improve the human experience.


At CAI, we are committed to living our Foundational Principles, both professionally and personally:
* We act with integrity


* We serve each other


* We serve society


* We work for our future


At CAI, we believe in a relentless dedication to excellence, pushing boundaries and surpassing
expectations. From the beginning, we’ve challenged ourselves to do what others wouldn’t. Not just setting industry standards, but redefining them entirely. We are bold in our thinking and creative in our approach. We operate at the intersection of wisdom and technology and thrive when they come together with humanity. For us, operational readiness isn’t simply a goal. It’s a way of life. Because tomorrow demands to be at the forefront of today. We do this through tireless effort, precision, efficiency and an unwavering belief that there is always room for advancement. We’re not interested in how it used to be done. We’re obsessed with how it will be done.
It is absolutely necessary, in order to apply, to be a European citizen or to hold a valid residence permit for Europe.

Key Responsibilities:
**1\.****Major Area 1**
**The Computer Systems Validation (CSV) Engineer will develop and execute protocols and test scripts, identify gaps, and consult on and direct plans for resolution. This person is responsible for writing GxP computer validation and 21 CFR Part 11 related documentation such as assessments, plans, URS, FRS, RTM, and summary reports.**
**Position Requirements:**
**BS in a Computer Science or Engineering field or equivalent experience**
**2\-7 years’ experience with Computer systems validation**
**2 years’ experience working in a GMP environment**
 **aseptic process knowledge**
**filling line CSV and Automation experience**
**Experience in Data Integrity with GAMP and 483, compliance, consent decree experience, deep 21CFR Part 11 experience is highly desired**
**Experience in biotech and pharma is preferred over medical device**
**Experience with MES, Delta V, PI is a plus. We use all major systems as we serve a multitude of clients. Rockwell, GE, Emerson, ABB, Werum, Siemens, Honeywell and their associated platforms, PAS\-X, Syncade, FactoryTalk, PharmaSuite, Control Logix, PLM, Simatic, iFix, Wonderware, Siemens, etc.**
**Other Requirements:**
**Excellent oral and written communication skills in English/Fluent in English**
**Able to travel domestically and internationally as required**
**La selezione rispetta il principio delle pari opportunità (l. 903/77\)**
Creates strategies to balance short\-term requirements with long\-range business plans.
Pursues meaningful initiatives to capitalize on strengths, market opportunities, and counter competitive threats.
Aligns strategic priorities of own area with current direction and strategic priorities of the broader organization.
**Apply Commercial Insights**Demonstrates understanding of financial and economic levers that impact business performance and deploys them to improve short\- and long\-term results.
Promotes best\-in\-class risk awareness and reviews risk management performance on a continuing basis.
Draws appropriate conclusions from financial reports and analyses to identify and evaluate major strategic priorities and investments.
**Focus on Customers**Fosters a customer\-focused environment.
Identifies and anticipates customer requirements, expectations, and needs.
Creates systems and processes that make it easy for customers to do business with CAI.
**Lead Execution**Maintains accountability throughout the organization and encourages managed risk taking.
Delegates assignments to the lowest appropriate level and keeps people focused.
Monitors progress and redirects efforts when goals change or are not met.
Ensures people have resources, information, authority, empowerment, \& support needed to achieve objectives.
**Influence and Engage Others**Identifies the agendas, concerns, and motivations of others.
Negotiates persuasively to create win\-win solutions for all parties.
Cultivates networks across the organization to garner support and create a foundation for future influence.
Inspires and coaches others to achieve beyond their own expectations and develop a winning mindset.
**Build Talent**Provides feedback, coaching, and guidance where appropriate to enhance others’ skill development.
Shapes roles and assignments in ways that leverage and develop people’s capabilities.
Develops successors and talent pools to ensure availability of future talent.
Promotes the recruitment, advancement, and success of the best people from diverse backgrounds.
**Achieve Results with People**Fosters a sense of energy, ownership, and personal commitment to the work.
Inspires others to stretch beyond what they thought they could do.
Encourages others to set challenging goals and high standards of performance.
Creates an environment in which performance excellence is rewarded.
Challenges self and others to learn and develop to improve capabilities.
**Lead Courageously and Safely**
* Develops and drives a safe and inclusive work culture.


Takes well\-reasoned stands on important issues and always leads with integrity.
Makes tough people and business decisions and challenges “the way it has always been done.”
Develops breakthrough ideas, safe working processes, initiatives, and business ventures.
DISPONIBILITA' A FARE TRASFERTE SIA ITALIA CHE ESTERO
La selezione rispetta il principio delle pari opportunità (l. 903/77\)
**The compensation package offered ranges from €34,000 to €45,000 gross per annum (Gross Annual Salary). The final salary within this range will be determined according to the candidate’s technical competencies and relevant professional experience.**

We may use artificial intelligence (AI) tools to support parts of the hiring process, such as reviewing applications, analyzing resumes, or assessing responses and identifying potential inconsistencies or verification signals in application materials based on available information. These tools assist our recruitment team but do not replace human judgment. Final hiring decisions are ultimately made by humans. If you would like more information about how your data is processed, please contact us.","","https://it.indeed.com/cmp/Cai","","http://www.cai.com.ar","","","","","","","","","","","medical information"
"in-faa3d068c4ba07e9","indeed","https://it.indeed.com/viewjob?jk=faa3d068c4ba07e9","https://springernature.wd3.myworkdayjobs.com/de-DE/SpringerNatureCareers/job/Milano/Associate-Publisher--NPJ-Series_JR106941","Associate Publisher, NPJ Series","Springer Nature","Milano, LOM, IT","2026-09-17","fulltime","","","","","",False,"","","","","**Job title:** Associate Publisher, NPJ Series


**Locations:** Milan and Pune \- Hybrid Working Model


**Closing date:** October 1st 2026


**About Springer Nature**

Springer Nature is one of the leading publishers of research in the world. We publish the largest number of journals and books and are a pioneer in open research. Through our leading brands, trusted for more than 180 years, we provide technology\-enabled products, platforms and services that help researchers to uncover new ideas and share their discoveries, health professionals to stay at the forefront of medical science, and educators to advance learning. We are proud to be part of progress, working together with the communities we serve to share knowledge and bring greater understanding to the world. For more information, please visit about.springernature.com and @SpringerNature.


**About The Brand**

Nature Portfolio’s high\-quality journals and services across the life, physical, chemical and applied sciences help move science and society forward.


Nature Portfolio is home to the leading, international weekly journal of science, Nature – founded in 1869\. It is also home to the Nature research and Nature Reviews journals, the leading open access multidisciplinary journal *Nature Communications* , and open access journals including *Scientific Reports* . Together, these journals publish some of the world's most significant scientific discoveries.


Online, nature.com provides over nine million unique visitors per month with content, including news and comment from the Nature journal, and the leading scientific jobs board, Nature Careers. As part of Springer Nature, Nature Portfolio also offers a range of researcher services, including online and in\-person training. For more information, please visit nature.com and follow @NaturePortfolio.


**About the Role**

We are seeking an Associate Publisher to manage a portfolio of proprietary and society open access journals published under the npj brand. The npjs are fully open\-access Nature Portfolio academic journals that together span a wide range of research, from fundamental physics to clinical research to engineering. Each npj is targeted to a specific scientific community and is launched and run in collaboration with preeminent scientists. Reporting to an Executive Publisher you will be responsible for the management, strategic development and success of the individual journals within the Clinical Medicine field. This role involves liaising with internal staff, external journal editors, and the scientific community.  



**Role Responsibilities:**

* Develop journals to deliver a best\-in\-class author experience and foster maximum engagement from Societies, Editors\-in\-Chief and Editorial Board Members (EBMs), demonstrating strong Persuasion and Business Development skills to build engagement and support journal growth.
* Drive the growth and development of a group of open access journals as part of a strategically defined overall portfolio within the Journals group, using Portfolio Development \& Management, Market Intelligence and Business Development skills to identify opportunities and shape the future direction of the portfolio.
* Manage the complexities of relationships with partner societies, including contract negotiations, applying strong Negotiation Skills, Persuasion and Decision Quality to achieve sustainable outcomes and maintain productive partnerships.
* Develop strong working relationships with colleagues in Production, IT and other departments to ensure that any problems encountered by your journals, and particularly by authors, editors and peer reviewers, are swiftly and effectively resolved, demonstrating Resilience and a strong focus on Drives Results.
* Ensure that all KPIs are regularly monitored, reported and met, using Data Analysis / Quantitative Skills to assess journal performance, identify trends and inform Decision Quality, with appropriate action taken to Drive Results.
* Manage annual Journal Development/Improvement Plans and oversee their implementation and successful conclusion, using Portfolio Development
* Management, Market Intelligence and Decision Quality to identify priorities and deliver measurable improvements.
* Resolve pre\- and post\-publication issues raised by staff, Editorial Board Members (EBMs) and readers (e.g. authorship, scope, ethics and consent, misconduct, policies), demonstrating Decision Quality, Resilience and the ability to Drive Results in complex or sensitive situations.
* Attend external meetings (in\-person or virtual) to build close working relationships with external EiCs, EBMs, society partners and the wider research community, using Market Intelligence, Business Development and Persuasion to understand stakeholder needs and identify opportunities for journal development.
Represent the team in projects with Production, Sales, Marketing, Finance and other Editorial colleagues, contributing Market Intelligence, Data Analysis / Quantitative Skills and Portfolio Development \& Management perspectives to support effective decision\-making and the continued development of the journal portfolio.  
* 

**Experience, Skills \& Qualifications**

* Educated to degree level or equivalent, preferably in a relevant field of study
* Excellent verbal and written communication skills
* IT systems\-literate, with a sharp eye for detail
* Positive and proactive approach to problem solving, taking ownership to drive and complete tasks
* Ability to work cooperatively with colleagues at all levels and as part of a team
* Experience developing and maintaining productive and friendly relations/partnerships with academic and industry\-based researchers
* Strong time management and organizational skills; including proven ability to take ownership to drive and complete tasks, to consistently meet deadlines, and to adapt quickly to change
* Resourceful and proactive in dealing with problems and queries
Previous experience in academic publishing preferred  
* 

We encourage applications from candidates who meet most, but not necessarily all, of the criteria.


**Applications should include the following:**

* A cover letter explaining your motivation for the role, your salary expectations, notice period, and preferred office location.
* A CV.

*For Milan, Italy positions only:*

* *Associate Publisher: Minimum salary €32,500*

*National Collective Labour Agreement for employees of printing, publishing, digital and related companies (Publishers’ Section) – CNEL Code G011*

Springer Nature promotes an inclusive work environment and welcomes applications from individuals belonging to protected categories under Italian Law 68/99\.


At Springer Nature, our mission is to be part of progress – and that begins with inclusion: of people, perspectives, and ideas. We believe that diverse perspectives drive progress, and we are committed to creating an environment where people and ideas can flourish. If you have any access needs related to disability, neurodivergence or a chronic condition, please contact us so we can make all necessary accommodation. Find out more about our DEI work here https://group.springernature.com/gp/group/taking\-responsibility/diversity\-equity\-inclusion


For more information about career opportunities in Springer Nature please visit https://springernature.wd3\.myworkdayjobs.com/SpringerNatureCareers/


\#LI\-MM1


Job Posting End Date:


2\-10\-2026","Media News And Publishing","https://it.indeed.com/cmp/Springer-Nature","","http://www.springernature.com/gb/","New York, NY","10,000+","","Springer Nature is the world’s largest academic book publisher, publisher of the world’s most influential journals and a pioneer in the field of open research.","","","","","","","medical information"
"li-4468928615","linkedin","https://www.linkedin.com/jobs/view/4468928615","","Dental Medical Device QMS / MDR Consultant","Meet Life Sciences","Milan, Lombardy, Italy","","","","","","","",False,"","","","","","","https://uk.linkedin.com/company/meet","","","","","","","","","","","","","medical information"
"li-4331510697","linkedin","https://www.linkedin.com/jobs/view/4331510697","","Clinical Research Associate (CRA) - Law 68/99 Art. 18","Medpace","Milan, Lombardy, Italy","2026-09-21","","","","","","",False,"","","","","","","https://www.linkedin.com/company/medpace","","","","","","","","","","","","","pharmacovigilance"
"li-4450274200","linkedin","https://www.linkedin.com/jobs/view/4450274200","","Regulatory Affair Specialist - Pharma","Brenntag","Assago, Lombardy, Italy","2026-09-18","","","","","","",False,"","","","","","","https://de.linkedin.com/company/brenntag","","","","","","","","","","","","","pharmacovigilance"
"li-4459172333","linkedin","https://www.linkedin.com/jobs/view/4459172333","","Senior Clinical Research Associate II - FSP Model - Italy","Fortrea","Milan, Lombardy, Italy","2026-09-17","","","","","","",False,"","","","","","","https://www.linkedin.com/company/fortrea","","","","","","","","","","","","","pharmacovigilance"
"li-4468382138","linkedin","https://www.linkedin.com/jobs/view/4468382138","","CMO QA Manager - Audit & Vendor Qualification","Cpl Life Sciences","Milan, Lombardy, Italy","2026-09-17","","","","","","",False,"","","","","","","https://uk.linkedin.com/company/cpl-life-sciences","","","","","","","","","","","","","pharmacovigilance"
"li-4448954052","linkedin","https://www.linkedin.com/jobs/view/4448954052","","CRA (Level II)","Thermo Fisher Scientific","Milan, Lombardy, Italy","2026-09-16","","","","","","",False,"","","","","","","https://www.linkedin.com/company/thermo-fisher-scientific","","","","","","","","","","","","","pharmacovigilance"
"li-4325561650","linkedin","https://www.linkedin.com/jobs/view/4325561650","","Experienced CRA, Sponsor Dedicated - Italy","IQVIA","Milan, Lombardy, Italy","","","","","","","",False,"","","","","","","https://www.linkedin.com/company/iqvia","","","","","","","","","","","","","pharmacovigilance"
"li-4449649769","linkedin","https://www.linkedin.com/jobs/view/4449649769","","Clinical Research Associate & CRA Supervisor EMEA (50/50)","Teleflex","Milan, Lombardy, Italy","2026-09-18","","","","","","",False,"","","","","","","https://www.linkedin.com/company/teleflex","","","","","","","","","","","","","farmacovigilanza"
"in-5dc33c5eca8864f0","indeed","https://it.indeed.com/viewjob?jk=5dc33c5eca8864f0","https://jsv3.recruitics.com/redirect?rx_cid=3436&rx_jobId=R-01362223_rxr-1&rx_url=https%3A%2F%2Fjobs.thermofisher.com%2Fglobal%2Fen%2Fjob%2FR-01362223%2FManufacturing-Sciences-Process-Scientist-II%3Frx_a%3D0%26rx_c%3D%26rx_ch%3Djobp4p%26rx_group%3D123525%26rx_id%3D35912a71-b553-11f1-b903-a143bd9f8dad%26rx_job%3DR-01362223_rxr-1%26rx_medium%3Dcpc%26rx_r%3Dnone%26rx_source%3Dindeed%26rx_ts%3D20260923T100408Z%26rx_vp%3Dcpc%26utm_medium%3Dppc%26utm_source%3Drecruitics_indeedorganic","Manufacturing Sciences, Process Scientist II","Thermo Fisher Scientific","Monza, LOM, IT","2026-09-20","fulltime","","","","","",False,"","","","","**Work Schedule**


Standard (Mon\-Fri)**Environmental Conditions**


Adherence to all Good Manufacturing Practices (GMP) Safety Standards, Office, Some degree of PPE (Personal Protective Equipment) required (safety glasses, gowning, gloves, lab coat, ear plugs etc.)**Job Description**

**How will you make an impact?**


Thermo Fisher Scientific Inc. is the world leader in serving science, with annual revenue of more than $40 billion. Our Mission is to enable our customers to make the world healthier, cleaner and safer. Whether our customers are accelerating life sciences research, solving complex analytical challenges, improving laboratory efficiency, advancing patient health through diagnostics, or developing and manufacturing life\-changing therapies, we are here to support them.


We are seeking a highly motivated **Process Scientist II** to join the Pharmaceutical Development Services (PDS) team in Monza, Italy.


The Pharmaceutical Development Services (PDS) division specializes in clinical and small\-scale commercial contract manufacturing of sterile injectable drug products, including liquid and lyophilized formulations.


You will join the **Process Manufacturing Sciences** team, where scientists design, develop and optimize manufacturing processes for innovative therapies, working in close partnership with clients and cross\-functional teams. This role offers the opportunity to contribute to the successful delivery of life\-changing medicines while developing your scientific expertise in a dynamic and collaborative environment.

 **What will you do?**


As a **Process Scientist II**, you will support the development, optimization and technology transfer of sterile manufacturing processes into the cGMP manufacturing suites at the Monza site.


As the **Process Subject Matter Expert (SME)** for assigned projects, you will provide scientific leadership throughout the project lifecycle, partnering with clients and cross\-functional teams to develop robust, scalable and compliant manufacturing processes for clinical and commercial products.

**Your****responsibilities****will****include:**

* Define, develop and optimize manufacturing processes for sterile injectable products based on product knowledge, development data and Quality Target Product Profile (QTPP).
* Prepare and review technical documentation, including manufacturing instructions, study protocols, technical reports, FMEA and GAP analyses.
* Drive the technical execution of assigned projects, supporting process development, scale\-up, technology transfer and manufacturing activities.
* Build strong scientific partnerships with clients, provide technical expertise and supporting process\-related decisions throughout the project lifecycle.
* Lead technical investigations, risk assessments and process optimization to ensure robust and compliant manufacturing processes.
* Collaborate with Manufacturing, MSAT, Quality, Engineering and other cross\-functional teams to ensure successful project execution.
* Present scientific data, project progress and technical recommendations to internal stakeholders and external clients.
* Support client meetings, audits and regulatory inspections as the process technical expert.","Industrial Manufacturing","https://it.indeed.com/cmp/Thermo-Fisher-Scientific","https://d2q79iu7y748jz.cloudfront.net/s/_squarelogo/256x256/65bd2e4bebb79b1432ac3277ffd57ae7","https://www.thermofisher.com/","168 Third Avenue, Waltham, MA USA 02451","10,000+","more than $10B (USD)","At Thermo Fisher Scientific, our professionals develop critical solutions—and build rewarding careers.","","","","","","","drug safety"
"in-bdf99dd30e2b5a85","indeed","https://it.indeed.com/viewjob?jk=bdf99dd30e2b5a85","https://joblink.allibo.com/ats3/job-offer.aspx?DM=1959&ID=109790&LN=IT&SG=3&FT=10&MD=1","PRE OR POST-DOCTORAL POSITION","Ospedale San Raffaele","Milano, LOM, IT","2026-09-22","","","","","","",False,"","","","","IRCCS San Raffaele Scientific Institute in Milan, Italy, is looking for a Pre or Post\-Doctoral Fellow to join the Biology of Myelin Unit, led by Dr. Maurizio D’Antonio. (https://research.hsr.it/en/divisions/genetics\-and\-cell\-biology/biology\-of\-myelin.html)
  
  

**Main activities:**  

Our research unit is dedicated to unravelling the molecular mechanisms underlying Charcot\-Marie\-Tooth (CMT) diseases, with a specific focus on the genetic and pharmacological modulation of stress pathways, axonal degeneration, and gene editing strategies. We have developed a cohort of genetically modified mice carrying mutations in MPZ and PMP22, which we use to systematically investigate disease mechanisms and identify therapeutic avenues. Our main areas of focus include protein misfolding, the Unfolded Protein Response (UPR), and pathways that lead to axonal degeneration. In particular In previous work we have demonstrated how a significant number of mutant proteins causing CMT are retained in the endoplasmic reticulum where they activate a UPR, and we have demonstrated how modulation of this pathway may provide benefit in disease models (D’Antonio et al., J. Exp Med: , 2013; Das et al., Science, 2015; Bai et al., Mol. Neurobiol: , 2022, Touiver et al., Brain, 2025\).
  
  

**More details at:** https://pubmed.ncbi.nlm.nih.gov/?term\=d%27antonio\+maurizio\&sort\=date
  
  

The successful candidate will play an integral role in ongoing projects that aim to identify novel therapeutic strategies. The position offers an exciting opportunity to work in a dynamic, collaborative, and cutting\-edge research environment.
  
  

**Who we are looking for:**  

**The ideal candidate should have:**  

A Ph.D. in a relevant subject (e.g., cell or molecular biology, or in a related field of the life sciences); more junior candidates will also be considered.
  
Strong motivation for basic and translational research.
  
Expertise in cellular and molecular biology.
  
Experience with animal handling will be considered a plus.
  
  

**Work details:**  

**Type of contract:** co.co.co.
  
**Duration:** 1\-year renewable.
  
**RAL:** 25\.000 – 32\.000€ (depending on experience).
  
**Place of work:** Ospedale San Raffaele, Biology of Myelin Unit.
  
  

At San Raffaele Scientific Institute, a world\-renowned center of excellence for clinical and scientific activities, we believe that considering diversity and promoting an open and inclusive environment is crucial to our success. We are committed to ensure that equal employment opportunities are provided and based on merit without regard to age, religion, sex, disability, medical condition, sexual orientation, cultural and social backgrounds, gender identity or expression, national or ethnic origin, or any other legally recognized status entitled to protection under applicable laws. We offer attractive conditions and rewards appropriate to an internationally competitive research organization.","","https://it.indeed.com/cmp/Ospedale-SAN-Raffaele","https://d2q79iu7y748jz.cloudfront.net/s/_squarelogo/256x256/2b4c133da2c71842823c4b4ba72e6973","https://www.hsr.it","Milan","1,001 to 5,000","","","","","","","","","translational research"
"in-5ae3d0268475b3f4","indeed","https://it.indeed.com/viewjob?jk=5ae3d0268475b3f4","https://inrecruiting.intervieweb.it/annunci.php?l=head-of-lipid-nanoparticle-core-728534&lang=it&d=indeed&LAC=telethon","Head of Lipid Nanoparticle Core","Fondazione Telethon ETS","Milano, LOM, IT","2026-09-16","","","","","","",True,"","","","","Fondazione Telethon (FT) is a leading biomedical charity committed to advancing research into tangible therapeutic options for people living with rare genetic diseases. Through its affiliated research institutes – TIGEM (Naples) and SR\-TIGET (Milan) – FT has established an internationally recognized track record in the development of novel gene therapy approaches, including **AAV\-** and **Lentiviral Vector\-mediated gene transfer,** and their clinical application, with more than 170 patients successfully treated to date. **Furthermore, FT has pioneered the development and application of genome** and **epigenome editing** approaches for precise gene correction and gene silencing, and it remains at the forefront of these technologies.


To support the preclinical advancement of these cutting‑edge approaches, FT is now expanding its capabilities in the **non\-viral gene delivery space**, aiming at establishing a cross\-institute Core facility dedicated to the production and characterization of Lipid Nanoparticles (LNPs).

  

  

**Posizione:**
--------------

FT is seeking an experienced and forward\-thinking scientist to serve as Head of Lipid Nanoparticle Core, leading an integrated initiative across TIGEM and SR\-TIGET. The position offers a unique opportunity to shape a strategic technology platform within the globally recognized Fondazione Telethon R\&D ecosystem. The successful candidate will design, implement, and manage the Core, supporting internal research groups and translational programs.

***The position is based at SR\-TIGET (Milan) and requires regular travel between the two sites.***

 **Key Responsibilities**

* Establish and lead the Lipid Nanoparticle Core, ensuring alignment with the strategic priorities of the two Institutes
* Define and implement the operational strategy, including workflows, SOPs, quality standards and resource allocation, while ensuring harmonized processes across both Institutes
* Recruit, mentor, and supervise dedicated Core staff
* Serve as the primary interface with internal units (including research groups and development functions), and external stakeholders (including academic partners, industry collaborators, and technology providers)
* Drive innovation in the LNP space and related enabling technologies.
* Contribute to grant writing and external funding applications.

**Requisiti:**
--------------

* PhD in Chemistry or a closely related discipline (e.g., Chemical Engineering, Pharmaceutical Sciences, Materials Science).
* 5\+ years of post‑PhD experience in relevant scientific fields
* Documented track record in LNP design, production, and characterization; experience with LNP functionalization and/or CMC is considered a plus.
* Documented experience with in vivo applications of LNPs
* Familiarity with quality\-driven workflows; experience in industry, biotech, or GLP\-oriented environments is an advantage.
* Proven leadership capabilities, including team building and the ability to drive cross\-functional initiatives.
* Excellent command of written and spoken English.
* Outstanding communication and organizational skills, with the ability to manage stakeholders and effectively prioritize activities.

**Altre informazioni:**
-----------------------

**WHAT WE OFFER**

* Welfare scheme
* Assistance with applying for tax benefits, including attractive income tax reductions for candidates relocating to Italy for the first time or returning after living abroad.
* Moving support, including relocation allowance, assistance with bureaucratic procedures (e.g., visa, residence permit, healthcare registration), and Italian language training
* Work\-life balance solutions (flexible working time, remote working, 5\-month fully paid maternity leave, parental leave, on campus nursery with discounted rates)
* Access to National Health System providing residents with free or reduced\-cost healthcare (including access to general practitioners, treatment at public hospitals, subsidized medicines, ambulance services) and access with discounted rates to private specialist care at San Raffaele Hospital
* CCNL Commercio; Salary Range: 40\.000 \- 55\.000€

  

Fondazione Telethon is an Equal Opportunity Employer committed to increasing the diversity of its staff and provides employment opportunities regardless of individual’s age, color, disability, gender, national origin, religion, or sexual orientation.","","https://it.indeed.com/cmp/Fondazione-Telethon-Ets","","","","","","","","","","","","","translational research"
"in-23b1af9ee6f5b6b1","indeed","https://it.indeed.com/viewjob?jk=23b1af9ee6f5b6b1","https://dianax.eu/job-description-system-integration-engineer/","System Integration Engineer","Dianax","Milano, LOM, IT","2026-09-22","","","","","","",False,"","","","","### **Profile**



The company needs a system integration engineer with at least five years’ experience in systems development and project management preferably in a medical device company.





### **Professional Abilities**



The successful candidate will work in a group developing portable/mobile diagnostic equipment, located in Milan (Italy), under the direct supervision of the CTO; his main responsibility will be coordination of system integration and project management. He/She will interface the internal development group and the OEM companies developing system electronics and software to drive and monitor the development of the whole diagnostic system integrating Lab\-on\-Chip technology with electronics, software and industrial design.



He/She will also manage the developing timeline, in pace with the company objectives.





### **Education**



The ideal candidate has a PhD or an Italian second level Laurea degree in electronic engineering or software engineering with hardware specialization and at least 7\-10 years of industrial experience in structured organizations. An experience in electronic system integration and in drafting development requirements and project management is required. Experience in the qualification process and industrialization of electronic devices is considered a plus.





**Main Responsibility**



He/she will be responsible for driving the project execution of the new devices in the product portfolio pipeline, coordinating the technical requirements specification documents, the project planning execution and monitoring, the project cost and timeline management.



He/she will collaborate with CTO to define the project pipeline priority.



He/she will coordinate the activity of the project teams, the internal development team and the external sub\-contractors and suppliers.





**Skills \& Competency**



A flexible mindset and a strong team working capability are required in Dianax interdisciplinary environment. He/she should also have a sound level of soft skills and competency as follows:


* System Architecture design and specification
* Planning and organization
* Electronics and SW specifications
* Analysis of problems and synthesis
* Leadership
* Teamwork
* Negotiation
* Communication
* Result Orientation


A good knowledge and fluently spoken and written English is required.



The company offers a permanent position under a national work contract.","","https://it.indeed.com/cmp/Dianax","https://d2q79iu7y748jz.cloudfront.net/s/_squarelogo/256x256/b740ed22657f3c6b78902d1234a4eac7","","","","","","","","","","","","medical communication"
"in-cba63052a1281bae","indeed","https://it.indeed.com/viewjob?jk=cba63052a1281bae","https://grnh.se/bn98alil3us","Senior Threat Intelligence Researcher","SentinelOne","Milano, LOM, IT","2026-09-22","","","","","","",True,"","","","","### **Our Purpose**

  


At SentinelOne, we are driven by a clear purpose: to give the advantage to those who secure our future. As AI reshapes how organizations build, operate, and innovate, the responsibility to protect them becomes more critical than ever. When you join SentinelOne, your work helps protect global enterprises, critical infrastructure, and the technologies shaping tomorrow. If you are motivated by meaningful challenges and want your impact to be real, measurable, and global, you will find purpose here.


### **About Us**

  


SentinelOne is a company at the intersection of AI and security, pioneering a new operating model for cybersecurity. Our AI\-native platform unifies protection across endpoint, cloud, identity, data, and AI systems to deliver autonomous detection and response with clarity and speed. By combining real\-time analytics, intelligent automation, and a unified data foundation, we reduce noise, simplify complexity, and empower security teams to focus on what truly matters.



Our teams are builders, problem\-solvers, and innovators committed to shaping the future of security. If you are excited to solve hard problems alongside talented, mission\-driven people, we invite you to help us build a safer future for humanity.


### **What Are We Looking For?**



We're looking for people who are relentlessly curious and committed to continuous learning. AI is reshaping every function across our business, and we enable every team member, regardless of role or level, to build fluency in AI tools and concepts. Those who thrive here actively seek out new solutions, experiment thoughtfully, and apply what they learn to drive better, faster, smarter outcomes.


As a Senior Threat Intelligence Researcher, you will be tasked with leading deep\-dive investigations into both emerging and known threats, while maintaining a vigilant watch over malware developments to ensure defenses remain a step ahead of evolving attack methods. You will synthesize complex data into actionable intelligence and provide senior management with the clear briefings necessary to understand and mitigate potential risks. You will also develop refined hunting strategies to adapt to and anticipate shifts in threat actor tactics and techniques, and track adversary infrastructure to effectively counteract shifts in threat actor tradecraft through detail\-oriented investigation.


### **What Will You Do?**



Primary responsibilities include:


* Synthesize complex data, from internal hunt findings to intelligence gathered from dark web forums, leak sites, and research repositories, into actionable threat briefings and risk assessments for security leadership and senior stakeholders.
* Lead in\-depth, hypothesis\-driven threat hunts across internal networks, cloud environments, and endpoints to uncover sophisticated intrusions that evade traditional security controls.
* Map threat actor footprints internally by pivoting through EDR telemetry.
* Analyze adversary tactics, techniques, and procedures (TTPs) within the environment, identifying shifts in execution, persistence, and lateral movement.
* Trace adversary infrastructure externally by pivoting through domain registrations, SSL certificates, and passive DNS.

### **What Skills and Knowledge Will You Bring?**



Ideal candidates will have:


* A background in threat intelligence or threat hunting.
* Knowledge of the cyber threat landscape, including threat actors and their tactics, techniques, and procedures (TTPs).
* Strong analytical skills, with the ability to identify patterns and trends in large datasets.
* Knowledge of how our products operate internally and how to maximize their telemetry.
* Strong knowledge of YARA to track new malware families, along with knowledge of validation best practices.
* An understanding of software vulnerabilities and the ability to implement internal hunting strategies to track their exploitation across the estate.
* Knowledge of MITRE ATT\&CK, CISA KEV, EPSS, AMITT, and MISP Galaxy.
* Knowledge of malware analysis tools and techniques, including static and dynamic analysis, sandboxing, and debugging.
* Technical writing and content development skills.
* A solid technical understanding of how EDR works is preferred.
* Relevant certifications, such as Certified Malware Analyst (CMA), Certified Reverse Engineering Analyst (CREA), or GIAC Certified Malware Reverse Engineer (GREM), are preferred.

### **Why SentinelOne?**



AI is redefining how the world operates and rewriting the rules of security in real time, and SentinelOne was built for this moment. From day one, we architected an AI\-native platform designed to operate at machine speed, not as an add\-on to legacy systems but as the foundation itself. If you want to build where innovation and impact move together, this is that place.



We invest in our Sentinels with comprehensive, competitive benefits designed to support you and your family:


**Equity \& Rewards**


* Restricted Stock Units (RSUs)
* Employee Stock Purchase Plan (ESPP)


**Time Off \& Wellbeing**


* Competitive leave benefits
* Gender\-neutral parental leave


**Insurance \& Financial Security**


* Medical and insurance benefits
* Pension
* Employee Assistance Program (EAP)


**Work Perks \& Flexibility**


* Global home office allowance
* Mobile phone reimbursement

  

SentinelOne is proud to be an Equal Employment Opportunity and Affirmative Action employer. We do not discriminate based upon race, religion, color, national origin, gender (including pregnancy, childbirth, or related medical conditions), sexual orientation, gender identity, gender expression, age, status as a protected veteran, status as an individual with a disability, or other applicable legally protected characteristics.



SentinelOne participates in the E\-Verify Program for all U.S. based roles.","","https://it.indeed.com/cmp/Sentinelone","https://d2q79iu7y748jz.cloudfront.net/s/_squarelogo/256x256/e46efa1e574f1754cbe73b576eb62b82","http://www.sentinelone.com","Mountain View, CA","1,001 to 5,000","Decline to state"," At SentinelOne, we exist for those who protect what matters most. We believe security should be intelligent, unified, and always on.","","","","","","","medical writing"
"li-4469449025","linkedin","https://www.linkedin.com/jobs/view/4469449025","","Regulatory Affairs Analyst","IQVIA","Milan, Lombardy, Italy","","","","","","","",False,"","","","","","","https://www.linkedin.com/company/iqvia","","","","","","","","","","","","","medical writing"
"in-9e13f1a52701b301","indeed","https://it.indeed.com/viewjob?jk=9e13f1a52701b301","https://jsv3.recruitics.com/redirect?rx_cid=3436&rx_jobId=R-01365986_1007&rx_url=https%3A%2F%2Fjobs.thermofisher.com%2Fglobal%2Fen%2Fjob%2FR-01365986%2FProject-Manager-Early-Development-Services%3Frx_a%3D0%26rx_c%3D%26rx_ch%3Djobp4p%26rx_group%3D123525%26rx_id%3D748d366d-b6a2-11f1-ab6f-4d065a115b02%26rx_job%3DR-01365986_1007%26rx_medium%3Dcpc%26rx_r%3Dnone%26rx_source%3Dindeed%26rx_ts%3D20260923T100408Z%26rx_vp%3Dcpc%26utm_medium%3Dppc%26utm_source%3Drecruitics_indeedorganic","Project Manager - Early Development Services","Thermo Fisher Scientific","Milano, LOM, IT","2026-09-22","fulltime","","","","","",False,"","","","","**Work Schedule**


Standard (Mon\-Fri)**Environmental Conditions**


Office**Job Description**

  

We are seeking a **(Sr) Project Manage**r to join our **Early Development Services Team** in the **EMEA region**. We seek Phase I experience for this role.

  

The Project Manager serves as the Project Lead and primary sponsor contact and is accountable for the overall delivery of the project (quality, time, cost) on behalf of the organization. Additionally, the Project Manager establishes and communicates customer expectations to the project team and ensures that escalation pathways are adhered to internally and externally. The role involves leading the cross functional project team to meet or exceed deliverables.  

  

**What You'll Do:**  

* Serve as the primary contact between the sponsor and the organization at the project level.
* Ensure escalation pathways adhered to internally and externally (Rules of Engagement – communication pathways).
* On projects where the scope requires, ensure clear delineation in responsibilities and communication pathways for secondary project leads (such as lead in a specific region, lead for a specific vendor(s) or subset of delivery).
* Accountable for the overall delivery of the cross\-functional project (time, cost, quality).
* Ensure financial stewardship at a project level by demonstrating an intimate understanding of the contract, resource alignment to budget, management of Out of Scope activity, drive the Con Mod process/negotiations and team execution to timelines.
* Establish, communicate and manage customer expectations to achieve optimal delivery during the project
* Drive Risk Identification and Issue Resolution at project level (RBQM/RESOLVE).
* Ensure project team compliance with organization policies, SOPs, ICH\- GCP, regulatory and project specific requirements.

  

**Education \& Experience Requirements:**  

* Bachelor's degree or equivalent and relevant formal academic / vocational qualification
* Previous experience that provides the knowledge, skills, and abilities to perform the job (comparable to 8\+ years’).

  

*Years of experience refers to typical years of related experience needed to gain the required knowledge, skills, and abilities necessary to perform the essential functions of the job. Years of experience are not to be used as the only determining factor in establishing the job class or making employment selection decisions.*  

  

**Knowledge, Skills, Abilities:**  

* Technical and systems competency, such as computer skills, to include effective use of systems and applications such as Microsoft Outlook, Word, Excel and PowerPoint, as well as organization systems (CTMS, Preclarus, Clarity)
* Ability to delegate and effectively prioritize own and workload of project team members in a frequently changing environment
* Effective oral and written communication and presentation skills
* Proactive, solutions oriented and adaptable to changing priorities and situations
* Advanced therapeutic area knowledge and clinical development guidelines and directives
* Strong understanding of the key principles of project management (time, quality, cost), including solid financial acumen
* Sound interpersonal and customer service skills, including the ability to lead, motivate and coordinate cross\-functional project teams
* Good judgment and decision making skills and capable of applying critical and analytical strategic thinking skills to manage complex/ambiguous situations
* Ability to negotiate, persuade and influence others, including a cross cultural awareness.

  

**Working Conditions and Environment:**  

* Work is performed in an office/ laboratory and/or a clinical environment.
* Exposure to biological fluids with potential exposure to infectious organisms.
* Exposure to electrical office equipment.
* Personal protective equipment required such as protective eyewear, garments and gloves.

  

**Why Join Us?**  

  

When you join Thermo Fisher Scientific, you become part of a global team that values passion, innovation, and a commitment to scientific excellence. You’ll work in an environment where collaboration and development are part of the everyday experience—and where your contributions truly make a difference.  

  

Apply today to help us deliver tomorrow’s breakthroughs.","Industrial Manufacturing","https://it.indeed.com/cmp/Thermo-Fisher-Scientific","https://d2q79iu7y748jz.cloudfront.net/s/_squarelogo/256x256/65bd2e4bebb79b1432ac3277ffd57ae7","https://www.thermofisher.com/","168 Third Avenue, Waltham, MA USA 02451","10,000+","more than $10B (USD)","At Thermo Fisher Scientific, our professionals develop critical solutions—and build rewarding careers.","","","","","","","clinical development"
"li-4468642886","linkedin","https://www.linkedin.com/jobs/view/4468642886","","Licensed Aircraft Maintenance Technician (Milan)","Sirio","","2026-09-17","","","","","","",False,"","","","","","","https://www.linkedin.com/company/sirioglobal","","","","","","","","","","","","","ATMP"
"li-4468984202","linkedin","https://www.linkedin.com/jobs/view/4468984202","","Team Leader, mRNA Manufacturing","Thermo Fisher Scientific","Monza, Lombardy, Italy","","","","","","","",False,"","","","","","","https://www.linkedin.com/company/thermo-fisher-scientific","","","","","","","","","","","","","medical lead"
