"id","site","job_url","job_url_direct","title","company","location","date_posted","job_type","salary_source","interval","min_amount","max_amount","currency","is_remote","job_level","job_function","listing_type","emails","description","company_industry","company_url","company_logo","company_url_direct","company_addresses","company_num_employees","company_revenue","company_description","skills","experience_range","company_rating","company_reviews_count","vacancy_count","work_from_home_type","search_term"
"in-2452cd6efad6a004","indeed","https://it.indeed.com/viewjob?jk=2452cd6efad6a004","https://jp.syneoshealth.com/careers/jobs/18201192-sponsor-dedicated-cra-ii-slash-sr-cra-i-home-based-ita","Sponsor Dedicated CRA II/ Sr CRA I - Home Based ITA","サイネオス・ヘルス","LOM, IT","2026-09-02","","","","","","",True,"","","","","**Updated:** September 2, 2026  

**Location:** Remote, MI, Italy  

**Job ID:** 25112199


Not ready to apply?  

Join our Talent Network
**Description**


Sponsor Dedicated CRA II/ Sr CRA I \- Home Based ITA
Syneos Health® is a leading fully\-integrated life sciences services organization built to accelerate customer success. We partner with innovators at every point across the drug development and commercialization continuum, helping them navigate complexity, anticipate change and accelerate progress.  

  

Our Clinical Solutions team members act with a drug development mindset, applying their years of experience and deep expertise to truly understand customer needs and represent those in the solutions we shape.
  

  

Whether you join us in a Functional Service Provider partnership or a Full\-Service environment, you’ll collaborate with passionate problem solvers, innovating as a team to help our customers achieve their goals. We are agile and driven to deliver – for one another, our customers, and, most importantly, for those in need.
  

  

Discover what your 25,000 future colleagues already know:
  

  

Why Syneos Health  

* We are passionate about developing our people, through career development and progression; supportive and engaged line management; technical and therapeutic area training; peer recognition and total rewards program.
* We are committed to building an inclusive culture – where you can authentically be yourself. Central to this is our purpose – Driven to Deliver – which captures the passion of our colleagues to show up each day and shape solutions that have the ability to dramatically impact someone’s life.
* We are continuously building the company we all want to work for and our customers want to work with. Why? Because we know that when we bring together smart colleagues from across the world, we can shape the future of healthcare, driving impact for customers and defining the pace of patient progress.
**Job Responsibilities**

* Performs site qualification, site initiation, interim monitoring, site management activities and close\-out visits (performed on\-site or remotely) ensuring regulatory, ICH\-GCP and/or Good Pharmacoepidemiology Practice (GPP) and protocol compliance. Uses judgment and experience to evaluate overall performance of site and site staff and to provide recommendations regarding site\-specific actions; immediately communicates/escalates serious issues to the project team and develops action plans. Maintains a working knowledge of ICH/GCP Guidelines or other applicable guidance, relevant regulations, and company SOPs/processes.
* Verifies the process of obtaining informed consent has been adequately performed and documented for each subject/patient, as required/appropriate. Demonstrates diligence in protecting the confidentiality of each subject/patient. Assesses factors that might affect subject/patient’s safety and clinical data integrity at an investigator/physician site such as protocol deviation/violations and pharmacovigilance issues.
* Per the Clinical Monitoring/Site Management Plan (CMP/SMP): Assesses site processes. Conducts Source Document Review of appropriate site source documents and medical records. Verifies required clinical data entered in the case report form (CRF) is accurate and complete. Applies query resolution techniques remotely and on site, and provides guidance to site staff as necessary, driving query resolution to closure within agreed timelines. Utilizes available hardware and software to support the effective conduct of the clinical study data review and capture. Verifies site compliance with electronic data capture requirements.
* May perform investigational product (IP) inventory, reconciliation and reviews storage and security. Verifies the IP has been dispensed and administered to subjects/patients according to the protocol. Verifies issues or risks associated with blinded or randomized information related to IP. Applies knowledge of GCP/local regulations and organizational procedures to ensure IP is appropriately (re)labelled, imported and released/returned.
* Routinely reviews the Investigator Site File (ISF) for accuracy, timeliness and completeness. Reconciles contents of the ISF with the Trial Master File (TMF). Ensures the investigator/physician site is aware of the requirement of archiving essential documents in accordance with local guidelines and regulations.
* Documents activities via confirmation letters, follow\-up letters, trip reports, communication logs, and other required project documents as per SOPs and Clinical Monitoring Plan/Site Management Plan. Supports subject/patient recruitment, retention and awareness strategies. Enters data into tracking systems as required to track all observations, ongoing status and assigned action items to resolution.
* For assigned activities, understands project scope, budgets, and timelines; manages site\-level activities / communication to ensure project objectives, deliverables and timelines are met. Must be able to quickly adapt to changing priorities to achieve goals / targets.
* May act as primary liaison with study site personnel, or in collaboration with Central Monitoring Associate. Ensures all assigned sites and project\-specific site team members are trained and compliant with applicable requirements
* Prepares for and attends Investigator Meetings and/or sponsor face to face meetings. Participates in global clinical monitoring/project staff meetings (inclusive of Sponsor representation, as applicable) and attends clinical training sessions according to the project specific requirements.
* Provides guidance at the site and project level towards audit readiness standards and supports preparation for audit and required follow\-up actions.
* Maintains a working knowledge of ICH/GCP Guidelines or other applicable guidance, relevant regulations, and company SOPs/processes; completes assigned training as required. For Real World Late Phase, the CRA II will use the business card title of Site Management Associate II. Additional responsibilities include:Site support throughout the study lifecycle from site identification through close\-out. Knowledge of local requirements for real world late phase study designs.Chart abstraction activities and data collection  

Collaboration with Sponsor affiliates, medical science liaisons and local country staff. The SMA II may be requested to train junior staff. Identify and communicate out of scope activities to Lead CRA/Project Manager. Proactively suggest potential sites based on local knowledge of treatment patterns, patient advocacy and Health Care Provider (HCP) associations.


Qualifications:

* 2\+ years of experience as Certified CRA according to M.D. 15 Nov 2011
* Previous experience with Oncology trials is required
* Knowledge of Good Clinical Practice/ICH Guidelines and other applicable regulatory requirements
* Must demonstrate good computer skills and be able to embrace new technologies
* Excellent communication, presentation and interpersonal skills
* Ability to manage required travel as per monitoring plan needs


The employment relationship shall be governed by the National Collective Labour Agreement (CCNL) for employees of companies operating in the tertiary, distribution and services sectors (""CCNL Commercio""), and all related provisions shall apply, including Article 213, in its version in force from time to time.


The potential annual gross salary range for this role will be 50,000\.00 EUR \- 63,000\.00 EUR, excluding any additional benefits and allowances.

**Get to know Syneos Health**

  

Over the past 5 years, we have worked with 94% of all Novel FDA Approved Drugs, 95% of EMA Authorized Products and over 200 Studies across 73,000 Sites and 675,000\+ Trial patients.


No matter what your role is, you’ll take the initiative and challenge the status quo with us in a highly competitive and ever\-changing environment. Learn more about Syneos Health.


http://www.syneoshealth.com

**Additional Information**

  

Tasks, duties, and responsibilities as listed in this job description are not exhaustive. The Company, at its sole discretion and with no prior notice, may assign other tasks, duties, and job responsibilities. Equivalent experience, skills, and/or education will also be considered so qualifications of incumbents may differ from those listed in the Job Description. The Company, at its sole discretion, will determine what constitutes as equivalent to the qualifications described above. Further, nothing contained herein should be construed to create an employment contract. Occasionally, required skills/experiences for jobs are expressed in brief terms. Any language contained herein is intended to fully comply with all obligations imposed by the legislation of each country in which it operates, including the implementation of the EU Equality Directive, in relation to the recruitment and employment of its employees. The Company is committed to compliance with the Americans with Disabilities Act, including the provision of reasonable accommodations, when appropriate, to assist employees or applicants to perform the essential functions of the job.

**Summary**


Roles within Clinical Monitoring/CRA are responsible for overseeing and ensuring the integrity of clinical research studies by monitoring data and processes from a centralized location. This includes conducting remote monitoring of trial sites to verify compliance with regulatory requirements and clinical protocols. Utilizes data analytics and risk\-based monitoring techniques to identify potential issues and trends, ensuring that trials are conducted in accordance with established clinical practices. Collaborates with site teams to develop and implement tools, procedures, and processes that enhance quality monitoring and support the overall success of clinical trials. Impact and Contribution Individual contributors with responsibility in a professional or technical discipline or specialty, but may manage two or fewer employees. May direct the work of lower level professionals or manage processes and programs. The majority of time is spent contributing to the design, implementation or delivery of processes, programs, and policies, using knowledge and skills typically acquired through advanced education. Established and productive individual contributor. May manage defined components of projects or processes within area of responsibility. Requires practical knowledge of a professional area, typically obtained through education combined with experience.","","https://it.indeed.com/cmp/%E3%82%B5%E3%82%A4%E3%83%8D%E3%82%AA%E3%82%B9-%E3%83%98%E3%83%AB%E3%82%B9","","","","","","","","","","","","","medical science liaison"
"in-9fef1d8bd03f1b2a","indeed","https://it.indeed.com/viewjob?jk=9fef1d8bd03f1b2a","https://jsv3.recruitics.com/redirect?rx_cid=3436&rx_jobId=R-01352128_1004_rxr-2&rx_url=https%3A%2F%2Fjobs.thermofisher.com%2Fglobal%2Fen%2Fjob%2FR-01352128%2FSenior-Medical-Director-Nephrology-EMEA-Client-dedicated%3Frx_a%3D0%26rx_c%3D%26rx_ch%3Djobp4p%26rx_group%3D123525%26rx_id%3D2345b6ab-a59c-11f1-9d12-9dad2c975424%26rx_job%3DR-01352128_1004_rxr-2%26rx_medium%3Dcpc%26rx_r%3Dnone%26rx_source%3Dindeed%26rx_ts%3D20260904T100405Z%26rx_vp%3Dcpc%26utm_medium%3Dppc%26utm_source%3Drecruitics_indeedorganic","(Senior) Medical Director - Nephrology, EMEA (Client - dedicated)","Thermo Fisher Scientific","Milano, LOM, IT","2026-08-31","fulltime","","","","","",False,"","","","","**Work Schedule**


Standard (Mon\-Fri)**Environmental Conditions**


Office**Job Description**


At Thermo Fisher Scientific, you’ll discover meaningful work that makes a positive impact on a global scale. Join our colleagues in bringing our Mission to life \- enabling our customers to make the world healthier, cleaner and safer. We provide our teams with the resources needed to achieve individual career goals while taking science a step beyond through research, development and delivery of life\-changing therapies. With clinical trials conducted in 100\+ countries and ongoing development of novel frameworks for clinical research through our PPD clinical research portfolio, our work spans laboratory, digital and decentralized clinical trial services. Your determination to deliver quality and accuracy will improve health outcomes that people and communities depend on – now and in the future.

**Discover Impactful Work:**


The (Senior) Medical Director will provide medical support and medical advice for clinical trials and safety evaluation within our client environment.

**A day in the Life:**

* ### **Provide medical leadership to the study teams, including creating clinical trial protocols while implementing the latest scientific information, contribute to site selection, involved in review and approval of study protocols and amendments, Clinical Study Reports (CSRs), Informed Consent Forms (ICFs), Case Report Forms (CRFs), protocol deviation decisions and other clinical documents as required for the conduct of clinical trials**
* ### **Real time Medical Monitoring of clinical studies: ensure medical validity of each individual primary endpoint as well study subject safety, while ensuring medical issues are identified early. Pro\-active customer concern and correction of issues in consultation with the Global Medical Indication Lead**
* ### **During initial review of protocol, consults with internal groups and support staff regarding procedural and budgetary items and the necessity for change due to any subsequent protocol amendments. Acquires other functions’ dedication to close gaps and address issues timely and effectively. Serves as chief liaison between sponsor and all PPD internal departments performing the required tasks during all study phases. Educates Investigator sites by delivering a protocol specific lab procedures presentation and demonstration during an investigator meeting. Controls, handles and follows day to day activities during the course of the clinical trial to resolve any issues and answer queries**
* ### **Medical point of contact for all internal and external stakeholders: Interact with the investigators as needed, answer questions of IRBs and Health Authorities, prepare and present material to the study executive and independent safety committee if applicable; medical training of site staff at Investigator meetings; CRA training in new indications**
* ### **Ensure study compliance for all medical aspects by understanding and applying all relevant SOPs and GCP**
* ### **Closely collaborate with the cross functional study team members in order for medical risks, issues, and results to be clear to all involved parties**

**Education**

* Medical Doctor, with a specialty in Nephrology, shown clinical experience running nephrology\` patients in hospital practice
* Industry experience in clinical development required

**Knowledge, Skills, Abilities**

* Significant experience within pharmaceutical industry, clinical trials and pharmaceutical medicine is critically important
* Fluent in spoken and written English
* Shown understanding and experience with NDA submission process.
* Shown understanding of regulatory guidelines for adverse event reporting
* Strong communication \& presentation skills and is a strong teammate


Our Mission is to enable our customers to make the world healthier, cleaner and safer. Watch as our colleagues explain 5 reasons to work with us. As one team of 100,000\+ colleagues, we share a common set of values \- Integrity, Intensity, Innovation and Involvement \- working together to accelerate research, solve complex scientific challenges, drive technological innovation and support patients in need. \#StartYourStory with PPD, part of Thermo Fisher Scientific, where diverse experiences, backgrounds and perspectives are valued.

**Apply today! http://jobs.thermofisher.com**


Thermo Fisher Scientific is an EEO/Affirmative Action Employer and does not discriminate on the basis of race, color, religion, sex, sexual orientation, gender identity, national origin, protected veteran status, disability or any other legally protected status.","Industrial Manufacturing","https://it.indeed.com/cmp/Thermo-Fisher-Scientific","https://d2q79iu7y748jz.cloudfront.net/s/_squarelogo/256x256/65bd2e4bebb79b1432ac3277ffd57ae7","https://www.thermofisher.com/","168 Third Avenue, Waltham, MA USA 02451","10,000+","more than $10B (USD)","At Thermo Fisher Scientific, our professionals develop critical solutions—and build rewarding careers.","","","","","","","medical science liaison"
"in-2ea05687ba2f6be8","indeed","https://it.indeed.com/viewjob?jk=2ea05687ba2f6be8","https://grnh.se/lufufu2m2us","Sr. Medical Scientific Liaison (Northern) Italy","Acadia Pharmaceuticals","Milano, LOM, IT","2026-08-31","internship","","","","","",False,"","","","","**About Acadia Pharmaceuticals**

Acadia is committed to turning scientific promise into meaningful innovation that makes the difference for underserved neurological and rare disease communities around the world. Our commercial portfolio includes the first and only FDA\-approved treatments for Parkinson's disease psychosis and Rett syndrome. We are developing the next wave of therapeutic advancements with a robust and diverse pipeline that includes mid\- to late\-stage programs in Alzheimer's disease psychosis and Lewy body dementia psychosis, along with earlier\-stage programs that address other underserved patient needs. At Acadia, we're here to be their difference.**Position Summary:**



Senior Medical Science Liaison (Sr MSL) for Italy plays a pivotal role in advancing our mission in rare pediatric/adult neurodevelopmental diseases, with a core focus on Rett syndrome. This field\-based role serves as a trusted scientific partner to healthcare professionals, researchers, advocacy groups, and decision makers across Italy. The Sr MSL drives scientific exchange, supports evidence generation, and helps ensure patients, caregivers, and clinicians have access to high\-quality scientific and medical information about Acadia's therapeutic innovations.

  


**Scope:**


* **Scientific Engagement \& Stakeholder** **Partnership –** Serve as Acadia's field\-based scientific expert, building trusted relationships with healthcare professionals, key opinion leaders, centers of excellence, and patient advocacy organizations across Italy, in close alignment with the country Medical Director and General Manager.
* **Medical Strategy \& Insight Generation** – Generate actionable field insights, identify unmet needs, and contribute to evidence generation, launch readiness, and lifecycle management initiatives in rare neurological diseases.
* **Scientific Leadership \& Medical Education** – Lead scientific exchange and execute high\-impact medical activities, including advisory boards, expert meetings, congress engagements, publications, and educational programs.
* **Cross\-Functional Collaboration \& Execution** – Act as a trusted scientific partner to internal stakeholders, driving aligned, compliant, and patient\-focused initiatives in a dynamic and growing organization and in line with overall country strategy and tactical objectives.

  


**Key Responsibilities:**


* Serve as Acadia's primary field\-based scientific expert and trusted partner for healthcare professionals and key opinion leaders (KOLs) across Italy
* Together with country Medical Director, drive launch excellence and lifecycle management by engaging key stakeholders, generating actionable insights, and identifying opportunities to optimize patient care and access
* Build and cultivate strategic relationships with national and regional experts in rare pediatric neurological diseases, creating and fostering long\-term scientific partnerships and collaboration opportunities
* Lead scientific exchange on Acadia's marketed products and pipeline assets, as applicable, delivering fair, balanced, and compliant medical information to external stakeholders.
* Identify, initiate, and drive impactful medical collaborations, including investigator\-initiated studies (IIS), publications, educational initiatives, and speaker development programs.
* In line with local medical strategy and together with Medical Director, plan, lead, and execute scientific advisory boards, expert meetings, symposia, and educational programs, ensuring meaningful scientific exchange and stakeholder engagement
* Represent Acadia at national and international congresses and scientific meetings, proactively identifying scientific trends, emerging data, and partnership opportunities, and communicating insights to internal stakeholders
* Gather, analyze, and communicate actionable field insights on clinical practice, unmet needs, emerging evidence, competitor activities, and stakeholder perspectives to inform medical strategy and evidence generation.
* Partner with Medical Affairs leadership and patient advocacy organizations to advance disease awareness, education, and patient\-centered initiatives across Italy.
* Provide timely, accurate, and compliant responses to unsolicited medical information requests.
* Delivering impactful medical training and ongoing scientific support to cross\-functional teams, strengthening disease knowledge, clinical understanding, and strategic execution
* Collaborate closely with Commercial, Market Access, Regulatory Affairs, Pharmacovigilance, Clinical Development, and international Medical Affairs teams to drive aligned and compliant execution of strategic objectives, demonstrating ownership, adaptability, and a proactive, hands\-on approach within a dynamic and growing organization
* Maintain deep expertise in the rare disease and neuroscience landscape, continuously monitoring treatment paradigms, clinical guidelines, emerging therapies, and stakeholder needs while maintaining the highest standards of medica governance.

  


**Education / Experience / Skills**.


* An advanced scientific or medical degree or a related field is required; The ideal candidate will have 5 years of relevant industry experience, including 2\+ years field\-based (Sr) MSL roles in CNS/neuroscience or rare disease.
* Proven ability to present complex scientific data clearly and effectively.
* Highly organized, self\-motivated, and quick to learn, with the ability to work independently and manage competing priorities effectively.
* Collaborative, adaptable, and entrepreneurial, embracing diverse perspectives and thriving in cross\-cultural teams and a fast\-growing organization
* Readiness to travel up to 70%. Travel commitments will include participation at international Medical Affairs and Corporate meetings, team meetings, and attendance at both national and international congresses.

**What we offer US\-based Employees:**


* Competitive base, bonus, new hire and ongoing equity packages
* Medical, dental, and vision insurance
* Employer\-paid life, disability, business travel and EAP coverage
* 401(k) Plan with a fully vested company match 1:1 up to 5%
* Employee Stock Purchase Plan with a 2\-year purchase price lock\-in
* 15\+ vacation days
* 13 \-15 paid holidays, including office closure between December 24th and January 1st
* 10 days of paid sick time
* Paid parental leave benefit
* Tuition assistance


**EEO Statement (US\-based Employees):** Studies have shown that women and people of color are less likely to apply for jobs unless they believe they meet every one of the qualifications in the exact way they are described in job postings. We are committed to building a diverse, equitable, inclusive, and innovative company, and we are looking for the BEST candidate for the job. That candidate may be one who comes from a less traditional background or may meet the qualifications in a different way. We strongly encourage you to apply, especially if the reason you are the best candidate isn't exactly what we describe here.



It is the policy of Acadia to provide equal employment opportunities to all employees and employment applicants without regard to considerations of race, including related to hairstyle, color, religion or religious creed, sexual orientation, gender, gender identity, gender expression, gender transition, country of origin, ancestry, citizenship, age, physical or mental disability, genetic information, legally\-protected medical condition or information, marital status, domestic partner status, family care status, military caregiver status, veteran or military status (including reserve status, National Guard status, and military service or obligation), status as a victim of domestic violence, sexual assault or stalking, enrollment in a public assistance program, or any basis protected under federal, state or local law.



As an equal opportunity employer, Acadia is committed to a diverse workforce. If you are a qualified individual with a disability or a disabled veteran, you have the right to request a reasonable accommodation. Furthermore, you may request additional support if you are unable or limited in your ability to use or access Acadia's career website due to your disability, along with any accommodations throughout the interview process. To request or inquire about your reasonable accommodation, please complete our Reasonable Accommodation Request Form or contact us at talentacquisition@acadia\-pharm.com or 858\-261\-2923\.



Please note that reasonable accommodations granted throughout the recruiting process are not guaranteed to be the same accommodations given if hired. A new request will need to be submitted for any ADA accommodations after starting employment.


**California Applicants:** Please see Additional Information for California Residents within our Privacy Policy.


**Canadian Applicants:** Please see Additional Information for Canadian Residents within our Privacy Policy.


**Applicants in the European Economic Area, Switzerland, the United Kingdom, and Serbia:** Please see Additional Information for Individuals in the European Economic Area, Switzerland, the United Kingdom, and Serbia within our Privacy Policy.


**Notice to Search Firms/Third\-Party Recruitment Agencies (Recruiters):** The Talent Acquisition team manages the recruitment and employment process for Acadia Pharmaceuticals Inc. (""Acadia""). Acadia does not accept resumes from recruiters or search firms without an executed search agreement in place. Resumes sent to Acadia employees in the absence of an executed search agreement will not obligate Acadia in any way with respect to the future employment of those individuals or potential remuneration to any recruiter or search firm. Candidates should never be submitted directly to our hiring managers or employees.","","https://it.indeed.com/cmp/Acadia-Pharmaceuticals","https://d2q79iu7y748jz.cloudfront.net/s/_squarelogo/256x256/101d286837a9b550305df3af138f9486","https://www.acadia-pharm.com","San Diego, CA","501 to 1,000","$1B to $5B (USD)","Turn scientific promise into meaningful innovation that makes the difference for underserved neurological and rare disease communities around the world.","","","","","","","medical science liaison"
"li-4460703021","linkedin","https://www.linkedin.com/jobs/view/4460703021","","Medical Manager - Sostituzione Maternità","Chaberton Professionals","Milan, Lombardy, Italy","2026-09-03","","","","","","",False,"","","","","","","https://ch.linkedin.com/company/chabertonprofessionals","","","","","","","","","","","","","medical science liaison"
"li-4462777427","linkedin","https://www.linkedin.com/jobs/view/4462777427","","Clinical Research Associate","BeOne Medicines","","2026-09-03","","","","","","",False,"","","","","","","https://www.linkedin.com/company/beonemedicines","","","","","","","","","","","","","medical science liaison"
"li-4459332631","linkedin","https://www.linkedin.com/jobs/view/4459332631","","Market Access Specialist – Medical Devices (Italy)","Abbott","Milan, Lombardy, Italy","2026-09-03","","","","","","",False,"","","","","","","https://www.linkedin.com/company/abbott-","","","","","","","","","","","","","medical science liaison"
"li-4461341284","linkedin","https://www.linkedin.com/jobs/view/4461341284","","MSL Onco Gyn-GU","AstraZeneca","Basiglio, Lombardy, Italy","2026-09-02","","","","","","",False,"","","","","","","https://uk.linkedin.com/company/astrazeneca","","","","","","","","","","","","","medical science liaison"
"li-4462157670","linkedin","https://www.linkedin.com/jobs/view/4462157670","","Medical Advisor Consumer and Medical Information Italy","Galderma","Milan, Lombardy, Italy","2026-09-02","","","","","","",False,"","","","","","","https://ch.linkedin.com/company/galderma-","","","","","","","","","","","","","medical science liaison"
"li-4431522745","linkedin","https://www.linkedin.com/jobs/view/4431522745","","Field Clinical Specialist, Imaging","Edwards Lifesciences","Milan, Lombardy, Italy","2026-09-02","","","","","","",False,"","","","","","","https://www.linkedin.com/company/edwards-lifesciences","","","","","","","","","","","","","medical science liaison"
"li-4451676174","linkedin","https://www.linkedin.com/jobs/view/4451676174","","Safety Scientist- Real World Evidence (RWE), EMEA","Thermo Fisher Scientific","Milan, Lombardy, Italy","2026-09-01","","","","","","",False,"","","","","","","https://www.linkedin.com/company/thermo-fisher-scientific","","","","","","","","","","","","","medical science liaison"
"li-4460016814","linkedin","https://www.linkedin.com/jobs/view/4460016814","","Medical Operations Associate Manager Medical Affairs","Regeneron","Milan, Lombardy, Italy","2026-08-31","","","","","","",False,"","","","","","","https://www.linkedin.com/company/regeneron-pharmaceuticals","","","","","","","","","","","","","medical science liaison"
"li-4453585644","linkedin","https://www.linkedin.com/jobs/view/4453585644","","Medical Director - Oncology , Sponsor Dedicated (Home-Based)","IQVIA","Milan, Lombardy, Italy","2026-08-31","","","","","","",False,"","","","","","","https://www.linkedin.com/company/iqvia","","","","","","","","","","","","","medical science liaison"
"li-4331510697","linkedin","https://www.linkedin.com/jobs/view/4331510697","","Clinical Research Associate (CRA) - Law 68/99 Art. 18","Medpace","Milan, Lombardy, Italy","2026-08-31","","","","","","",False,"","","","","","","https://www.linkedin.com/company/medpace","","","","","","","","","","","","","medical science liaison"
"li-4450747328","linkedin","https://www.linkedin.com/jobs/view/4450747328","","Medical Science Liaison Rare Diseases Italy","Recordati","Milan, Lombardy, Italy","2026-08-29","","","","","","",False,"","","","","","","https://it.linkedin.com/company/recordati","","","","","","","","","","","","","medical science liaison"
"li-4442931545","linkedin","https://www.linkedin.com/jobs/view/4442931545","","Senior Medical Director, Italy","Acadia Pharmaceuticals","","","","","","","","",False,"","","","","","","https://www.linkedin.com/company/acadia-pharmaceuticals","","","","","","","","","","","","","medical science liaison"
"in-59cc1662f599fb1a","indeed","https://it.indeed.com/viewjob?jk=59cc1662f599fb1a","https://tnl2.jometer.com/v2/job?jx=5v7ym18a776ee7fbc1a0126b803a6dcdecaa5AIAJUBIAAABQ&jz=561wk32969902aa4c55a582ab89ad2f6e762dAEAMABTEAAAQAAAAABSA&source=APPLICANT_SOURCE-3-2017","Senior Site Contracts Associate, IQVIA Biotech - Italy","IQVIA","Milano, LOM, IT","2026-08-28","fulltime","","","","","",True,"","","","","Milan, Italy \| Full time \| Home\-based \| R1566234  
Sr. Site Contracts Associate  


IQVIA Biotech  


Italy \- Homebased  


IQVIA Biotech partners exclusively with biotech and emerging biopharma companies to support clinical development across all phases and therapeutic areas. agile structure, collaborative culture, and deep therapeutic expertise allow us to deliver tailored solutions that help bring innovative treatments to patients faster.  


Overview  


We are seeking an experienced Senior Site Contracts Associate to manage contract strategy and oversee all start‑up contracting activities for selected sponsors. In this role, you will support complex studies and multi‑protocol programs, ensuring high\-quality delivery and operational excellence. This position may also include line‑management responsibilities.  


If you are a strategic thinker with strong expertise in international clinical trial contracting, we’d love to speak with you.  


Key Responsibilities  


Develop complex investigator grant estimates, contracting strategies, and proposal text to support business development.  


Create and maintain contract and budget templates, systems, tools, processes, and training materials for complex studies and multi‑protocol programs.  


Collaborate closely with sponsors, stakeholders, and RSU regional teams to ensure successful delivery of the project scope and compliance with sponsor requirements.  


Provide legal, operational, and financial contracting expertise to support site agreements and facilitate efficient study start\-up and maintenance.  


Create and review scientific, technical, and administrative documentation required for study initiation.  


Assess the contracting landscape and contribute to the analysis and dissemination of contracting intelligence across the company.  


Ensure contracting efficiency, adherence to timelines, and achievement of financial targets.  


Track and report contracting performance metrics and out\-of\-scope activities.  


Partner with Quality Management to uphold high contract management and quality standards.  


Mentor and coach colleagues, delivering training and technical guidance.  


Present to clients and professional bodies as needed.  


Maintain accurate internal system documentation, including CTMS, trackers, and project plans.  


Build and maintain strong relationships with preferred clients, serving as liaison for key accounts when required.  


Qualifications \& Experience  


Bachelor’s degree in a related field (required).  


5\+ years of site contracting experience within a sponsor or CRO, including demonstrable experience as an international contract expert.  


Equivalent combinations of education, training, and experience will be considered.  


Strong negotiation and communication skills, with the ability to challenge and influence.  


Excellent interpersonal skills and proven success working within matrix teams.  


Advanced legal, financial, and technical writing abilities.  


Solid understanding of clinical trial regulations, GCP/ICH, and the overall drug development process.  


Knowledge of local and global regulatory requirements, SOPs, and corporate standards.  


Ability to exercise independent judgment and take calculated risks.  


Strong project leadership skills and experience mentoring others.  


Excellent planning, organizational, and presentation skills.  


Strong proficiency in Microsoft Word, Excel, and other Office tools.  


Deep knowledge of clinical trial contract management processes.  


Proven experience leveraging metrics to establish timelines and deliverables.  


Ability to initiate and grow programs across departments to drive organizational impact.  


What We Offer  


Opportunity to work on global, high‑complexity clinical programs.  


A collaborative, supportive, and growth‑oriented environment.  


The chance to influence key clients and shape contracting strategy at scale.  


Career progression and professional development opportunities.  


If you’re passionate about driving excellence in clinical trial contracting and want to make an impact across global programs, we encourage you to apply!  


IQVIA is a leading global provider of clinical research services, commercial insights and healthcare intelligence to the life sciences and healthcare industries. We create intelligent connections to accelerate the development and commercialization of innovative medical treatments to help improve patient outcomes and population health worldwide. Learn more at https://jobs.iqvia.com  


IQVIA is committed to integrity in our hiring process and maintains a zero tolerance policy for candidate fraud. All information and credentials submitted in your application must be truthful and complete. Any false statements, misrepresentations, or material omissions during the recruitment process will result in immediate disqualification of your application, or termination of employment if discovered later, in accordance with applicable law. We appreciate your honesty and professionalism.  


The potential base pay range for this role, when annualized, is €41,000\.00 \- €79,800\.00\. The actual base pay offered may vary based on a number of factors including job\-related qualifications such as knowledge, skills, education, and experience; location; and/or schedule (full or part\-time). Dependent on the position offered, incentive plans, bonuses, and/or other forms of compensation may be offered, in addition to a range of health and welfare and/or other benefits.  
Where you'll work  
Home\-based  


You’ll work remotely, with the flexibility to do your best work from home. Supported by collaborative tools and a global team, you’ll stay connected while enjoying the autonomy and balance that comes with a fully remote role.  
Culture  


Culture at IQVIA is built on a shared belief: that when people are empowered with better data, smarter technology and deeper expertise, they can change what’s possible for patients. Across every team and every corner of the globe, you’ll find colleagues who genuinely care — about the mission and about each other. That’s what makes this a place where people tend to stay, grow and do the best work of their careers.","","https://it.indeed.com/cmp/Iqvia","https://d2q79iu7y748jz.cloudfront.net/s/_squarelogo/256x256/03e043400efdf1e7d2f66b4d0a67997e","http://jobs.iqvia.com","Durham, NC","10,000+","more than $10B (USD)","IQVIA (NYSE:IQV) is a leading global provider of advanced analytics, technology solutions and clinical research services to the life sciences industry dedicated to delivering actionable insights.","","","","","","","medical liaison"
"li-4440155225","linkedin","https://www.linkedin.com/jobs/view/4440155225","","PRODUCT MANAGER MEDICAL DEVICES - SURGICAL WORKFLOW (M/F/D)","Getinge","Milan, Lombardy, Italy","2026-09-02","","","","","","",False,"","","","","","","https://se.linkedin.com/company/getinge","","","","","","","","","","","","","medical liaison"
"li-4461218020","linkedin","https://www.linkedin.com/jobs/view/4461218020","","Senior Oncology Sales Specialist – Italy","Illumina","Milan, Lombardy, Italy","2026-08-31","","","","","","",False,"","","","","","","https://www.linkedin.com/company/illumina","","","","","","","","","","","","","medical liaison"
"li-4461265444","linkedin","https://www.linkedin.com/jobs/view/4461265444","","Global Health Economics & Outcomes Research Lead (m/f/d)","Grünenthal Group","Origgio, Lombardy, Italy","2026-08-31","","","","","","",False,"","","","","","","https://de.linkedin.com/company/gruenenthal","","","","","","","","","","","","","medical liaison"
"li-4462866503","linkedin","https://www.linkedin.com/jobs/view/4462866503","","Clinical Research Associate II - Full Service Operation - Italy","Fortrea","Milan, Lombardy, Italy","","","","","","","",False,"","","","","","","https://www.linkedin.com/company/fortrea","","","","","","","","","","","","","medical liaison"
"li-4331970390","linkedin","https://www.linkedin.com/jobs/view/4331970390","","Hepatology - Medical Director","Medpace","Milan, Lombardy, Italy","2026-09-01","","","","","","",False,"","","","","","","https://www.linkedin.com/company/medpace","","","","","","","","","","","","","MSL"
"li-4450274200","linkedin","https://www.linkedin.com/jobs/view/4450274200","","Regulatory Affair Specialist - Pharma","Brenntag","Assago, Lombardy, Italy","2026-08-28","","","","","","",False,"","","","","","","https://de.linkedin.com/company/brenntag","","","","","","","","","","","","","MSL"
"li-4458416096","linkedin","https://www.linkedin.com/jobs/view/4458416096","","Regulatory Affairs Specialist Italia","JSB Solutions","Milan, Lombardy, Italy","2026-08-28","","","","","","",False,"","","","","","","https://it.linkedin.com/company/jsb-solutions-srl","","","","","","","","","","","","","MSL"
"li-4459445211","linkedin","https://www.linkedin.com/jobs/view/4459445211","","Regulatory Affairs Consultant: Medical Device and Combination Product Expert","Parexel","Milan, Lombardy, Italy","2026-08-28","","","","","","",False,"","","","","","","https://www.linkedin.com/company/parexel","","","","","","","","","","","","","MSL"
"in-addf10b0569712dc","indeed","https://it.indeed.com/viewjob?jk=addf10b0569712dc","https://jobs.alfasigma.com/job/Milano-Manager%2C-Medical-Excellence-and-Strategy/1432913933/","Manager, Medical Excellence and Strategy","Alfasigma group","Milano, LOM, IT","2026-09-02","","","","","","",False,"","","","","**.buttontext6ff3b9177bc58513 a{ border:** 1px solid transparent; } .buttontext6ff3b9177bc58513 a: focus{ border: 1px dashed \#000000 !important; outline: none !important; }
  
**Publish Date:** Sep 2, 2026
  
  

Milano, IT
  
  

**\#job\-location.job\-location\-inline { display:** inline; }
  
Manager, Medical Excellence and Strategy
  
  

Alfasigma is a privately held global healthcare company founded over 75 years ago in Italy, where it remains headquartered today in Bologna and Milan. The Group operates in over 100 markets spanning Europe, North and South America, Asia, and Africa.
  
  

Over three years ago, we embarked on a transformative journey to become a truly global innovative healthcare company with a leading focus on Gastrointestinal (GI) health. We have experienced remarkable growth, nearly doubled our revenues, expanding geographically, and integrating several key acquisitions. We have also evolved our portfolio, expanded into rare and specialty segments, and strengthened our pipeline and people's capabilities.
  
  

But our journey is far from complete! In fact, this is just the beginning of a bold new chapter in Alfasigma's history. We are committed to advancing innovation and leveraging our deep expertise to provide better health and a better quality of life for patients and consumers worldwide and expand our reach across diverse markets.
  
  

Scope of the role
  
  

The Medical Excellence \& Strategy Lead is tasked with driving field medical affairs excellence and harmonizing methodologies and processes across the Italian medical function. The role will work closely with the MSL and Medical Affairs team to understand, develop and implement metrics for measuring medical value and facilitate external impact to key stakeholders. Additionally, the role will be tasked with supporting the medical teams and individuals in their career development.
  
  

The ideal candidate will possess strong collaborative and communication skills and have the ability to thrive in a fast\-paced, transformative growing organization.
  
  

Your role
  
  

With support of the Medical Director, lead the strategic development and deployment of the field medical affairs team, ensuring competitiveness through differentiation from a capability and mindset perspective.
  
Generate strategy, guidance documents and programs to harmonize operational competencies in Medical excellence throughout the Italian Medical function.
  
Develop, implement and maintain clear metrics to measure Medical value, using data analysis and reporting to make measurement clear and scalable. Utilise both quantitative and qualitative research methods.
  
Develop, implement and continuously rework on an aligned Medical CRM Guidance across the Italian Medical team.
  
Collaborate with Customer Engagement Solutions and Business Analysis teams across Italy to ensure capturing, analysis and reporting of data within medical tools and dashboards.
  
Identify training needs and develop, in collaboration with the Medical Director, a comprehensive capability program for medical teams.
  
Develop and maintain a framework to prepare field medical teams to prepare for and support future product launches.
  
Continually evolve and advance Field Medical Insights capability to ensure high\-quality and compliant insights to inform overall brand strategy, leveraging responsible AI to enhance insight generation, decision\-making and the measurable value delivered by Medical Affairs.
  
Provide ongoing support to enhance understanding and knowledge of medical operational excellence across the medical community.
  
  

Who are you
  
  

Doctoral degree such as a PhD, PharmD or MD, or an MBA required.
  
Strong data analysis skills and proven ability to work with different data types (e.g. MSL activity data, HCP feedback/insights data, training/adoption data), turning them into actionable insights and reporting to support Medical strategy and decision\-making.
  
Experience preferred in Medical Affairs or as an MSL.
  
Proven ability and experience working effectively in cross\-functional environments required; previous experience in Medical Affairs or as an MSL preferred.
  
Demonstrate strength in strategic medical planning, tactical plan development and implementation.
  
Effective communication and presentation skills, with the ability to translate complex medical information to non\-medical audiences.
  
Ability to work collaboratively in a cross\-functional team environment and has the ambition to improve processes and ways of working to create an agile and collaborative culture.
  
  

**Nice to have:**  

Interest in digital and AI\-enabled ways of working applied to the Medical function.
  
  

Familiarity with data visualization and reporting tools (e.g. Power BI, Python) to support decision\-making.
  
  

**Salary range:** 56\.000€ \- 80\.000€
  
  

The compensation range indicated in this job posting represents an estimated average range for the position. The final remuneration will be determined based on the selected candidate’s experience, skills, and qualifications, in accordance with applicable EU pay transparency and pay equity requirements
  
  

Location Milano
  
  

**Why Join Alfasigma:**  

At Alfasigma, we foster a culture where the courage to innovate is key to our success.
  
We offer a competitive salary, comprehensive benefits, and extensive opportunities for professional growth and development.
  
  

Our commitment to people and patients is at the heart of everything we do. We value diversity and welcome individuals with unique perspectives and experiences. We believe that open\-mindedness, collaboration, and a shared passion for innovation are essential to achieving meaningful progress.
  
  

Join Alfasigma and become part of a forward\-thinking team dedicated to shaping the future of the pharmaceutical industry.
  
  

**.buttontextfaae22f704d4ef6e a{ border:** 1px solid transparent; } .buttontextfaae22f704d4ef6e a: focus{ border: 1px dashed \#000000 !important; outline: none !important; }","","https://it.indeed.com/cmp/Alfasigma-Group","","","","","","","","","","","","","medical affairs"
"in-4bb0a615a991e711","indeed","https://it.indeed.com/viewjob?jk=4bb0a615a991e711","https://jobs.sanofi.com/job/-/-/2649/43874528704","Medical Affair Internship","Sanofi","Milano, LOM, IT","2026-09-01","internship","","","","","",False,"","","","","**Medical Affairs Intern**  

**Milan, Italy**

**About the job**


Looking to launch your career at the cutting edge of healthcare? Join Sanofi for a chance to develop with mentoring and guidance from inspirational leaders while helping to make an impact on the lives of countless people worldwide. As a **Medical Affairs Intern**, you’ll be part of a highly specialized team, gaining hands\-on experience in managing scientific activities related to ongoing projects within the **Medical Affairs team** of our **Specialty Care Business Unit**.


We are an innovative global healthcare company with one purpose: ***to chase the miracles of science to improve people’s lives*****.** We’re also a company where you can flourish and grow your career, with countless opportunities to explore, make connections with people, and stretch the limits of what you thought was possible. *Ready to get started?*

**You will be involved in the following activities**

* Collaborate with the **Medical Team** to develop and **create content and materials** for medical direction activities
* Support your mentor in managing specific activities within the medical plan, with a focus on scientific projects supported by the Global Medical Direction
* Contribute to produce **literature alerts** and **periodic newsletters**
* Maintain **activity tracking files** for literature requests and information
* Support the revision and updating of **scientific documentation**
* Contribute to the **development of new tools for continuous scientific training** of internal staff and to enhance the visibility of Medical Services both internally and externally
* Preparing Excel files and PowerPoint presentations

**About you**

* Master’s degree in **Medicine, Pharmacy, Biology** or related fields
* Fluent **English** (level B2\+/C1 or higher)
* Good knowledge of **Excel** and **PowerPoint**
* **Proactive** attitude and **accuracy**
* Passion for **scientific literature** and **teamwork**

**Why choose us?**

* Bring the **miracles of science** to life alongside a supportive, future\-focused team.
* Start your career with **inspiring mentors** who will help you take your first professional steps.
* You will have the possibility to carry out the internship in a **hybrid mode**.
* We offer an **internship lasting 6 months**. Competitive monthly compensation and meal vouchers will be provided.


\#LI\-Hybrid


\#EarlyTalent

**Pursue** ***Progress*****. Discover** ***Extraordinary*****.**


Progress doesn’t happen without people – people from different backgrounds, in different locations, doing different roles, all united by one thing: a desire to make miracles happen. You can be one of those people. Chasing change, embracing new ideas and exploring all the opportunities we have to offer. Let’s pursue Progress. And let’s discover Extraordinary together.


At Sanofi, we provide equal opportunities to all regardless of race, color, ancestry, religion, sex, national origin, sexual orientation, age, citizenship, marital status, disability, or gender identity.  

  

Watch our ALL IN video and check out our Diversity Equity and Inclusion actions at sanofi.com!","","https://it.indeed.com/cmp/Sanofi","https://d2q79iu7y748jz.cloudfront.net/s/_squarelogo/256x256/ef60cd636bc2be61c6eccfef96801f9b","https://www.sanofi.com/fr","Paris","10,000+","more than $10B (USD)","We chase the miracles of science every single day, pursuing progress to make a real impact on millions of patients around the world. ","","","","","","","medical affairs"
"in-ee200e16e35673b7","indeed","https://it.indeed.com/viewjob?jk=ee200e16e35673b7","https://tnl2.jometer.com/v2/job?jx=5v7ymd886243e2e0e702e68a66f8bbff80080AIAJUBIAAABQ&jz=561wk3b64e817c1570f320e5056507111f811AEAMABTEAAAQAAAAABSA&source=APPLICANT_SOURCE-3-2017","Clinical Study Manager","IQVIA","Milano, LOM, IT","2026-09-01","fulltime","","","","","",True,"","","","","Milan, Italy \| Full time \| Home\-based \| R1566832  
The IQVIA sponsor\-dedicated Clinical Functional Service Partnerships (Clinical FSP) department is supporting our client’s project team in the execution of clinical trials. Joining the team provides the opportunity to manage clinical research projects in different therapeutic areas and to cooperate closely with one of our key clients.  


We currently offer the exciting opportunity to join the team as Clinical Study Manager in full\-time and work home\-based in Italy. In this role you will be accountable for the operational and scientific oversight, the set\-up, execution and delivery of your assigned clinical trials at the local level.  


MAIN RESPONSIBILITIES  


Plans and leads execution of day\-to\-day activities for the monitoring of a complex clinical study and communicates consistently with the clinical team providing project objectives, expectations, and status updates.  


Has the overall responsibility for the study commitments within the country and for timely delivery of data to required quality.  


Provides Project Oversight \& Leadership for Clinical Deliverables  


Leads and manages the clinical teams  


Leads and supports the relevant staff (ie. local start\-up staff, local and global regulatory affairs staff, inhouse clinical staff, etc) to drive successful activation of trial sites  


Monitors the quality of clinical activities and addresses quality issues with the appropriate team member  


Reviews and approves site visit reports within agreed turnaround times and ensures tracking, follow up, and resolution of site issues  


Works with the relevant staff to identify data related issues and risks to clinical activities; develops contingency and mitigation plans to minimize risks  


Creates and maintains project\-specific plans, documents, and tools for the clinical team  


Supports the CRAs with site monitoring activities and provides suggestions and solutions to site issues  


Oversees the relevant regulatory and in\-house clinical staff to ensure that all non\-safety periodic updates, progress reports, and renewals, and/or end of study notifications are performed in accordance with the trial protocol, local regulations, ICH GCP, and any other processes or procedures governing the clinical trial  


Acts as coordinating manager to ensure consistency of training, processes, and systems\-related activities as well as ad\-hoc coordinating activities  


REQUIRED SKILLS AND QUALIFICATIONS  


Bachelor degree in related discipline, preferably in life science  


Five or more years of experience in clinical research, including a minimum of 4 years project management experience or an equivalent combination of education and experience sufficient to successfully perform the key responsibilities of the job  


Good knowledge of international guidelines ICH GCP as well as relevant local regulations  


Proven ability to lead and motivate cross functional teams to deliver clinical trials according to or ahead of time plan, budget and with required quality  


Previous work experience in TA's: Oncology or Onco\-hematology is required  


Good knowledge of the Drug Development Process  


Excellent knowledge of spoken and written English and Italian language.  


Good ability to learn and to adapt to work with IT systems.  


Effective decision\-making is crucial for resolving challenges and ensuring alignment with overall study goals.  


Experience in monitoring study activities for compliance and inspection readiness.  


Strong interpersonal skills are vital for collaborating with internal teams, stakeholders, and external vendors.  


A deep understanding of clinical operations processes, including trial data collection and management, is paramount to ensuring successful study execution.  


Location in Milan and Rome is preferred.  


Please note: due to sponsor requirements for the role only candidates based in the listed location/s will be considered. Any applications from candidates based outside of these locations will not be considered.  


IQVIA is a leading global provider of clinical research services, commercial insights and healthcare intelligence to the life sciences and healthcare industries. We create intelligent connections to accelerate the development and commercialization of innovative medical treatments to help improve patient outcomes and population health worldwide. Learn more at https://jobs.iqvia.com  


IQVIA is committed to integrity in our hiring process and maintains a zero tolerance policy for candidate fraud. All information and credentials submitted in your application must be truthful and complete. Any false statements, misrepresentations, or material omissions during the recruitment process will result in immediate disqualification of your application, or termination of employment if discovered later, in accordance with applicable law. We appreciate your honesty and professionalism.  


The potential base pay range for this role, when annualized, is 53 200,00 € \- 79 800,00 €. The actual base pay offered may vary based on a number of factors including job\-related qualifications such as knowledge, skills, education, and experience; location; and/or schedule (full or part\-time). Dependent on the position offered, incentive plans, bonuses, and/or other forms of compensation may be offered, in addition to a range of health and welfare and/or other benefits.  
Where you'll work  
Home\-based  


You’ll work remotely, with the flexibility to do your best work from home. Supported by collaborative tools and a global team, you’ll stay connected while enjoying the autonomy and balance that comes with a fully remote role.  
Culture  


Culture at IQVIA is built on a shared belief: that when people are empowered with better data, smarter technology and deeper expertise, they can change what’s possible for patients. Across every team and every corner of the globe, you’ll find colleagues who genuinely care — about the mission and about each other. That’s what makes this a place where people tend to stay, grow and do the best work of their careers.","","https://it.indeed.com/cmp/Iqvia","https://d2q79iu7y748jz.cloudfront.net/s/_squarelogo/256x256/03e043400efdf1e7d2f66b4d0a67997e","http://jobs.iqvia.com","Durham, NC","10,000+","more than $10B (USD)","IQVIA (NYSE:IQV) is a leading global provider of advanced analytics, technology solutions and clinical research services to the life sciences industry dedicated to delivering actionable insights.","","","","","","","medical affairs"
"in-f2eba08b6bc0f13a","indeed","https://it.indeed.com/viewjob?jk=f2eba08b6bc0f13a","https://jobs.siemens-healthineers.com/searchJobs/JobDetail/517143?source=Indeed","DX Head of Quality Management & Regulatory Affairs, EMEA (f/m/d)","Siemens Healthineers","Milano, LOM, IT","2026-09-01","fulltime","","","","","",False,"","","","","**Location:** MAR EB  

**Department:** SHS DX QT\-LS  

**Mode of Employment:** Permanent / Full\-time  

**Job Grade:** Germany \- Non Senior Management \- PL4 \- Position Level 4

  

Do you want to help create the future of healthcare? Our name, Siemens Healthineers, was selected to honor our people who dedicate their energy and passion to this cause. It reflects their pioneering spirit combined with our long history of engineering in the ever\-evolving healthcare industry.


We offer you a flexible and dynamic environment with opportunities to go beyond your comfort zone in order to grow personally and professionally. Sounds interesting?

 **Then come and join our global team as** **DX Head of Quality Management \& Regulatory Affairs, EMEA (f/m/d)****, to** **lead the Quality Management \& Regulatory Affairs function across the EMEA region, ensuring compliance, product safety, and operational excellence across commercial operations and customer services.**

 **You will drive and execute regional quality and regulatory strategies, translating requirements into practical business actions that enable market access, customer satisfaction, and sustainable growth.**

 **You will serve as the Quality Representative for assigned legal entities and champion a pragmatic, risk\-based approach that balances regulatory compliance with business objectives.**

 **This position can be located at the following locations:**

* **Marburg (Germany)**
* **Milan (Italy)**
* **Madrid (Spain).**

 **Your tasks and responsibilities:**

**Quality Management \& Continuous Improvement**

* Maintain and continuously improve the Quality Management System (QMS) to meet regulatory and business requirements.
* Ensure effective execution of Quality Assurance and Quality Engineering processes (e.g., audits, training, documentation, CAPA, nonconformance management).
* Identify and mitigate quality risks in commercial operations through structured risk management.
* Drive process improvements that increase efficiency, product quality, and customer satisfaction.
* Leverage digital tools and data insights to enhance quality performance, transparency, and decision\-making.
* Ensure inspection readiness across all markets in the region, manage external inspections and internal audits.

**Regulatory Strategy \& Compliance**

* Define and execute the regional regulatory strategy that supports business growth objectives, ensuring timely submissions, approvals, and adherence to country\-specific requirements.
* Ensure full compliance with internal policies and external regulations, with a strong focus on product safety and market access. Translate regulatory requirements into clear business implications and actionable guidance for leadership teams.
* Act as key interface to health authorities and external stakeholders, representing the organization with credibility and impact.

**Commercial \& Customer Quality**

* Establish governance framework, ensuring Commercial teams, Customer Services teams and Business Partners operate in accordance with local requirements and corporate quality standards.
* Ensure product integrity and compliance across commercial operations and customer services.
* Ensure on time and accurate Post Market Surveillance \& Reporting
* Partner with customer\-facing teams to resolve quality issues and improve the end\-to\-end customer experience.

**Leadership \& Stakeholder Management**

* Embed a strong quality culture focused on continuous improvement and customer\-centricity.
* Build and lead a high\-performing and engaged regional Quality \& Regulatory team, driving accountability, capability, and ownership.
* Collaborate closely with global Quality and cross\-functional teams to align standards, share best practices, and ensure consistent execution.
* Lead interactions with local authorities to support regulatory compliance, product lifecycle activities and business continuity across the region.

 **Your qualifications and experience:**

* You have a university degree in life sciences, engineering, or related field.
* You have many years of experience in Quality and/or Regulatory Affairs within medical device / pharma, including leadership responsibility.
* You have very strong experience with QMS, regulatory submissions/approvals, inspections (e.g., FDA/NMPA), and product safety/compliance frameworks.
* You have a proven track record in international, matrix organizations and multi\-market environments.
* You possess demonstrated leadership across multiple markets in the region.
* You have deep expertise in Quality \& Regulatory frameworks, including QMS, audits, and authority interactions.
* You have the ability to translate quality and regulatory requirements into clear business actions and decisions, including effectively managing quality and compliance risks across direct and indirect markets within the region.

 **Your attributes and skills:**

* You have fluent English language skills.
* You have a strong analytical, data\-driven, and problem\-solving mindset.
* You excel by your effective stakeholder management and communication in global, cross\-functional settings.
* You have the proven ability to lead, develop, and drive performance of high\-performing teams.
* You showcase high ownership, execution focus, and change agility.

 **Our global team:**


Siemens Healthineers is a leading global medical technology company. 74,000 dedicated colleagues in over 70 countries are driven to shape the future of healthcare. An estimated 5 million patients across the globe benefit every day from our innovative technologies and services in the areas of diagnostic and therapeutic imaging, laboratory diagnostics and molecular medicine, as well as digital health and enterprise services.

 **Our culture:**


Our culture embraces different perspectives, open debate, and the will to challenge convention. Change is a constant aspect of our work. We aspire to lead the change in our industry rather than just react to it. That’s why we invite you to take on new challenges, test your ideas, and celebrate success. Check our Careers Site at https://www.siemens\-healthineers.com/de/careers


As an equal opportunity employer, we welcome applications from individuals with disabilities.\#myabilityshs


Wish to find out more before applying? Contact us: recruitinggersupport.func@siemens\-healthineers.com, if you wish to discuss any initial questions with our recruitment team. The contact person handling this job ad is Klaus Kouril.


We care about your data privacy and take compliance with GDPR as well as other data protection legislation seriously. For this reason, we ask you not to send us your CV or resume by email. We ask instead that you create a profile in our talent community where you can upload your CV. Setting up a profile lets us know you are interested in career opportunities with us and makes it easy for us to send you an alert when relevant positions become open. Click here to get started.

 **To all recruitment agencies:**


Siemens Healthineers' recruitment is internally managed, with external support permitted only when a qualified supplier has established a formal contract with us. Unsolicited candidate submissions and referrals, absent a current supplier contract, do not establish consent and are ineligible for fees. We delete and destroy unsolicited information, thus, would recommend you refrain from any such practices. Your adherence to our policies is appreciated.

  

Siemens Healthineers Germany was awarded the Great Place to Work® certificate.","","https://it.indeed.com/cmp/Siemens-Healthineers","https://d2q79iu7y748jz.cloudfront.net/s/_squarelogo/256x256/3ecb43ed10287302ffa2fe1a8eb1fbe4","https://www.siemens-healthineers.com/","","10,000+","more than $10B (USD)","Leading med-tech company with over 120 years of experience and 18,500 patents globally. With 72,000 dedicated colleagues in 70 countries, we will continue to innovate and shape future of healthcare.","","","","","","","medical affairs"
"li-4450640353","linkedin","https://www.linkedin.com/jobs/view/4450640353","","Senior Market Access Manager","PharmaLex","Milan, Lombardy, Italy","2026-09-02","","","","","","",False,"","","","","","","https://de.linkedin.com/company/cencorapharmalex","","","","","","","","","","","","","medical affairs"
"li-4461252558","linkedin","https://www.linkedin.com/jobs/view/4461252558","","Head of Regulatory Affairs","Datwyler Group","Pregnana Milanese, Lombardy, Italy","2026-08-31","","","","","","",False,"","","","","","","https://ch.linkedin.com/company/datwyler-group","","","","","","","","","","","","","medical affairs"
"li-4431823956","linkedin","https://www.linkedin.com/jobs/view/4431823956","","Director, Market Access Italy","Genmab","Milan, Lombardy, Italy","2026-08-29","","","","","","",False,"","","","","","","https://dk.linkedin.com/company/genmab","","","","","","","","","","","","","medical affairs"
"li-4459435268","linkedin","https://www.linkedin.com/jobs/view/4459435268","","Regulatory Affairs Consultant: Medical Device IVDR - home or office based in various Eu locations","Parexel","Milan, Lombardy, Italy","2026-08-28","","","","","","",False,"","","","","","","https://www.linkedin.com/company/parexel","","","","","","","","","","","","","medical affairs"
"li-4461150215","linkedin","https://www.linkedin.com/jobs/view/4461150215","","Study Coordinator/Ambito Oncologico-Struttura Ospedaliera-Milano","Adecco","Milan, Lombardy, Italy","","","","","","","",False,"","","","","","","https://ch.linkedin.com/company/adecco","","","","","","","","","","","","","medical affairs"
"in-225571281c557b15","indeed","https://it.indeed.com/viewjob?jk=225571281c557b15","https://tnl2.jometer.com/v2/job?jx=5v7ym5dfcef71b3fda413b22adc64e293f5c6AIAJUBIAAABQ&jz=561wk98b5b7d89b56fa3a7e6aa1b40a1dd22dAEAMABTEAAAQAAAAABSA&source=APPLICANT_SOURCE-3-2017","Associate Director, Biostatistics - IQVIA Biotech (m/w/d)","IQVIA","Milano, LOM, IT","2026-08-31","fulltime","","","","","",True,"","","","","Milan, Italy \| Full time \| Home\-based \| R1566436  
Job Description  


IQVIA Biotech has an exciting position within its EU Biostats team. As the Biotech and Emerging Biopharma arm of IQVIA, we continue to grow and win new business. Historically IQVIA Biotech focused on Oncology, Dermatology and Medical Device studies but with the addition of CNS, Immunology and Cardiovascular we have a need for a strong Lead Statistician.  


We're looking for enthusiastic and independent professionals with great communication skills who are willing to work from home with an international team. This is the perfect opportunity to join an established department and develop leadership skills.  


IQVIA Biotech specialises in working with smaller biotech and emerging biopharma clients and as such we have a vibrant, fast\-paced work environment. You'll be working with a lot of the new innovative and upcoming research groups across a variety of therapy areas.  


The ideal candidate will possess extensive oncology drug development experience across a broad range of oncology indications, with demonstrated expertise in applying advanced statistical methodologies throughout the clinical development lifecycle.  


They should have the technical expertise to provide senior\-level statistical review and oversight of Statistical Analysis Plans (SAPs), ADaM specifications and datasets, Tables, Listings, and Figures (TLFs), and other key study deliverables, ensuring scientific rigor, quality, and consistency across programs.  


The candidate will be an effective people leader with a proven ability to mentor, develop, and support biostatistical staff across global regions, including Europe and JPAC.  


Strong customer engagement and relationship management skills are essential, including the ability to serve as a trusted statistical advisor to emerging biopharma customers who may have limited experience with clinical development, regulatory requirements, and statistical considerations.  


The successful candidate will also have experience supporting regulatory submissions and interacting with regulatory agencies. Experience participating in and leading bid defense meetings is expected, along with the ability to coach and develop future Statistical Team Leads by strengthening their customer\-facing, business development, and presentation skills.  


ESSENTIAL JOB FUNCTIONS, DUTIES AND RESPONSIBILITIES:  
Collaborate with internal program staff and sponsors on the implementation and analysis of statistical aspects of research protocols.  
Provide statistical consultation for clinical programs, including but not limited to protocol development, randomization, sample size assessments, efficacy evaluations, and data review.  
Define and manage project timelines for specific projects, and ensure that project timelines are met for both internal and external clients.  
Ensure that project tasks are completed with superior quality for both internal and external clients.  
Review, approve and develop, as needed, the statistical analysis summary and analysis plans, including textual description of planned analysis and mock\-ups of data displays.  
Oversee and/or perform statistical analyses, including hypothesis testing and modeling.  
Interact with Medical Writers to ensure appropriateness of data inferences and/or write pertinent sections of a clinical study report.  
Interface with clients and/or regulatory agencies as the project biostatistician.  
Ability to oversee a program of studies.  
Assist the Manager and Sr. Director in defining and maintaining departmental standards, SOPs and working practices.  
Provide leadership, mentoring and statistical support for Biostatistics staff.  
Assist the Manager and Sr. Director in development of training materials and execution of training in Biostatistics and general Clinical Reporting activities, for new and existing Clinical Reporting staff.  
Make presentations to clients and other interested individuals about the processes and procedures of the Clinical Reporting department.  
Assist the Manager in the coordination of project tasks and resources across the Biostatistics group, and act as backup during the Manager's absence, as assigned.  
Perform other duties as assigned.  
KNOWLEDGE, SKILLS AND ABILITIES:  
Understanding of GCP, ICH, and FDA guidelines and regulations applicable to conduct clinical research.  
Advanced knowledge of statistical methods used in the design and analysis of Phase I\-IV clinical trials.  
Experience with SAS Base and SAS Stat.  
Experience with other statistical software packages, such as N\-Query, S\-Plus.  
Ability to work creatively and independently to carry out assignments of a complex nature.  
Must be skilled in effective time management.  
Ability to work effectively and cooperatively with other professional staff members.  
Ability to communicate effectively, both verbally and in writing, with all levels of staff and with the public.  
MINIMUM RECRUITMENT STANDARDS:  


Masters\-level degree in Statistics, Biostatistics or related field with eight years relevant CRO industry or biotech experience; or  


Doctorate\-level degree in Statistics, Biostatistics or related field with six years relevant CRO industry or biotech experience.  


Data handling and analysis experience.  


Excellent interpersonal and organization skills.  


This role is not eligible for UK visa sponsorship  


IQVIA is a leading global provider of clinical research services, commercial insights and healthcare intelligence to the life sciences and healthcare industries. We create intelligent connections to accelerate the development and commercialization of innovative medical treatments to help improve patient outcomes and population health worldwide. Learn more at https://jobs.iqvia.com  


IQVIA is committed to integrity in our hiring process and maintains a zero tolerance policy for candidate fraud. All information and credentials submitted in your application must be truthful and complete. Any false statements, misrepresentations, or material omissions during the recruitment process will result in immediate disqualification of your application, or termination of employment if discovered later, in accordance with applicable law. We appreciate your honesty and professionalism.  


Where you'll work  
Home\-based  


You’ll work remotely, with the flexibility to do your best work from home. Supported by collaborative tools and a global team, you’ll stay connected while enjoying the autonomy and balance that comes with a fully remote role.  
Culture  


Culture at IQVIA is built on a shared belief: that when people are empowered with better data, smarter technology and deeper expertise, they can change what’s possible for patients. Across every team and every corner of the globe, you’ll find colleagues who genuinely care — about the mission and about each other. That’s what makes this a place where people tend to stay, grow and do the best work of their careers.","","https://it.indeed.com/cmp/Iqvia","https://d2q79iu7y748jz.cloudfront.net/s/_squarelogo/256x256/03e043400efdf1e7d2f66b4d0a67997e","http://jobs.iqvia.com","Durham, NC","10,000+","more than $10B (USD)","IQVIA (NYSE:IQV) is a leading global provider of advanced analytics, technology solutions and clinical research services to the life sciences industry dedicated to delivering actionable insights.","","","","","","","medical advisor"
"li-4459962918","linkedin","https://www.linkedin.com/jobs/view/4459962918","","Regulatory Affairs Manager","Regulatory Pharma Net - RPN","Milan, Lombardy, Italy","2026-09-02","","","","","","",False,"","","","","","","https://it.linkedin.com/company/regulatory-pharma-net-srl","","","","","","","","","","","","","medical advisor"
"li-4450565454","linkedin","https://www.linkedin.com/jobs/view/4450565454","","Assistant CRA","Thermo Fisher Scientific","Milan, Lombardy, Italy","2026-08-29","","","","","","",False,"","","","","","","https://www.linkedin.com/company/thermo-fisher-scientific","","","","","","","","","","","","","medical advisor"
"in-3eac2f9ddf79a982","indeed","https://it.indeed.com/viewjob?jk=3eac2f9ddf79a982","https://wd3.myworkdaysite.com/en-US/recruiting/havas/GroupExternalCareerSite/job/Milano/STAGE---Scientific-Communication-Assistant_JR0099443-1","STAGE - Scientific Communication Assistant","Havas Group","Milano, LOM, IT","2026-09-03","fulltime","","","","","",False,"","","","","**Agency :**


Havas Life Milan**Job Description :**


To be associated to interns.**Havas Life Italy,** agenzia del gruppo HAVAS**,** ricerca per ampliamento dell’organico un/a **Scientific Communication Assistant**


La risorsa, collaborando a stretto contatto con i **manager/team** **si occuperà di** supportare le attività scientifiche e progettuali del Dipartimento Medical.


Nello specifico si occuperà di:

* Supporto scientifico e operativo per la preparazione di materiali e attività mediche;
* Ricerca e analisi dati per progetti medico\-scientifici;
* Collaborazione cross\-team per garantire coerenza e avanzamento dei progetti.

**Requisiti:**

* Laurea in discipline scientifiche (Biologia, Farmacia, Biotecnologia o affini);
* Esperienza in analisi di letteratura scientifica e attività progettuali in ambito medico;
* Conoscenza di strumenti digitali (Office) e basi di comunicazione scientifica;
* Passione per la divulgazione scientifica e l’innovazione in ambito salute.


Completano il profilo ottime capacità di organizzazione, comunicazione scritta e orale, attitudine al lavoro in team e inglese fluente.

**Sede di lavoro**: Milano \+ Smart working (2 gg a settimana)

**Orario di lavoro:** Full\-time


Si offre inserimento in stage.


I nostri stage hanno durata di 6 mesi con possibilità di proroga su ulteriori 6 mesi. Sono previsti un rimborso spese di 500€ lordi \+ 140€ buoni pasto.


Il presente annuncio si rivolge ai candidati di ambo i sessi (L. 903/77\). I candidati potranno inviare il CV rilasciando specifica autorizzazione al trattamento dei dati personali come segue:

*"" Autorizzo il trattamento dei miei dati personali ai sensi dell’art. 13 d. lgs. 30 giugno 2003 n°196 – “Codice in materia di protezione dei dati personali” e dell’art. 6\* e 13 GDPR 679/16 – “Regolamento europeo sulla protezione dei dati personali”""*

**Contract Type :**


Intern**Here at Havas across the group we pride ourselves on being committed to offering equal opportunities to all potential employees and have zero tolerance for discrimination. We are an equal opportunity employer and welcome applicants irrespective of age, sex, race, ethnicity, disability and other factors that have no bearing on an individual’s ability to perform their job.**","","https://it.indeed.com/cmp/Havas-Group","https://d2q79iu7y748jz.cloudfront.net/s/_squarelogo/256x256/3d46f20e99c373133d701ad0c606751e","https://www.havas.com/","33 quai de Dion Bouton, Puteaux","10,000+","$1B to $5B (USD)","Havas is one of the world’s largest global communications groups, with more than 22,000 people sharing one single mission: to make a meaningful difference to brands, businesses and people.","","","","","","","medical manager"
"in-ea7dffd9960c9385","indeed","https://it.indeed.com/viewjob?jk=ea7dffd9960c9385","https://jobs.danaher.com/global/en/job/DANAGLOBALR1317932EXTERNALENGLOBAL/Service-Training-Customer-Education-Programs?utm_source=indeed&utm_medium=phenom-feeds","Service Training & Customer Education Programs","Beckman Coulter Diagnostics","Cassina de' Pecchi, LOM, IT","2026-09-03","fulltime","","","","","",True,"","","","","**Wondering what's within Beckman Coulter Diagnostics? Take a closer look.**
----------------------------------------------------------------------------


At first glance, you'll see that for more than 80 years we've been dedicated to advancing and optimizing the laboratory to move science and healthcare forward. Join a team where you can be heard, be supported, and always be yourself. We're building a culture that celebrates backgrounds, experiences, and perspectives of all our associates. Look again and you'll see we are invested in you, providing the opportunity to build a meaningful career, be creative, and try new things with the support you need to be successful.


Beckman Coulter Diagnostics is proud to work alongside a community of fellow Diagnostics Companies at Danaher. Together, we're working at the pace of change to improve patient lives with diagnostic tools that address the world's biggest health challenges.

**The Service Training \& Customer Education Programs Manager – EMEA**
----------------------------------------------------------------------


The Service Training \& Customer Education Programs Manager – EMEA is responsible for designing, enabling, and coordinating modern training and education programs for internal Service teams and external customers across the EMEA region. This role does not directly deliver training but ensures that the right content, tools, trainers, and delivery models are in place to support capability development and business performance.


The position focuses on building scalable, data\-driven learning solutions that strengthen technical and soft skills, improve service effectiveness, accelerate product adoption, and enhance customer experience through continuous education and knowledge sharing.

**This position is part of the EMEA Service Transformation Office and is a fully remote role within the EMEA region.**


You will report to the **Senior Director, Service Transformation Office EMEA** and work closely with Regional Service Leaders, Global Training Teams, Marketing, and external learning partners.


If you thrive in a strategic, collaborative, and transformational environment and want to help build a world\-class Service organization, read on.

**In this role, you will have the opportunity to:**
---------------------------------------------------

* Design and lead Service Training and Customer Education programs across the EMEA region.
* Develop scalable learning strategies, curricula, and learning pathways covering both technical and professional capabilities.
* Drive the adoption of modern learning approaches, including digital, blended, and on\-demand learning solutions.
* Ensure training and education programs align with business priorities, customer needs, and service objectives.
* Coordinate training delivery through internal and external partners, trainers, and subject matter experts.

**The essential requirements of the job include:**
--------------------------------------------------

* Bachelor's degree in Business, Education, Learning \& Development, Engineering, or a related field.
* Minimum 5 years of experience in Training, Learning \& Development, Customer Education, Service Enablement, or a related function.
* Experience designing and managing training programs across multiple countries and stakeholders.
* Proven project management and stakeholder management skills.
* Strong written and verbal communication skills in English.

**It would be a plus if you also possess:**
-------------------------------------------

* Experience in Healthcare, Diagnostics, Medical Devices, Life Sciences, or another regulated industry.
* Experience with Learning Management Systems (LMS) and digital learning platforms.
* Knowledge of adult learning principles and modern learning methodologies.
* Certification in Learning \& Development, Change Management, or Project Management.

**Working Arrangement**
-----------------------


At Beckman Coulter Diagnostics, we believe in designing a better, more sustainable workforce. This position is a **fully remote role within the EMEA region**. While day\-to\-day work is performed remotely, occasional presence at Beckman Coulter facilities may be required to support training programs, workshops, team meetings, strategic planning sessions, or other business\-critical activities. The associate is expected to travel and attend in\-person sessions as needed to ensure effective collaboration, program implementation, and stakeholder engagement.


This role is classified under the CCNL Terziario at 1st level (link \-\> here), providing a clear and structured framework for job classification, growth, and development. The expected gross annual salary range is 56K€\-83k€, determined based on your experience, skills, and role\-related competencies. In addition to a competitive salary, we offer a comprehensive and attractive benefits package, including enhanced pension plan contributions, Ticket Restaurant, and supplementary health insurance (assicurazione integrativa), designed to support your wellbeing and long\-term security.


Join our winning team today. Together, we’ll accelerate the real\-life impact of tomorrow’s science and technology. We partner with customers across the globe to help them solve their most complex challenges, architecting solutions that bring the power of science to life.


For more information, visit www.danaher.com.","","https://it.indeed.com/cmp/Beckman-Coulter-Diagnostics","https://d2q79iu7y748jz.cloudfront.net/s/_squarelogo/256x256/9316fef4010d6c58c252f6854c082539","http://www.beckmancoulter.com","Brea, CA","10,000+","$1B to $5B (USD)","Beckman Coulter develops, manufactures and markets products that simplify, automate and innovate complex biomedical testing.","","","","","","","medical manager"
"in-51880989f17eeb70","indeed","https://it.indeed.com/viewjob?jk=51880989f17eeb70","https://jsv3.recruitics.com/redirect?rx_cid=3436&rx_jobId=R-01366991_1002&rx_url=https%3A%2F%2Fjobs.thermofisher.com%2Fglobal%2Fen%2Fjob%2FR-01366991%2FStart-up-Team-Manager-EMEA-Clinical-Trial-Start-Up-Lead-FSP%3Frx_a%3D0%26rx_c%3D%26rx_ch%3Djobp4p%26rx_group%3D123525%26rx_id%3D3013dcc3-a70d-11f1-a8bb-9f6db3d013bc%26rx_job%3DR-01366991_1002%26rx_medium%3Dcpc%26rx_r%3Dnone%26rx_source%3Dindeed%26rx_ts%3D20260904T100405Z%26rx_vp%3Dcpc%26utm_medium%3Dppc%26utm_source%3Drecruitics_indeedorganic","Start-up Team Manager – EMEA Clinical Trial Start-Up Lead - FSP","Thermo Fisher Scientific","Milano, LOM, IT","2026-09-02","fulltime","","","","","",False,"","","","","**Work Schedule**


Standard (Mon\-Fri)**Environmental Conditions**


Office**Job Description**

**Start\-up Team Manager – EU Clinical Trial Start\-Up**
========================================================


Join Thermo Fisher Scientific as a Start\-up Team Manager, taking a leadership role in the delivery of complex clinical trial start\-up activities across Europe.


This position requires demonstrated regional EU study start\-up leadership, with direct operational responsibility across multiple EU countries. The successful candidate will bring hands\-on knowledge of EU Clinical Trials Regulation (EU\-CTR) requirements, country\-specific start\-up pathways, and the practical differences that must be managed when activating studies across European markets.

 **Please note:** Experience leading start\-up activities within a single country, even when combined with broader exposure to EU studies, is not sufficient for this position. Candidates must be able to demonstrate direct oversight and accountability for start\-up delivery across multiple EU countries.

**What You’ll Do**
------------------


As Start\-up Team Manager, you will provide operational leadership and oversight for site and country activation activities, working across functions and geographies to ensure studies progress according to agreed timelines, quality standards, regulatory requirements, and budgets.

  

Key responsibilities include:

* Lead and oversee start\-up activities across multiple EU countries, coordinating country teams and cross\-functional stakeholders within a matrix environment.
* Provide regional oversight of site activation activities, ensuring delivery against project timelines, quality expectations, and contractual commitments.
* Navigate EU\-CTR requirements alongside country\-specific regulatory and start\-up requirements, recognising and proactively managing variations between European markets.
* Understand and manage country\-specific documentation requirements, including variations or additional documentation associated with EU\-CTR submissions.
* Identify and coordinate additional national or local committee approvals and requirements that sit outside the EU\-CTR process, where applicable.
* Coordinate the flow of information between project teams, clients, country teams, functional departments, and other stakeholders involved in site activation.
* Develop and implement start\-up plans and guidelines using established PPD/Thermo Fisher Scientific tools and processes.
* Monitor and analyse project and country\-level start\-up status, providing meaningful metrics, escalation, and recommendations to senior management.
* Proactively identify operational, regulatory, contractual, and timeline risks and develop effective mitigation and contingency plans.
* Manage competing priorities, dependencies, and timelines across multiple countries while maintaining visibility of critical\-path activities.
* Coordinate feasibility, site contracts, country teams, and other activities within the assigned scope of work.
* Collaborate with project teams to manage financial and contractual aspects of studies relating to site activation.
* Establish appropriate controls to ensure project resources and expenses remain aligned with agreed budgets and Global Project Management expectations.
* Evaluate complex start\-up issues, interpret available information, make sound business decisions, and ensure agreed solutions are implemented.
* Build effective relationships with customers and internal stakeholders throughout project delivery.

**What We’re Looking For**
--------------------------


We are particularly interested in candidates who can demonstrate substantive, hands\-on leadership of EU study start\-up activities at a regional level.


Successful candidates should be able to clearly demonstrate:

* Direct SSU/Study Start\-Up leadership and oversight across multiple EU countries, including the specific countries for which they have held operational responsibility.
* Practical knowledge of EU\-CTR and its application to multi\-country clinical trial start\-up.
* Understanding of how EU\-CTR implementation and documentation requirements can vary between countries, with concrete examples from previous studies.
* Knowledge of countries where additional national, local, institutional, or committee approvals may be required outside the EU\-CTR process, and experience managing those requirements.
* A structured approach to identifying, assessing, escalating, mitigating, and monitoring start\-up risks and issues.
* Proven ability to manage competing priorities across multiple countries, balancing regulatory requirements, site dependencies, resources, timelines, and stakeholder expectations.
* Ability to lead, influence, liaise with, and coordinate cross\-functional and geographically dispersed project teams.
* Strong cross\-cultural awareness and the ability to adapt communication and leadership approaches across different countries and stakeholders.
* Strong organisational, project management, and multitasking capabilities with excellent attention to detail.
* Ability to identify risks relating to contractual and operational deliverables and develop appropriate solutions.
* Comprehensive understanding of clinical research and clinical development, including applicable guidelines, directives, study phases, therapeutic areas, and medical terminology.

**Education \& Experience**
---------------------------

* Bachelor’s degree or equivalent relevant academic/vocational qualification.
* Typically 5\+ years of relevant clinical research experience, or an equivalent combination of education, training, and directly related experience.
* Demonstrated experience in clinical trial study start\-up/site activation.
* Demonstrated regional EU start\-up leadership with direct operational responsibility across multiple EU countries is essential.

**Working Conditions \& Environment**
-------------------------------------

* Work may be performed in an office, laboratory, and/or clinical environment.
* Role may involve exposure to biological fluids and infectious organisms, with appropriate personal protective equipment required where applicable.
* Regular use of electrical office equipment and computer software developed both internally and externally.
* Occasional domestic and international travel of up to approximately 20%, which may include travel outside normal business hours or at weekends.
* Ability to work effectively in a fast\-paced environment, manage changing priorities, communicate with diverse stakeholder groups, and perform under pressure.

**Why Join Us?**
----------------


When you join Thermo Fisher Scientific, you become part of a global team united by a shared commitment to scientific excellence and helping our customers make the world healthier, cleaner and safer.


You’ll work in a collaborative environment where your expertise in European clinical trial start\-up can directly contribute to the successful delivery of clinical studies and, ultimately, tomorrow’s scientific breakthroughs.","Industrial Manufacturing","https://it.indeed.com/cmp/Thermo-Fisher-Scientific","https://d2q79iu7y748jz.cloudfront.net/s/_squarelogo/256x256/65bd2e4bebb79b1432ac3277ffd57ae7","https://www.thermofisher.com/","168 Third Avenue, Waltham, MA USA 02451","10,000+","more than $10B (USD)","At Thermo Fisher Scientific, our professionals develop critical solutions—and build rewarding careers.","","","","","","","medical manager"
"in-8667f23fa49152c4","indeed","https://it.indeed.com/viewjob?jk=8667f23fa49152c4","https://www.comeet.com/jobs/capslock/59.001/product-manager/D2.27E-BA.409?coref=1.11.pFA_9C14","Product Manager","CapsLock","LOM, IT","2026-09-02","fulltime","","","","","",True,"","","","","**CapsLock** builds exceptional marketing solutions for large partners in the home improvement industry. We don’t just advertise our clients’ products or services \- we build long\-term marketing solutions within the context of permanent partnerships.

  

Our people are the backbone of everything we do and are our most valuable asset. Our business model demands top talent across the board, and we aim to create conditions that attract and retain the best individuals globally.

 **﻿Role Overview**

  

We are expanding our Product team, and this role owns a slice of the internal product ecosystem our teams run the business on.

  

Your starting focus is the Media Buyer Automation Platform — the rules engine, pacing logic, spend controls, alerting, and workflow tooling that let a small team of buyers manage budgets that would otherwise require significantly more headcount. From there, your scope extends across the internal tools that support the wider acquisition engine: marketing automation, reporting and analytics workflows, creative operations, and the new tooling we build as the business shifts. We expect the exact portfolio to evolve, and we are hiring someone who wants that rather than someone looking for a single fixed product.

  

This is a hands\-on builder role rather than a coordination role. Your users are colleagues, the feedback loop is short, and your work shows up in CPA, ROAS, wasted spend, and hours returned to the team. You will report to the Head of Product and work daily with Engineering, Data, Media Buying, Creative, and Operations.

 **Responsibilities**

**﻿**

**﻿1\. Product Strategy \& Roadmap**

* Own the end\-to\-end roadmap for the Media Buyer Automation Platform, including discovery, prioritization, specifications, delivery, adoption, and iteration.
* Take on additional internal products as the portfolio grows, sequencing work across marketing automation, reporting and analytics, creative operations, cross\-platform account management, and data reconciliation while maintaining focus on the core platform.

**2\. User Needs \& Automation**

* Work closely with media buyers to understand their workflows and translate their operational needs into reliable automation for budget pacing, anomaly alerts, spend guardrails, bulk actions, and approval flows.
* Identify manual processes that are consuming capacity across the business and evaluate whether they should be automated through internal development, external solutions, or left unchanged.

**3\. Product Development \& Delivery**

* Write clear product specifications that engineers can build from, including edge cases, failure modes, rollback behavior, and a defined bar for completion.
* Prototype ideas and build lightweight automations where this can accelerate alignment or address smaller workflow needs without relying on the engineering roadmap.

**4\. Adoption, Measurement \& Collaboration**

* Drive product adoption through onboarding, enablement, documentation, and continuous feedback loops that ensure tools remain actively used and valuable.
* Define and track meaningful product metrics, ensuring they are properly instrumented and visible, while partnering with Data on event taxonomy, attribution challenges, and measurement trade\-offs.

**5\. Experimentation \& Optimization**

* Run experiments and staged rollouts to validate changes, particularly for functionality that affects advertising spend, before deploying them across full budgets.
* Continuously evaluate and iterate on products based on performance data, user feedback, and evolving business needs.

  

Requirements:
  

* 4\+ years in Product Management, with 2\+ years owning data\-heavy or workflow\-heavy products end\-to\-end.
* Proven track record of building internal or B2B tools for colleagues and driving high adoption.
* Skilled in KPI design, event taxonomy, dashboarding, and turning numbers into decisions.
* Active use of AI tools (Cursor, Claude Code, Lovable, n8n, custom scripts) to build prototypes and automate workflows. *(Examples will be requested).*
* Practical understanding of LLM limitations, probabilistic feature evaluation, and fallback logic.
* Comfortable running multiple workstreams at once and making confident calls on what to ship first.
* Strong track record of launching small, frequent releases rather than big\-bang updates.
* Excellent written/verbal English—creates clear specs, explicit trade\-offs, and transparent status updates.
* Experience collaborating effectively across global time zones.

 **Nice\-to\-Haves**

* Experience with paid acquisition platforms (Meta, Google, TikTok), rules engines, budget pacing, or creative testing workflows.
* Computer Science, Computer Engineering degree, or experience managing complex SaaS products with multi\-platform API integrations.
* Hands\-on experience with A/B testing frameworks, feature flagging, or staged rollout systems for spend\-affecting logic.

 **﻿Why do we deserve your attention?**


Not only do we offer fair and competitive pay, but we also provide perks and benefits that support your well\-being and growth. Here are some of them:

 **Remote Work**


We are a truly remote\-first company. You choose where you feel the most productive and comfortable to make an impact.

 **Paid Time Off**


Work\-life balance matters to us, and we support it with paid time off for rest, personal time, or simply doing what makes you happy.

 **Ongoing Learning**


We believe in curiosity and growth. That’s why we support continuous learning with workshops, online courses, conferences, and certifications.

 **Home Office**


We help you set up your perfect workspace by covering equipment and furniture expenses, so you can do your best work from home.

 **Physical Well\-Being**


From gym memberships and yoga classes to home workout equipment or even a bicycle, we give you the flexibility to stay active your way.

 **Unlimited Sick Days**


Your health matters. Take the time you need to rest and recover \- we’ll be here when you’re ready to return.

 **Medical Coverage**


We support you and your family with reimbursement for medical insurance and health\-related expenses, including dental care and psychological support.

 **Co\-Working Space**


If you sometimes crave a change of scenery or more social interaction, we’ll cover the full cost of a co\-working space.

 **Fun Stuff**


From gaming nights and fitness challenges to annual retreats at world\-class resorts, we make sure there’s never a shortage of fun and connection.","","https://it.indeed.com/cmp/Capslock","","","","","","","","","","","","","medical manager"
"in-772f172dd9ad0754","indeed","https://it.indeed.com/viewjob?jk=772f172dd9ad0754","https://jsv3.recruitics.com/redirect?rx_cid=3436&rx_jobId=R-01344956_rxr-3&rx_url=https%3A%2F%2Fjobs.thermofisher.com%2Fglobal%2Fen%2Fjob%2FR-01344956%2FCRA-FSP-Italy%3Frx_a%3D0%26rx_c%3D%26rx_ch%3Djobp4p%26rx_group%3D123525%26rx_id%3D2344edc7-a59c-11f1-8904-9dad2c975424%26rx_job%3DR-01344956_rxr-3%26rx_medium%3Dcpc%26rx_r%3Dnone%26rx_source%3Dindeed%26rx_ts%3D20260904T100405Z%26rx_vp%3Dcpc%26utm_medium%3Dppc%26utm_source%3Drecruitics_indeedorganic","CRA - FSP - Italy","Thermo Fisher Scientific","Milano, LOM, IT","2026-08-31","fulltime","","","","","",True,"","","","","**Work Schedule**


Standard (Mon\-Fri)**Environmental Conditions**


Office**Job Description**


At PPD, part of Thermo Fisher Scientific, you’ll discover meaningful work that makes a positive impact on a global scale. Join our colleagues in bringing our Mission to life \- enabling our customers to make the world healthier, cleaner and safer. We provide our teams with the resources needed to achieve individual career goals while taking science a step beyond through research, development and delivery of life\-changing therapies. With clinical trials conducted in 100\+ countries and ongoing development of novel frameworks for clinical research through our PPD clinical research portfolio, our work spans laboratory, digital and decentralized clinical trial services. Your determination to deliver quality and accuracy will improve health outcomes that people and communities depend on – now and in the future.


This is a great opportunity for CRA's currently working within the life science sector for pharmaceutical companies, biotech companies or CRO's to work with a world\-leading CRO across multiple sponsors, various protocols and therapy areas.


These roles can be performed remotely for CRA's based close to our clinical 'hubs': **Milan, Bologna, Florence, Rome** and **Naples.** Travel requirement will be national across Italy.


Essential Functions:

* Monitors investigator sites with a risk\-based monitoring approach: applies root cause analysis (RCA), critical thinking and problem\-solving skills to identify site processes failure and corrective/preventive actions to bring the site into compliance and decrease risks.
* Ensures data accuracy through SDR, SDV and CRF review as applicable through on\-site and remote monitoring activities.
* Assess investigational product through physical inventory and records review.
* Documents observations in reports and letters according to timelines using approved business writing standards.
* Escalates observed deficiencies and issues to clinical management expeditiously and follows all issues through to resolution. May need to maintain regular contact between monitoring visits with investigative sites to confirm that the protocol is being followed, that previously identified issues are being resolved and that the data is being recorded in a timely manner.
* Participates in the investigator payment process. Ensures a shared responsibility with other project team members on issues/findings resolution. Investigates and follows\-up on findings as applicable.
* Participates in investigator meetings as necessary. Identifies potential investigators in collaboration with the client company to ensure the acceptability of qualified investigative sites.
* Initiates clinical trial sites according to the relevant procedures to ensure compliance with the protocol and regulatory and ICH GCP obligations, making recommendations where warranted. Performs trial close out and retrieval of trial materials.
* Ensures that required essential documents are complete and in place, according to ICH\-GCP and applicable regulations. Conducts on\-site file reviews as per project specifications.
* Provides trial status tracking and progress update reports to the Clinical Team Manager (CTM) as required. Ensures study systems are updated per agreed study conventions (e.g. Clinical Trial Management System).
* Contributes to the project team by assisting in preparation of project publications/tools and sharing ideas/suggestions with team members.
* Contributes to other project work and initiatives for process improvement, as required.


Education and Experience:

* University degree in a science related field
* CRA Qualified as per the Ministerial Decree dated 15/11/2011 and at least 1 year of independent monitoring experience in clinical development phases II\-IV
* Understanding of ICH\-GCP, EU and FDA requirements
* Fluency in English and in Italian
* Valid Driver's License


Knowledge, Skills and Abilities:

* Proven clinical monitoring skills
* Demonstrated understanding of medical/therapeutic area knowledge and medical terminology
* Demonstrated ability to attain and maintain a working knowledge of ICH GCPs, applicable regulations and procedural documents
* Well\-developed critical thinking skills, including but not limited to: critical mindset, in\-depth investigation for appropriate root cause analysis and problem solving
* Ability to manage Risk Based Monitoring concepts and processes
* Good oral and written communication skills, with the ability to communicate effectively with medical personnel
* Ability to maintain customer focus through the utilization of good listening skills, attention to detail and the ability to perceive customers’ underlying issues
* Good organizational and time management skills
* Effective interpersonal skills
* Attention to detail
* Ability to remain flexible and adaptable in a wide range of scenarios
* Ability to work in a team or independently as require
* Good computer skills: solid knowledge of Microsoft Office and the ability to learn appropriate software


As well as being rewarded a competitive salary, we have an extensive benefits package based around the health and well\-being of our employees. We have a flexible working culture, where PPD truly value a work\-life balance. We’ve grown sustainably year on year but continue to offer a collaborative environment, with teams of colleagues eager to share expertise and have fun together. We are a global organization but with a local feel.


Our 4i Values:

**Integrity – Innovation – Intensity – Involvement**


If you resonate with our 4i values above, and ultimately wish to accelerate the delivery of safe and effective therapeutics for some of the world’s most urgent health needs, submit your application – we’d love to hear from you","Industrial Manufacturing","https://it.indeed.com/cmp/Thermo-Fisher-Scientific","https://d2q79iu7y748jz.cloudfront.net/s/_squarelogo/256x256/65bd2e4bebb79b1432ac3277ffd57ae7","https://www.thermofisher.com/","168 Third Avenue, Waltham, MA USA 02451","10,000+","more than $10B (USD)","At Thermo Fisher Scientific, our professionals develop critical solutions—and build rewarding careers.","","","","","","","medical manager"
"li-4458407146","linkedin","https://www.linkedin.com/jobs/view/4458407146","","Field Service - Medical Devices","Hays","Milan, Lombardy, Italy","2026-08-28","","","","","","",False,"","","","","","","https://uk.linkedin.com/company/hays","","","","","","","","","","","","","field medical advisor"
"in-499270eb59aee893","indeed","https://it.indeed.com/viewjob?jk=499270eb59aee893","https://grnh.se/ak333bl64us","Product Application Scientist, EMEA","Alamar Biosciences","Milano, LOM, IT","2026-09-01","","","","","","",False,"","","","","At Alamar, we are passionate about enabling our customers to make scientific discoveries that translate into clinical outcomes and benefit patients. Our team is growing quickly as we develop innovative approaches to measure critical protein biomarkers from liquid samples that can enable the earliest possible detection of disease. We believe the next frontier in biology is enabled by measuring proteins at higher sensitivity in highly multiplexed assays at the push of a button, which is something only Alamar can do. As we build our team, we seek collaborative, driven, intellectually curious people committed to solving complex challenges. Our culture rewards accountability and cross functional teamwork because we believe this enables the kind of breakthrough thinking that will accelerate our mission.


We are seeking a scientifically driven Product Application Scientist to accelerate the development, positioning, and customer adoption of Alamar's growing NULISA™ Custom Assay portfolio across Europe, the Middle East, and Africa (EMEA).



Working at the intersection of Product Management, R\&D, Commercial, and Field Support, you will serve as the regional scientific expert for customers, strategic partners, and distributors. This role combines hands\-on application support with scientific consultation, customer education, and product development input to help drive successful customer outcomes and portfolio growth.


**Key Responsibilities**



Regional Product Expertise


* Serve as the EMEA subject matter expert for NULISA Custom Assays, applications, and workflows.


Scientific Customer Engagement


* Advise customers and partners on assay design, biomarker strategies, experimental workflows, implementation, data interpretation, and troubleshooting.


Commercial Enablement


* Support pre\- and post\-sales activities through scientific presentations, product demonstrations, technical consultations, and customer training.


Strategic Partnerships


* Develop and maintain relationships with key academic, biotechnology, pharmaceutical, and translational research partners, including Key Opinion Leaders (KOLs), in collaboration with Sales, Marketing, and R\&D.


Content and Training Development


* Create application notes, white papers, presentations, videos, and training resources for customers, distributors, and internal teams.


Product Development Support


* Partner with R\&D and Product Management to translate customer needs into product requirements, validation activities, test cases, and future enhancements.


Market Insight and Voice of Customer


* Gather and communicate customer feedback, scientific trends, workflow insights, and competitive intelligence to inform product strategy and portfolio development.


Cross\-Functional Collaboration


* Act as a key liaison between regional customers, commercial teams, Product Management, R\&D, Marketing, and Field Support to drive customer success and product adoption.


**Qualifications**


* PhD, MSc, or equivalent advanced degree in Molecular Biology, Immunology, Biochemistry, Bioengineering, or a related life sciences discipline.
* Minimum of 3 years of experience developing immunoassays or supporting immunoassay development in a customer\-facing role.
* Strong understanding of immunoassay development, validation, and application in translational research or biomarker discovery.
* Excellent communication and presentation skills with the ability to translate complex scientific concepts into practical recommendations.
* Demonstrated ability to build trusted relationships with customers, collaborators, and internal stakeholders.
* Experience supporting commercial activities within proteomics, diagnostics, life science tools, or related markets.
* Ability to work effectively across countries, cultures, and time zones within a global organization.
* Fluent professional English required; additional European language capabilities are highly desirable.
* Willingness to travel approximately 40\-50% throughout EMEA for customer visits, conferences, training activities, and strategic partner engagements.


Please Note \- We participate in E\-Verify to confirm authorization to work in the United States.","","https://it.indeed.com/cmp/Alamar-Biosciences","","","","","","","","","","","","","scientific liaison"
"in-033bc8f0081ef5bc","indeed","https://it.indeed.com/viewjob?jk=033bc8f0081ef5bc","https://careers.alvarezandmarsal.com/jobs/18006688","Indirect Tax, Italy","Alvarez & Marsal","Milano, LOM, IT","2026-09-02","","","","","","",False,"","","","","Location: Milan, Italy
  

Date Posted: Sep 2, 2026

  

**Indirect Tax Team – All levels**


**Milan, Italy**


Alvarez \& Marsal (“A\&M”) is a global advisory firm of entrepreneurial, results\-driven professionals who take a hands\-on approach to solving our clients’ most complex challenges. Our culture celebrates independent thinkers who deliver impact and shape the future of our industry.


Our collaborative and inclusive environment—guided by our core values of Integrity, Quality, Objectivity, Fun, Personal Reward, and Inclusive Diversity—is why our people thrive at A\&M.


A\&M’s Tax practice is uniquely positioned to operate without audit conflict, allowing us to act as true trusted advisors. We provide our teams with the platform, flexibility, and support to build meaningful careers, rewarding performance and impact.


In Italy, our Tax offering is delivered through A\&M Tax Italy STP SRL, a regulated professional firm, and is experiencing strong growth. This provides a unique opportunity to join a high\-performing, entrepreneurial team and play a key role in building a differentiated Indirect Tax offering in the market.


**The Indirect Tax Team**


Indirect taxes are complex and can create significant cost, risk, and operational burden if not managed effectively. Our team provides practical, commercially focused VAT advice to help clients navigate these challenges.


We support clients across the full lifecycle of their business, with a strong focus on transactions, restructurings, and supply chain optimisation. This includes advising on the VAT implications of M\&A, due diligence, deal structuring, and post\-acquisition integration, as well as identifying opportunities to improve VAT efficiency.


We work closely with clients to manage cross\-border VAT challenges and embed indirect tax considerations into strategic decision\-making. Our team collaborates across jurisdictions to deliver coordinated, high\-quality advice on complex international matters.


**The Role**


As an Indirect professional you will play a central role in delivering VAT advisory work and supporting the growth of the Indirect Tax practice in Italy.


You will:


* Work closely with Managing Directors on VAT advisory projects.
* Advise clients on VAT aspects of transactions, restructurings, and supply chain changes
* Manage a portfolio of clients, delivering practical, commercially driven tax advice
* Oversee compliance requirements while maintaining an advisory\-led focus
* Ensuring technical accuracy and commercial relevance
* Manage multiple engagements, budgets, and client relationships effectively
* Contribute to cross\-border projects, working with colleagues across A\&M’s European network
* Support business development initiatives and help grow the Italy Indirect Tax offering

**What We Are Looking For**


* Experience in indirect tax / VAT, ideally within a Big 4 or leading advisory firm
* Strong technical knowledge of VAT, with exposure to transactions or international work
* Proven ability to manage client relationships and deliver high\-quality work
* Strong analytical, research, and problem\-solving skills
* Experience reviewing work and supporting junior team development
* Strong communication skills in Italian and English
* Relevant professional qualification (e.g. chartered accountant, Italian equivalent, or tax qualification) preferred
* A proactive, entrepreneurial mindset with the ability to operate in a fast\-paced environment
  

**Your Development at A\&M**


At A\&M, we prioritise real responsibility and hands\-on experience. You will benefit from:


* A meritocratic environment where progression is driven by performance
* Direct exposure to senior leadership and clients
* The opportunity to shape and grow a practice in a high\-growth environment
* Access to international projects and collaboration across jurisdictions
* Ongoing development through practical experience and coaching

**Your journey at A\&M**


We recognise that our people are the driving force behind our success, which is why we prioritise an employee experience that fosters each person’s unique professional and personal development. Our robust performance development process promotes continuous learning, rewards your contributions, and fosters a culture of meritocracy. With top\-notch training and on\-the\-job learning opportunities, you can acquire new skills and advance your career.


We prioritise your well\-being, providing benefits and resources to support you on your personal journey. Our people consistently highlight the growth opportunities, our unique, entrepreneurial culture, and the fun we have together as their favourite aspects of working at A\&M. The possibilities are endless for high\-performing and passionate professionals.


**Culture \& Values**
---------------------


At Alvarez \& Marsal, our core values of Integrity, Quality, Objectivity, Fun, Personal Reward, and Inclusive Diversity guide everything we do, shaping a culture rooted in entrepreneurship, impact, and integrity. We trust our people to take ownership early, contribute to meaningful challenges, and drive results that matter. We empower growth and champion diverse perspectives. Above all, we value doing the right thing. For those ready to roll up their sleeves, lead with integrity, and be difference makers, this is where it starts.


**Equal Opportunity Employer**
------------------------------


It is Alvarez \& Marsal’s practice to provide and promote equal opportunity in employment, compensation, and other terms and conditions of employment without discrimination because of race, color, creed, religion, national origin, ancestry, citizenship status, sex or gender, gender identity or gender expression (including transgender status), sexual orientation, marital status, military service and veteran status, physical or mental disability, family medical history, genetic information or other protected medical condition, political affiliation, or any other characteristic protected by and in accordance with applicable laws. Employees and Applicants can find A\&M policy statements and additional information by region here.


**Unsolicited Resumes from Third\-Party Recruiters**
----------------------------------------------------


Please note that as per A\&M policy, we do not accept unsolicited resumes from third\-party recruiters unless such recruiters are engaged to provide candidates for a specified opening. Any employment agency, person or entity that submits an unsolicited resume does so with the understanding that A\&M will have the right to hire that applicant at its discretion without any fee owed to the submitting employment agency, person or entity.","","https://it.indeed.com/cmp/Alvarez-&-Marsal","https://d2q79iu7y748jz.cloudfront.net/s/_squarelogo/256x256/99f08e8304d82718f819395f00e29a54","https://www.alvarezandmarsal.com/","New York, NY","10,000+","$1B to $5B (USD)","Alvarez & Marsal (A&M) is a global professional services firm specializing in turnaround and interim management, performance improvement and business advisory services.","","","","","","","medical information"
"in-eb6568e7dc951dc9","indeed","https://it.indeed.com/viewjob?jk=eb6568e7dc951dc9","https://jobs.danaher.com/global/en/job/DANAGLOBALR1316231EXTERNALENGLOBAL/Technical-Support-Europe-Immunoassay?utm_source=indeed&utm_medium=phenom-feeds","Technical Support Europe - Immunoassay","Beckman Coulter Diagnostics","Cassina de' Pecchi, LOM, IT","2026-09-02","fulltime","","","","","",True,"","","","","**Wondering what’s within Beckman Coulter Diagnostics? Take a closer look.**


At first glance, you’ll see that for more than 80 years we’ve been dedicated to advancing and optimizing the laboratory to move science and healthcare forward. Join a team where you can be heard, be supported, and always be yourself. We’re building a culture that celebrates backgrounds, experiences, and perspectives of all our associates. Look again and you’ll see we are invested in you, providing the opportunity to build a meaningful career, be creative, and try new things with the support you need to be successful.


Beckman Coulter Diagnostics is proud to work alongside a community of six fellow Diagnostics Companies at Danaher. Together, we’re working at the pace of change to improve patient lives with diagnostic tools that address the world’s biggest health challenges.


We are seeking a dedicated and knowledgeable Hardware and Application Immuno System Technical Support Specialist to join our team. The ideal candidate will have extensive experience with hardware systems, particularly within the Medical Device industry but as well some application knowledge to become a subject\-matter expert with broad expertise across immunoassays, troubleshooting, and customer support. This role is crucial in ensuring our customers receive timely and effective technical support for our diagnostic hardware products. The Technical Support Specialist will handle troubleshooting, maintenance, and repair inquiries, ensuring high levels of customer satisfaction and product performance. He’s responsible for Pro\-active actions to ensure the best efficiency in Service organization across Europe.

**Key Responsibilities:**

* **Technical Support and Troubleshooting:** Provide expert\-level technical support for diagnostic hardware systems, including instruments, devices, and related peripherals. Immunoassay system knowledge will be considered a plus.
* **Customer Assistance:** Respond promptly to customer inquiries when local engineer needs support through virtual or on\-site visits support.
* **Product Knowledge and Training:** Maintain an in\-depth understanding of the diagnostic hardware product line, including specifications, functionalities, and common issues.
* **Quality and Improvement:** Monitor and analyze support metrics to identify trends, recurring issues, and areas for improvement on service efficiency and cost of parts.

**Qualifications:**

* Associate’s degree or Bachelor’s degree in Biomedical Engineering, Electronics, Information Technology, or a related field.
* Minimum of 3 years of experience in technical support, specifically with hardware systems in the diagnostics or medical device industry.
* Strong understanding of **diagnostic hardware systems, including installation, maintenance, troubleshooting, and repair.**
* Excellent problem\-solving skills with the ability to diagnose and resolve complex hardware issues.
* Strong verbal and written communication skills, with the ability to clearly convey technical information to non\-technical users both English and Italian.

**Working Conditions:**

* This role is **Remote based, with travel in Europe required to client sites or meetings around 70% of the total time available**


This role is classified under the CCNL Terziario at 2nd level (link \-\> here), providing a clear and structured framework for job classification, growth, and development. The expected gross annual salary range is €40,000–55,000, determined based on your experience, skills, and role\-related competencies. In addition to a competitive salary, we offer a comprehensive and attractive benefits package, including enhanced pension plan contributions, Ticket Restaurant, and supplementary health insurance (assicurazione integrativa), designed to support your wellbeing and long\-term security

 **Bonus / Incentive Pay :** \[10%] of annual base salary


This job is also eligible for bonus / incentive pay. This is the target earnings as % of base annual salary, subject to objective eligibility criteria and performance conditions as set out in the applicable scheme terms and conditions.


Join our winning team today. Together, we’ll accelerate the real\-life impact of tomorrow’s science and technology. We partner with customers across the globe to help them solve their most complex challenges, architecting solutions that bring the power of science to life.


For more information, visit www.danaher.com.","","https://it.indeed.com/cmp/Beckman-Coulter-Diagnostics","https://d2q79iu7y748jz.cloudfront.net/s/_squarelogo/256x256/9316fef4010d6c58c252f6854c082539","http://www.beckmancoulter.com","Brea, CA","10,000+","$1B to $5B (USD)","Beckman Coulter develops, manufactures and markets products that simplify, automate and innovate complex biomedical testing.","","","","","","","medical information"
"in-4fc11de605dbc64b","indeed","https://it.indeed.com/viewjob?jk=4fc11de605dbc64b","https://hp.wd5.myworkdayjobs.com/en-US/ExternalCareerSite/job/Milan-Milano-Italy/Inside-Account-Representative_3168058-1","Inside Account Representative","HP","Milano, LOM, IT","2026-09-02","fulltime","","","","","",True,"","","","","Inside Account Representative
**Description \-**

The Inside Account Executive ( iAE ) is responsible for owning the end\-to\-end account strategy and sales engagement for medium business accounts. This role involves developing relationships with acquisition opportunities, managing account strategies, and ensuring efficient business processes. The Inside Account Executive will work closely with specialized inside resources to grow the account.  

  



**Key Responsibilities**

* Own and execute the end\-to\-end account strategy.
* Expand share\-of\-wallet (SoW) by developing/closing opportunities with acquisition (new logos), retention, \& development mid\-sized accounts.
* Drive sales in Personal Systems and Managed Device Services and expand services within the account.
* Maintain and execute comprehensive account strategies.
* Identify \& Connect customer strategy, key initiatives \& HP offering to build outcome\-based sales and substantiating business case aligned to customer key initiatives.
* Engage with executives and build strong customer relationships.
* Manage pipeline growth and ensure customer retention.
* Coordinate with various internal departments to align resources with client needs.
**Education** **\& Experience** **Recommended** **:**

* Bachelor’s degree is preferred but not required .
* Proven experience in sales, account management, or a related role.
* Strong understanding of sales processes and strategies.
* Experience working with medium business accounts is preferred.
**Knowledge \&** **Skills**

* Strategic account leadership and the ability to act as the ""account lead .""
* Strong collaboration skills and the ability to lead cross\-functional teams.
* Expertise in outcome\-based selling and crafting value propositions.
* Proficiency in digital and remote selling .
* Ability to manage complexity and drive portfolio\-based outcomes.
* Knowledge in P\&L management.
* Strong business acumen \& executive presence.
* Strong understanding of a modern IT (services) ecosystem. Deep expertise in HPs Outcome Based Sales value prop. \& offerings.
* Ability to develop strong relationships with influencers/decisions makers.
* To navigate complex organizations to find expansion opportunities.
* To lead meetings with high variety of senior\-level stakeholders.
* To leverage customer, industry, product and service knowledge to develop long\-term growth strategies.
* Culture of proactive business development, collaboration, accountability and follow\-through with strong negotiation and deal closing skills.
* Experience leading account teams on local and global scales.
* New Technology and AI : demonstrated curiosity and confidence in adopting emerging tools and technologies—especially AI—to enhance sales performance, customer engagement, and productivity. The ability to quickly learn, adapt, and apply digital solutions in daily workflows, and to use AI insights to drive smarter decisions and more personalized customer interactions.

**Compensation and benefits**

The on\-target earnings (OTE) range for this role is € 44\.650,00 to € 65\.300,00 annually, with a 60/40 (salary/incentive) mix. Pay varies by job\-related skills, effort, responsibility, working conditions, experience and work location.


Additionally, HP offers a comprehensive benefits package for this position, including:


* Supplemental insurance policies
* Employee Stock Purchase Plan
* Business Travel Accident Insurance
* Employee Assistance Program
* Restaurant Tickets

The compensation and benefits information is accurate as of the date of this posting. The Company reserves the right to modify this information at any time, with or without notice, subject to applicable law.  



**About HP**

HP creates new possibilities for technology to have a meaningful impact on people, businesses, governments and society. The world’s largest technology company and ranked 10 on the Fortune 500 list for 2012, HP brings together a portfolio that spans printing, personal computing, software, services and IT infrastructure to serve more than 1 billion customers in over 170 countries on six continents. HP invents, engineers, and delivers technology solutions that drive business value, create social value, and improve the lives of our clients.


Thanks for taking the time to review our job , if you think it is a match to your experience and interests please apply today— we are eager to learn more about you! If you know a friend who may be a fit for the job please refer them.


Please note the above statements describe the general nature and lev el of work only. They are not a complete list of all required responsibilities, duties and skills. Other duties may be added, or this description amended at any time.


**Job \-**

Sales
**Schedule \-**

Full time
**Shift \-**

No shift premium (Italy)
**Travel \-**

**Relocation \-**

**Equal Opportunity Employer (EEO)** **\-**

HP, Inc. provides equal employment opportunity to all employees and prospective employees, without regard to race, color, religion, sex, national origin, ancestry, citizenship, sexual orientation, age, disability, or status as a protected veteran, marital status, familial status, physical or mental disability, medical condition, pregnancy, genetic predisposition or carrier status, uniformed service status, political affiliation or any other characteristic protected by applicable national, federal, state, and local law(s).


Please be assured that you will not be subject to any adverse treatment if you choose to disclose the information requested. This information is provided voluntarily. The information obtained will be kept in strict confidence.


For more information, review HP’s EEO Policy or read about your rights as an applicant under the law here: “ Know Your Rights: Workplace Discrimination is Illegal ""","","https://it.indeed.com/cmp/HP","https://d2q79iu7y748jz.cloudfront.net/s/_squarelogo/256x256/d05d837238f0d8da119e3de1f2239855","https://jobs.hp.com","Palo Alto, CA","10,000+","Decline to state","At HP, you can reinvent what matters most—in your career, across the company, and for people everywhere.","","","","","","","medical information"
"in-c8fa35acee9bd03c","indeed","https://it.indeed.com/viewjob?jk=c8fa35acee9bd03c","https://jobs.smartrecruiters.com/EVERSANA1/744000146970868-health-innovation-strategist-senior-strategist","Health Innovation Strategist / Senior Strategist","EVERSANA","Milano, LOM, IT","2026-09-02","fulltime","","","","","",True,"","","","","**Company Description**  

EVERSANA INTOUCH® is a global, full\-service marketing agency network serving the life sciences industry, and is the first – and only – agency network to be part of a fully integrated commercialization platform through EVERSANA®. We provide next\-generation creative and media services, enterprise solutions and data analytics services for clients.

  

We get fired up when people talk about getting—and staying—healthy. That’s where we find our inspiration: in the very human experiences of patients, doctors, and even each other. Then, we collaborate on ways to make caring for one’s health more achievable, connecting patients and physicians with the information and tools they need.

  

We embrace diversity in backgrounds and experiences. Improving patient lives around the world is a priority, and we need people from all backgrounds and swaths of life to help build the future of the healthcare and the life sciences industry. We believe our people make all the difference in cultivating an inclusive culture that embraces our cultural beliefs.

 **Job Description** **THE POSITION:**  



As a Strategist/ Senior Strategist within the EVERSANA INTOUCH Health Innovation team, you will play a pivotal role in developing and executing **global digital health go\-to\-market (GTM) and commercialization strategies** for our life sciences clients and ecosystem partners. You will collaborate with multidisciplinary teams and report directly to the Senior Vice President of Health Innovation, **working at the intersection of strategy, innovation, and real\-world execution.**


In this client\-facing role, you will **help shape the future of digitally enhanced healthcare**, supporting the design, positioning, and scaling of innovations including digital therapeutics, digital companions, connected care and telemedicine solutions, AI\-driven tools, XR applications, and combination products that integrate with pharmaceutical or medical device treatments.


You will be responsible for leading or supporting strategic projects across the full innovation lifecycle—from **early\-stage ideation** and **value proposition design** to **launch strategy**, market **access**, and **global deployment**. The role requires a solid understanding of how digital health innovations are evaluated, launched, and adopted within **pharma** and **medtech** environments in Europe, and the ability to translate this into **actionable**, **business\-oriented strategies**.

 **ESSENTIAL DUTIES AND RESPONSIBILITIES:**  

Our employees are tasked with delivering excellent business results through the efforts of their teams.

  

These results are achieved by:

 **STRATEGIC LEADERSHIP \& INNOVATION**

* Define and implement global go\-to\-market (GTM) and business model strategies for digital health assets—including, but not limited to, digital companions, digital medical devices, DTx, data platforms, and AI\-driven tools.
* Operate at the intersection of pharmaceutical commercialization and digital innovation, guiding clients and internal teams to unlock scalable value.
* Lead or support projects across the full lifecycle of innovation: from ideation and opportunity scoping to GTM planning, regulatory approval, market access, and launch execution.
* Grow and develop clients.

**DIGITAL HEALTH GTM \& COMMERCIALIZATION**

* Develop tailored commercialization and market launch strategies for digital health solutions globally and, especially in Europe, ensuring alignment with client brand, access, patient advocacy, medical, and portfolio priorities.
* Translate regulatory requirements, user needs, and clinical evidence and market requirements into actionable roadmaps for commercialization.
* Support Regulatory and Health Technology Assessment (HTA) submissions, reimbursement dossiers, and digital health procurement applications in collaboration with clients.
* Bridge digital strategy with agency of record (AOR) operations, ensuring integration into broader brand planning, omnichannel campaigns, and field enablement efforts.

**MARKET \& LANDSCAPE INSIGHTS**

* Conduct robust market analysis, competitive landscaping, care pathway assessments, and technology scouting to identify strategic opportunities.
* Leverage both qualitative and quantitative data to generate business insights and innovation strategies.
* Stay informed on evolving regulatory and market trends to ensure compliant, forward\-looking strategy development.

**CLIENT LEADERSHIP \& ENGAGEMENT**

* Act as a strategic partner to global and regional pharma and medtech clients, with a strong understanding of the pharmaceutical launch process and stakeholder dynamics.
* Lead or co\-lead client engagements, including strategic workshops, advisory boards, and innovation co\-design sessions.
* Build trusted relationships with internal and external stakeholders and partners.

**PROJECT \& TEAM LEADERSHIP**

* Lead or support cross\-functional delivery teams from planning to implementation, collaborating with and where appropriate coordinating internal resources across agency, data, technology, and regulatory functions.
* Provide mentorship to junior strategists and contribute to building internal capabilities and delivery excellence. Collaborate effectively with senior leadership and support strategic initiatives.
* Contribute to business development activities, including proposals, pitches, client support and thought leadership.

**COMMUNICATION \& DELIVERABLES**

* Develop high\-quality strategy presentations, business plans, and narrative deliverables in English (and optionally in Italian).
* Communicate complex concepts with clarity and impact to diverse audiences including clients, KOLs, and internal stakeholders.
* Support development of articles, policy summaries, or dissemination plans where needed.

**CROSS\-FUNCTIONAL COLLABORATION**

* Operate effectively within EVERSANA’s matrix structure, aligning strategy execution across teams and service lines.
* Connect the Health Innovation team with EVERSANA’s broader capabilities—spanning commercial, medical, data, regulatory, and agency services—to drive integration and value.

**INCLUSION, INTEGRITY, AND GROWTH**

* Demonstrate a commitment to diversity, equity, and inclusion through inclusive leadership, collaboration, and continuous personal development.
* Act with accountability and integrity, embracing our cultural values in all engagements.

 **EXPECTATIONS OF THE JOB:**

* **Travel** (**not frequent:** domestic and international)
* **Hours** (minimum 40 hours per week)

*The above list reflects the general details necessary to describe the expectations of the position and shall not be construed as the only expectations that may be assigned for the position.*

 *An individual in this position must be able to successfully perform the expectations listed above.*

  



  

  

**Qualifications** **MINIMUM KNOWLEDGE, SKILLS AND ABILITIES:**


The requirements listed below are representative of the experience, education, knowledge, skill and/or abilities required.

  

* Demonstrated experience defining and implementing go\-to\-market (GTM) and commercialization strategies for digital health assets (e.g., digital therapeutics, digital companions, AI\-driven platforms, hybrid drug\-device combinations).
* Proven ability to act as a strategic partner to pharmaceutical and health innovation clients, aligning digital initiatives with brand, medical, access, and portfolio objectives.
* Strong understanding of pharmaceutical commercialization models, product lifecycle management, and launch planning across global and local contexts.
* Experience leading client\-facing strategy engagements and managing cross\-functional delivery teams from planning through execution.
* Ability to translate clinical evidence, regulatory and policy requirements, and user needs into actionable strategic roadmaps.
* Ability to draft business and launch plans, implement commercialization roadmaps, review supporting evidence, and contribute to regulatory submissions, Health Technology Assessment (HTA) dossiers, reimbursement applications, and digital health procurement processes in collaboration with clients.
* Fluency in English (spoken and written), and preferably also in Italy, with excellent communication and presentation skills for diverse audiences.
* Ability to effectively engage and collaborate with healthcare stakeholders, including KOLs, clinicians, patient associations, and internal subject matter experts.
* Skilled in preparing strategic narratives, business plans, and high\-quality presentations in PowerPoint and narrative formats.
* Strong problem\-solving skills, analytical thinking, and creativity—able to work independently and drive outcomes in complex, dynamic environments.
* Ability to operate effectively in a corporate, matrixed environment, managing multiple priorities with accountability and integrity.

 **PREFERRED QUALIFICATIONS:**

  

* Advanced degree in a relevant field, such as:
	+ Advanced degree in Medicine, Public Health, Health Economics, Healthcare Management or related fields (e.g., MD, MPH, or MSc)
* \+5/7 years of experience in pharmaceutical, medtech, or digital health sectors—preferably in strategy, commercial operations, innovation, or launch excellence roles.
* Proven experience working with or within life sciences companies on GTM strategies for digital innovations, medical devices, or connected care platforms.
* Strong grasp of European healthcare systems, market access pathways, and digital health policy trends.
* Familiarity with value demonstration, health economics, or evidence generation strategies is a plus.
* Experience collaborating with agency, data, technology, and AI teams to develop and implement integrated solutions.
* Hands\-on approach, with the ability to operate across both strategic design and implementation.
* Experience authoring publications, white papers, or policy briefs is valued.

  

**Additional Information** **OUR CULTURAL BELIEFS:**

**Patient Minded** I act with the patient’s best interest in mind.

**Client Delight** I own every client experience and its impact on results.

**Take Action** I am empowered and empower others to act now.

**Grow Talent** I own my development and invest in the development of others.

**Win Together** I passionately connect with anyone, anywhere, anytime to achieve results.

**Communication Matters** I speak up to create transparent, thoughtful and timely dialogue.

**Embrace Diversity** I create an environment of awareness and respect.

**Always Innovate** I am bold and creative in everything I do.


EVERSANA is committed to providing competitive salaries and benefits for all employees. The anticipated base salary range for this position is $120,000 to $135,000 and is not applicable to locations outside of the U.S. The base salary range represents the low and high end of the salary range for this position. Compensation will be determined based on relevant experience, other job\-related qualifications/skills, and geographic location (to account for comparative cost of living). EVERSANA reserves the right to modify this base salary range at any time.

  

Our team is aware of recent fraudulent job offers in the market, misrepresenting EVERSANA. Recruitment fraud is a sophisticated scam commonly perpetrated through online services using fake websites, unsolicited e\-mails, or even text messages claiming to be a legitimate company. Some of these scams request personal information and even payment for training or job application fees. Please know EVERSANA would never require personal information nor payment of any kind during the employment process. We respect the personal rights of all candidates looking to explore careers at EVERSANA.


From EVERSANA’s inception, Diversity, Equity \& Inclusion have always been key to our success. We are an Equal Opportunity Employer, and our employees are people with different strengths, experiences, and backgrounds who share a passion for improving the lives of patients and leading innovation within the healthcare industry. Diversity not only includes race and gender identity, but also age, disability status, veteran status, sexual orientation, religion, and many other parts of one’s identity. All of our employees’ points of view are key to our success, and inclusion is everyone's responsibility.


Follow us on LinkedIn \| Twitter","","https://it.indeed.com/cmp/Eversana","https://d2q79iu7y748jz.cloudfront.net/s/_squarelogo/256x256/a21e33e55cf5ee2498d7a6ae97b90372","https://www.eversana.com","Chicago, IL","5,001 to 10,000","Decline to state","Together with more than 5,000 team members worldwide, we’ve built an integrated commercial services platform to deliver on our mission to create a healthier world. Join us at eversana.com/careers.","","","","","","","medical information"
"in-318c82ee612db4cd","indeed","https://it.indeed.com/viewjob?jk=318c82ee612db4cd","https://jsv3.recruitics.com/redirect?rx_cid=3436&rx_jobId=R-01359544_1007_rxr-1&rx_url=https%3A%2F%2Fjobs.thermofisher.com%2Fglobal%2Fen%2Fjob%2FR-01359544%2FSenior-Medical-Writer-Client-Aligned-FSP%3Frx_a%3D0%26rx_c%3D%26rx_ch%3Djobp4p%26rx_group%3D123525%26rx_id%3Ddfe1a897-a409-11f1-a14d-4bfe2a8d6808%26rx_job%3DR-01359544_1007_rxr-1%26rx_medium%3Dcpc%26rx_r%3Dnone%26rx_source%3Dindeed%26rx_ts%3D20260904T100405Z%26rx_vp%3Dcpc%26utm_medium%3Dppc%26utm_source%3Drecruitics_indeedorganic","Senior Medical Writer – Client Aligned (FSP)","Thermo Fisher Scientific","Milano, LOM, IT","2026-08-29","fulltime","","","","","",False,"","","","","**Work Schedule**


Standard (Mon\-Fri)**Environmental Conditions**


Office**Job Description**


At Thermo Fisher Scientific, you will discover meaningful work that makes a positive impact on a global scale. Join our colleagues in bringing our Mission to life \- enabling our customers to make the world healthier, cleaner, and safer. We provide our teams with the resources needed to achieve individual career goals while taking science a step beyond through research, development, and delivery of life\-changing therapies. With clinical trials conducted in 100\+ countries and ongoing development of novel frameworks for clinical research through our PPD clinical research portfolio, our work spans laboratory, digital and decentralized clinical trial services. Your determination to deliver quality and accuracy will improve health outcomes that people and communities depend on – now and in the future.


**Summarized Purpose:**


We are excited to be expanding our Medical Writing FSP Team in Europe. We are looking for a SMW to be dedicated to a client in the FSP space; experience in Structured Content Authoring systems and automation to support delivery would be preferred. We are seeking a talented and experienced Senior Medical Writer to join our team. The Senior Medical Writer will be responsible for developing high\-quality clinical and regulatory documents, ensuring they meet all regulatory requirements and company standards.

**Key Responsibilities:**

* Write and edit clinical and regulatory documents, including clinical study reports, protocols, investigator brochures, and regulatory submissions.
* Collaborate with cross\-functional teams to gather necessary information and ensure the accuracy and completeness of documents.
* Ensure documents align with regulatory guidelines, company standards, and industry best practices.
* Provide input on document content, structure, and presentation.
* Review and provide feedback on documents prepared by other team members.
* Manage timelines and deliverables for assigned projects.
* Mentor and provide oversight to junior medical writers and ensure high\-quality deliverables
* Stay current with industry trends, guidelines, and regulatory requirements.

**Education and Experience:**

* Bachelor's degree in a scientific discipline or equivalent and relevant formal academic / vocational qualification required; Advanced degree preferred.
* Regulatory writing experience that provides the knowledge, skills, and abilities to perform the role (comparable to 5\+ years).
* Experience working in the pharmaceutical/CRO industry required.
* Experience in managing and directing complex medical writing projects required.
* EU CTR experience preferred.

**Knowledge, Skills, and Abilities:**

* Excellent organizational and program management skills.
* Proven leadership skills to manage and mentor a team of medical writers.
* Extensive knowledge of regulatory guidelines and drug development processes.
* Strong interpersonal and communication skills to build and maintain effective working relationships with colleagues and stakeholders.
* Understanding of quality control processes to ensure compliance with regulatory requirements and internal standards.
* Self\-motivated and adaptable.
* Excellent judgment; high degree of independence in decision making and problem solving.

  

Why Join Us?  

  

When you join Thermo Fisher Scientific, you become part of a global team that values passion, innovation, and a commitment to scientific excellence. You’ll work in an environment where collaboration and development are part of the everyday experience—and where your contributions truly make a difference.  

  

Apply today to help us deliver tomorrow’s breakthroughs.","Industrial Manufacturing","https://it.indeed.com/cmp/Thermo-Fisher-Scientific","https://d2q79iu7y748jz.cloudfront.net/s/_squarelogo/256x256/65bd2e4bebb79b1432ac3277ffd57ae7","https://www.thermofisher.com/","168 Third Avenue, Waltham, MA USA 02451","10,000+","more than $10B (USD)","At Thermo Fisher Scientific, our professionals develop critical solutions—and build rewarding careers.","","","","","","","medical information"
"in-7e06bbb2508264e1","indeed","https://it.indeed.com/viewjob?jk=7e06bbb2508264e1","https://jsv3.recruitics.com/redirect?rx_cid=3436&rx_jobId=R-01366514_1003&rx_url=https%3A%2F%2Fjobs.thermofisher.com%2Fglobal%2Fen%2Fjob%2FR-01366514%2FQualified-Person-PV-EU%3Frx_a%3D0%26rx_c%3D%26rx_ch%3Djobp4p%26rx_group%3D123525%26rx_id%3D31a14d2c-a31f-11f1-967c-a335f66de6e7%26rx_job%3DR-01366514_1003%26rx_medium%3Dcpc%26rx_r%3Dnone%26rx_source%3Dindeed%26rx_ts%3D20260904T100405Z%26rx_vp%3Dcpc%26utm_medium%3Dppc%26utm_source%3Drecruitics_indeedorganic","Qualified Person - PV, EU","Thermo Fisher Scientific","Milano, LOM, IT","2026-08-28","fulltime","","","","","",False,"","","","","**Work Schedule**


Standard (Mon\-Fri)**Environmental Conditions**


Office**Job Description**


At Thermo Fisher Scientific, you’ll discover meaningful work that makes a positive impact on a global scale. Join our colleagues in bringing our Mission to life \- enabling our customers to make the world healthier, cleaner and safer. We provide our teams with the resources needed to achieve individual career goals while taking science a step beyond through research, development and delivery of life\-changing therapies. With clinical trials conducted in 100\+ countries and ongoing development of novel frameworks for clinical research through our PPD clinical research portfolio, our work spans laboratory, digital and decentralized clinical trial services. Your determination to deliver quality and accuracy will improve health outcomes that people and communities depend on – now and in the future.


We hire the best, develop ourselves and each other, and recognize the power of being one team. We offer continued career advancement opportunities, award\-winning training and benefits focused on the health and wellbeing of our employees.


A Day in the Life:


Fulfills the role of European Union (EU) and/or UK Qualified Person for Pharmacovigilance, or Deputy EU/UK QPPV, for selected clients. Works with management to promote services to potential clients and develops service offerings for both developmental and market authorized compounds.


Essential Functions:

* Fulfills EU QPPV/Deputy EU QPPV role for selected clients in accordance with EU Directive 2001/83/EC, associated EU regulatory guidance and applicable CRG procedures.
* Contributes to scientific safety services, such as safety writing, signal detection and/or literature surveillance.
* Oversees and supports the activities of contact persons at a national level, when applicable.
* Promotes good practices within the department, including through engagement in process improvement activities and delivery of training.
* Provides input into development of client proposals, and presents at business development meetings to promote QPPV services to potential clients.
* Manages scope of work, budget oversight and resourcing for both new and existing QPPV services clients
* Works on complex issues where analysis of situations or data requires an in\-depth evaluation of variable factors.
* Determines methods and procedures on new assignments and may coordinate activities of other personnel (i.e., Team Lead). Exercises judgment in selecting methods, techniques and evaluation criteria for obtaining results.


Keys to Success:


Education and Experience:


Master’s degree in Pharmacy, Medicine or equivalent


Previous experience as EU/UK QPPV


Extensive experience in pharmacovigilance (inclusive of at least 5 years of EU\-specific PV experience)


PV Regulatory Inspection experience


Knowledge, Skills and Abilities:

* Proven ability to establish processes and build expertise in drug safety
* Ability to manage internal and external stakeholders and to exercise creativity and judgement
* Excellent oral and written communication
* Excellent interpersonal skills
* Ability to work independently, analyze and work with attention to detail, process and prioritize complex information, and problem solve
* Expert knowledge of the regulations governing pharmacovigilance
* Working knowledge of pharmacovigilance databases
* Good overall knowledge of the drug development process
* Understanding of medical/coding dictionaries and ontologies and data interoperability
* Expertise in budgeting, forecasting and fiscal management
* Ability to present safety services to potential clients


Our Mission is to enable our customers to make the world healthier, cleaner and safer. Watch as our colleagues explain 5 reasons to work with us. As one team of 100,000\+ colleagues, we share a common set of values \- Integrity, Intensity, Innovation and Involvement \- working together to accelerate research, solve complex scientific challenges, drive technological innovation and support patients in need. \#StartYourStory with PPD, part of Thermo Fisher Scientific, where diverse experiences, backgrounds and perspectives are valued.


Apply today! http://jobs.thermofisher.com


Thermo Fisher Scientific is an EEO/Affirmative Action Employer and does not discriminate on the basis of race, color, religion, sex, sexual orientation, gender identity, national origin, protected veteran status, disability or any other legally protected status.","Industrial Manufacturing","https://it.indeed.com/cmp/Thermo-Fisher-Scientific","https://d2q79iu7y748jz.cloudfront.net/s/_squarelogo/256x256/65bd2e4bebb79b1432ac3277ffd57ae7","https://www.thermofisher.com/","168 Third Avenue, Waltham, MA USA 02451","10,000+","more than $10B (USD)","At Thermo Fisher Scientific, our professionals develop critical solutions—and build rewarding careers.","","","","","","","medical information"
"in-1c837c369a5e662f","indeed","https://it.indeed.com/viewjob?jk=1c837c369a5e662f","https://tnl2.jometer.com/v2/job?jx=5v7ymd35c4cf547ad12829dc8d8e88026c415AIAJUBIAAABQ&jz=561wk2d6e924a83ce9cdb989089e9927b882cAEAMABTEAAAQAAAAABSA&source=APPLICANT_SOURCE-3-2017","Payroll Specialist","IQVIA","Milano, LOM, IT","2026-08-28","fulltime","","","","","",True,"","","","","Milan, Italy \| Full time \| Hybrid \| R1558418  
IQVIA is a leading global provider of advanced analytics, technology solutions, and clinical research services to the life sciences industry. IQVIA creates intelligent connections across all aspects of healthcare through its analytics, transformative technology, big data resources and extensive domain expertise.  


We are currently looking for a Payroll Specialist to join our Payroll Team, based in Milan.  


In this role, you will be responsible for ensuring the accurate and timely management of payroll processes of one of the Group’s entities operating as a staffing agency (società di somministrazione), in collaboration with our external payroll provider, while also acting as a key point of contact for employees and internal stakeholders.  


Key Responsibilities  


Ensure the timely and accurate collection and input of all payroll and benefits data to be shared with the external payroll provider.  


Manage monthly payroll variables (e.g., absences, overtime, bonuses, benefits) and guarantee data completeness and accuracy.  


Review and validate payroll outputs (payslips) prepared by the provider, ensuring compliance with deadlines and company standards.  


Stay up to date on payroll\-related regulations, including legislative updates and applicable National Collective Labor Agreements (CCNL).  


Act as a point of contact for employees and external partners, addressing queries related to payroll, compensation, and benefits.  


Identify opportunities to streamline and improve payroll processes, enhancing efficiency and accuracy.  


Provide cross\-functional support to the team on transversal activities such as insurance programs and management of protected categories (L.68/99\).  


Support implementation of changes to policies and procedures on issues within own area.  


Requirements:  


Bsc or Master’s degree  


Solid communication and problem solving skills  


Proven teamwork experience  


2\-3 years of related professional experience  


Knowledge of Microsoft Office applications, with a deep understanding and use of Excel  


Knowledge of Zucchetti Payroll Software is considered a plus.  


Good analytical and numeracy skills.  


Ability to prioritize and coordinate multiple work requirements to meet deadlines.  


Flexibility and time management skills.  


Ability to establish and maintain effective working relationships with co\-workers, managers and clients.  


Proficiency both in Italian and English  


Knowledge of the temporary staffing (agency work) sector is considered a plus  


IQVIA is a leading global provider of clinical research services, commercial insights and healthcare intelligence to the life sciences and healthcare industries. We create intelligent connections to accelerate the development and commercialization of innovative medical treatments to help improve patient outcomes and population health worldwide. Learn more at https://jobs.iqvia.com  


IQVIA is committed to integrity in our hiring process and maintains a zero tolerance policy for candidate fraud. All information and credentials submitted in your application must be truthful and complete. Any false statements, misrepresentations, or material omissions during the recruitment process will result in immediate disqualification of your application, or termination of employment if discovered later, in accordance with applicable law. We appreciate your honesty and professionalism.  


The potential base pay range for this role, when annualized, is €32,400\.00 \- €48,600\.00\. The actual base pay offered may vary based on a number of factors including job\-related qualifications such as knowledge, skills, education, and experience; location; and/or schedule (full or part\-time). Dependent on the position offered, incentive plans, bonuses, and/or other forms of compensation may be offered, in addition to a range of health and welfare and/or other benefits.  
Where you'll work  
Hybrid  


You’ll split your time between home and the office, giving you the flexibility to focus where you work best while still building strong in\-person connections with your team. This model combines the autonomy of remote work with the collaboration, energy and resources of an office environment.  
Culture  


Culture at IQVIA is built on a shared belief: that when people are empowered with better data, smarter technology and deeper expertise, they can change what’s possible for patients. Across every team and every corner of the globe, you’ll find colleagues who genuinely care — about the mission and about each other. That’s what makes this a place where people tend to stay, grow and do the best work of their careers.","","https://it.indeed.com/cmp/Iqvia","https://d2q79iu7y748jz.cloudfront.net/s/_squarelogo/256x256/03e043400efdf1e7d2f66b4d0a67997e","http://jobs.iqvia.com","Durham, NC","10,000+","more than $10B (USD)","IQVIA (NYSE:IQV) is a leading global provider of advanced analytics, technology solutions and clinical research services to the life sciences industry dedicated to delivering actionable insights.","","","","","","","medical information"
"li-4458401555","linkedin","https://www.linkedin.com/jobs/view/4458401555","","EU Regulatory Affairs Intern","KIKO MILANO","Bergamo, Lombardy, Italy","2026-08-28","","","","","","",False,"","","","","","","https://it.linkedin.com/company/kiko-make-up-milano---percassi","","","","","","","","","","","","","medical information"
"in-b85f432064edd4c5","indeed","https://it.indeed.com/viewjob?jk=b85f432064edd4c5","https://jobs.sanofi.com/job/-/-/2649/43818690816","Quality Internship","Sanofi","Milano, LOM, IT","2026-08-31","internship","","","","","",False,"","","","","**Quality Intern**  

**Milan, Italy**

**About the job**


Looking to launch your career at the cutting edge of healthcare? Join Sanofi for a chance to develop with mentoring and guidance from inspirational leaders while helping to make an impact on the lives of countless people worldwide. As **Quality Intern,** you’ll get the chance to enter the world of **commercial quality**, which means a commercial reality including everything related to post\-production and market commercialization. You will also have the opportunity to observe and contribute to the quality system, adhering to the highest standards.


Working in the field of quality offers the unique opportunity to make a difference, **ensuring that products and services exceed customer expectations and meet the highest international standards**. It also means **collaborating with various departments**, from marketing to sales, regulatory affairs, and pharmacovigilance. So, you will have the opportunity to develop strong teamwork and leadership skills.


We are an innovative global healthcare company with one purpose: ***to chase the miracles of science to improve people’s lives***. We’re also a company where you can flourish and grow your career, with countless opportunities to explore, make connections with people, and stretch the limits of what you thought was possible. Ready to get started?

**You will be involved in the following activities**

* Support to the **Quality function**, including complaint handling, **Product Quality Review (**PQR) analysis, and tender request management.
* Assistance in **managing temperature excursions** of incoming products as well as products from the production site.
* Support in **handling product** and **service complaints**.
* Participation in **conference calls** and internal meetings.
* Preparation of **Excel reports, Excel files, and PowerPoint presentations.**

**About you**

* Master’s degree in **Scientific** field (**Pharmacy, Biology, Chemistry etc.**)
* Fluent **English** (level B2/C1 or higher)
* Good knowledge of **Excel** and **PowerPoint**
* **Accuracy**, **passion** for excellence and **organizational** skills
* **Good communication** and **teamwork**

**Why choose us?**

* Bring the **miracles of science** to life alongside a supportive, future\-focused team.
* Start your career with **inspiring mentors** who will help you take your first professional steps.
* You will have the possibility to carry out the internship in a **hybrid** mode.
* We offer an **internship lasting 6 months**. Competitive **monthly compensation** and **meal vouchers** will be provided.


\#LI\-Hybrid


\#EarlyTalent

**Pursue** ***Progress*****. Discover** ***Extraordinary*****.**


Progress doesn’t happen without people – people from different backgrounds, in different locations, doing different roles, all united by one thing: a desire to make miracles happen. You can be one of those people. Chasing change, embracing new ideas and exploring all the opportunities we have to offer. Let’s pursue Progress. And let’s discover Extraordinary together.


At Sanofi, we provide equal opportunities to all regardless of race, color, ancestry, religion, sex, national origin, sexual orientation, age, citizenship, marital status, disability, or gender identity.

  

Watch our ALL IN video and check out our Diversity Equity and Inclusion actions at sanofi.com!","","https://it.indeed.com/cmp/Sanofi","https://d2q79iu7y748jz.cloudfront.net/s/_squarelogo/256x256/ef60cd636bc2be61c6eccfef96801f9b","https://www.sanofi.com/fr","Paris","10,000+","more than $10B (USD)","We chase the miracles of science every single day, pursuing progress to make a real impact on millions of patients around the world. ","","","","","","","pharmacovigilance"
"in-bd52d56d5d2bc4c5","indeed","https://it.indeed.com/viewjob?jk=bd52d56d5d2bc4c5","https://jobs.sanofi.com/job/-/-/2649/43658349248","Pharmacovigilance support internship","Sanofi","Milano, LOM, IT","2026-08-28","internship","","","","","",False,"","","","","**Pharmacovigilance support Internship**  

**Milan, Italy**

**About the job**


Vuoi iniziare la tua carriera nel mondo HealthCare? Unisciti a **Sanofi** e avrai l’opportunità di crescere e sviluppare le tue competenze sotto il coordinamento di stimolanti colleghi, contribuendo a fare la differenza nella vita di migliaia di persone in tutto il mondo. Come tirocinante nel team di **Patient Safety \&** **Pharmacovigilance**, avrai l’opportunità di imparare come viene gestita la parte operativa della funzione farmacovigilanza, partecipando attivamente e contribuendo con le tue idee.


Siamo un'azienda della salute, innovativa e globale, e siamo guidati da uno scopo: **sfidare i confini della scienza per migliorare la vita delle persone.** Lavorare in Sanofi significa appassionarsi al proprio lavoro, crescere di giorno in giorno esplorando tra innumerevoli opportunità, costruire stimolanti relazioni e superare i limiti di ciò che pensavi fosse possibile. *Ready to get started?*

**Le attività che seguirai con il tuo team**

* Supporterai la continuità delle **attività quotidiane del dipartimento**, monitorando proattivamente scadenze regolatorie, amministrative e di progetto
* Supporterai i **Safety Officers** e le attività collegate al ruolo di Country Safety Head e di CSH back\-up e collaborerai a progetti ad hoc
* Parteciperai alle attività di **farmacovigilanza**, tra cui la **gestione della casella generica**, delle **chiamate** e della **PEC** per le **interazioni con AIFA** e le attività di riconciliazione dei casi di Farmacovigialanza
* Collaborerai nella **gestione del budget** e nelle **interazioni** con fornitori e partner esterni, inclusa la **gestione di ordini, contratti, fatture**
* Ti occuperai dell**’archiviazione elettronica e cartacea**, anche in coordinamento con provider esterni
* Collaborerai nella **pianificazione dei training** e nella **gestione dei certificati formativi i**nclusi providers esterni
* Contribuirai al **monitoraggio di KPI** di compliance, alla verifica delle attività svolte e al supporto documentale e logistico durante audit e ispezioni

**Chi cerchiamo**

* Laureando/a o laurea **triennale** in materie **umanistiche o economiche** (saranno prese in considerazione anche lauree triennali in materie **scientifiche**)
* Buona conoscenza del pacchetto **office**
* Buona conoscenza della lingua **inglese** (livello B2\)

**Perché Sanofi?**

* Dai vita ai **miracoli della scienza** entrando a far parte di un team coinvolgente e orientato al futuro
* Inizia il tuo percorso professionale sotto il coordinamento di un **tutor qualificato** che stimolerà la tua **crescita professionale** e ti aiuterà a muovere i tuoi primi passi nel mondo del lavoro
* Avrai l’opportunità di svolgere il tirocinio in **modalità ibrida**
* Ti offriamo un’opportunità di **tirocinio di 6 mesi**. È previsto un **rimborso spese** competitivo e **buoni pasto**.


\#LI\-Hybrid


\#EarlyTalent

**Pursue** ***Progress*****. Discover** ***Extraordinary*****.**


Il Progresso non avviene senza le persone – persone con background diversi, con origini diverse, con ruoli diversi, tutti uniti da un desiderio comune: far accadere i miracoli. Tu puoi essere una di queste persone. Segui con noi il cambiamento, abbraccia le nuove idee ed esplora tutte le opportunità che abbiamo da offrirti. Ricerchiamo il progresso e scopriamo insieme lo straordinario.  

In Sanofi, garantiamo pari opportunità a tutti indipendentemente da razza, colore, discendenza, religione, sesso, nazione d’origine, orientamento sessuale, età, cittadinanza, stato civile, disabilità o identità sessuale.


Guarda il nostro ALL IN video e scopri le azioni di Diversity Equity and Inclusion su sanofi.com!","","https://it.indeed.com/cmp/Sanofi","https://d2q79iu7y748jz.cloudfront.net/s/_squarelogo/256x256/ef60cd636bc2be61c6eccfef96801f9b","https://www.sanofi.com/fr","Paris","10,000+","more than $10B (USD)","We chase the miracles of science every single day, pursuing progress to make a real impact on millions of patients around the world. ","","","","","","","pharmacovigilance"
"li-4459534523","linkedin","https://www.linkedin.com/jobs/view/4459534523","","Regulatory Affairs Intern - Pharma","Adecco","Milan, Lombardy, Italy","2026-09-01","","","","","","",False,"","","","","","","https://ch.linkedin.com/company/adecco","","","","","","","","","","","","","farmacovigilanza"
"in-431c9ae396fac46f","indeed","https://it.indeed.com/viewjob?jk=431c9ae396fac46f","https://www.comeet.com/jobs/capslock/59.001/ai-video-editor--motion-designer/0D.862-BA.409?coref=1.11.p6F_7A18","AI Video Editor / Motion Designer","CapsLock","LOM, IT","2026-04-10","fulltime","","","","","",True,"","","","","**CapsLock** specializes in providing digital marketing services to businesses facing sales growth challenges. Our services include sales consulting, data analytics, and recruitment support, ensuring efficient and accelerated growth. Founded by industry professionals in IT, design, and data analytics, we address the market need for exclusive, scalable customer acquisition solutions.


At **CapsLock**, we value people, client orientation, quality, continuous improvement, integrity, and strong relationships. Our diverse, global team speaks over 10 languages whose ideas inspire the innovation that runs through everything we do, from unique technology to industry\-leading services and customer experiences.

 **﻿Role overview**


The AI Video Editor / Motion Designer at CapsLock focuses on creating and editing high\-quality AI\-driven video content with the primary goal of improving conversion rates. This role sits at the intersection of creative storytelling, motion design, and AI tooling \- producing advertising videos that convert cold traffic across Facebook, Instagram, TikTok, YouTube, and landing pages.


You will work closely with the Creative Director, marketers, and copywriters to develop, test, and iterate on video concepts, while leveraging cutting\-edge AI tools to accelerate production and push the quality bar \- especially around photorealistic human characters and lip\-sync accuracy.

 **Responsibilities**

**AI Video Creation \& Production**

* Create AI\-generated advertising videos for Facebook, Instagram, TikTok, YouTube, and landing pages \- converting cold traffic into warm leads
* Develop video ads from concept to final delivery, including funnel formats, YouTube, Facebook, and TikTok
* Produce and refine photorealistic human characters in video, ensuring maximum realism in motion, expression, and speech synchronization
* Enhance video quality through upscaling, smoothness improvements, and AI post\-processing
* Edit and enhance videos using dialogs, graphics, music, sound design, and visual effects — ensuring logical sequencing and strong storytelling
* Deliver polished final cuts optimized for advertising performance goals

 **Concept Development \& Pre\-Production**

* Craft clear storylines and narrative structures tailored to platform and audience
* Prepare shoot guides and gather reference materials when collaborating with videographers
* Research and propose multiple creative angles, selecting the best options based on data and research
* Implement new creative ideas and test different formats, calls\-to\-action, and visual approaches

 **AI Tools \& Optimization**

* Actively research, test, and integrate new AI tools into the production workflow to improve efficiency and output quality
* Experiment with AI\-powered editing techniques, including avatar generation, voice synthesis, and automated post\-production
* Use AI tools to streamline content creation and reduce production time without compromising quality

 **Analytics \& Performance**

* Analyze video performance metrics and use insights to continuously optimize creative content
* Run A/B tests on video formats, hooks, CTAs, and creative elements — monitor and document results promptly
* Gain deep product knowledge and apply it to data\-driven creative decisions

 **Collaboration \& Trend Integration**

* Work closely with Creative Director, copywriters, marketers, and designers to ensure creative alignment
* Track and apply the latest video trends, viral content formats, and platform\-specific features
* Document all tasks clearly in ClickUp per team standards
* Analyze market and audience data to inform creative decisions and identify areas for improvement

  

Requirements:  

  

**Must\-Have Skills**

* Experience creating AI\-generated video from scratch or based on references
* Ability to produce maximally realistic human characters / people in video (core project requirement)
* Strong skills in improving video quality: sharpness, smoothness, upscaling, and especially refining human realism in frame — including lip\-sync and speech\-to\-movement synchronization
* Perform full post\-production: cutting, titling, color correction, After Effects, sound mixing
* Collaborate with Creative Director on iterations and new creative concepts
* Deep enough understanding of video editing to speak the language and spot problems early
* Ability to work from a detailed brief and proactively propose creative solutions

**Technical Skills**

* 1\+ year of experience in video editing, post\-production, or motion design
* Advanced proficiency in Adobe Premiere Pro, After Effects, and other desktop\-based editing tools (mobile\-only editing not accepted)
* Hands\-on experience with AI video tools: Veo, Higgsfield, Runway, Kling, HeyGen, or similar
* Experience with AI image generation tools: Midjourney, Stable Diffusion, or similar
* Skilled in video rhythm, sound design, transitions, color correction, typography, and visual effects
* Solid understanding of video formats for YouTube, Instagram, TikTok, and Facebook
* Comfortable reviewing performance analytics and iterating based on data
* Upper\-intermediate English (B2\) or higher

**Soft Skills**

* Curious to explore new tools, formats, and creative approaches
* Adaptability to shifting priorities and fast\-paced team dynamics
* High execution speed without compromising quality
* Consistent on\-time delivery and strong attention to deadlines
* Strong attention to detail, especially when adhering to compliance and brand guidelines
* Critical thinking and a problem\-solving mindset
* Clear, professional communication and team collaboration skills
* Initiative to find solutions even when processes are undefined
* Strong work ethic, self\-motivation, and a drive to exceed expectations

 **Why do we deserve your attention?**


Not only do we offer fair and competitive pay, but we also provide perks and benefits that support your well\-being and growth. Here are some of them:

 **Remote Work**


We are a truly remote\-first company. You choose where you feel the most productive and comfortable to make an impact.

 **Paid Time Off**


Work\-life balance matters to us, and we support it with paid time off for rest, personal time, or simply doing what makes you happy.

 **Ongoing Learning**


We believe in curiosity and growth. That’s why we support continuous learning with workshops, online courses, conferences, and certifications.

 **Home Office**


We help you set up your perfect workspace by covering equipment and furniture expenses, so you can do your best work from home.

 **Physical Well\-Being**


From gym memberships and yoga classes to home workout equipment or even a bicycle, we give you the flexibility to stay active your way.

 **Unlimited Sick Days**


Your health matters. Take the time you need to rest and recover \- we’ll be here when you’re ready to return.

 **Medical Coverage**


We support you and your family with reimbursement for medical insurance and health\-related expenses, including dental care and psychological support.

 **Co\-Working Space**


If you sometimes crave a change of scenery or more social interaction, we’ll cover the full cost of a co\-working space.

 **Fun Stuff**


From gaming nights and fitness challenges to annual retreats at world\-class resorts, we make sure there’s never a shortage of fun and connection.","","https://it.indeed.com/cmp/Capslock","","","","","","","","","","","","","medical director"
"li-4426371944","linkedin","https://www.linkedin.com/jobs/view/4426371944","","Marketing Sr Director and Launch Lead - Metabolic and Dermato-Oncology Franchise","Recordati","Milan, Lombardy, Italy","","","","","","","",False,"","","","","","","https://it.linkedin.com/company/recordati","","","","","","","","","","","","","medical director"
"in-04418152f07c5e3b","indeed","https://it.indeed.com/viewjob?jk=04418152f07c5e3b","https://linical.teamtailor.com/jobs/8285415-clinical-research-associate-ii-italy","Clinical Research Associate II - Italy","Linical","Milano, LOM, IT","2026-08-28","","","","","","",True,"","","","","Are you an experienced Clinical Research Associate looking to join a dynamic and growing clinical research organisation?


We are seeking a CRA II to manage investigative sites across Italy, ensuring clinical trials are conducted in accordance with study protocols, ICH\-GCP, and applicable regulatory requirements.

**Key Responsibilities**

* Conduct site qualification, initiation, monitoring, and close\-out visits.
* Ensure patient safety, data integrity, and protocol compliance.
* Perform source data verification and review study documentation.
* Manage site relationships and provide ongoing support to investigators and study staff.
* Assist with ethics committee and regulatory submissions where required.
* Monitor investigational product accountability and site performance.
* Maintain Trial Master File (TMF) documentation and support query resolution.
* Collaborate with cross\-functional study teams to ensure successful trial delivery.

**About You**

* Life Sciences degree or equivalent experience, plus recognised CRA training.
* Minimum 4 years' clinical research experience.
* Minimum 2 years' monitoring experience as a CRA.
* Strong knowledge of ICH\-GCP, clinical trial regulations, and site management.
* Fluent in Italian with a good command of English.
* Excellent communication, organisation, and problem\-solving skills.
* Ability to work independently and manage multiple priorities.
* Valid driver's licence and willingness to travel up to 75%.

**What We Offer**

* Home\-based flexibility.
* Opportunity to work on international clinical trials.
* Collaborative and supportive team environment.
* Competitive salary and benefits package.","","https://it.indeed.com/cmp/Linical-3","https://d2q79iu7y748jz.cloudfront.net/s/_squarelogo/256x256/524b53f1847251865aa194c50293fc1e","","","","","","","","","","","","clinical research associate"
"li-4450296918","linkedin","https://www.linkedin.com/jobs/view/4450296918","","Sponsor Dedicated Sr CRA - Phase I Oncology - Home Based Rome Area","Syneos Health","Milan, Lombardy, Italy","2026-09-03","","","","","","",False,"","","","","","","https://www.linkedin.com/company/syneos-health","","","","","","","","","","","","","clinical research associate"
"li-4433377213","linkedin","https://www.linkedin.com/jobs/view/4433377213","","Regulatory AffaiRegulatory Affairs Associate - Fix-term contractrs Associate - Temporary","Recordati","Milan, Lombardy, Italy","2026-08-29","","","","","","",False,"","","","","","","https://it.linkedin.com/company/recordati","","","","","","","","","","","","","scientific affairs"
"in-d55bf9476f7453dd","indeed","https://it.indeed.com/viewjob?jk=d55bf9476f7453dd","https://jp.syneoshealth.com/careers/jobs/18203334-senior-site-contracts-specialist-ita-contract-negotiations-experience","Senior Site Contracts Specialist - ITA contract negotiations experience","サイネオス・ヘルス","LOM, IT","2026-09-03","","","","","","",True,"","","","","**Updated:** Yesterday  

**Location:** Remote, MI, Italy  

**Job ID:** 25111433\-OTHLOC\-3531\-2DR


Not ready to apply?  

Join our Talent Network
**Description**


Senior Site Contracts Specialist \- ITA contract negotiations experience
Syneos Health® is a leading fully\-integrated life sciences services organization built to accelerate customer success. We partner with innovators at every point across the drug development and commercialization continuum, helping them navigate complexity, anticipate change and accelerate progress.  

  

Our Clinical Solutions team members act with a drug development mindset, applying their years of experience and deep expertise to truly understand customer needs and represent those in the solutions we shape.
  

  

Whether you join us in a Functional Service Provider partnership or a Full\-Service environment, you’ll collaborate with passionate problem solvers, innovating as a team to help our customers achieve their goals. We are agile and driven to deliver – for one another, our customers, and, most importantly, for those in need.
  

  

Discover what your 25,000 future colleagues already know:
  

  

Why Syneos Health  

* We are passionate about developing our people, through career development and progression; supportive and engaged line management; technical and therapeutic area training; peer recognition and total rewards program.
* We are committed to building an inclusive culture – where you can authentically be yourself. Central to this is our purpose – Driven to Deliver – which captures the passion of our colleagues to show up each day and shape solutions that have the ability to dramatically impact someone’s life.
* We are continuously building the company we all want to work for and our customers want to work with. Why? Because we know that when we bring together smart colleagues from across the world, we can shape the future of healthcare, driving impact for customers and defining the pace of patient progress.
**Job Responsibilities**

* Manage and execute the site identification process in accordance with regulations, SOPs, and project requirements, ensuring timely and accurate completion of all tasks
* Complete and negotiate site confidentiality agreements (CDAs) and site information forms (SIFs) with sites, maintaining a high level of professionalism and attention to detail
* Maintain, review, and report on site performance metrics, identifying areas for improvement and implementing corrective actions as needed
* Serve as the primary point of contact for investigative sites, providing support and guidance throughout the site identification process
* Track the completion of site identification for sites, ensuring all necessary documentation is collected and filed appropriately
* Contribute to the design, implementation, or delivery of processes, programs, and policies, leveraging knowledge and skills typically acquired through advanced education
* May manage defined components of projects or processes within area of responsibility, ensuring alignment with overall project goals and objectives
* Direct the work of lower level professionals or manage processes and programs, providing mentorship and support to team members
* Collaborate with cross\-functional teams to ensure seamless execution of site identification activities
* Monitor and ensure compliance with all relevant regulations, SOPs, and project requirements, maintaining a high standard of quality and integrity

**Qualifications:**

* Bachelor's degree in a related field or equivalent experience
* Practical knowledge of a professional area, typically obtained through education combined with experience
* Strong understanding of regulations, SOPs, and project requirements related to site identification
* Excellent negotiation and communication skills
* Ability to manage and review site performance metrics
* Experience in managing site confidentiality agreements (CDAs) and site information forms (SIFs)

**Certifications:**

* Relevant certifications in clinical research or site management preferred

**Necessary Skills:**

* Strong organizational and time management skills
* Ability to work independently and as part of a team
* Proficiency in using relevant software and tools for site management
* Detail\-oriented with strong analytical skills
* Ability to handle multiple tasks and projects simultaneously

**Get to know Syneos Health**

  

Over the past 5 years, we have worked with 94% of all Novel FDA Approved Drugs, 95% of EMA Authorized Products and over 200 Studies across 73,000 Sites and 675,000\+ Trial patients.


No matter what your role is, you’ll take the initiative and challenge the status quo with us in a highly competitive and ever\-changing environment. Learn more about Syneos Health.


http://www.syneoshealth.com

**Additional Information**

  

Tasks, duties, and responsibilities as listed in this job description are not exhaustive. The Company, at its sole discretion and with no prior notice, may assign other tasks, duties, and job responsibilities. Equivalent experience, skills, and/or education will also be considered so qualifications of incumbents may differ from those listed in the Job Description. The Company, at its sole discretion, will determine what constitutes as equivalent to the qualifications described above. Further, nothing contained herein should be construed to create an employment contract. Occasionally, required skills/experiences for jobs are expressed in brief terms. Any language contained herein is intended to fully comply with all obligations imposed by the legislation of each country in which it operates, including the implementation of the EU Equality Directive, in relation to the recruitment and employment of its employees. The Company is committed to compliance with the Americans with Disabilities Act, including the provision of reasonable accommodations, when appropriate, to assist employees or applicants to perform the essential functions of the job.

**Summary**


Roles within the Site Start\-Up/Site ID job family at the P21 level are responsible for managing and executing the site identification process in accordance with regulations, SOPs, and project requirements. These roles involve completing and negotiating site confidentiality agreements (CDAs) and site information forms (SIFs) with sites, maintaining, reviewing, and reporting on site performance metrics, serving as the primary point of contact for investigative sites, and tracking the completion of site identification for sites. Impact and Contribution Individuals in these roles are established and productive contributors who may manage defined components of projects or processes within their area of responsibility. They utilize their practical knowledge of the professional area, typically obtained through education combined with experience, to contribute to the design, implementation, or delivery of processes, programs, and policies. Their work ensures that site identification processes are completed efficiently and effectively, supporting the overall success of clinical trials and research projects. Core Focus • Managing and executing the site identification process in accordance with regulations, SOPs, and project requirements • Completing and negotiating site confidentiality agreements (CDAs) and site information forms (SIFs) with sites • Maintaining, reviewing, and reporting on site performance metrics • Serving as the primary point of contact for investigative sites • Tracking the completion of site identification for sites","","https://it.indeed.com/cmp/%E3%82%B5%E3%82%A4%E3%83%8D%E3%82%AA%E3%82%B9-%E3%83%98%E3%83%AB%E3%82%B9","","","","","","","","","","","","","clinical development"
"in-c208d485eb4c13c0","indeed","https://it.indeed.com/viewjob?jk=c208d485eb4c13c0","https://jobs.humanitas.it/job/Pieve-Emanuele-Bioinformatic-Mila-20072/1370676957/","Bioinformatic","Humanitas ","Pieve Emanuele, LOM, IT","2026-08-28","","","","","","",False,"","","","","**Località:**  

Pieve Emanuele, Milano, IT, 20072
  
  

**\#job\-location.job\-location\-inline { display:** inline; }
  
  

Postdoctoral Researcher in Multimodal AI for Cancer Research
  
  

**Work location:** Via Rita Levi Montalcini 4, 20072 \| Pieve Emanuele (MI)
  
  

**Contract type:** Coordinated and Continuous Collaboration Agreement (Co.Co.Co.)
  
  

Why Humanitas
  
  

Choosing Humanitas means joining an environment where quality of care is built every day through clinical expertise, innovation and teamwork, where everyone contributes to the patient care journey.
  
  

Who we are
  
  

Humanitas University is an international institution dedicated to the Life Sciences, closely integrated with the IRCCS Humanitas Research Hospital and the Humanitas hospital network. The University combines education, research, and clinical practice within a highly international environment. Medicine and Surgery and MEDTEC School are taught entirely in English, and the University currently hosts more than 3,000 students, with international students accounting for 43% of the Medicine cohort. Teaching activities take place on a modern, sustainable 35,000 sqm Campus designed to foster interaction among students, researchers, and faculty, with facilities including the Anatomy Lab and the Simulation Center – the only center in Italy fully accredited by the European Society for Simulation in Medicine for excellence in healthcare simulation training.
  
  

The context
  
  

The Computational Biology Laboratory led by Prof. Charlotte Ng is seeking a highly motivated data scientist or AI researcher to develop computational methods for precision oncology. Our research combines clinical data with bulk, single\-cell and spatial omics, digital pathology and other biomedical data to study tumour heterogeneity and improve patient stratification and treatment response prediction.
  
  

The successful candidate will develop and evaluate machine learning approaches for modelling complex, heterogeneous and incompletely observed biomedical data. The work may encompass multimodal representation learning, deep generative modelling, transfer learning and robust predictive modelling. The candidate will work closely with computational biologists, AI researchers, experimental scientists and clinicians, while having scope to develop new methodological directions within the laboratory’s research programme.
  
  

Key tasks and responsibilities
  
  

Develop, optimize and rigorously evaluate machine learning models for high\-dimensional biomedical and multi\-omics data.
  
Investigate generative and representation learning approaches for multimodal data integration and modelling.
  
Design appropriate benchmarking and validation strategies, including assessment of model robustness, generalizability and biological relevance.
  
Apply the resulting methods to clinically relevant questions in cancer biology, biomarker discovery and treatment response prediction.
  
Collaborate with computational, experimental and clinical researchers and contribute to scientific publications and presentations.
  
  

**The person we are looking for:**  

Essential qualifications
  
  

PhD in computer science, machine learning, statistics, mathematics, computational biology or a related discipline.
  
Strong foundations in machine learning, statistical modelling or artificial intelligence.
  
Experience developing models using Python and a modern deep\-learning framework, preferably PyTorch.
  
Ability to design rigorous computational experiments and critically evaluate model performance.
  
Excellent communication, organizational and scientific writing skills in English.
  
Ability to work independently while collaborating effectively within a multidisciplinary team.
  
  

Desirable experience
  
  

Deep generative models, representation learning, transfer learning or multimodal learning.
  
Analysis of high\-dimensional, low\-sample size datasets.
  
Biomedical and omics data analysis.
  
Model interpretability, uncertainty estimation or learning with incomplete modalities.
  
Image\-based or other multimodal biomedical data.
  
  

What we offer
  
  

Working at Humanitas means contributing to a future where care, wellbeing and professional excellence grow together. For this reason, we offer:
  
  

a wellbeing programme;
  
practical work\-life balance measures
  
training and development opportunities to foster talent and enhance skills in a dynamic and innovative environment.
  
  

This offer is open to candidates in compliance with Legislative Decrees 198/2006, 215/2003 and 216/2003\.","Health Care","https://it.indeed.com/cmp/Humanitas-5","https://d2q79iu7y748jz.cloudfront.net/s/_squarelogo/256x256/e8583b53dd077ed9f34866c74ea88156","https://jobs.humanitas.it/","Via Manzoni, 56 - Rozzano (MI)","5,001 to 10,000","","Humanitas è un gruppo presente in Italia con 9 ospedali.","","","","","","","clinical development"
"li-4461214738","linkedin","https://www.linkedin.com/jobs/view/4461214738","","Sales Specialist Spine – Medical Devices","MediNext srl","Milan, Lombardy, Italy","2026-08-31","","","","","","",False,"","","","","","","https://it.linkedin.com/company/medinext-srl","","","","","","","","","","","","","medical device specialist"
"in-625dad4fc7099c03","indeed","https://it.indeed.com/viewjob?jk=625dad4fc7099c03","https://agcbio.wd5.myworkdayjobs.com/en-US/agcbio_careers/job/Bresso-Italy/Maintenance-Associate_JR103127","Maintenance Associate","AGC Biologics","Bresso, LOM, IT","2026-09-03","fulltime","","","","","",False,"","","","","**Attività principali:**

* Supportare la pianificazione e il coordinamento delle attività di manutenzione preventiva, correttiva e straordinaria.
* Gestire ordini di lavoro e piani manutentivi tramite software CMMS (Computerized Maintenance Management System).
* Monitorare lo stato di avanzamento degli interventi e aggiornare la relativa documentazione tecnica.
* Redigere, revisionare e aggiornare istruzioni di lavoro e documentazione di manutenzione.
* Gestire la pianificazione e il coordinamento delle attività di biodecontaminazione degli ambienti (camere sterili)
* Effettuare la riconciliazione delle attività di biodecontaminazione per camere sterili attraverso la raccolta, la verifica e la stesura dei report di intervento, assicurando la completezza e la tracciabilità della documentazione.
* Collaborare con i fornitori esterni e con i reparti Produzione, Ingegneria, Qualità ed HSE.

**Requisiti**

* Diploma tecnico o equivalente
* Esperienza di almeno 2 anni in manutenzione di impianti utilities o in contesti industriali, preferibilmente in ambienti regolamentati (farmaceutico, biotech, chimico o alimentare).
* Buona conoscenza del pacchetto Microsoft Office
* Precisione e attenzione ai dettagli.
* Esperienza nella biodecontaminazione costituisce titolo preferenziale.


Salary range 34\.000 / 38\.000 €


**Who We Are**  

*AGC Biologics is a global Contract Development and Manufacturing Organization with a strong presence in Italy. From our Milan site, we develop and manufacture life‑changing advanced biologics for some of the world’s most innovative pharmaceutical companies. Together with our team members across Europe, the U.S., and Japan, we deliver development and manufacturing of mammalian and microbial\-based therapeutic proteins, plasmid DNA (pDNA), messenger RNA (mRNA), viral vectors, and genetically engineered cells therapies. Across our global network, we are united by one mission: To work side by side with our customers in order to improve patients’ lives by bringing new biopharmaceuticals to market.*","","https://it.indeed.com/cmp/Agc-Biologics","https://d2q79iu7y748jz.cloudfront.net/s/_squarelogo/256x256/16e037ce8c15a2765a72b2d9e58bb238","http://www.agcbio.com","Bothell, WA","1,001 to 5,000","Decline to state","We work side by side with our customers to improve patients’ lives by bringing new biopharmaceutical products to market.","","","","","","","advanced therapies"
"in-fcc52cb6d573c56c","indeed","https://it.indeed.com/viewjob?jk=fcc52cb6d573c56c","https://agcbio.wd5.myworkdayjobs.com/en-US/agcbio_careers/job/Bresso-Italy/IT-Business-Analyst---SAP_JR103121","IT Business Analyst - SAP","AGC Biologics","Bresso, LOM, IT","2026-09-01","fulltime","","","","","",False,"","","","","**Attività Principali:**

* **Business Intelligence:**
	+ Progettare, sviluppare e manutenere dashboard, report utilizzando le principali piattaforme di BI (es. Power BI, SAC).
	+ Collaborare con le diverse funzioni aziendali per raccogliere i requisiti e tradurli in soluzioni di analisi efficaci.
	+ Supportare gli utenti finali nella fruizione degli strumenti di BI e promuovere una cultura data\-driven.
* **Master Data Management:**
	+ Configurare i tool al fine di gestire il ciclo di vita dei dati anagrafici critici (es. articoli, distinte base, clienti, fornitori) all'interno del sistema SAP e di altre piattaforme integrate.
	+ Definire e applicare le policy di data governance per assicurare la coerenza, l'accuratezza e la completezza dei dati..
* **Analisi dei Processi di Business:** Collaborare strettamente con gli stakeholder di business per analizzare e mappare i processi esistenti nelle aree Supply Chain, Finance e Produzione, identificando aree di miglioramento e opportunità di ottimizzazione attraverso soluzioni IT.
* **Raccolta e Gestione dei Requisiti:** Raccogliere, analizzare e documentare i requisiti di business, traducendoli in specifiche funzionali e tecniche chiare e complete per il team di sviluppo e per i fornitori.

**Requisiti:**

* Laurea in Ingegneria Gestionale/Economia/Statistica/Informatica o affini.
* 3\-5 anni di esperienza in un ruolo analogo, che combini attiva di analisi nel campo IT, Master Data e Business Intelligence.
* **Competenze Tecniche:**
	+ Ottima conoscenza di **SAP**, in particolare dei moduli legati ai dati anagrafici e analisi in un contesto produttivo (es. MM, CO).
	+ Comprovata esperienza con una o più piattaforme di BI leader di mercato (es. **Microsoft Power BI, SAC**).
	+ Buona conoscenza del linguaggio SQL per l'interrogazione di database. (CDS View)
* **Soft Skills:**
	+ Precisione, attenzione al dettaglio, proattività, doti relazionali e di mediazione.
	+ Ottima conoscenza della lingua inglese sia scritta che parlata.

* Salary Range: 40000 € \- 45000 €

**Who We Are**  

*AGC Biologics is a global Contract Development and Manufacturing Organization with a strong presence in Italy. From our Milan site, we develop and manufacture life‑changing advanced biologics for some of the world’s most innovative pharmaceutical companies. Together with our team members across Europe, the U.S., and Japan, we deliver development and manufacturing of mammalian and microbial\-based therapeutic proteins, plasmid DNA (pDNA), messenger RNA (mRNA), viral vectors, and genetically engineered cells therapies. Across our global network, we are united by one mission: To work side by side with our customers in order to improve patients’ lives by bringing new biopharmaceuticals to market.*","","https://it.indeed.com/cmp/Agc-Biologics","https://d2q79iu7y748jz.cloudfront.net/s/_squarelogo/256x256/16e037ce8c15a2765a72b2d9e58bb238","http://www.agcbio.com","Bothell, WA","1,001 to 5,000","Decline to state","We work side by side with our customers to improve patients’ lives by bringing new biopharmaceutical products to market.","","","","","","","advanced therapies"
"in-36467c99fc05abf5","indeed","https://it.indeed.com/viewjob?jk=36467c99fc05abf5","https://careers.richemont.com/en/jobs/jr132470/manufacturing-controller/","Manufacturing Controller","Buccellati","Valenza, PIE, IT","2026-09-01","fulltime","","","","","",False,"","","","","Buccellati is an Italian jewellery, high\-jewellery and silversmithing Maison founded in 1919, admired in the world for its craftmanship and the uniqueness of its creations. Today, the Buccellati jewels stand out for their design and for the techniques used to create them, such as the hand\-engraving technique, dating back to the goldsmithing traditions of the Italian “bottega” of the Renaissance times.


The Maison’s unrelenting desire to create objects of rare beauty has made Buccellati renowned in the world for a style that is distinct, inimitable and imbued with sophisticated Milanese heritage, at once glamourous and contemporary.


The Maison has been part of the global luxury group Richemont since September 2019 and the Buccellati family is still present in the Company to perpetuate its style and unparalleled craftsmanship tradition.


**Benvenuti in Buccellati**

Buccellati is an Italian jewelry, high\-jewelry and silversmithing Maison founded in 1919 and admired in the world for its craftmanship and the uniqueness of its creations.


Today, the Buccellati jewels stand out for their design and for the techniques used to create them, such as the hand\-engraving technique, dating back to the goldsmithing traditions of the Italian “bottega” of the Renaissance times.


The Maison’s unrelenting desire to create objects of rare beauty has made Buccellati renowned in the world for a style that is distinct, inimitable and imbued with sophisticated Milanese heritage, at once glamourous and contemporary.


The Maison has been part of the global luxury group Richemont since September 2019 and the Buccellati family is still present in the Company to perpetuate its style and unparalleled craftsmanship tradition.


For our Valenza manufacturing sites, we are looking for a brilliant and enthusiastic Manufacturing Controller has already developed a strong similar experience, ensuring production lines run smoothly and efficiently.


The resource will report both to the Senior Manufacturing Controller and Operation ManagerValenza HUB


**Do you match this profile?**

* Degree in scientific fields (Finance, management engineering or equivalent qualification)
* Experience in a similar role possibly in international manufacturing environment or big four companies. (3\-5 years)
* Strong knowledge in SAP S4/H specifically in the sub\-modules related to the Manufacturing Controlling (SAP module CO/FI/PP/MM)
* Microsoft Office Suite mandatory
* Fluent in Italian and English. French would be a plus
* Strong relational skills: looking for someone able to adjust the communication style according to the counterpart, a team player who can collaborate with cross\-functional \& multi\-cultural teams
* Ability to present and challenge business partners
* Previous experience in project management will be appreciated.
* Autonomous and able to prioritize
* Problem solving oriented and working by objective mindset.
* Integrity, positive and can\-do attitude
* Ability to work under pressure
* Flexible and adaptable to a high\-change environment

**Base Salary:** 45K \- 55K


If so, apply for this job!


**What do we expect from you?**

* Monitor and track the 2 site performances through the main manufacturing KPIs.
* Lead manufacturing controlling projects related to the Valenza production area (2 sites of production) and play an important role on digitalization process in industrial controlling
* Act as business partner: collaborate with cross\-functional teams to develop and maintain accurate and industrial budgets and forecasts.
* Develop budgets, estimate and rolling forecasts, in compliance with the financial frameworks, managing the reporting in Richemont consolidation system (Anaplan)
* Support the Senior Manuf controller on SAP product costing project providing detailed cost analysis on jewelry and silver production creating a common guideline.
* Follow production costs, margin analysis, products cost analysis, stock/inventory activities. Share and explain the monthly results to the manufacturing organization
* Develop a close and proactive collaboration with all the industrial departments
* Create and put in place the appropriate internal controls system to effectively support the activity

**The recruitment process:**

* Apply online.
* If your profile matches our search, you will be contacted by our HR team for a first exploratory interview . Otherwise, you will receive an e\-mail to inform you that we will not proceed with your application.
* If the first interview turns out to be successful, you’ll meet the HS\&E Manager Senior Manufacturing Controller and the Head of HR.
* Last step is expected with FP\&A Director and Operation ManagerValenza HUB.","","https://it.indeed.com/cmp/Buccellati","https://d2q79iu7y748jz.cloudfront.net/s/_squarelogo/256x256/89a86c26c13d780ea3a0c5d5287af2b4","http://www.buccellati.com","Milan","51 to 200","","Buccellati is one of the world's most renowned high jewelry houses, celebrated for its craftsmanship and one of a kind jewels and watches since 1919.","","","","","","","scientific director"
