"id","site","job_url","job_url_direct","title","company","location","date_posted","job_type","salary_source","interval","min_amount","max_amount","currency","is_remote","job_level","job_function","listing_type","emails","description","company_industry","company_url","company_logo","company_url_direct","company_addresses","company_num_employees","company_revenue","company_description","skills","experience_range","company_rating","company_reviews_count","vacancy_count","work_from_home_type","search_term"
"in-c90017c4e455ae0f","indeed","https://it.indeed.com/viewjob?jk=c90017c4e455ae0f","https://jobs.iqvia.com/en/jobs/R1557699-7","VP & Managing Director, Clinical Strategic Operations, Mid-Sized Pharma Partnerships","IQVIA","Milano, LOM, IT","2026-08-24","fulltime","","","","","",True,"","","","","Milan, Italy \| Full time \| Hybrid \| R1557699


  
**Join us on our exciting journey!**


IQVIA™ is The Human Data Science Company™, focused on using data and science to help healthcare clients find better solutions for their patients. Formed through the merger of IMS Health and Quintiles, IQVIA offers a broad range of solutions that harness advances in healthcare information, technology, analytics, and human ingenuity to drive healthcare forward.


**VP \& Managing Director, Clinical Strategic Operations, Mid\-sized Pharma Partnerships**

  

  

The Managing Director is a senior executive leader responsible for steering one of IQVIA’s most important partnerships.


As the owner of the Clinical relationship for the designated account, this role integrates clinical development expertise, strategic account leadership, and operational excellence to accelerate the customer’s development portfolio and strengthen long‑term partnership value.


The Managing Director mobilizes global IQVIA capabilities : Delivery operations, data and technology assets, governance structures, and strategic resourcing models, to ensure consistent, high‑quality execution and year‑on‑year growth. Acting as the senior operational bridge between IQVIA and the customer’s clinical organization, this leader anticipates evolving needs, mitigates risks, and drives alignment across complex matrix teams.

  

  

**Responsibilities**


**Strategic Partnership Leadership**


* Serve as the senior operational liaison between IQVIA and the customer’s clinical development organization.
* Lead the Preferred Provider Partnership, shaping strategic resourcing models and identifying opportunities to expand collaboration.
* Mobilize global IQVIA functions to anticipate and address evolving client needs.
* Drive year‑on‑year organic growth, customer market share expansion, and sustained client satisfaction.

**Operational Governance \& Delivery Excellence**


* Chair/co‑chair Operational Governance Committees and oversee all operational escalations.
* Ensure flawless delivery across Global Product Development, consolidating resources, sharing best practices, and strengthening customer loyalty.
* Lead program risk management across the customer’s development portfolio.
* Track and optimize RDS/RWLP delivery performance in partnership with GBU teams.

**Commercial \& Financial Leadership**


* Support Sales and GBO on financial tracking, LSFR, and partnership opportunities.
* Drive annual net revenues $100M at targeted profitability levels.
* Apply strong financial acumen to pricing, margins, and strategic investment decisions.

**People Leadership \& Cross‑Functional Influence**


* Lead and mentor global teams across Quality, Data Management, Lifecycle Safety, and other functions.
* Establish goals, delegate effectively, and elevate team capabilities.
* Foster collaborative relationships with senior stakeholders internally and externally.
* Orchestrate and steer internal teams to ensure alignment with customer strategy and IQVIA best practices.

**Requirements**


* Deep expertise in Clinical Development and Clinical Operations.
* Strong understanding of Pharma/Biotech business models and challenges.
* 15/20 years’ experience in pharma, biotech, CRO or related fields (clinical ops, commercial, BD, project management, data management, lab, pre‑clinical).
* Proven track record in senior client management, partnership development, and influencing C‑suite stakeholders.
* Exceptional communication, negotiation, and critical‑thinking skills.
* Strong matrix leadership and cultural agility across global teams.
* Demonstrated ability to deliver results aligned with customer and company expectations.
* Solid financial analysis capabilities and strategic decision‑making.
* Ability to design and execute strategic and tactical customer plans.

**Why Join?**


Those who join us become part of a recognized global leader still willing to challenge the status quo to improve patient care. You will have access to the most cutting\-edge technology, the largest data sets, the best analytics tools and, in our opinion, some of the finest minds in the Healthcare industry.


You can drive your career at IQVIA and choose the path that best defines your development and success. With exposure across diverse geographies, capabilities, and vast therapeutic and information and technology areas, you can seek opportunities to change and grow without boundaries.


We know that meaningful results require not only the right approach but also **the right people**. Regardless of your role, we invite you to reimagine healthcare with us. You will have the opportunity to play an important part in helping our clients drive healthcare forward and ultimately improve human health outcomes.


It's an exciting time to join and reimagine what's possible in healthcare.


**Moving healthcare forward. Together.**

*IQVIA is a strong advocate of diversity and inclusion in the workplace. We believe that a work environment that embraces diversity will give us a competitive advantage in the global marketplace and enhance our success. We believe that an inclusive and respectful workplace culture fosters a sense of belonging among our employees, builds a stronger team, and allows individual employees the opportunity to maximize their personal potential.*


IQVIA is a leading global provider of clinical research services, commercial insights and healthcare intelligence to the life sciences and healthcare industries. We create intelligent connections to accelerate the development and commercialization of innovative medical treatments to help improve patient outcomes and population health worldwide. Learn more at https://jobs.iqvia.com


IQVIA is committed to integrity in our hiring process and maintains a zero tolerance policy for candidate fraud. All information and credentials submitted in your application must be truthful and complete. Any false statements, misrepresentations, or material omissions during the recruitment process will result in immediate disqualification of your application, or termination of employment if discovered later, in accordance with applicable law. We appreciate your honesty and professionalism.



**Where you'll work**
---------------------


### **Hybrid**


You’ll split your time between home and the office, giving you the flexibility to focus where you work best while still building strong in\-person connections with your team. This model combines the autonomy of remote work with the collaboration, energy and resources of an office environment.


  
**Culture**
-----------


Culture at IQVIA is built on a shared belief: that when people are empowered with better data, smarter technology and deeper expertise, they can change what’s possible for patients. Across every team and every corner of the globe, you’ll find colleagues who genuinely care — about the mission and about each other. That’s what makes this a place where people tend to stay, grow and do the best work of their careers.","","https://it.indeed.com/cmp/Iqvia","https://d2q79iu7y748jz.cloudfront.net/s/_squarelogo/256x256/03e043400efdf1e7d2f66b4d0a67997e","http://jobs.iqvia.com","Durham, NC","10,000+","more than $10B (USD)","IQVIA (NYSE:IQV) is a leading global provider of advanced analytics, technology solutions and clinical research services to the life sciences industry dedicated to delivering actionable insights.","","","","","","","medical science liaison"
"in-1ae6972c0d9c991f","indeed","https://it.indeed.com/viewjob?jk=1ae6972c0d9c991f","https://jsv3.recruitics.com/redirect?rx_cid=3436&rx_jobId=R-01333094_1004_rxr-5&rx_url=https%3A%2F%2Fjobs.thermofisher.com%2Fglobal%2Fen%2Fjob%2FR-01333094%2FAssociate-Medical-Director-Rheumatology-EMEA%3Frx_a%3D0%26rx_c%3D%26rx_ch%3Djobp4p%26rx_group%3D123525%26rx_id%3D9dc5d249-9e89-11f1-99d4-f53442c03b3d%26rx_job%3DR-01333094_1004_rxr-5%26rx_medium%3Dcpc%26rx_r%3Dnone%26rx_source%3Dindeed%26rx_ts%3D20260825T060458Z%26rx_vp%3Dcpc%26utm_medium%3Dppc%26utm_source%3Drecruitics_indeedorganic","(Associate) Medical Director - Rheumatology, EMEA","Thermo Fisher Scientific","Milano, LOM, IT","2026-08-22","fulltime","","","","","",False,"","","","","**Work Schedule**


Standard (Mon\-Fri)**Environmental Conditions**


Office**Job Description**


At Thermo Fisher Scientific, you’ll discover meaningful work that makes a positive impact on a global scale. Join our colleagues in bringing our Mission to life \- enabling our customers to make the world healthier, cleaner and safer. We provide our teams with the resources needed to achieve individual career goals while taking science a step beyond through research, development and delivery of life\-changing therapies. With clinical trials conducted in 100\+ countries and ongoing development of novel frameworks for clinical research through our PPD clinical research portfolio, our work spans laboratory, digital and decentralized clinical trial services. Your determination to deliver quality and accuracy will improve health outcomes that people and communities depend on – now and in the future.

**Discover Impactful Work:**


The (Associate) Medical Director will provide medical support and medical advice for clinical trials and safety evaluation within the PPD Pharmacovigilance department.

**A day in the Life:**

* Provide medical leadership to the study teams, including creating clinical trial protocols while implementing the latest scientific information, contribute to site selection, involved in review and approval of study protocols and amendments, Clinical Study Reports (CSRs), Informed Consent Forms (ICFs), Case Report Forms (CRFs), protocol deviation decisions and other clinical documents as required for the conduct of clinical trials
* Real time Medical Monitoring of clinical studies: ensure medical validity of each individual primary endpoint as well study subject safety, while ensuring medical issues are identified early. Pro\-active customer concern and correction of issues in consultation with the Global Medical Indication Lead
* During initial review of protocol, consults with internal groups and support staff regarding procedural and budgetary items and the necessity for change due to any subsequent protocol amendments. Acquires other functions’ dedication to close gaps and address issues timely and effectively. Serves as chief liaison between sponsor and all PPD internal departments performing the required tasks during all study phases. Educates Investigator sites by delivering a protocol specific lab procedures presentation and demonstration during an investigator meeting. Controls, handles and follows day to day activities during the course of the clinical trial to resolve any issues and answer queries
* Medical point of contact for all internal and external stakeholders: Interact with the investigators as needed, answer questions of IRBs and Health Authorities, prepare and present material to the study executive and independent safety committee if applicable; medical training of site staff at Investigator meetings; CRA training in new indications
* Ensure study compliance for all medical aspects by understanding and applying all relevant SOPs and GCP
* Closely collaborate with the cross functional study team members in order for medical risks, issues, and results to be clear to all involved parties

**Education**

* Medical Doctor, with a specialty in Rheumatology, shown clinical experience treating patients in hospital.

**Knowledge, Skills, Abilities**

* Significant experience within pharmaceutical industry, clinical trials and pharmaceutical medicine is critically important
* Is fluent in spoken and written English
* Shown understanding and experience with NDA submission process.
* Shown understanding of regulatory guidelines for adverse event reporting
* Strong communication \& presentation skills and is a strong teammate


Our Mission is to enable our customers to make the world healthier, cleaner and safer. Watch as our colleagues explain 5 reasons to work with us. As one team of 100,000\+ colleagues, we share a common set of values \- Integrity, Intensity, Innovation and Involvement \- working together to accelerate research, solve complex scientific challenges, drive technological innovation and support patients in need. \#StartYourStory with PPD, part of Thermo Fisher Scientific, where diverse experiences, backgrounds and perspectives are valued.

**Apply today! http://jobs.thermofisher.com**


Thermo Fisher Scientific is an EEO/Affirmative Action Employer and does not discriminate on the basis of race, color, religion, sex, sexual orientation, gender identity, national origin, protected veteran status, disability or any other legally protected status.","Industrial Manufacturing","https://it.indeed.com/cmp/Thermo-Fisher-Scientific","https://d2q79iu7y748jz.cloudfront.net/s/_squarelogo/256x256/65bd2e4bebb79b1432ac3277ffd57ae7","https://www.thermofisher.com/","168 Third Avenue, Waltham, MA USA 02451","10,000+","more than $10B (USD)","At Thermo Fisher Scientific, our professionals develop critical solutions—and build rewarding careers.","","","","","","","medical science liaison"
"in-e21d5cf4d3a2fb95","indeed","https://it.indeed.com/viewjob?jk=e21d5cf4d3a2fb95","https://tnl2.jometer.com/v2/job?jx=5v7ym7d840c7fc916541f186ec668f6c75f90AIAJUBIAAABQ&jz=561wk3a5ea8d0e08ec66f43029ed4c3cc4d95AEAMABTEAAAQAAAAABSA&source=APPLICANT_SOURCE-3-2017","Junior Medical Science Liaison, Italy","IQVIA","Milano, LOM, IT","2026-08-19","fulltime","","","","","",False,"","","","","Milan, Italy \| Full time \| Field\-based \| R1564251  
Junior Medical Science Liaison  


Location: Italy  
Employment Type: Future Opportunity (Talent Pipeline)  


About the Opportunity  
We are building a pipeline of talented professionals for anticipated Junior Medical Science Liaison (MSL) roles. While these positions are not currently open, we invite expressions of interest from individuals passionate about medical affairs and scientific engagement. Joining our pipeline means you’ll be among the first to hear about new opportunities as they arise.  


Key Responsibilities  


Serve as a scientific resource, supporting healthcare professionals and internal teams with evidence\-based information.  
Communicate clinical and scientific data in a clear, balanced, and non\-promotional manner.  
Support medical education and respond to medical inquiries in accordance with applicable laws and company policies.  
Collaborate with cross\-functional teams to ensure alignment on scientific communication and compliance with all regulatory requirements.  


Ideal Candidate Profile  


Advanced degree in life sciences (PharmD, PhD, MD, or equivalent).  
Full Driving License.  
Fluent skills in both local language and English  
Excellent communication and presentation skills.  
Interest in building professional relationships with healthcare professionals.  
Willingness to travel within the region  


Why Join Our Talent Pipeline?  


Be the first to know about upcoming opportunities.  
Gain insights into our company culture and medical affairs team.  
Stay connected for future career development.  


How to Apply  
If you are interested in joining our talent pipeline, please submit your CV. We will keep you informed about relevant opportunities as they become available.  


\#LI\-CES  


\#LI\-VK1  


IQVIA is a leading global provider of clinical research services, commercial insights and healthcare intelligence to the life sciences and healthcare industries. We create intelligent connections to accelerate the development and commercialization of innovative medical treatments to help improve patient outcomes and population health worldwide. Learn more at https://jobs.iqvia.com  


IQVIA is committed to integrity in our hiring process and maintains a zero tolerance policy for candidate fraud. All information and credentials submitted in your application must be truthful and complete. Any false statements, misrepresentations, or material omissions during the recruitment process will result in immediate disqualification of your application, or termination of employment if discovered later, in accordance with applicable law. We appreciate your honesty and professionalism.  


The potential base pay range for this role, when annualized, is €41,800\.00 \- €62,800\.00\. The actual base pay offered may vary based on a number of factors including job\-related qualifications such as knowledge, skills, education, and experience; location; and/or schedule (full or part\-time). Dependent on the position offered, incentive plans, bonuses, and/or other forms of compensation may be offered, in addition to a range of health and welfare and/or other benefits.  
Where you'll work  
Field\-based  


You’ll work where the action is — out in the field, directly engaging with our customers, sites or partners. Field\-based roles offer the opportunity to build relationships face\-to\-face, gain real\-world insights and make a tangible impact.  
Culture  


Culture at IQVIA is built on a shared belief: that when people are empowered with better data, smarter technology and deeper expertise, they can change what’s possible for patients. Across every team and every corner of the globe, you’ll find colleagues who genuinely care — about the mission and about each other. That’s what makes this a place where people tend to stay, grow and do the best work of their careers.","","https://it.indeed.com/cmp/Iqvia","https://d2q79iu7y748jz.cloudfront.net/s/_squarelogo/256x256/03e043400efdf1e7d2f66b4d0a67997e","http://jobs.iqvia.com","Durham, NC","10,000+","more than $10B (USD)","IQVIA (NYSE:IQV) is a leading global provider of advanced analytics, technology solutions and clinical research services to the life sciences industry dedicated to delivering actionable insights.","","","","","","","medical science liaison"
"in-5a71a24185e51637","indeed","https://it.indeed.com/viewjob?jk=5a71a24185e51637","https://careers.astrazeneca.com/job/basiglio/junior-medical-science-liaison-asma-sicilia-calabria-sost-maternita/7684/99388744992","Junior Medical Science Liaison Asma (Sicilia, Calabria) (Sost. Maternità)","AstraZeneca","Basiglio, LOM, IT","2026-08-18","fulltime","","","","","",False,"","","","","**Location** Basiglio, Lombardy, Italy **Job ID** R\-256767 **Date posted** 17/08/2026
  
In AstraZeneca valorizziamo il ruolo della scienza nel guidare l’innovazione terapeutica e nel generare un impatto concreto per pazienti, clinici e sistema salute. Vuoi trasformare evidenze cliniche in decisioni che migliorano la vita delle persone? Ti attrae l’idea di essere il ponte tra dati, pratica clinica e terapie ? Come **Junior Medical Science Liaison Asma** entrerai all’interno della Direzione Medica, nel dipartimento Respiratorio ed Immunologia, e contribuirai a rafforzare il confronto scientifico con gli esperti e supporti un’area terapeutica in continua evoluzione. Contribuirai allo sviluppo del dialogo scientifico con gli specialisti del territorio di Sicilia e Calabria, supportando la diffusione di evidenze cliniche aggiornate con focus su asma e future indicazioni di due anticorpi monoclonali. L’obiettivo è di favorire uno scambio qualificato peer\-to peer sui bisogni dei pazienti e sull’evoluzione della pratica clinica italiana


Nel ruolo di **Junior MSL Asma**, sarai un interlocutore scientifico di riferimento per gli stakeholder esterni del territorio e potrai costruire relazioni basate su credibilità scientifica, ascolto attivo e alta qualità del confronto medico\-scientifico.


Attraverso una presenza costante sul campo, supporterai la condivisione di dati clinici ed evidenze scientifiche, raccoglierai insight rilevanti dal territorio e collaborerai con i team interni cross\-funzionali per favorire una profonda comprensione dello scenario scientifico, di ricerca e clinico\-assistenziale, sempre nel rispetto della compliance e delle procedure aziendali.


**Responsabilità:**


* **Sviluppare e consolidare relazioni scientifiche di valore** con specialisti, centri di riferimento e altri stakeholder rilevanti nell’area terapeutica di competenza.
* **Promuovere uno scambio scientifico non promozionale di alto livello**, attraverso la condivisione di dati clinici, evidenze aggiornate e approfondimenti scientifici.
* **Raccogliere e interpretare insight clinici e di contesto terapeutico,** contribuendo alla comprensione dei bisogni dei clinici e dei percorsi di cura dei pazienti.
* **Contribuire alla realizzazione di progetti scientifici e programmi educazionali,** come advisory board e incontri medico\-scientifici sostenendo lo scambio medico\-scientifico con i KOL di area che si occupano di asma delle ulteriori aree cliniche di interesse collegate alle molecole di competenza.
* **Collaborare con i team di medica e cross\-funzionali**, contribuendo all’allineamento scientifico e al successo delle iniziative territoriali e nazionali.
* **Supportare il training scientifico dei colleghi di area**, favorendo la diffusione di contenuti rigorosi, aggiornati e coerenti.
* **Monitorare la letteratura scientifica, i principali congressi e l’evoluzione dello scenario competitivo e assistenziale**, condividendo in modo strutturato gli aggiornamenti rilevanti.
* **Operare nel pieno rispetto delle normative, della compliance e delle procedure aziendali**, garantendo elevati standard qualitativi nelle attività sul campo.

**Competenze/Esperienza essenziali:**


* **Laurea in discipline scientifiche** coerenti con il ruolo (MD, Pharm D o equivalente)
* Esperienza, anche iniziale, in ambito Medical Affairs o ruoli medico\-scientifici affini.
* **Interesse per l’area Respiratorio e Immunologia** e per il confronto scientifico con i KOL del territorio.
* **Spiccate capacità relazionali e comunicative,** unite a credibilità scientifica e orientamento alla collaborazione con stakeholder interni ed esterni.
* **Capacità di analisi di dati scientifici, sintesi e gestione delle priorità**, con attenzione alla qualità e alla compliance.
* Domicilio nel territorio di competenza
* **Conoscenza della lingua inglese.**

**Competenze/Esperienza preferenziali:**


* **Esperienza pregressa come MSL** o in ruoli di Field Medical.
* Conoscenza dell’area respiratoria, dell’**asma** o di aree correlate, come immunologia e patologie eosinofiliche.
* Esperienza nella gestione di progetti scientifici, attività educazionali o iniziative di engagement con stakeholder esterni.
* **Master, PhD o ulteriori specializzazioni scientifiche** costituiranno un plus.

**Perché AstraZeneca:**


Qui la scienza incontra l’intraprendenza: lavorerai in un contesto che unisce rigore scientifico e velocità operativa, con accesso a ricerche di punta, tecnologie avanzate e un pipeline in espansione. Collaborerai con team di aree diverse, inclusa l’oncologia, condividendo apprendimenti e sinergie mentre portiamo i prodotti sul mercato insieme. Ci piacciono le sfide ambiziose e le decisioni rapide: mettiamo nello stesso spazio professionisti con prospettive diverse per sbloccare idee audaci, proteggiamo i nostri team per sperimentare e imparare in fretta, e valorizziamo la gentilezza tanto quanto l’ambizione. La tua voce conta: potrai co\-creare strategie, vedere l’impatto diretto del tuo lavoro lungo l’intero percorso del paziente e sviluppare competenze di leadership in un ambiente di fiducia e autonomia.


**Invito all’azione:**


Porta la tua voce e la tua scienza dove contano: candidati oggi e inizia a creare valore tangibile per i pazienti con asma!


**La nostra offerta**


Fascia salariale: 38\.678,40 € \- 58\.017,60 €


Livello contrattuale: C2


CCNL: Chimico\-farmaceutico


Full\-time


Sostituzione Maternità


**Benefits:**


Oltre alla Retribuzione Annua Lorda, prevediamo anche:


* Bonus annuale secondo le policy aziendali tempo per tempo vigenti e soggetto a revisione periodica
* Premio di partecipazione secondo le policy aziendali tempo per tempo vigenti e soggetto a revisione periodica
* Wellbeing benefits (welfare, assicurazioni, supporto psicologico etc) secondo le policy aziendali tempo per tempo vigenti e soggetto a revisione periodica
* Auto aziendale secondo le policy aziendali tempo per tempo vigenti e soggetto a revisione periodica

La retribuzione finale sarà determinata in base a diversi fattori, tra cui, a titolo esemplificativo ma non esaustivo, competenze, esperienza, equità interna all’organizzazione ed altri fattori rilevanti.


**Date Posted**


18\-ago\-2026
**Closing Date**


05\-set\-2026
AstraZeneca embraces diversity and equality of opportunity. We are committed to building an inclusive and diverse team representing all backgrounds, with as wide a range of perspectives as possible, and harnessing industry\-leading skills. We believe that the more inclusive we are, the better our work will be. We welcome and consider applications to join our team from all qualified candidates, regardless of their characteristics. We comply with all applicable laws and regulations on non\-discrimination in employment (and recruitment), as well as work authorization and employment eligibility verification requirements.","","https://it.indeed.com/cmp/Astrazeneca","https://d2q79iu7y748jz.cloudfront.net/s/_squarelogo/256x256/f2c4573da9c8a5f3d23f2bc4e5da72a3","http://www.astrazeneca.com","Cambridge, England","10,000+","more than $10B (USD)","Build unrivalled capabilities in a place that promotes learning agility and offers development opportunities. We never standstill so you’ll have the chance to constantly grow your abilities.","","","","","","","medical science liaison"
"li-4438258898","linkedin","https://www.linkedin.com/jobs/view/4438258898","","Scientific Relation Manager Oncology - North of Italy","Kyowa Kirin International plc.","Milan, Lombardy, Italy","2026-08-21","","","","","","",False,"","","","","","","https://uk.linkedin.com/company/kyowa-kirin-international-plc.","","","","","","","","","","","","","medical science liaison"
"li-4409949685","linkedin","https://www.linkedin.com/jobs/view/4409949685","","Clinical Research Associate, Site Management - Italy","IQVIA","Milan, Lombardy, Italy","2026-08-21","","","","","","",False,"","","","","","","https://www.linkedin.com/company/iqvia","","","","","","","","","","","","","medical science liaison"
"li-4455989432","linkedin","https://www.linkedin.com/jobs/view/4455989432","","Senior Field Clinical Research Engineer","Boston Scientific","Milan, Lombardy, Italy","2026-08-19","","","","","","",False,"","","","","","","https://www.linkedin.com/company/boston-scientific","","","","","","","","","","","","","medical science liaison"
"li-4454998360","linkedin","https://www.linkedin.com/jobs/view/4454998360","","Clinical Research Associate","ICON plc","Milan, Lombardy, Italy","2026-08-19","","","","","","",False,"","","","","","","https://ie.linkedin.com/company/icon-plc-2","","","","","","","","","","","","","medical science liaison"
"li-4455766137","linkedin","https://www.linkedin.com/jobs/view/4455766137","","Deputy Chief Medical Officer","Philogen S.p.A.","","2026-08-18","","","","","","",False,"","","","","","","https://it.linkedin.com/company/philogen","","","","","","","","","","","","","medical science liaison"
"li-4445453026","linkedin","https://www.linkedin.com/jobs/view/4445453026","","CRA - FSP - Italy","Thermo Fisher Scientific","Milan, Lombardy, Italy","2026-08-18","","","","","","",False,"","","","","","","https://www.linkedin.com/company/thermo-fisher-scientific","","","","","","","","","","","","","medical science liaison"
"in-9c74c36ec8a36346","indeed","https://it.indeed.com/viewjob?jk=9c74c36ec8a36346","https://jp.syneoshealth.com/careers/jobs/18130321-sponsor-dedicated-cra-ii-slash-sr-cra-i-slash-ii-home-based-ita","Sponsor Dedicated CRA II/Sr CRA I/II - Home Based ITA","サイネオス・ヘルス","LOM, IT","2026-08-18","","","","","","",True,"","","","","**Updated:** Yesterday  

**Location:** Remote, MI, Italy  

**Job ID:** 25111710


Not ready to apply?  

Join our Talent Network
**Description**


Sponsor Dedicated CRA II/Sr CRA I/II \- Home Based ITA
Syneos Health® is a leading fully integrated biopharmaceutical solutions organization built to accelerate customer success. We translate unique clinical, medical affairs and commercial insights into outcomes to address modern market realities.


Every day we perform better because of how we work together, as one team, each the best at what we do. We bring a wide range of talented experts together across a wide range of business\-critical services that support our business. Every role within Corporate is vital to furthering our vision of Shortening the Distance from Lab to Life®.


Discover what our 29,000 employees, across 110 countries already know.

**WORK HERE MATTERS EVERYWHERE**


Why Syneos Health

* We are passionate about developing our people, through career development and progression; supportive and engaged line management; technical and therapeutic area training; peer recognition and total rewards program.
* We are committed to our Total Self culture – where you can authentically be yourself. Our Total Self culture is what unites us globally, and we are dedicated to taking care of our people.
* We are continuously building the company we all want to work for and our customers want to work with. Why? Because when we bring together diversity of thoughts, backgrounds, cultures, and perspectives – we’re able to create a place where everyone feels like they belong.

**Job Responsibilities**

* Performs site qualification, site initiation, interim monitoring, site management and close\-out visits (performed on\-site or remotely) ensuring regulatory, ICH\-GCP and/or Good Pharmacoepidemiology Practice (GPP) and protocol compliance. Uses judgment and experience to evaluate overall performance of site and site staff and to provide recommendations regarding site\-specific actions; immediately communicates/escalates serious issues to the project team and develops action plans. Maintains a working knowledge of ICH/GCP Guidelines or other applicable guidance, relevant regulations, and company SOPs/processes.
* Verifies the process of obtaining informed consent has been adequately performed and documented for each subject/patient as required/appropriate. Demonstrates diligence in protecting the confidentiality of each subject/patient. Assesses factors that might affect subject/patient’s safety and clinical data integrity at an investigator/physician site such as protocol deviation/violations and pharmacovigilance issues.
* Per the Clinical Monitoring/Site Management Plan (CMP/SMP): Assesses site processes. Conducts Source Document Review of appropriate site source documents and medical records. Verifies required clinical data entered in the case report form (CRF) is accurate and complete via review of site source documents and medical records. Applies query resolution techniques remotely and on site, and provides guidance to site staff as necessary, driving query resolution to closure within agreed timelines. Utilizes available hardware and software to support the effective conduct of the clinical study data review and capture. Verifies site compliance with electronic data capture requirements
* May perform investigational product (IP) inventory, reconciliation and reviews storage and security. Verifies the IP has been dispensed and administered to subjects/patients according to the protocol. Verifies issues or risks associated with blinded or randomized information related to IP. Applies knowledge of GCP/local regulations and organizational procedures to ensure IP is appropriately (re)labelled, imported and released/returned.
* Routinely reviews the Investigator Site File (ISF) for accuracy, timeliness and completeness. Reconciles contents of the ISF with the Trial Master File (TMF). Ensures the investigator/physician site is aware of the requirement of archiving essential documents in accordance with local guidelines and regulations.
* Documents activities via confirmation letters, follow\-up letters, trip reports, communication logs, and other required project documents as per SOPs and Clinical Monitoring Plan/Site Management Plan. Supports subject/patient recruitment, retention and awareness strategies. Enters data into tracking systems as required to track all observations, ongoing status and assigned action items to resolution.
* Understands project scope, budgets, and timelines for own and others’ activities in the clinical team; manages site\-level activities / communication to ensure project objectives, deliverables and timelines are met. Must be able to quickly adapt to changing priorities to achieve goals / targets.
* May act as primary liaison with project site personnel, or in collaboration with Central Monitoring Associate. Ensures all assigned sites and project\-specific site team members are trained and compliant with applicable requirements.
* Prepares for and attends Investigator Meetings and/or sponsor face to face meetings. Participates, and may, with supervision, lead, global clinical monitoring/project staff meetings (inclusive of Sponsor representation, as applicable) and attends clinical training sessions according to the project specific requirements.
* Provides guidance at the site and project level towards audit readiness standards and supports preparation for audit and required follow\-up actions.
* May provide training or mentorship to more junior level CRAs. May perform training and sign off visits for junior CRA staff, as assigned.
* May be mentored and assigned clinical operations lead tasks under supervision of an experienced Clinical Operations Lead (COL), or operational line manager.


Qualifications:

* At least 2,5 yrs of experience as Certified CRA according to DM 15 Nov 2011
* Oncology monitoring experience and phase I experience will be preferred
* Experience with Risk Based Monitoring will be a plus
* Knowledge of Good Clinical Practice/ICH Guidelines and other applicable regulatory requirements
* Must demonstrate good computer skills and be able to embrace new technologies
* Excellent communication, presentation and interpersonal skills. Basic level of critical thinking skills expected.
* Ability to manage required travel of up to 75% on a regular basis


The employment relationship shall be governed by the National Collective Labour Agreement (CCNL) for employees of companies operating in the tertiary, distribution and services sectors (""CCNL Commercio""), and all related provisions shall apply, including Article 213, in its version in force from time to time.


The potential annual gross salary range for this role will be 45,000\.00 EUR \- 69,000\.00 EUR, excluding any additional benefits and allowances.


We are always excited to connect with great talent. This posting is intended for a \[possible] upcoming opportunity rather than a live role. By expressing your interest, you'll be added to our talent pipeline and considered should this role become available.

**Get to know Syneos Health**


Over the past 5 years, we have worked with 94% of all Novel FDA Approved Drugs, 95% of EMA Authorized Products and over 200 Studies across 73,000 Sites and 675,000\+ Trial patients.


No matter what your role is, you’ll take the initiative and challenge the status quo with us in a highly competitive and ever\-changing environment. Learn more about Syneos Health.

  

http://www.syneoshealth.com

**Additional Information**


Tasks, duties, and responsibilities as listed in this job description are not exhaustive. The Company, at its sole discretion and with no prior notice, may assign other tasks, duties, and job responsibilities. Equivalent experience, skills, and/or education will also be considered so qualifications of incumbents may differ from those listed in the Job Description. The Company, at its sole discretion, will determine what constitutes as equivalent to the qualifications described above. Further, nothing contained herein should be construed to create an employment contract. Occasionally, required skills/experiences for jobs are expressed in brief terms. Any language contained herein is intended to fully comply with all obligations imposed by the legislation of each country in which it operates, including the implementation of the EU Equality Directive, in relation to the recruitment and employment of its employees. The Company is committed to compliance with the Americans with Disabilities Act, including the provision of reasonable accommodations, when appropriate, to assist employees or applicants to perform the essential functions of the job.

**Summary**


Roles within Clinical Monitoring/CRA job family are responsible for monitoring during clinical research studies to ensure that the trials are being conducted in accordance with widely accepted clinical practices. This includes conducting on\-site and remote monitoring, developing tools, procedures, and processes to ensure quality monitoring. Impact and Contribution Individual contributors with responsibility in a professional or technical discipline or specialty, but may manage two or fewer employees. May direct the work of lower level professionals or manage processes and programs. The majority of time is spent contributing to the design, implementation or delivery of processes, programs, and policies, using knowledge and skills typically acquired through advanced education. Individual contributor with developing subject matter expertise and responsibility for processes. In\-depth knowledge and skills within a professional discipline, understanding the impact of work on related areas. May be responsible for entire projects or processes within area of responsibility.","","https://it.indeed.com/cmp/%E3%82%B5%E3%82%A4%E3%83%8D%E3%82%AA%E3%82%B9-%E3%83%98%E3%83%AB%E3%82%B9","","","","","","","","","","","","","medical liaison"
"li-4455819691","linkedin","https://www.linkedin.com/jobs/view/4455819691","","Product Specialist Italy Temporary Piemonte VDA Liguria regions","Astellas Pharma","Buccinasco, Lombardy, Italy","2026-08-24","","","","","","",False,"","","","","","","https://www.linkedin.com/company/astellaspharmainc","","","","","","","","","","","","","MSL"
"in-6dd722a8c19be0e5","indeed","https://it.indeed.com/viewjob?jk=6dd722a8c19be0e5","https://jsv3.recruitics.com/redirect?rx_cid=3436&rx_jobId=R-01357377_1001&rx_url=https%3A%2F%2Fjobs.thermofisher.com%2Fglobal%2Fen%2Fjob%2FR-01357377%2FSr-Clinical-Study-Manager%3Frx_a%3D0%26rx_c%3D%26rx_ch%3Djobp4p%26rx_group%3D123525%26rx_id%3D47b96a17-9fff-11f1-972f-cd20126dc832%26rx_job%3DR-01357377_1001%26rx_medium%3Dcpc%26rx_r%3Dnone%26rx_source%3Dindeed%26rx_ts%3D20260825T060458Z%26rx_vp%3Dcpc%26utm_medium%3Dppc%26utm_source%3Drecruitics_indeedorganic","Sr. Clinical Study Manager","Thermo Fisher Scientific","Milano, LOM, IT","2026-08-24","fulltime","","","","","",False,"","","","","**Work Schedule**


Standard (Mon\-Fri)**Environmental Conditions**


Office**Job Description**


As part of the Thermo Fisher Scientific team, you’ll discover meaningful work that makes a positive impact on a global scale. Join our colleagues in bringing our Mission to life every single day to enable our customers to make the world healthier, cleaner and safer. We provide our global teams with the resources needed to achieve individual career goals while helping to take science a step beyond by developing solutions for some of the world’s toughest challenges, like protecting the environment, making sure our food is safe or helping find cures for cancer.

**Position Scope:**
-------------------


The mission of the Clinical Affairs group within Medical and Scientific Affairs is to create customer value for ImmunoDiagnostic Division (IDD) by providing clinical evidence for product pre\-launch and post\-launch across the portfolio. Main responsibilities for the unit are:

* Own IDD Clinical Affairs planning, execution, and reporting.
* Develop timely and efficient clinical strategies to support product claims (mainly autoimmunity portfolio).
* Liaise with Regulatory Affairs organization to complete prioritized product registration plans in selected geographical areas (USA and EU.
* Liaise with the Medical Directors to align disease definition and study population characterizations
* Liaise with R\&D organization to align product specifications to be fulfilled and patient cohorts to be targeted.
* Liaise with Commercial Operations organizations to ensure desired products are available for sales on the territory.
* Liaise with Marketing organization to leverage on key customers and KOLs within clinical trials and support building sales supporting arguments on top of registration\-related claims.

**Essential Responsibilities:**
-------------------------------


Reporting to the Global Director Clinical Affairs, the Senior Clinical Project Manager will be responsible for:

* Lead cross\-functional, high\-complex and business critical clinical projects.
* Hold accountability and responsibility of all operational and safety deliverables of assigned company sponsored studies.
* Develop relevant clinical strategies and plans.
* Ensure clinical research programs are designed and conducted in accordance with company standards operating policies \& procedures (SOPs), Good Clinical Practices (GCP), ISO20916:2019, In\-Vitro Diagnostics Device Regulation (IVDR) and FDA regulation.
* Generate clinical evaluation plans and reports for FDA and IVDR submissions.
* Generate relevant Trial Master File documents and support CRAs for TMF quality checks and completeness.
* Be able to build a CRF (Case Report Form) starting from the clinical study plan and protocol/s
* Generate CPSP (Clinical performance study plan) according to the study needs and in collaboration with several projects’ functions
* Support CRAs during clinical study initiation and close out.
* Identify project risks and develop \& implement mitigation plans.
* Organize, plan, and lead cross\-functional, highly sophisticated and business\-critical projects, with a focus on development, registration, and commercialization of Immunodiagnostic products.
* Guaranty Audit and Inspection preparedness of all assigned projects.
* Be responsible for corrective action plans at individual sites and across trial.
* Report project progress to governance boards and raise issues to IDD management.
* Provide decision support and recommendations for critical decisions to IDD management.
* Help identify and drive assigned department goals.

**Knowledge, Skill, and Ability:**
----------------------------------

* Demonstrate Leadership to develop, empower and guide personnel to meet objectives.
* Excellent interpersonal written and verbal skills to communicate optimally across cross\-functional departments and cross\-sites.
* Proficient knowledge of medical terminology, clinical trial design and statistics.
* Proven detailed knowledge of guidelines, systems for clinical trial management and international regulations and practices (knowledge of CE IVDR required and IVD FDA/CFDA strong asset).
* Expertise with ISO20916:2019 required.
* Knowledge of immunology, auto\-immunity and/or allergy strongly preferred.
* Ability to develop and implement solutions to address identified problems.
* Excellent project management, organizational and time management skills.
* Willingness and ability to travel oversea for up to 30\-50% of time.
* Ability to work in a diverse team and dynamic environment and adapt to changing priorities.
* Ability to provide clear directions and guidance to others.
* Desire to use experience to build innovative infrastructure and “standard processes”.
* Knowledge of a Clinical Trial Management System (CTMS), Electronic Document Management System (EDMS) and skill in using Microsoft Office suite.

**Education**
-------------

* Bachelor’s degree in biological sciences, nursing or related medical/scientific field or equivalent work experience.
* 5 years minimum preferred global clinical studies experience (in\-vitro medical devices experience preferred) with a minimum specifically in project management.
* Advanced written and spoken English and additional European language preferred.


Apply now!","Industrial Manufacturing","https://it.indeed.com/cmp/Thermo-Fisher-Scientific","https://d2q79iu7y748jz.cloudfront.net/s/_squarelogo/256x256/65bd2e4bebb79b1432ac3277ffd57ae7","https://www.thermofisher.com/","168 Third Avenue, Waltham, MA USA 02451","10,000+","more than $10B (USD)","At Thermo Fisher Scientific, our professionals develop critical solutions—and build rewarding careers.","","","","","","","medical affairs"
"in-1307eecc1880c280","indeed","https://it.indeed.com/viewjob?jk=1307eecc1880c280","https://jobs.csl.com/en/jobs/local-regulatory-responsible-lrr-m-f-x-italy-en-r-287021","Local Regulatory Responsible (LRR) (m/f/x) - Italy","CSL","Milano, LOM, IT","2026-08-21","fulltime","","","","","",False,"","","","","**Entity:** CSL Behring


**Job Category:** Research Development \& Sciences


**Job Family:** Global \& Regional Regulatory Affairs


**Job Type:** Full Time


**Location****:** Milan, Milano, Italy


**Employer Reference:** R\-287021


**Job Description**
-------------------


**Local Regulatory Responsible (LRR) (m/f/x) \- Italy**
=======================================================


Location: Milan, Italy


Contract Type: Permanent contract, Fulltime
  

Department: Regulatory Affairs  

  



**The Opportunity**


In this role, you will serve as the primary regulatory representative for Italy, ensuring compliance with local regulations, leading interactions with Health Authorities, and supporting product registrations and lifecycle management activities. You will work closely with regional regulatory teams, commercial operations, and external stakeholders to drive regulatory excellence and business success.


**The Role**


* Provide local regulatory expertise and input to support the development and execution of regulatory strategies for new product registrations and lifecycle management activities.
* Review promotional materials and provide regulatory guidance to ensure compliance with local regulations.
* Monitor and communicate progress of regulatory projects to relevant stakeholders.
* Ensure compliance with Italian regulatory requirements and evolving legislation.
* Support audit and inspection readiness activities and ensure timely implementation of corrective and preventive actions (CAPAs).
* Monitor changes in the regulatory landscape and communicate emerging requirements and industry trends to internal stakeholders.
* Participate in regulatory meetings, industry forums, and trade associations to represent company interests and share insights.
* Maintain compliance\-related KPIs and ensure regulatory information systems (RIMS) remain accurate and up to date.
* Serve as the primary contact for Italian Health Authorities and regulatory stakeholders.
* Build and maintain strong relationships with Health Authorities, industry groups, and trade associations.
* Lead local regulatory interactions related to licenses, submissions, and market access initiatives.
* Act as the regulatory representative for local Commercial Operations, providing strategic guidance and business\-focused regulatory support.
* Coordinate and prepare country\-specific regulatory documentation, including Module 1 and other local requirements.
* Support regional regulatory teams in submission planning and execution aligned with local requirements and business priorities.
* Track and communicate the status of regulatory submissions with local Health Authorities.
* Ensure regulatory compliance of product labeling, including SmPC, PIL, and packaging materials.
* Manage translation activities and required labeling updates.

**Your Skills and Experience:**


* Bachelor's degree in a relevant scientific discipline such as Biology, Chemistry, Pharmacy, or a related field, or equivalent education and experience.
* Advanced degree (Master's or PhD) in a scientific, healthcare, legal, or regulatory discipline preferred.
* Regulatory Affairs Certification (RAC) or other relevant professional certification is desirable.
* 3\-5\+ years of regulatory affairs experience in a Health Authority\-facing role within the pharmaceutical, biotechnology, or healthcare industry.
* Strong knowledge of Italian regulatory requirements and regulatory processes.
* In\-depth experience managing local Health Authority interactions.
* Experience managing regulatory submissions and product lifecycle activities.
* Demonstrated project management and cross\-functional leadership experience.
* Experience collaborating with commercial and business stakeholders in a matrix environment.
* Ability to adapt and perform effectively in a rapidly changing environment.
* Fluency in Italian and English, both written and spoken.
* Strong understanding of local health authority interactions and regulatory compliance requirements.
* Excellent organizational, prioritization, and time management skills.
* Strong stakeholder management and influencing skills.
* Ability to work independently while collaborating effectively across global teams.
* Strong problem\-solving skills with the ability to escalate issues appropriately.
* Proficiency in Microsoft Office applications.
* Ability to thrive in a complex global matrix organization.

**What we offer**


We offer an open\-ended contract (Tempo Indeterminato) regulated by the CCNL Chimico Farmaceutico, with a gross annual salary range of €45,000 \- €55,000, commensurate with experience and qualifications. In addition, we provide an outstanding benefits package, an annual merit\-based reward process, and an individual development plan to support your professional growth and career progression.


**About CSL Behring**
---------------------



CSL Behring is a global biotherapeutics leader driven by our promise to save lives. Focused on serving patients' needs by using the latest technologies, we discover, develop and deliver innovative therapies for people living with conditions in the immunology, hematology, cardiovascular and metabolic, respiratory, and transplant therapeutic areas. We use three strategic scientific platforms of plasma fractionation, recombinant protein technology, and cell and gene therapy to support continued innovation and continually refine ways in which products can address unmet medical needs and help patients lead full lives.


CSL Behring operates one of the world's largest plasma collection networks, CSL Plasma. Our parent company, CSL, headquartered in Melbourne, Australia, employs 32,000 people, and delivers its lifesaving therapies to people in more than 100 countries.


To learn more about CSL, CSL Behring, CSL Seqirus and CSL Vifor visit https://www.csl.com/ and CSL Plasma at https://www.cslplasma.com/.



**Our Benefits**
----------------



For more information on CSL benefits visit How CSL Supports Your Well\-being \| CSL.



**You Belong at CSL**
---------------------



At CSL, Inclusion and Belonging is at the core of our mission and who we are. It fuels our innovation day in and day out. By celebrating our differences and creating a culture of curiosity and empathy, we are able to better understand and connect with our patients and donors, foster strong relationships with our stakeholders, and sustain a diverse workforce that will move our company and industry into the future.


To learn more about inclusion and belonging visit https://www.csl.com/careers/inclusion\-and\-belonging



**Equal Opportunity Employer**
------------------------------



CSL is an Equal Opportunity Employer. If you are an individual with a disability and need a reasonable accommodation for any part of the application process, please visit https://www.csl.com/accessibility\-statement.","","https://it.indeed.com/cmp/Csl-a4a8c9ee","https://d2q79iu7y748jz.cloudfront.net/s/_squarelogo/256x256/ca24d50914e0f7927f89f20c8a7bc198","http://www.csl.com","Parkville","Decline to state","Decline to state","CSL was formed more than 100 years ago to save lives using the latest technologies. We offer the broadest range of quality plasma-derived and recombinant therapies in our industry.","","","","","","","medical affairs"
"in-6f4bd34809b45e46","indeed","https://it.indeed.com/viewjob?jk=6f4bd34809b45e46","https://tnl2.jometer.com/v2/job?jx=5v7ym83794370dd55cbb212a80d18c6b67bb1AIAJUBIAAABQ&jz=561wk89b74e208a6d3f85c008403e9128414bAEAMABTEAAAQAAAAABSA&source=APPLICANT_SOURCE-3-2017","Principal, Regulatory Science and Strategy - Real World Solutions","IQVIA","Milano, LOM, IT","2026-08-20","fulltime","","","","","",True,"","","","","Milan, Italy \| Full time \| Home\-based \| R1560548  
IQVIA is focused on using data and science to help healthcare clients find better solutions for their patients. Individuals joining us are assured of a rewarding career in Life Sciences Consulting, with opportunities to address diverse and challenging client problems, contribute to cross\-geography engagements, interact with senior client leaders, and gain exposure to a multicultural and collaborative work environment.  


About our team – Regulatory Science and Strategy (RSS)  


The Regulatory Science and Strategy (RSS) group sits within IQVIA's Real World Solutions business and supports life sciences clients in using real world evidence (RWE) more widely and effectively for regulatory purposes. RSS sells and delivers as a unified team, partnering with clients on regulatory strategy, study design, and submission planning across drugs, biologics, and devices. Our work spans externally controlled trials, post\-marketing requirements (PMRs/PMCs), post\-authorization safety studies (PASS), drug utilization studies (DUS), and emerging regulatory technology.  


We are strategic thinkers, deep subject matter experts, and creative at our core. We are collaborative, intellectually curious, and entrepreneurial.  


About the role:  


As a Principal (Director\-level) within RSS, you will own delivery leadership, drive business development, and serve as a subject matter expert across two connected areas: selling and delivering standalone regulatory strategy engagements and cross\-functional RWE studies for regulatory decision\-making. Your work will focus primarily on several areas:  


First, a Principal is expected to lead high\-quality standalone regulatory strategy engagements, build trusted relationships with new and existing clients, and strengthen IQVIA's regulatory science and strategy capabilities.  


Second, the Principal acts as a subject matter expert on the use of RWE across the regulatory lifecycle, partnering cross\-functionally with IQVIA Real World Solutions teams to shape, sell, and deliver RWE studies from pre\-submission strategy through approval and post\-market commitments. An in\-depth understanding of EMA expectations is essential, with the ability to translate those expectations into study designs and submission strategies that clients can act on.  


Specifically, as a member of the RSS team, the Principal participates in regulatory strategy proposal development, advises on regulatory pathways, and supports cross\-functional proposal strategy and delivery for externally controlled trials, PASS, DUS, RegTech advisory work, and broader RWE\-for\-regulatory engagements.  


In addition we expect you to make a key Team and operational contributions to RSS, including mentorship and capability building amongst your junior colleagues  


Responsibilities  


Lead sell and delivery of standalone RSS regulatory strategy engagements, owning workstreams end\-to\-end and supporting team members on complex programs.  


Support cross\-functional IQVIA Real World Solutions teams in selling and delivering RWE generation programs for regulatory audiences, including externally controlled trials, premarket uses of RWE, PASS, and PMR/PMC fulfilment.  


Contribute to RSS regulatory intelligence activities, monitoring the external regulatory environment and surfacing emerging information relevant to IQVIA's offerings and clients.  


Act as a day\-to\-day owner of the regulatory science element of client engagements, with responsibility for client satisfaction and delivery quality.  


Advise on strategy and delivery plans for RSS services, with a focus on EMA RWE activities and lifecycle management, supported by working knowledge of FDA, MHRA, Health Canada, and PMDA.  


Maintain working familiarity with the activities and outputs of EMA and their impact on global harmonization of RW efforts.  


Identify follow\-on work and new revenue opportunities with existing clients, and support business development efforts with new client organizations.  


Collaborate across IQVIA when client requirements span regulatory affairs, clinical development, and real world insights.  


Provide direction, advice, and intellectual leadership to delivery teams and clients.  


Contribute high\-level input to client reports and presentations, and deliver findings to clients directly.  


Mentor and coach junior consultants, sharing subject matter expertise to build RSS capability.  


Participate in annual performance review processes and in recruitment of new staff.  


Skills and Experience  


The successful candidate will have a track record of success across most of the following competencies:  


Industry and regulatory expertise: Maintains a constant focus on regulators, industry, and client trends in life sciences. Applies this knowledge to active client engagements and to business development.  


Real world data expertise: Ability to advise on the design of real world studies to meet regulatory requirements, including externally controlled trials, PASS, PMR fulfillment, etc.  


Regulated medical product experience: Ability to speak with senior client stakeholders about EMA requirements, guidance, and expectations, with working knowledge of FDA, MHRA, Health Canada, and PMDA.  


Client relationship management and delivery: Day\-to\-day owner of client engagements, focused on client satisfaction and outstanding deliverables, with the ability to manage multiple workstreams in parallel.  


Business development: Active contributor to proposal development and pre\-sales meetings for standalone regulatory strategy opportunities and cross\-functional RWE study opportunities with new and existing client organizations.  


Solution selling: Ability to identify client pain points and shape custom solutions for life sciences clients.  


Communication and executive presence: Expresses ideas clearly and concisely, and tailors messaging to the audience.  


Cooperative teamwork: Builds supportive relationships within RSS and across IQVIA, based on trust and respect.  


Management of others: Sets clear direction and develops junior team members by delegating appropriately and creating stretch opportunities.  


Coping with decision\-making, customer focus, flexibility, influencing, initiative, innovation, planning and organizing, strategic vision, and technological orientation.  


Qualifications and Other Requirements  


A strong academic track record in a life science\-related discipline or professional equivalent. A relevant graduate degree (PharmD, PhD, MD, MPH, or MS) is preferred.  


At least 7 years of professional experience, with a meaningful portion focused on regulatory science, regulatory strategy, or product review. Prior experience at EMA or another health authority is highly valued.  


Previous experience in life sciences consulting or professional services is preferred.  


Evidence of consistent career progression.  


A track record of project leadership and people development.  


Willingness and ability to travel to client locations.  


Fluency in English (spoken and written).  


Right to live and work in the recruiting country.  


IQVIA is a leading global provider of clinical research services, commercial insights and healthcare intelligence to the life sciences and healthcare industries. We create intelligent connections to accelerate the development and commercialization of innovative medical treatments to help improve patient outcomes and population health worldwide. Learn more at https://jobs.iqvia.com  


IQVIA is committed to integrity in our hiring process and maintains a zero tolerance policy for candidate fraud. All information and credentials submitted in your application must be truthful and complete. Any false statements, misrepresentations, or material omissions during the recruitment process will result in immediate disqualification of your application, or termination of employment if discovered later, in accordance with applicable law. We appreciate your honesty and professionalism.  


Where you'll work  
Home\-based  


You’ll work remotely, with the flexibility to do your best work from home. Supported by collaborative tools and a global team, you’ll stay connected while enjoying the autonomy and balance that comes with a fully remote role.  
Culture  


Culture at IQVIA is built on a shared belief: that when people are empowered with better data, smarter technology and deeper expertise, they can change what’s possible for patients. Across every team and every corner of the globe, you’ll find colleagues who genuinely care — about the mission and about each other. That’s what makes this a place where people tend to stay, grow and do the best work of their careers.","","https://it.indeed.com/cmp/Iqvia","https://d2q79iu7y748jz.cloudfront.net/s/_squarelogo/256x256/03e043400efdf1e7d2f66b4d0a67997e","http://jobs.iqvia.com","Durham, NC","10,000+","more than $10B (USD)","IQVIA (NYSE:IQV) is a leading global provider of advanced analytics, technology solutions and clinical research services to the life sciences industry dedicated to delivering actionable insights.","","","","","","","medical affairs"
"in-4d8dac74feaefb8d","indeed","https://it.indeed.com/viewjob?jk=4d8dac74feaefb8d","https://jobs.smartrecruiters.com/EVERSANA1/744000144313878-medical-content-development-manager-team-lead","Medical Content Development Manager / Team Lead","EVERSANA","Milano, LOM, IT","2026-08-19","fulltime","","","","","",True,"","","","","**Company Description**  

At EVERSANA, we are proud to be certified as a Great Place to Work across the globe. We’re fueled by our vision to create a healthier world. How? Our global team of more than 7,000 employees is committed to creating and delivering next\-generation commercialization services to the life sciences industry. We are grounded in our cultural beliefs and serve more than 650 clients ranging from innovative biotech start\-ups to established pharmaceutical companies. Our products, services and solutions help bring innovative therapies to market and support the patients who depend on them. Our jobs, skills and talents are unique, but together we make an impact every day. Join us!


Across our growing organization, we embrace diversity in backgrounds and experiences. Improving patient lives around the world is a priority, and we need people from all backgrounds and swaths of life to help build the future of the healthcare and the life sciences industry. We believe our people make all the difference in cultivating an inclusive culture that embraces our cultural beliefs. We are deliberate and self\-reflective about the kind of team and culture we are building. We look for team members that are not only strong in their own aptitudes but also who care deeply about EVERSANA, our people, clients and most importantly, the patients we serve. We are EVERSANA.

 **Job Description** **THE POSITION****:**

Medical Information is a critically important customer\-facing function that supports the safe and effective use of pharmaceutical, biopharmaceutical, medical device, and digital therapeutic products by providing timely, scientifically balanced, evidence based, non\-promotional information in response to unsolicited requests from healthcare professionals, patients, caregivers, and payers.


An important aspect of medical information is developing, managing, and providing impactful medical response documents. This position is responsible for medical content development\-related client engagements.


This role requires medical information and medical content experience and knowledge, including excellent communication skills (both verbal and written),


The role is home office based, (full\-time position), and the eligible candidates must hold a valid work permit in the European Union, or the UK.

 **ESSENTIAL DUTIES AND RESPONSIBILITIES:**  

Our employees are tasked with delivering excellent business results through the efforts of their teams. These results are achieved by:

* Plays an essential role supporting Global Medical Information / Medical Content Development Team on content development\-related engagements for clients who require medical content development and management services.
* Writes and creates medical and scientific content related to Medical Affairs, Medical Information and Medical Communications including, but not limited to, Scientific Response Documents (SRD), Frequently Asked Question (FAQ) documents, Slide Sets, Abstracts, Posters, Education and Training materials, and others for potential clients.
* Drives the client document development process from gathering materials and developing scientifically rigorous content to facilitating document review and discussions at medical, legal, regulatory (MLR) review meetings.
* Works with EVERSANA and/or client\-provided document management technology platforms (i.e., Veeva PromoMats / MedComms, etc.) as content owner when appropriate, uploading documents, providing reference anchoring and annotations as required.
* May be called up to perform scientific data fact checking for documents in support of medical reviewers participating in MLR teams.
* Collaborates with Global Medical Information / Medical Content Development Team and contributes to discussions on strategy, tactical execution and communication approaches for assigned projects.
* Provides direction and works closely with other medical writers and medical content development team to deliver on client projects efficiently and effectively.
* Participates in key client meetings as assigned.
* Supports creating/updating the SOPs, checklists, templates, style guides, and guidance documents as necessary.
* Stays knowledgeable of industry best practices and supports leadership team in evaluating and implementing new technologies and procedures to improve operational efficiency and quality of materials developed.
* Works collaboratively with other medical writers and creative teams across EVERSANA.
* Demonstrate a commitment to diversity, equity, and inclusion through continuous development, modeling inclusive behaviors, and proactively managing bias.
* All other duties as assigned*.*

 **EXPECTIONS OF THE JOB:**

* Responsible to deliver CLIENT DELIGHT
* Responsible to work collaboratively with EVERSANA medical information and medical affairs team and take direction and feedback from management and clients
* Responsible to ensure management and compliance with industry standards and codes of practice
* Able to work independently to develop high\-quality, scientifically accurate, strategically aligned, ethical, and compliant medical content
* Responsible to proactively flag and manage any quality issues, and ensure timely corrective and preventive actions
* **Travel** This position may require business travel and will need to be able to travel up to approximately 10\-15%.
* **Hours**: Able to work full time and be flexible with work scheduling as required by clients and management.

  

**Qualifications** **MINIMUM KNOWLEDGE, SKILLS AND ABILITIES:**


The requirements listed below are representative of the experience, education, knowledge, skill and/or abilities required.

* **Education:** Doctorate or Master of Science (MSc) degree in Life Sciences or healthcare or equivalent.
* **Experience and/or Training**:
* A minimum of 2\-year(s) experience in pharmaceutical industry or Medical Information / Medical Communications service provider. Experience developing global medical information materials, e.g., scientific response documents (SRDs), frequently asked questions (FAQs), custom response documents (CRDs), etc.
* Exceptional written, oral, interpersonal, and presentation skills including the ability to independently interpret and summarize complex results. Ability to establish credibility with a variety of audiences; especially with clients
* Ability to effectively interface with all levels of management and staff and to succeed in a matrix team setting while meeting or exceeding timelines.
* Proficient editing skills along with expertise in Microsoft Office, Acrobat and other applications.
* Experience conducting literature searches and working with tools such as PubMed, Ovid, Embase, etc.
* Experience working with reference management and citation software (e.g., EndNote, Mendeley, Citavi, etc.)
* Strong understanding of regulatory requirements and best practices in relationship to Medical Information, Medical Affairs and promotional and non\-promotional materials review
* Excellent project management skills and proven track record of being results driven
* Ability to conceptualize, design and deliver best in class solutions.

 **PREFERRED QUALIFICATIONS:**

* **Education**: A Pharm.D. or Pharm.M or a Degree in Medicine or PhD is preferred. Relevant Bachelor’s Degree in a Life Science also considered.
* **Experience:** Medical Information, Medical Communications, Medical Writing, Medical Affairs; experience developing medical content, especially Medical Information materials, for both new product launches and for updating and managing current materials; experience working across multiple therapeutic areas.
* **Communication Skills**: Possesses the ability to develop and articulate ideas and information that generate understanding and creates a climate that motivates and encourages others to participate.
* Fluent in English, both written and verbal, plus one or more other European language to the Common European Framework level B2, C1 or C2\.
* **Analytical Thinking / Critical Thinking:** Ability to analyze, digest, and interpret complex scientific information and data
* **Project Management**: Ability to develop project plans and execute on the project plan, both works individually and working with client(s), other medical content development team members, and medical information contact center team and leadership team.
* **Results Driven**: Proven track record of executing and delivering results.
* **Innovator**: Transforms creative ideas into original solutions that positively impact client delight and company’s performance.
* **Highly Principled**: Proves to be a professional of unquestionable integrity, credibility and character who demonstrates high moral and ethical behavior.
* **Client Management**: Ability to manage, coordinate, and oversee relationship and projects with assigned client(s).

  

**Additional Information** **Patient Minded**I act with the patient’s best interest in mind.

**Client Delight**I own every client experience and its impact on results.

**Take Action**I am empowered and hold myself accountable.

**Embrace Diversity**I create an environment of awareness and respect.

**Grow Talent**I own my development and invest in the development of others.

**Win Together**I passionately connect with anyone, anywhere, anytime to achieve results.

**Communication Matters**I speak up to create transparent, thoughtful, and timely dialogue.

**Always Innovate** I am bold and creative in everything I do.


Our team is aware of recent fraudulent job offers in the market, misrepresenting EVERSANA. Recruitment fraud is a sophisticated scam commonly perpetrated through online services using fake websites, unsolicited e\-mails, or even text messages claiming to be a legitimate company. Some of these scams request personal information and even payment for training or job application fees. Please know EVERSANA would never require personal information nor payment of any kind during the employment process. We respect the personal rights of all candidates looking to explore careers at EVERSANA.


From EVERSANA’s inception, Diversity, Equity \& Inclusion have always been key to our success. We are an Equal Opportunity Employer, and our employees are people with different strengths, experiences, and backgrounds who share a passion for improving the lives of patients and leading innovation within the healthcare industry. Diversity not only includes race and gender identity, but also age, disability status, veteran status, sexual orientation, religion, and many other parts of one’s identity. All of our employees’ points of view are key to our success, and inclusion is everyone's responsibility.


Follow us on LinkedIn \| Twitter","","https://it.indeed.com/cmp/Eversana","https://d2q79iu7y748jz.cloudfront.net/s/_squarelogo/256x256/a21e33e55cf5ee2498d7a6ae97b90372","https://www.eversana.com","Chicago, IL","5,001 to 10,000","Decline to state","Together with more than 5,000 team members worldwide, we’ve built an integrated commercial services platform to deliver on our mission to create a healthier world. Join us at eversana.com/careers.","","","","","","","medical affairs"
"in-9586496411566514","indeed","https://it.indeed.com/viewjob?jk=9586496411566514","https://zinrec.intervieweb.it/annunci.php?l=regulatory-affairs-specialist-145160&lang=it&d=indeed&LAC=quantasystem","REGULATORY AFFAIRS SPECIALIST","Quanta System S.p.A.","Samarate, LOM, IT","2026-08-07","","","","","","",True,"","","","","**CHI SIAMO**

 **Quanta System** è un’azienda 100% italiana che dal **1985** offre al mercato globale tecnologie laser per la **chirurgia**, per la **medicina estetica** e per il recupero di opere d’arte.


Il nostro obiettivo primario è quello di aumentare il nostro impatto positivo sul mondo attraverso più di 30\.000 laser installati in 150 paesi.


Siamo un'azienda produttrice di **tecnologia laser d’eccellenza**, innoviamo per **migliorare la qualità della vita delle persone** con una convinzione costante: creare nuove prospettive per le generazioni future evolvendo con le nostre attitudini più profonde.

**Perché c'è sempre un modo per migliorare la qualità della vita. E questo modo trova le sue risposte nelle nostre azioni quotidiane.**

  

La nostra azienda è in continua crescita, in evoluzione costante non solo nella ricerca di innovazione ma soprattutto di **Persone** e di **Talenti** che si **uniscano al nostro percorso**.


Aspiriamo ad avere una concreta influenza positiva sull'ambiente e la società attraverso un impegno costante alla **sostenibilità** e alla **responsabilità sociale**.


Siamo fermi sostenitori di rapporti interpersonali basati sul **rispetto** e sull’**ascolto** **reciproco**, tra persone che sanno fare leva sulla creatività per la ricerca di soluzioni che possano esprimere la diversità ed eccellenze di ognuno.

 **Policy sulla Diversity, Equity \& Inclusion**

Quanta System e il Gruppo El.En. sono impegnate a garantire un ambiente di lavoro positivo, costruttivo e dinamico che supporti l’eterogeneità delle persone e dei loro talenti, opinioni e vedute, garantendo a tutti pari opportunità sulla base dei principi dell’imparzialità. Quanta System e il Gruppo El.En. si impegnano ad evitare qualsiasi forma di discriminazione.

  

  

**Posizione:**
--------------

Siamo alla ricerca di un/a **Regulatory Affairs Specialist** da inserire nel team **Regulatory, Clinical \& Medical Affairs**, che contribuirà alla gestione delle registrazioni a livello globale di laser medicali, fibre ottiche e relativi accessori.

 **RESPONSABILITÀ PRINCIPALI:**


in questo ruolo, supporterai il team nelle seguenti attività:

* Contribuire alle registrazioni internazionali di laser medicali, fibre ottiche e relativi accessori;
* Supportare la definizione delle strategie regolatorie per i progetti assegnati, in collaborazione con i membri più senior del team;
* Preparare documentazione e dossier regolatori;
* Supportare le comunicazioni con Autorità Regolatorie e Partner Regolatori, come distributori e consulenti;
* Supportare il processo di revisione, rispondendo alle richieste dei revisori e contribuendo alla chiusura di eventuali gap;
* Contribuire alle attività post\-approvazione, come modifiche di design, aggiornamenti della configurazione prodotto e archiviazione delle licenze;
* Preparare comunicazioni periodiche da inviare alle Autorità internazionali per il mantenimento delle registrazioni;
* Supportare la digitalizzazione dei processi regolatori, contribuendo allo sviluppo di sistemi elettronici di gestione documentale;
* Contribuire alla valutazione dell’impatto regolatorio delle modifiche di design, supportando eventuali notifiche agli enti di certificazione e agli organismi regolatori, oltre a possibili aggiornamenti delle licenze;
* Partecipare alle ispezioni relative ad aspetti regolatori.

**Requisiti:**
--------------

**CHI STIAMO CERCANDO**

  

* Laurea in discipline scientifiche;
* Almeno 2 anni di esperienza in ambito Regulatory Affairs, preferibilmente nel settore dei dispositivi medici. L’esperienza su registrazioni internazionali sarà considerata un plus;
* Ottima conoscenza della lingua italiana e inglese;
* Buone capacità di collaborazione e lavoro in team;
* Buona autonomia nella gestione delle attività assegnate;
* Interesse a lavorare in un contesto internazionale e multiculturale;
* Curiosità, proattività e motivazione ad affrontare nuove sfide.

 **Competenze tecniche richieste:**

  

* Esperienza o buona esposizione alla documentazione tecnica di prodotto e alle sottomissioni extra\-europee;
* Conoscenza delle normative applicabili ai dispositivi medici (MDD, MDR, 21 CFR 803\-806\-820, 21 CFR Ch. I Subpart J, MDSAP, ISO 13485\);
* Familiarità con gli standard ISO 10993, ISO 14971 e con i principi di applicazione di standard tecnici come IEC 60601\-1, IEC 60601\-1\-2, IEC 62304, IEC 62366;
* Esperienza o esposizione a interazioni con Organismi Notificati e Autorità Competenti sarà considerata un plus;
* Conoscenza di base del metodo eSTAR per le sottomissioni 510(k), cioè la notifica pre\-commercializzazione alla FDA, sarà considerata un plus;
* Familiarità con attività di pulizia, disinfezione, sterilizzazione e ricondizionamento dei dispositivi medici sarà considerata un plus.

**Altre informazioni:**
-----------------------

**Cosa offriamo?**

  

* La retribuzione annua lorda minima garantita è pari a 31\.000€.
* Ticket Restaurant
* Spazio Wellness Aziendale con palestra
* Orario Flessibile
* Possibilità di Smart Working per 2 giorni alla settimana","","https://it.indeed.com/cmp/Quanta-System-S.p.a.","","","","","","","","","","","","","medical affairs"
"li-4432551277","linkedin","https://www.linkedin.com/jobs/view/4432551277","","Drug Safety Officer","ACS DOBFAR","Agrate Brianza, Lombardy, Italy","2026-08-19","","","","","","",False,"","","","","","","https://it.linkedin.com/company/acs-dobfar","","","","","","","","","","","","","medical affairs"
"li-4450640353","linkedin","https://www.linkedin.com/jobs/view/4450640353","","Senior Market Access Manager","PharmaLex","Milan, Lombardy, Italy","2026-08-18","","","","","","",False,"","","","","","","https://de.linkedin.com/company/cencorapharmalex","","","","","","","","","","","","","medical affairs"
"li-4456341416","linkedin","https://www.linkedin.com/jobs/view/4456341416","","CRA I - Milan Area","Fortrea","Milan, Lombardy, Italy","2026-08-19","","","","","","",False,"","","","","","","https://www.linkedin.com/company/fortrea","","","","","","","","","","","","","medical advisor"
"li-4452242952","linkedin","https://www.linkedin.com/jobs/view/4452242952","","Regulatory Affairs Manager - Extra EU - Fitofarmaci/Agrofarmaci","Hays","","2026-08-18","","","","","","",False,"","","","","","","https://uk.linkedin.com/company/hays","","","","","","","","","","","","","medical advisor"
"li-4455848460","linkedin","https://www.linkedin.com/jobs/view/4455848460","","Regulatory Affairs Manager","MEDSPA Srl","Milan, Lombardy, Italy","","","","","","","",False,"","","","","","","https://it.linkedin.com/company/medspa-srl","","","","","","","","","","","","","medical advisor"
"in-89b79d892748addc","indeed","https://it.indeed.com/viewjob?jk=89b79d892748addc","https://careers.intuitive.com/en/jobs/744000144759258/JOB217600/da-vinci-clinical-territory-associate/","da Vinci Clinical Territory Associate","Intuitive (Intuitive Surgical)","Bergamo, LOM, IT","2026-08-21","","","","","","",True,"","","","","* Bergamo, Lombardy, Italy
* Remote Available
* Sales
* JOB217600


  
### **Company Description**


It started with a simple idea: what if surgery could be less invasive and recovery less painful? Nearly 30 years later, that question still fuels everything we do at **Intuitive**. As a global leader in **robotic\-assisted surgery** and **minimally invasive care**, our technologies—like the **da Vinci surgical system** and **Ion**—have transformed how care is delivered for millions of patients worldwide.


We’re a team of engineers, clinicians, and innovators united by one purpose: to make surgery smarter, safer, and more human. Every day, our work helps care teams perform with greater precision and patients recover faster, improving outcomes around the world.


The problems we solve demand creativity, rigor, and collaboration. The work is challenging, but deeply meaningful—because every improvement we make has the potential to change a life.


If you’re ready to contribute to something bigger than yourself and help **transform the future of healthcare**, you’ll find your purpose here.


### **Job Description**


At Intuitive, we are united behind our mission: we believe that minimally invasive care is life\-enhancing care. Through ingenuity and intelligent technology, we expand the potential of physicians to heal without constraints.


As a pioneer and market leader in robotic\-assisted surgery, we strive to foster an inclusive and diverse team, committed to making a difference. For more than 25 years, we have worked with hospitals and care teams around the world to help solve some of healthcare’s hardest challenges and advance what is possible.


Intuitive has been built by the efforts of great people from diverse backgrounds. We believe great ideas can come from anywhere—we strive to foster an inclusive culture built around diversity of thought and mutual respect. We lead with inclusion and empower our team members to do their best work as their most authentic selves.


Passionate people who want to make a difference drive our culture—our team members are grounded in integrity, have a strong capacity to learn, the energy to get things done, and bring diverse, real\-world experiences to help us think in new ways. We actively invest in our team members to support their long\-term growth so they can continue to advance our mission and achieve their highest potential.


Join a team committed to taking big leaps forward for a global community of healthcare professionals and their patients. Together, let’s advance the world of minimally invasive care.


**Primary Function of Position:**


The Clinical Territory Associate (CTA) will work closely with the Clinical Sales Manager to gain knowledge in all aspects of our business to include technical, clinical, and sales. He or She will train to be a da Vinci® Surgery technical and sales expert across all primary surgical specialties to develop surgical robotics programs in the assigned territory. During the first year of the job, the CTA will focus on the technical and clinical aspect of the job, and during the second year of the job, the CTA will progress and begin to focus on the sales aspect of the job. The CTA will have the opportunity to support a specific region by maximizing the utilization of installed da Vinci® Surgical Systems by leading product demonstrations/in\-services and sales activities.


This position is a developmental role and requires high commitment.


**Roles and Responsibilities:**


* Case Support \-Be a resource to the surgical team by providing guidance, insight, and training on the use of the da Vinci® Surgical System.
* Product Demonstrations/In\-Services\- Lead all technical in\-services for customers to include OR staff, surgeons, etc.
* Selling Activities\- Contribute to Clinical Sales Manager team quarterly sales goals by helping influence behavior change in customers such as product demonstrations/in\- services, OR selling activities, and customer support trainings.
* Customer Support \- Support and or coordinate, under the direction of the local sales management team, regional sales and marketing development events that create system awareness and procedure adoption through product demonstrations/in\-services and selling activities.
* Administrative Duties\- Responsibly manage administrative tasks: reporting of sales/procedures, outcomes of sales activities, submission of expense reports, and assigned ISU on\-line modules using company required software systems.
* Act as a Medical Device Consultant, after appropriate training, as per legal requirement and provide guidance, insight, and support in the proper handling of Intuitive medical devices.

### **Qualifications**


**Required Knowledge, Skills, and Experience:**


* Bachelor’s degree required.
* Minimum 1 year sales experience or 1 year leadership experience.
* Fluent in English and local language as required.
* Ambition and strong work ethic.
* Ability to excel in a high\-energy, fast\-paced environment.
* Excellent interpersonal skills and persuasive communication skills.
* Proven ability to work effectively as part of a team.
* Ability to travel up to 70%.

**Preferred Knowledge, Skills, and Experience:**


* Sales degree a plus.

### **Additional Information**


Intuitive is an Equal Employment Opportunity Employer. We provide equal employment opportunities to all qualified applicants and employees, and prohibit discrimination and harassment of any type, without regard to race, sex, pregnancy, sexual orientation, gender identity, national origin, color, age, religion, protected veteran or disability status, genetic information or any other status protected under federal, state, or local applicable laws.


We will consider for employment qualified applicants with arrest and conviction records in accordance with fair chance laws.


U.S. Export Controls Disclaimer: In accordance with the U.S. Export Administration Regulations (15 CFR §743\.13(b)), some roles at Intuitive Surgical may be subject to U.S. export controls for prospective employees who are nationals from countries currently on embargo or sanctions status.


Certain information you provide as part of the application will be used for purposes of determining whether Intuitive Surgical will need to (i) obtain an export license from the U.S. Government on your behalf (note: the government’s licensing process can take 3 to 6\+ months) or (ii) implement a Technology Control Plan (“TCP”) (note: typically adds 2 weeks to the hiring process).


For any Intuitive role subject to export controls, final offers are contingent upon obtaining an approved export license and/or an executed TCP prior to the prospective employee’s start date, which may or may not be flexible, and within a timeframe that does not unreasonably impede the hiring need. If applicable, candidates will be notified and instructed on any requirements for these purposes.


This position may be filled at a different job level than listed here depending on
  

business need and/or on the selected candidate’s experience, knowledge and skills.
  

Compensation will be based primarily on the job level at which the role is filled and the
  

candidate’s qualifications, consistent with applicable law.","","https://it.indeed.com/cmp/Intuitive-(intuitive-Surgical)","https://d2q79iu7y748jz.cloudfront.net/s/_squarelogo/256x256/309d44d6acb28b9c67459ac5c20e4274","","","Decline to state","Decline to state","At Intuitive, we believe that minimally invasive care is life-enhancing care. Through ingenuity and intelligent technology, we expand the potential of physicians to heal without constraints.","","","","","","","medical manager"
"in-53cf95b90611ab1e","indeed","https://it.indeed.com/viewjob?jk=53cf95b90611ab1e","https://autodesk.wd1.myworkdayjobs.com/en-US/Ext/job/Milano-ITA/Pre-Sales-Technical-Specialist---Design-and-Manufacturing---Italy_26WD100518-1","Pre-Sales Technical Specialist – Design and Manufacturing - Italy","Autodesk","Milano, LOM, IT","2026-08-18","fulltime","","","","","",False,"","","","","**Job Requisition ID \#**


26WD100518**Job Description**


We are looking for a **Pre\-Sales Technical Solutions Engineer –** **Design and Manufacturing.** You are an individual who embraces new ideas and challenges the status quo. If you are passionate about technology, skilled at translating customer needs into workflows, and possess Autodesk product and domain knowledge in PDM/PLM, this role will excite you. You are open to learning and staying informed about product and industry changes and enjoy collaborating within teams.


We offer leading products, meaningful work, trusted relationships with innovative customers, flexible working arrangements, continuous learning opportunities, competitive compensation and benefits package, and strong opportunities for personal and professional growth at a global software company, helping shape the future of design and manufacturing.


In this hybrid environment role, reporting to the Senior Manager, Technical Sales South Europe, you will collaborate with Autodesk Sales teams and Channel Partners in the South Europe Region in a pre\-sales capacity. You will use your practical skills and technical vision to showcase the value of Autodesk solutions.

**Responsibilities**

* You will understand and discover customer needs, providing Autodesk solution advice to address them
* You will deliver technical demonstrations and presentations at customer\-facing events, meetings, and webinars
* You will contribute to commercial proposals
* You will provide feedback to Product teams to enhance Autodesk solutions
* You will develop technical content for use in pre\-sales activities and sales automation
* You will support Channel Partners in understanding and promoting Autodesk solutions
* You will build an industry profile as a recognized technical expert and advocate for Autodesk solutions

**Minimum Qualifications**

* You have professional experience in manufacturing, mechanical engineering, industrial engineering, product development, automotive, aerospace, medical technology, metal fabrication, materials science, or related field
* You have deep knowledge of 3D CAD, PDM and/or PLM solutions
* You have a deep understanding of manufacturing workflows and business processes
* You have experience in PDM/PLM solutions, with a good understanding of on\-premises and cloud\-based PDM/PLM solutions
* You have excellent communication, presentation, and facilitation skills for executive meetings, workshops, conferences, trade fairs, webinars, and customer\-facing demonstrations
* You demonstrate technical curiosity and a continuous improvement mindset
* You have business fluency in Italian and English, both spoken and written
* You can travel within Italy, with occasional travel to other global locations


**Preferred Qualifications**

* Experience with Autodesk products such as Vault, Vault PLM, Inventor, Fusion Manage
* Integrations between PDM, PLM, ERP, CAD, and other enterprise systems
* Experience supporting complex enterprise sales cycles, solution architecture discussions, workflow design, pilots, or proof\-of\-value engagements
* Knowledge of manufacturing industries such as machinery, industrial equipment, automotive, aerospace, consumer products, or medical devices
* Familiarity with competitive Design and/or PDM/PLM platforms
* Proficiency in Spanish, French and Portuguese languages is beneficial


\#LI\-MM2

**About Autodesk**


Welcome to Autodesk! Amazing things are created every day with our software – from the greenest buildings and cleanest cars to the smartest factories and biggest hit movies. We help innovators turn their ideas into reality, transforming not only how things are made, but what can be made.


We take great pride in our culture here at Autodesk – it’s at the core of everything we do. Our culture guides the way we work and treat each other, informs how we connect with customers and partners, and defines how we show up in the world.


When you’re an Autodesker, you can do meaningful work that helps build a better world designed and made for all. Ready to shape the world and your future? Join us!

**Learn More**

**About Autodesk**


Welcome to Autodesk! Amazing things are created every day with our software – from the greenest buildings and cleanest cars to the smartest factories and biggest hit movies. We help innovators turn their ideas into reality, transforming not only how things are made, but what can be made.


We take great pride in our culture here at Autodesk – it’s at the core of everything we do. Our culture guides the way we work and treat each other, informs how we connect with customers and partners, and defines how we show up in the world.


When you’re an Autodesker, you can do meaningful work that helps build a better world designed and made for all. Ready to shape the world and your future? Join us!

**Salary transparency**


Salary is one part of Autodesk’s competitive compensation package. For Italy based sales roles, we expect a starting On\-Target Earnings (OTE) between 60,750 EUR and 89,100 EUR. OTE is comprised of base salary plus commission target for sales roles. Offers are based on the candidate’s experience and geographic location and may exceed this range. In addition to base salaries, our compensation package may include annual cash bonuses, commissions for sales roles, stock grants, and a comprehensive benefits package.**Sales Careers**


Working in sales at Autodesk allows you to build meaningful relationships with customers while growing your career. Join us and help make a better, more sustainable world. Learn more here: https://www.autodesk.com/careers/sales

 **Belonging**  

We take pride in cultivating a culture of belonging where everyone can thrive. Learn more here: **https://www.autodesk.com/company/global\-belonging**

 **In\-Person Onboarding and Identity Verification**


This role may require in\-person onboarding and/or in\-person ID verification.

**Are you an existing contractor or consultant with Autodesk?**

Please search for open jobs and apply internally (not on this external site).","","https://it.indeed.com/cmp/Autodesk","https://d2q79iu7y748jz.cloudfront.net/s/_squarelogo/256x256/91a7caf3e4963939016a1f0cb1cb6552","https://www.autodesk.com/careers/overview?mktvar002=5490276%7CPDS%7C","San Francisco, CA","10,000+","$5B to $10B (USD)","At Autodesk, we believe that when you have the right tools to work and think flexibly you have the power to transform what actually needs making. The power to design and make a better world for all.","","","","","","","medical manager"
"li-4445714721","linkedin","https://www.linkedin.com/jobs/view/4445714721","","Project Manager R&D Medical Devices","Air Liquide Medical Systems","Bovezzo, Lombardy, Italy","2026-08-19","","","","","","",False,"","","","","","","https://fr.linkedin.com/company/air-liquide-medical-systems","","","","","","","","","","","","","medical manager"
"li-4386883470","linkedin","https://www.linkedin.com/jobs/view/4386883470","","Sales Specialist – Tender Medical Devices","Dräger","Corsico, Lombardy, Italy","2026-08-22","","","","","","",False,"","","","","","","https://de.linkedin.com/company/draeger","","","","","","","","","","","","","regional medical advisor"
"in-313847a4cc7a4e30","indeed","https://it.indeed.com/viewjob?jk=313847a4cc7a4e30","https://medtronic.wd1.myworkdayjobs.com/en-US/MedtronicCareers/job/Milano-Lombardia-Italy/Assoc-Marketing-Specialist_R71726-1","Assoc Marketing Specialist","Medtronic","Milano, LOM, IT","2026-08-19","fulltime","","","","","",True,"","","","AskHR@medtronic.com","Careers that change lives start here. Medtronic is a global leader in healthcare technology with a Mission to alleviate pain, restore health, and extend life. Our 95,000 employees work across more than 150 countries to put patients first — developing innovative medical technologies that improve the lives of 72\+ million patients each year. Your unique talents will help shape the future of healthcare while building a career grounded in purpose, growth, and impact.


**A Day in the Life**
=====================

the position is included in the marketing team of OU endoscopy. the activities concern the support and organization of marketing activities in Italy (events, sponsorships, training and any other activity related to marketing.) The activity can be carried out remotely since no member of the Italian team is present in the office.
Responsibilities may include the following and other duties may be assigned.


* Directs the development of company market requirements for specific product(s) or product line(s).
* Leads and coordinates product planning, product launches, product management, market development and market research activities.
* Interacts directly with product managers to identify new marketing opportunities.
* Works individually or with a team in recommending action, scheduling and planning projects, estimating cost and managing projects to completion.
* Identifies unmet customer requirements and new business opportunities and provides vision and focus to move products from idea to market place.
* Facilitates and coordinates marketing activities with geographic areas to increase teamwork and build partnerships.
* Responsibilities may also include: coordinating trade show activities, website development, developing future e\-commerce strategies, and tracking of marketing campaigns to evaluate results and provide recommendations for future marketing promotions.

**SPECIALIST CAREER STREAM:** Typically an individual contributor with responsibility in a professional discipline or specialty. Delivers and/or manages projects assigned and works with other stakeholders to achieve desired results. May act as a mentor to colleagues or may direct the work of other lower level professionals. The majority of time is spent delivering and overseeing the projects – from design to implementation \- while and adhering to policies, using specialized knowledge and skills normally acquired through advanced education.


**DIFFERENTIATING FACTORS**

**Autonomy:** Entry\-level individual contributor on a project or work team. Works with close supervision.


**Organizational Impact:** Delivers work of limited scope, typically smaller, less complex projects or related activities.


**Innovation and Complexity:** Identifies, defines and addresses problems that are not immediately evident but typically not difficult or complex. Makes minor changes in systems and processes to solve problems .


**Communication and Influence:** Communicates primarily with internal contacts within immediate group. Contacts others to gather, confirm and convey information.


**Leadership and Talent Management:** N / A – job at this level is focused on self\-development .


**Required Knowledge and Experience:** Requires broad theoretical job knowledge typically obtained through advanced education. Requires a Baccalaureate degree (or for degrees earned outside of the United States, a degree which satisfies the requirements of 8 C.F.R. § 214\.2(h)( 4\)(iii)(A), 0 years of experience required.  



**Physical Job Requirements**  

  

The above statements are intended to describe the general nature and level of work being performed by employees assigned to this position, but they are not an exhaustive list of all the required responsibilities and skills of this position.
‌


**Recruitment Fraud Alert**

We are aware of phishing scams targeting job seekers. Please keep the following in mind:  



  

Apply only through official Medtronic channels. All legitimate Medtronic recruiting communications come from approved Medtronic platforms and official @medtronic.com email addresses.  



  

Medtronic will never ask for payment or sensitive personal information (such as bank account or Social Security details) during early stages of the hiring process. Any such requests are not legitimate.  



  

If you receive a suspicious message claiming to be from Medtronic, do not respond, click links, or open attachments.  



  

If you have any questions, concerns regarding the authenticity of a communication alleged to have been made by or on behalf of Medtronic, please contact us immediately at AskHR@medtronic.com .
‌  



**Benefits \& Compensation**
============================

**Medtronic offers a competitive Salary and flexible Benefits Package**  

A commitment to our employees lives at the core of our values. We recognize their contributions. They share in the success they help to create. We offer a wide range of benefits, resources, and competitive compensation plans designed to support you at every career and life stage.  

  



Pay range / Rango salarial / Intervalo salarial /Fascia retributiva / Tranche de salaire / Gehaltsband / Salaribereik: Italy: 33,440\.00 EUR \- 50,160\.00 EUR \|","","https://it.indeed.com/cmp/Medtronic","https://d2q79iu7y748jz.cloudfront.net/s/_squarelogo/256x256/78828b704431b1c10caa524c081f9932","http://www.medtronic.com/","","10,000+","more than $10B (USD)","CAREERS THAT CHANGE LIVES Do meaningful work, make a difference, and improve lives.","","","","","","","medical information"
"li-4455596839","linkedin","https://www.linkedin.com/jobs/view/4455596839","","Senior Director / Executive Director Medical Writing","PrimeVigilance","Milan, Lombardy, Italy","2026-08-18","","","","","","",False,"","","","","","","https://uk.linkedin.com/company/primevigilance-ltd","","","","","","","","","","","","","medical information"
"li-4419185454","linkedin","https://www.linkedin.com/jobs/view/4419185454","","Regulatory Affairs Analyst (f/m/d)","Axpo Group","Milan, Lombardy, Italy","2026-08-22","","","","","","",False,"","","","","","","https://ch.linkedin.com/company/axpo-group","","","","","","","","","","","","","scientific affairs"
"in-a2a75f56481ec196","indeed","https://it.indeed.com/viewjob?jk=a2a75f56481ec196","https://sinclair.teamtailor.com/jobs/8242884-global-import-export-expert","Global Import/Export Expert","SINCLAIR","Monza, LOM, IT","2026-08-19","","","","","","",False,"","","","","**Sinclair is Hiring! Join Our Team as a** **Global Import/Export Expert**

We are currently recruiting for **Global Import/Export Expert**at our office in **Italy**.


As the Global Import/Export Expert at Sinclair, you will own end\-to\-end customs logistics management, compliance and cross\-border trade operations for our global supply chain. You will ensure all 3PL and forwarder management and and medical devices adhere to international trade laws, customs regulations, sanctions, and industry\-specific requirements (e.g., GDP, FDA, CE, and local health authority rules). You will act as the subject\-matter expert for customs, tariff classification, documentation, risk mitigation, and cross\-functional coordination across Europe, Asia, Africa, and the Middle East.

**About Sinclair**


Founded in 1971, Sinclair is a global medical aesthetics organisation, that delivers an extensive product range. With an in\-house commercial infrastructure, including manufacturing and a network of distributors in leading global markets, our products are sold in 55 countries worldwide.


This is a great time to join Sinclair as we continue to increase our product range and expand into new markets and territories.

##### **Sinclair Values:**


**Act with Integrity** Consistently doing the right thing even when it’s the hard choice; 100% Compliance with all rules, standard operating procedures and guidelines  

**Results\-Driven** Make a business impact in all you do, whether sales, efficiency, operational excellence; it should make a meaningful impact  

**Innovation\-Centered** Redefining Aesthetics, we must be pioneering in how we do business; this can be in products, in service models, or strategy


**Own It!** Be Accountable for your decisions, actions and consequences; Be Reliable to your customers and colleagues

##### **What You'll Be Doing:**

**1\. Customs Compliance \& Regulatory Adherence**


Ensure full compliance with all local and international customs laws, trade regulations, sanctions, export controls, and restrictions across all markets.


Acquire expert‑level knowledge and apply the REX account.


Perform accurate HS code / tariff classification, origin determination, and customs valuation for all pharmaceutical and medical device products.


Monitor and interpret regulatory changes (e., EU VAT, EX1, EORI, REX, Free Trade Agreements) and update processes to maintain compliance.


Manage sanctions and restricted\-party screening for all cross\-border transactions.

**2\. Import/Export Operations \& Documentation**


Prepare, review, and validate all customs and shipping documentation: commercial invoices, packing lists, bills of lading, certificates of origin, customs declarations, permits, and health authority documentation.


Coordinate with freight forwarders, customs brokers, 4PL partners, and warehouse teams to ensure timely and accurate customs clearance.


Manage import/export processes.


Track shipments, resolve clearance delays, customs holds, inspections, and compliance discrepancies.

**3\.Risk Management \& Internal Controls**


Identify, assess, and mitigate trade and customs risks; develop preventive and corrective actions.


Conduct internal compliance audits and maintain complete records for external audits.


Establish and update SOPs for customs and trade compliance.


Maintain accurate compliance databases (HS codes, product master data, country regulations).

**4\. warehouse and forwarder management.**


Oversee daily performance management of 3PL warehouse providers and freight forwarders, monitor KPIs including OTIF, inventory accuracy, receiving \& outbound efficiency, operation cost.


Negotiate logistics service agreements, cost rates and SLA terms with warehouse operators and forwarders, drive continuous cost optimization.


Lead regular business review meetings with logistics vendors, track action plans for deviation issues, resolve operational bottlenecks.


Manage end\-to\-end shipment execution covering sea, air and road transport; coordinate customs clearance, cross\-border transportation for international shipments.Your skills and experience

**Required Qualifications \& Skills**

**Education**

* Bachelor’s degree in Supply Chain, International Business, Logistics, Customs Administration, or related field.

**Experience**

* 5 \-8 years of experience in import/export operations and customs compliance, global logistics and warehouse management
* Direct experience in pharmaceutical / medical device / aesthetic industry is required
* Knowledge of GDP, CE, FDA, and international health regulations is essential

**Technical Knowledge**

* Expert in global customs regulations, tariff classification (HS/HTS), export controls, sanctions.
* Familiarity with EU customs (EX1, EORI, VAT), Middle East \& African customs rules.
* Experience with warehouses operation, 3PL\&forwarder management, import \&export management
* Working knowledge of ERP systems (SAP, Oracle, or similar) and logistics compliance tools.

**Language \& Soft Skills**

* Fluent in English (written \& spoken);
* Excellent attention to detail, accuracy, and organizational skills
* Strong cross\-functional communication and problem\-solving abilities
* Ability to work in a fast\-paced, global, cross\-cultural environment

**We have a real focus on developing our people, and by fostering an entrepreneurial culture, we encourage flexibility, accountability and autonomy. The company is full of opportunity for those who wish to grasp it. Our people thrive on engagement, development and a varied workload. You will often be included in projects that require you to collaborate cross\-functionally.**


This is an exciting opportunity to join a successful company, with big ambitions for the future.


If this sounds like you and you meet the requirements, please apply, we would love to hear from you.


Please note if we receive a high volume of applications, we may close the role before the closing","","https://it.indeed.com/cmp/Sinclair","","","","","","","","","","","","","medical communication"
"in-7e327873d22ba7d9","indeed","https://it.indeed.com/viewjob?jk=7e327873d22ba7d9","https://careers-kyowa-kirin.icims.com/jobs/3253/head-of-portfolio-strategy---italy/job","Head of Portfolio Strategy - Italy","Kyowa Kirin International","Milano, LOM, IT","2026-08-23","fulltime","","","","","",False,"","","","","**Overview**
------------

Head of Portfolio Strategy
at Kyowa Kirin International plc
Milan, Italy **WE PUSH THE BOUNDARIES OF MEDICINE.**  

**LEAPING FORWARD TO MAKE PEOPLE SMILE**  

At Kyowa Kirin International (KKI), our purpose is to make people smile. This means more than drug discovery and development; it is about embedding care into everything we do to make a difference every day for those that need it most. We’re an inclusive pharmaceutical company that takes time to understand what really matters to our patients, their families, and their healthcare professionals, helping our people to take bold actions that deliver life\-changing solutions sooner. Our culture is rooted in our values: Teamwork, Commitment to Life, Innovation, and Integrity. They help us to push boundaries to deliver extraordinary impact and make KKI a brilliant place to work. **Job Purpose**
The role owns the EMEA portfolio strategy and portfolio maximisation agenda and serves as the primary advisor to EMEA leadership on portfolio priorities, investment trade\-offs, growth opportunities and long\-term portfolio evolution. The role shapes recommendations for executive decision making across current, pipeline and external portfolio opportunities and drives alignment between EMEA and Global on future growth priorities
**Responsibilities**
--------------------

**Key Responsibilities:*** Partner with Franchise, Finance, Market Access and Global teams to lead enterprise\-level portfolio assessments and develop strategic recommendations that inform portfolio investment priorities, pipeline prioritization and long\-term portfolio evolution across EMEA
* With Global, lead strategic assessment of external opportunities, including partnerships and licensing opportunities providing recommendations on portfolio fit, value creation potential, and prioritisation
* Lead regional new product planning activities for priority pipeline assets, ensuring EMEA market needs, evidence requirements and commercial considerations are reflected in asset development and commercialisation strategies
* Serve as the primary EMEA strategic interface for priority pipeline assets, influencing Global asset strategies through regional insights, requirements and commercialization perspectives
* Act as a strategic advisor to EMEA leadership and Global stakeholders on portfolio strategy, investment priorities, growth opportunities and portfolio maximisation decisions
* Lead portfolio governance processes and decision forums, developing strategic recommendations and ensuring executive decisions are informed by robust analysis, strategic trade\-offs, transparent evaluation criteria and an enterprise\-wide perspective


**Qualifications**
------------------

**Position Requirements*** Bachelor's degree or Master's in Business, Life Sciences, Healthcare, Economics, or a related field
* Significant experience in the pharmaceutical, biotechnology, or healthcare industry
* Demonstrated experience in portfolio strategy, strategic planning, business development, or related disciplines, with the ability to evaluate growth opportunities, investment trade\-offs, and long\-term portfolio evolution
* Strong understanding of the pharmaceutical product lifecycle, including asset development, evidence generation, commercialisation, market access, and new product planning
* Proven ability to lead cross\-functional initiatives and influence stakeholders in a matrix organisation
* Experience working across Global, regional, and local market organisations
* Strong strategic thinking, analytical capability, and business acumen
* Ability to translate market insights into portfolio recommendations while balancing strategic, commercial, and patient value considerations

  

€115,000\-172,000 *Kyowa Kirin International is an equal opportunities employer.*  

No agencies please.","","https://it.indeed.com/cmp/Kyowa-Kirin-International","","","","Decline to state","Decline to state","","","","","","","","evidence generation"
"in-8870b68ac0799791","indeed","https://it.indeed.com/viewjob?jk=8870b68ac0799791","https://jsv3.recruitics.com/redirect?rx_cid=3436&rx_jobId=R-01364312_1007&rx_url=https%3A%2F%2Fjobs.thermofisher.com%2Fglobal%2Fen%2Fjob%2FR-01364312%2FSenior-Project-Manager-Neuroscience%3Frx_a%3D0%26rx_c%3D%26rx_ch%3Djobp4p%26rx_group%3D123525%26rx_id%3D7a5d5562-9dc0-11f1-8729-537ee67b0250%26rx_job%3DR-01364312_1007%26rx_medium%3Dcpc%26rx_r%3Dnone%26rx_source%3Dindeed%26rx_ts%3D20260825T060458Z%26rx_vp%3Dcpc%26utm_medium%3Dppc%26utm_source%3Drecruitics_indeedorganic","(Senior) Project Manager Neuroscience","Thermo Fisher Scientific","Milano, LOM, IT","2026-08-21","fulltime","","","","","",False,"","","","","**Work Schedule**


Standard (Mon\-Fri)**Environmental Conditions**


Office**Job Description**


Join Us as a Project Manager \- Make an Impact at the Forefront of Innovation


At Thermo Fisher Scientific, you’ll discover meaningful work that makes a positive impact on a global scale. Join our colleagues in bringing our Mission to life \- enabling our customers to make the world healthier, cleaner and safer. We provide our teams with the resources needed to achieve individual career goals while taking science a step beyond through research, development and delivery of life\-changing therapies. With clinical trials conducted in 100\+ countries and ongoing development of novel frameworks for clinical research through our PPD clinical research portfolio, our work spans laboratory, digital and decentralized clinical trial services. Your determination to deliver quality and accuracy will improve health outcomes that people and communities depend on – now and in the future.

  

Our Project Delivery colleagues within our PPD® clinical research services direct, coordinate and lead the technical and operational aspects of projects, securing the successful completion of clinical trials. This includes collaborating with functional area leads to identify and evaluate fundamental issues on the project and to ensure that solutions are implemented. Project Delivery is vital to helping our customers deliver life\-changing therapies.

  

We have a vacancies for **(Senior) Project Managers** in our **Neuroscience** Team in the EMEA region.


Ideally we seek indication experience in the following areas for these roles (please note in your application your experience in any of the following):

**Rare Disease:** **Myasthenia Gravis, Huntington's, ALS, DMD, CIDP, DM1 (myotonic dystrophy) and FSHD \-** ***CAR\-T experience***

**Ophthalmology:** **General ophthalmology, Diabetic Macular Edema \& Geographic Atrophy**  

**Sleep, Epilepsy and psychiatry**

**Migraine**

**Discover Impactful Work:**  

Serves as the Project Lead and primary sponsor contact. Accountable for the overall delivery of the project (quality, time, cost) on behalf of the organization. Establishes and communicates customer expectations to the project team. Leads the cross functional project team to meet or exceed deliverables.

**A day in the Life:**

* Is the primary contact between the sponsor and the organization at the project level.
* Ensures escalation pathways adhered to internally and externally (Rules of Engagement – communication pathways).
* On projects where the scope requires, ensures clear delineation in responsibilities and communication pathways for secondary project leads (such as lead in a specific region, lead for a specific vendor(s) or subset of delivery).
* Ensures financial stewardship at a project level by demonstrating an intimate understanding of the contract, resource alignment to budget, management of Out of Scope activity, drive the Con Mod process/negotiations and team execution to timelines.
* Establishes, communicates and manages the sponsor to achieve optimal delivery during the project
* Drives Risk Identification and Issue Resolution at project level (RBQM/RESOLVE).
* Ensures project team compliance with organization policies, SOPs, ICH\- GCP, regulatory and project specific requirements.

**Keys to Success:**  

**Education**

* Bachelor's degree or equivalent and relevant formal academic / vocational qualification
* Previous experience that provides the knowledge, skills, and abilities to perform the job (comparable to 8\+ years’).
* Experience in Neuroscience studies, specifically in the list of indications above)


In some cases an equivalency, consisting of a combination of appropriate education, training and/or directly related experience, will be considered sufficient for an individual to meet the requirements of the role.

**Knowledge, Skills, Abilities**

* Technical and systems competency, such as computer skills, to include effective use of systems and applications such as Microsoft Outlook, Word, Excel and PowerPoint, as well as organization systems (CTMS, Preclarus, Clarity)
* Ability to delegate and effectively prioritize own and workload of project team members in a frequently changing environment
* Effective oral and written communication and presentation skills
* Proactive, solutions oriented and adaptable to changing priorities and situations
* Advanced therapeutic area knowledge and clinical development guidelines and directives
* Strong understanding of the key principles of project management (time, quality, cost), including solid financial acumen
* Sound interpersonal and customer service skills, including the ability to lead, motivate and coordinate cross\-functional project teams
* Good judgment and decision\-making skills and capable of applying critical and analytical skills to manage complex/ambiguous situations
* Ability to negotiate, persuade and influence others, including a cross\-cultural awareness


Our Mission is to enable our customers to make the world healthier, cleaner and safer. Watch as our colleagues explain 5 reasons to work with us. As one team of 100,000\+ colleagues, we share a common set of values \- Integrity, Intensity, Innovation and Involvement \- working together to accelerate research, solve complex scientific challenges, drive technological innovation and support patients in need. \#StartYourStory with PPD, part of Thermo Fisher Scientific, where diverse experiences, backgrounds and perspectives are valued.  

Apply today! http://jobs.thermofisher.com


At Thermo Fisher Scientific, you’ll discover meaningful work that makes a positive impact on a global scale. Join our colleagues in bringing our Mission to life \- enabling our customers to make the world healthier, cleaner and safer. We provide our teams with the resources needed to achieve individual career goals while taking science a step beyond through research, development and delivery of life\-changing therapies. With clinical trials conducted in 100\+ countries and ongoing development of novel frameworks for clinical research through our PPD clinical research portfolio, our work spans laboratory, digital and decentralized clinical trial services. Your determination to deliver quality and accuracy will improve health outcomes that people and communities depend on – now and in the future.

  

Our Project Delivery colleagues within our PPD® clinical research services direct, coordinate and lead the technical and operational aspects of projects, securing the successful completion of clinical trials. This includes collaborating with functional area leads to identify and evaluate fundamental issues on the project and to ensure that solutions are implemented. Project Delivery is vital to helping our customers deliver life\-changing therapies.

  

We have a vacancies for **(Senior) Project Managers** in our **Neuroscience** Team in the EMEA region.


Ideally we seek indication experience in the following areas for these roles (please note in your application your experience in any of the following):

**Rare Disease:** **Myasthenia Gravis, Huntington's, ALS, DMD, CIDP, DM1 (myotonic dystrophy) and FSHD \-** ***CAR\-T experience***

**Ophthalmology:** **General ophthalmology, Diabetic Macular Edema \& Geographic Atrophy**  

**Sleep, Epilepsy and psychiatry**

**Migraine**

**Discover Impactful Work:**  

Serves as the Project Lead and primary sponsor contact. Accountable for the overall delivery of the project (quality, time, cost) on behalf of the organization. Establishes and communicates customer expectations to the project team. Leads the cross functional project team to meet or exceed deliverables.

**A day in the Life:**

* Is the primary contact between the sponsor and the organization at the project level.
* Ensures escalation pathways adhered to internally and externally (Rules of Engagement – communication pathways).
* On projects where the scope requires, ensures clear delineation in responsibilities and communication pathways for secondary project leads (such as lead in a specific region, lead for a specific vendor(s) or subset of delivery).
* Ensures financial stewardship at a project level by demonstrating an intimate understanding of the contract, resource alignment to budget, management of Out of Scope activity, drive the Con Mod process/negotiations and team execution to timelines.
* Establishes, communicates and manages the sponsor to achieve optimal delivery during the project
* Drives Risk Identification and Issue Resolution at project level (RBQM/RESOLVE).
* Ensures project team compliance with organization policies, SOPs, ICH\- GCP, regulatory and project specific requirements.

**Keys to Success:**  

**Education**

* Bachelor's degree or equivalent and relevant formal academic / vocational qualification
* Previous experience that provides the knowledge, skills, and abilities to perform the job (comparable to 8\+ years’).
* Experience in Neuroscience studies, specifically in the list of indications above)


In some cases an equivalency, consisting of a combination of appropriate education, training and/or directly related experience, will be considered sufficient for an individual to meet the requirements of the role.

**Knowledge, Skills, Abilities**

* Technical and systems competency, such as computer skills, to include effective use of systems and applications such as Microsoft Outlook, Word, Excel and PowerPoint, as well as organization systems (CTMS, Preclarus, Clarity)
* Ability to delegate and effectively prioritize own and workload of project team members in a frequently changing environment
* Effective oral and written communication and presentation skills
* Proactive, solutions oriented and adaptable to changing priorities and situations
* Advanced therapeutic area knowledge and clinical development guidelines and directives
* Strong understanding of the key principles of project management (time, quality, cost), including solid financial acumen
* Sound interpersonal and customer service skills, including the ability to lead, motivate and coordinate cross\-functional project teams
* Good judgment and decision\-making skills and capable of applying critical and analytical skills to manage complex/ambiguous situations
* Ability to negotiate, persuade and influence others, including a cross\-cultural awareness


Our Mission is to enable our customers to make the world healthier, cleaner and safer. Watch as our colleagues explain 5 reasons to work with us. As one team of 100,000\+ colleagues, we share a common set of values \- Integrity, Intensity, Innovation and Involvement \- working together to accelerate research, solve complex scientific challenges, drive technological innovation and support patients in need. \#StartYourStory with PPD, part of Thermo Fisher Scientific, where diverse experiences, backgrounds and perspectives are valued.  

Apply today! http://jobs.thermofisher.com","Industrial Manufacturing","https://it.indeed.com/cmp/Thermo-Fisher-Scientific","https://d2q79iu7y748jz.cloudfront.net/s/_squarelogo/256x256/65bd2e4bebb79b1432ac3277ffd57ae7","https://www.thermofisher.com/","168 Third Avenue, Waltham, MA USA 02451","10,000+","more than $10B (USD)","At Thermo Fisher Scientific, our professionals develop critical solutions—and build rewarding careers.","","","","","","","clinical development"
"in-ec31332f30d8c0b0","indeed","https://it.indeed.com/viewjob?jk=ec31332f30d8c0b0","https://jsv3.recruitics.com/redirect?rx_cid=3436&rx_jobId=R-01365347_1004&rx_url=https%3A%2F%2Fjobs.thermofisher.com%2Fglobal%2Fen%2Fjob%2FR-01365347%2FGlobal-Study-Lead-FSP-EMEA-Managed-Access-Program-Experience%3Frx_a%3D0%26rx_c%3D%26rx_ch%3Djobp4p%26rx_group%3D123525%26rx_id%3D19b2e2ad-9b43-11f1-b0c8-3df334714bef%26rx_job%3DR-01365347_1004%26rx_medium%3Dcpc%26rx_r%3Dnone%26rx_source%3Dindeed%26rx_ts%3D20260825T060458Z%26rx_vp%3Dcpc%26utm_medium%3Dppc%26utm_source%3Drecruitics_indeedorganic","Global Study Lead - FSP - EMEA - Managed Access Program Experience","Thermo Fisher Scientific","Milano, LOM, IT","2026-08-18","fulltime","","","","","",False,"","","","","**Work Schedule**


Standard (Mon\-Fri)**Environmental Conditions**


Office**Job Description**

**The Role**
------------


PPD is seeking an experienced **Global Study Lead (GSL)** to work within our Functional Service Partnership (FSP), embedded with GSK's Global Clinical Study Delivery organisation.


The Global Study Lead will provide strategic and operational leadership for the end\-to\-end delivery of assigned global studies and programmes, ensuring delivery to agreed **timelines, quality, budget, company standards and scientific requirements**.


A key focus for this opportunity will be supporting **Managed Access Programs (MAPs)**. We are therefore particularly interested in candidates who have previous experience leading or providing significant operational oversight of **Managed Access Programs within the UK and/or wider EMEA region**.


Experience with **Post\-Analysis Continuation of Treatment (PACT)** and/or **Post\-Trial Access (PTA)** programmes would also be highly desirable.


The position will support an **oncology portfolio**, therefore previous oncology experience would be advantageous.

**Key Responsibilities**
------------------------

* Provide strategic leadership and overall accountability for the operational planning and delivery of assigned studies/programmes from initiation through completion and archiving.
* Lead and oversee **Managed Access Programs**, ensuring effective operational delivery across the UK and/or EMEA.
* Provide leadership and oversight for programmes involving **Post\-Analysis Continuation of Treatment (PACT)** and/or **Post\-Trial Access (PTA)**, where applicable.
* Act as a key member of the **Study Leadership Team (SLT)** and represent Clinical Operations in strategic study discussions and decision\-making.
* Own the operational vision and strategy for successful study delivery, ensuring priorities and deliverables are clearly defined.
* Strategically lead global, cross\-functional and matrix study teams to achieve programme objectives.
* Ensure studies/programmes are delivered to agreed **time, quality and budget** expectations.
* Provide oversight and support to study management colleagues responsible for day\-to\-day operational delivery.
* Serve as the primary Clinical Operations escalation point for assigned programmes.
* Develop robust operational plans and ensure appropriate feasibility and upfront planning.
* Proactively identify, assess and mitigate operational risks and issues, balancing risk and benefit when making study\-level decisions.
* Ensure effective communication of study/programme status, expectations, risks, issues and key decisions to internal and external stakeholders.
* Provide strategic oversight of operational input into protocols, informed consent forms and other key study/programme documentation.
* Maintain oversight of programme quality, compliance and inspection readiness.
* Ensure compliance with applicable **ICH\-GCP requirements, regulatory requirements, SOPs and company standards**.
* Provide strategic oversight of CROs, FSP providers and third\-party vendors, acting as an escalation point when performance or deliverables are at risk.
* Support vendor assessment and selection and ensure appropriate ongoing vendor governance and oversight.
* Maintain accountability for study/programme budgets and contribute to governance and financial review cycles.
* Build effective relationships with senior stakeholders and influence decision\-making across complex matrix organisations.
* Drive continuous improvement and identify innovative approaches to operational delivery.
* Contribute therapeutic area and operational expertise to support successful delivery across the oncology portfolio.

**Required Experience**
-----------------------

* Significant clinical research and clinical development experience within a **pharmaceutical, biotechnology or CRO environment**.
* Proven experience operating at **Global Study Lead, Global Trial Lead, Senior Clinical Trial Manager, Senior Global Study Manager or equivalent level**.
* **Previous experience leading or providing significant operational leadership/oversight of Managed Access Programs (MAPs) within the UK and/or EMEA is strongly preferred for this position.**
* Extensive experience leading complex global studies or programmes and taking accountability for operational delivery.
* Proven ability to lead high\-performing, geographically dispersed and cross\-functional matrix teams.
* Strong understanding of global clinical development, clinical operations and regulatory processes.
* Demonstrated experience managing study/programme timelines, budgets, risks and quality.
* Strong CRO/vendor oversight experience, including management and escalation of performance or quality concerns.
* In\-depth knowledge of **ICH\-GCP and relevant global regulatory requirements**.
* Demonstrated ability to operate autonomously and make complex decisions in fast\-paced environments.
* Strong stakeholder management skills with the ability to influence senior stakeholders.
* Excellent leadership, communication, negotiation and conflict\-resolution skills.
* Strong project and programme management capabilities.

**Highly Desirable Experience**
-------------------------------

* **Managed Access Program (MAP) leadership experience within the UK and/or EMEA.**
* Experience with **Post\-Analysis Continuation of Treatment (PACT)**.
* Experience with **Post\-Trial Access (PTA)** programmes.
* Previous experience supporting **oncology studies or programmes**.
* Experience working within a global pharmaceutical FSP or embedded delivery model.
* Experience leading complex, innovative or non\-traditional clinical programme models.
* Experience working with investigators, external experts, regulatory authorities, CROs and third\-party vendors.

**Education**
-------------


Bachelor's degree in **Life Sciences, Health Sciences or a related scientific discipline**, or equivalent relevant experience.","Industrial Manufacturing","https://it.indeed.com/cmp/Thermo-Fisher-Scientific","https://d2q79iu7y748jz.cloudfront.net/s/_squarelogo/256x256/65bd2e4bebb79b1432ac3277ffd57ae7","https://www.thermofisher.com/","168 Third Avenue, Waltham, MA USA 02451","10,000+","more than $10B (USD)","At Thermo Fisher Scientific, our professionals develop critical solutions—and build rewarding careers.","","","","","","","clinical development"
