"id","site","job_url","job_url_direct","title","company","location","date_posted","job_type","salary_source","interval","min_amount","max_amount","currency","is_remote","job_level","job_function","listing_type","emails","description","company_industry","company_url","company_logo","company_url_direct","company_addresses","company_num_employees","company_revenue","company_description","skills","experience_range","company_rating","company_reviews_count","vacancy_count","work_from_home_type","search_term"
"in-2d7fb03f0fed8115","indeed","https://it.indeed.com/viewjob?jk=2d7fb03f0fed8115","https://jsv3.recruitics.com/redirect?rx_cid=3436&rx_jobId=R-01357377_1001_rxr-1&rx_url=https%3A%2F%2Fjobs.thermofisher.com%2Fglobal%2Fen%2Fjob%2FR-01357377%2FSr-Clinical-Study-Manager%3Frx_a%3D0%26rx_c%3D%26rx_ch%3Djobp4p%26rx_group%3D123525%26rx_id%3D2929c123-b09d-11f1-8673-ddaa01781662%26rx_job%3DR-01357377_1001_rxr-1%26rx_medium%3Dcpc%26rx_r%3Dnone%26rx_source%3Dindeed%26rx_ts%3D20260915T120417Z%26rx_vp%3Dcpc%26utm_medium%3Dppc%26utm_source%3Drecruitics_indeedorganic","Sr. Clinical Study Manager","Thermo Fisher Scientific","Milano, LOM, IT","2026-09-14","fulltime","","","","","",False,"","","","","**Work Schedule**


Standard (Mon\-Fri)**Environmental Conditions**


Office**Job Description**


As part of the Thermo Fisher Scientific team, you’ll discover meaningful work that makes a positive impact on a global scale. Join our colleagues in bringing our Mission to life every single day to enable our customers to make the world healthier, cleaner and safer. We provide our global teams with the resources needed to achieve individual career goals while helping to take science a step beyond by developing solutions for some of the world’s toughest challenges, like protecting the environment, making sure our food is safe or helping find cures for cancer.

**Position Scope:**
-------------------


The mission of the Clinical Affairs group within Medical and Scientific Affairs is to create customer value for ImmunoDiagnostic Division (IDD) by providing clinical evidence for product pre\-launch and post\-launch across the portfolio. Main responsibilities for the unit are:

* Own IDD Clinical Affairs planning, execution, and reporting.
* Develop timely and efficient clinical strategies to support product claims (mainly autoimmunity portfolio).
* Liaise with Regulatory Affairs organization to complete prioritized product registration plans in selected geographical areas (USA and EU.
* Liaise with the Medical Directors to align disease definition and study population characterizations
* Liaise with R\&D organization to align product specifications to be fulfilled and patient cohorts to be targeted.
* Liaise with Commercial Operations organizations to ensure desired products are available for sales on the territory.
* Liaise with Marketing organization to leverage on key customers and KOLs within clinical trials and support building sales supporting arguments on top of registration\-related claims.

**Essential Responsibilities:**
-------------------------------


Reporting to the Global Director Clinical Affairs, the Senior Clinical Project Manager will be responsible for:

* Lead cross\-functional, high\-complex and business critical clinical projects.
* Hold accountability and responsibility of all operational and safety deliverables of assigned company sponsored studies.
* Develop relevant clinical strategies and plans.
* Ensure clinical research programs are designed and conducted in accordance with company standards operating policies \& procedures (SOPs), Good Clinical Practices (GCP), ISO20916:2019, In\-Vitro Diagnostics Device Regulation (IVDR) and FDA regulation.
* Generate clinical evaluation plans and reports for FDA and IVDR submissions.
* Generate relevant Trial Master File documents and support CRAs for TMF quality checks and completeness.
* Be able to build a CRF (Case Report Form) starting from the clinical study plan and protocol/s
* Generate CPSP (Clinical performance study plan) according to the study needs and in collaboration with several projects’ functions
* Support CRAs during clinical study initiation and close out.
* Identify project risks and develop \& implement mitigation plans.
* Organize, plan, and lead cross\-functional, highly sophisticated and business\-critical projects, with a focus on development, registration, and commercialization of Immunodiagnostic products.
* Guaranty Audit and Inspection preparedness of all assigned projects.
* Be responsible for corrective action plans at individual sites and across trial.
* Report project progress to governance boards and raise issues to IDD management.
* Provide decision support and recommendations for critical decisions to IDD management.
* Help identify and drive assigned department goals.

**Knowledge, Skill, and Ability:**
----------------------------------

* Demonstrate Leadership to develop, empower and guide personnel to meet objectives.
* Excellent interpersonal written and verbal skills to communicate optimally across cross\-functional departments and cross\-sites.
* Proficient knowledge of medical terminology, clinical trial design and statistics.
* Proven detailed knowledge of guidelines, systems for clinical trial management and international regulations and practices (knowledge of CE IVDR required and IVD FDA/CFDA strong asset).
* Expertise with ISO20916:2019 required.
* Knowledge of immunology, auto\-immunity and/or allergy strongly preferred.
* Ability to develop and implement solutions to address identified problems.
* Excellent project management, organizational and time management skills.
* Willingness and ability to travel oversea for up to 30\-50% of time.
* Ability to work in a diverse team and dynamic environment and adapt to changing priorities.
* Ability to provide clear directions and guidance to others.
* Desire to use experience to build innovative infrastructure and “standard processes”.
* Knowledge of a Clinical Trial Management System (CTMS), Electronic Document Management System (EDMS) and skill in using Microsoft Office suite.

**Education**
-------------

* Bachelor’s degree in biological sciences, nursing or related medical/scientific field or equivalent work experience.
* 5 years minimum preferred global clinical studies experience (in\-vitro medical devices experience preferred) with a minimum specifically in project management.
* Advanced written and spoken English and additional European language preferred.


Apply now!","Industrial Manufacturing","https://it.indeed.com/cmp/Thermo-Fisher-Scientific","https://d2q79iu7y748jz.cloudfront.net/s/_squarelogo/256x256/65bd2e4bebb79b1432ac3277ffd57ae7","https://www.thermofisher.com/","168 Third Avenue, Waltham, MA USA 02451","10,000+","more than $10B (USD)","At Thermo Fisher Scientific, our professionals develop critical solutions—and build rewarding careers.","","","","","","","regulatory affairs"
"in-59c49eafab8d999e","indeed","https://it.indeed.com/viewjob?jk=59c49eafab8d999e","https://nadara.wd3.myworkdayjobs.com/it-IT/External/job/Trezzano-sul-Naviglio/Junior-Energy-Specialist---Intern_R0001581","Junior Energy Specialist - Intern","","Trezzano sul Naviglio, LOM, IT","2026-09-14","fulltime","","","","","",False,"","","","","R0001581 Junior Energy Specialist \- Intern (Open)
*We’re Nadara. We work harmoniously with the power of nature and the communities around us to power lifetimes to come. We call our approach ‘living energy’.*

*We don’t just produce renewable energy, we live it – recognising our relationship with the people touched by our business and supporting social, educational, cultural, and environmental initiatives that contribute to the development of the communities we work alongside.*

*Discover more about our business here:* *https://nadara.com/about/*

*Nadara is an innovative place to work. We work in a stimulating and challenging environment, where every day we explore the unknown with curiosity, make decisions with quality and take action and deliver with courage. For us diversity is a real value, and we encourage in connecting different perspectives with respect.*

*Discover more about our culture and approach here:* *https://nadara.com/living\-the\-company/*

**Job Description Summary:**
----------------------------

We are a fast\-growing company where new challenges and growth opportunities take place!
  

We are looking for a talented Junior Energy Specialist to join us and support the Business Development and Regulatory Affairs Unit.
  

She/he will provide consultancies and analysis to our customers regarding the energy management framework (demand side management, demand response services) using an internal tool called Microgrid Simulator.
  

She/he will study new regulations on the energy/ancillary services market and critically evaluate their impact on the business.
  

Moreover, she/he will be involved in the development of innovative business models to support the company's growth
  

Are you interested? Have a look at the main activities you will be tasked with:
**Job Description:**
--------------------

**Main activities will be:**

* Performing feasibility studies based on internal needs or customer requirements
* Analyzing energy/ancillary services market evolution
* Provide strategic analyses to support company growth
* Reporting results to customers

**Key Requirements**

* Data analytics oriented (elaboration and interpretation)
* Master's degree in Energy Engineering, Electrical Engineering, or a related field
* Experience with Python or MATLAB will be considered a plus
* Energy business knowledge (any of the following: ancillary services, renewables, BESS, smart grids)
* English and Italian fluent

**Location:**

Trezzano sul Naviglio/Milano \- Smartworking Policy for 50% of the week


**Why join us?**

* Be part of an **international, fast\-evolving environment** in the renewable energy industry
* Learn from **experienced professionals** who are passionate about their job
* Work in a **collaborative, inclusive and forward\-thinking culture**

**Internship allowance:** €800 \+ daily meal vouchers per working day (Ticket Restaurant)  

  



**Location:**

Trezzano sul Naviglio
**Time Type:**

Full time
**Worker Subtype:**

Intern (Fixed Term)","","","","","","","","","","","","","","","regulatory affairs"
"in-b240732dcfe65f89","indeed","https://it.indeed.com/viewjob?jk=b240732dcfe65f89","https://jobs.sanofi.com/job/-/-/2649/44468832576","Medical Affairs Internship","Sanofi","Milano, LOM, IT","2026-09-11","internship","","","","","",False,"","","","","**Medical Affairs Intern**

**Milan, Italy**

**About The Job**


Looking to launch your career at the cutting edge of healthcare? Join Sanofi for a chance to develop with mentoring and guidance from inspirational leaders while helping to make an impact on the lives of countless people worldwide.


As Medical Affairs Intern, you'll be part of a highly specialized team and you'll learn to manage scientific activities related to ongoing projects in **Medical Affairs** with a special focus on Transplant setting.


We are an innovative global healthcare company with one purpose: **to chase the miracles of science to improve people's lives.** We're also a company where you can flourish and grow your career, with countless opportunities to explore, make connections with people, and stretch the limits of what you thought was possible. Ready to get started?

**You will be involved in the following activities:**

* **Support the Transplant Medical Affairs team**, working in close collaboration with **cross\-functional stakeholders** including Marketing, Market Access, Medical Information and Regulatory Affairs, to ensure alignment of scientific and strategic objectives.
* Contribute to the **development, review and update of high\-quality scientific materials** to support Medical Affairs activities (e.g., slide decks, CLM contents), ensuring **scientific accuracy** and alignment with internal standards.
* Assist in **scientific activities**, including: scientific **literature research**, **medical consultancies** and **advisory boards**, **review** of **promotional and non\-promotional materials** in line with compliance requirements
* Support the **preparation and continuous update of scientific documentation** for internal medical training, contributing to knowledge sharing and capability building within the organization.
* **Analysis of the adoption of medical KPIs** and optimization of structured reporting to enable **data\-driven decision** making across medical CV team in collaboration with Medical Effectiveness Manager
* Provide support in the **coordination and tracking of Medical Affairs projects and activities** (e.g., timelines, deliverables), contributing to the effective execution of the medical plan.
* Support the **organization and execution of medical education initiatives** and scientific engagement activities (e.g., meetings, events, training sessions), including preparation of materials and operational coordination.

**About You**

* Master's degree in **Medicine, Pharmacy, Biotecnology** or related fields
* Fluent **English** (level B2\+ or higher)
* Good knowledge of **Excel** and **PowerPoint**
* **Accuracy** and **organizational** skills, **team working**

**Why choose us?**

* Bring the **miracles of science** to life alongside a supportive, future\-focused team.
* Start your career with **inspiring mentors** who will help you take your first professional steps.
* You will have the possibility to carry out the internship in a **hybrid mode**.
* We offer an **internship lasting 6 months**. Competitive monthly compensation and meal vouchers will be provided.

  

\#LI\-Hybrid


\#EarlyTalent

**Pursue Progress. Discover Extraordinary.**


Progress doesn’t happen without people – people from different backgrounds, in different locations, doing different roles, all united by one thing: a desire to make miracles happen. You can be one of those people. Chasing change, embracing new ideas and exploring all the opportunities we have to offer. Let’s pursue Progress. And let’s discover Extraordinary together.


At Sanofi, we provide equal opportunities to all regardless of race, color, ancestry, religion, sex, national origin, sexual orientation, age, citizenship, marital status, disability, or gender identity.


Watch our ALL IN video and check out our Diversity Equity and Inclusion actions at sanofi.com!","","https://it.indeed.com/cmp/Sanofi","https://d2q79iu7y748jz.cloudfront.net/s/_squarelogo/256x256/ef60cd636bc2be61c6eccfef96801f9b","https://www.sanofi.com/fr","Paris","10,000+","more than $10B (USD)","We chase the miracles of science every single day, pursuing progress to make a real impact on millions of patients around the world. ","","","","","","","regulatory affairs"
"in-a3fdaa362c863bef","indeed","https://it.indeed.com/viewjob?jk=a3fdaa362c863bef","https://www.werfen.com/en/eu-regulatory-affairs-manager","EU Regulatory Affairs Manager","Werfen","Milano, LOM, IT","2026-09-11","fulltime","","","","","",False,"","","","","### **Job Information**


Number
WEBIT\-2026\-000024
Job function
QA\&RA
Job type
Full\-time
Location
Milano
Country
Italy
### **About the Position**

#### **Introduction**


Werfen è un'azienda innovativa a conduzione familiare, fondata nel 1966 a Barcellona, in Spagna. Siamo leader mondiale nella diagnostica specializzata nei settori di Emostasi, Acute Care Diagnotics, Medicina Trasfusionale, Autoimmunità e Medicina dei Trapianti. Attraverso la nostra linea di business Original Equipment Manufacturing (OEM), ricerchiamo, sviluppiamo e produciamo test e biomateriali personalizzati. Operiamo direttamente in 30 paesi e in oltre 100 territori attraverso distributori. La nostra sede centrale e i nostri centri tecnologici si trovano in Europa e negli Stati Uniti e la nostra azienda conta più di 7\.000 collaboratori.


#### **Overview**


Entrando in Werfen come EU Regulatory Affairs Manager, avrai un ruolo centrale nello sviluppo e nell’attuazione della strategia regolatoria europea per i prodotti IVD per i quali l’entità legale italiana opera come fabbricante legale o rappresentante autorizzato europeo.


Collaborerai con i Technology Center e con le funzioni Quality Assurance \& Regulatory delle affiliate europee, assicurando che la documentazione tecnica, le registrazioni in EUDAMED e le attività svolte durante l’intero ciclo di vita dei prodotti siano conformi ai requisiti europei.


Sarai inoltre un punto di riferimento per gli stakeholder regolatori interni ed esterni, rappresentando Werfen presso autorità competenti, organismi notificati, associazioni di settore e gruppi di lavoro europei.


#### **Responsibilities**


* Supportare i Technology Center nello sviluppo della strategia regolatoria europea per i prodotti IVD.
* Operare come Person Responsible for Regulatory Compliance, in conformità all’IVDR, per i prodotti per i quali l’entità legale italiana è il rappresentante autorizzato europeo.
* Supervisionare la conformità alle normative europee e le registrazioni dei prodotti IVD in EUDAMED.
* Coordinare gli audit dei Technical File, assicurandone completezza e conformità ai requisiti europei.
* Supportare i team Regulatory delle affiliate europee e i distributori nella gestione della documentazione.
* Supervisionare l’esecuzione e il monitoraggio delle attività di vigilanza e delle field action in Europa.
* Definire e monitorare KPI in grado di rappresentare le attività e il valore generato dalla funzione.
* Rappresentare Werfen presso associazioni di categoria, organismi di rappresentanza regolatoria e forum di settore.
* Costruire e mantenere relazioni con autorità competenti, organismi notificati e altri stakeholder regolatori europei.
* Monitorare l’evoluzione della normativa europea, comunicandone internamente gli impatti e supportando la preparazione agli audit delle autorità regolatorie.
* Guidare e sviluppare il team Regulatory, promuovendo una cultura collaborativa e orientata alle soluzioni.
* Consolidare la collaborazione con i referenti Regulatory delle affiliate europee e dei distributori.

#### **Qualifications**


**Chi stiamo cercando**


Cerchiamo una persona con una solida esperienza nel Regulatory Affairs applicato ai dispositivi diagnostici in vitro, capace di muoversi con autorevolezza in contesti multinazionali e in scenari regolatori complessi.


La persona ideale combina una conoscenza approfondita della normativa europea con capacità di coordinamento, visione strategica e un approccio fortemente collaborativo. È in grado di costruire relazioni efficaci con interlocutori interni ed esterni e di tradurre l’evoluzione normativa in indicazioni concrete a supporto del business.

**Requisiti**

**Formazione**

* Laurea triennale o magistrale in Life Sciences, Ingegneria, Regulatory Affairs o discipline affini.

**Esperienza**

* Esperienza maturata nel Regulatory Affairs relativo ai dispositivi IVD.
* Esperienza nel coordinamento di attività regolatorie a livello europeo.
* Esperienza nella gestione di Technical File conformi all’EU IVDR o di Summary Technical Documentation.
* Esperienza nel coordinamento di team e nella collaborazione all’interno di organizzazioni multinazionali.

**Competenze**

* Conoscenza approfondita del quadro normativo europeo applicabile ai dispositivi IVD.
* Capacità di orientarsi in contesti regolatori complessi.
* Regulatory advocacy e gestione delle relazioni con stakeholder esterni.
* Capacità di coordinamento e allineamento cross\-funzionale.
* Gestione della documentazione regolatoria.
* Forti capacità analitiche, comunicative e decisionali.
* Orientamento ai risultati.
* Capacità di promuovere una cultura collaborativa e orientata alle soluzioni.

**Costituiscono un plus**

* Esperienza in attività di regulatory advocacy o nella partecipazione a gruppi di lavoro e associazioni di settore.
* Certificazione RAC o equivalente.
* Conoscenza di framework regolatori internazionali, tra cui IMDRF e normative di Regno Unito, Svizzera e Stati Uniti.

**Sede e modalità di lavoro**


È prevista una disponibilità a trasferte fino al 20% del tempo lavorativo.

  


#### **What we offer**


**Cosa offriamo**

* **Retribuzione Annua Lorda a partire da €70\.000,** con possibilità di riconoscimento di un trattamento economico superiore per candidature che presentino competenze ed esperienze particolarmente in linea con il ruolo. È inoltre previsto un bonus variabile pari al 10% della RAL.
* Inquadramento **QUADRO CCNL Metalmeccanico.**
* Welfare aziendale e copertura sanitaria integrativa.

**Crescita e sviluppo**


Investiamo nella crescita delle nostre persone attraverso formazione continua, mentoring, coaching, una piattaforma e\-learning dedicata e l’accesso a LinkedIn Learning.

**Benessere e supporto alla persona**


Mettiamo a disposizione programmi dedicati al benessere personale e familiare, con servizi di supporto in ambito salute, nutrizione, genitorialità e benessere psicologico.


Crediamo che le persone possano esprimere il proprio potenziale al meglio quando trovano il giusto equilibrio tra vita professionale e personale. Per questo promuoviamo politiche di smart working e un ambiente attento alle esigenze individuali e familiari.

**Ambiente di lavoro**


Entrerai a far parte di un contesto internazionale, innovativo e collaborativo, lavorando con team multidisciplinari altamente qualificati e con interlocutori provenienti da diverse realtà europee.

**Perché Werfen**


Perché qui il tuo lavoro ha un impatto concreto.


In questo ruolo contribuirai a garantire che le nostre soluzioni diagnostiche possano essere introdotte e mantenute sul mercato europeo nel rispetto dei più elevati standard regolatori, supportando professionisti sanitari e laboratori nella loro missione di migliorare la qualità della diagnosi e della cura.


Se vuoi mettere la tua esperienza regolatoria al servizio dell’innovazione diagnostica e contribuire attivamente all’evoluzione del settore IVD in Europa, ti aspettiamo in Werfen.

  

Se sei interessato a un apprendimento continuo e ad essere sfidato ogni giorno, ti invitiamo a presentare il tuo curriculum.


Werfen apprezza e riconosce il valore della diversità. Siamo orgogliosi di essere un datore di lavoro per le pari opportunità.


www.werfen.com

  

Manda il tuo CV","","https://it.indeed.com/cmp/Werfen","https://d2q79iu7y748jz.cloudfront.net/s/_squarelogo/256x256/05170cb0ad982dd8b85d8eb1a3d62725","https://www.werfen.com/na/en","Barcelona","5,001 to 10,000","$1B to $5B (USD)","Werfen is a worldwide leader in specialized diagnostics in the areas of Hemostasis, Acute Care Diagnostics, Transfusion, Autoimmunity, and Transplant.","","","","","","","regulatory affairs"
"in-c9df898986b0853b","indeed","https://it.indeed.com/viewjob?jk=c9df898986b0853b","https://inrec.intervieweb.it/annunci.php?l=regulatory-affairs-specialist-251771&lang=it&d=indeed&LAC=ntw","Regulatory Affairs Specialist","NTWK","Lodi, LOM, IT","2026-09-11","","","","","","",False,"","","","","NTWK, azienda italiana operante nella ricerca e selezione del personale, si occupa di soddisfare le necessità dei clienti offrendo servizi personalizzati.

  

  

**Posizione:**
--------------

Siamo alla ricerca di un/una **Regulatory Affairs Specialist** da inserire nel nostro organico.

  

Il candidato, sotto la supervisione del Direttore Tecnico e QP, si dovrà occupare delle seguenti attività:

* Gestione regolatoria del fascicolo tecnico dei Medical Devices e IVD di cui è titolare Federfarmaco;
* Approvazioni grafiche, notifica agli enti di competenza, richiesta autorizzazione pubblicità, capitolati e contratti fornitori di Dispositivi medici e IVD di cui è titolare/distributore Federfarmaco;
* Interfaccia con le diverse funzioni aziendali per la gestione del ciclo di vita dei prodotti;
* Stesura, revisione ed aggiornamento del MdQ e delle SOP;
* Gestione delle specialità medicinali di Farmakopea S.p.A. per tutto quanto inerente all’area affari regolatori (a titolo esemplificativo e non esaustivo: variazioni, rinnovi, revoche, capitolati e contratti con i fornitori);
* Elaborazione e verifica dei testi da sottomettere e/o approvati dall’Agenzia Italiana del Farmaco relativi alle specialità medicinali Farmakopea;
* Gestione Sunset Clause, pubblicazioni in GU, contatti con fornitori, gestione ordini bollini farmaceutici;
* Mantenimento del modulo 3 CTD e relativa conversione in e\-CTD.

**Requisiti:**
--------------

Requisiti e competenze necessari:

* Laurea in materie scientifiche: farmacia, CTF, chimica o chimica industriale.
* Esperienza di almeno un anno nell’area regolatoria di un’azienda chimico/farmaceutica o in società di consulenza.
* Conoscenza della normativa e dei regolamenti relativi a farmaci, dispositivi medici e parafarmaci.
* Capacità comunicative, di relazione e di lavoro in gruppo.
* Buona conoscenza dell’inglese, soprattutto tecnico.
* Autonomia.

**Altre informazioni:**
-----------------------

Il contratto offerto è a tempo indeterminato.","","https://it.indeed.com/cmp/Ntwk","","","","","","","","","","","","","regulatory affairs"
"in-07aa93e815e2bdd2","indeed","https://it.indeed.com/viewjob?jk=07aa93e815e2bdd2","https://medtronic.wd1.myworkdayjobs.com/en-US/MedtronicCareers/job/Milano-Lombardia-Italy/Training-Education-Spec_R74285-1","Training/Education Spec.","Medtronic","Milano, LOM, IT","2026-09-10","fulltime","","","","","",False,"","","","AskHR@medtronic.com","Careers that change lives start here. Medtronic is a global leader in healthcare technology with a Mission to alleviate pain, restore health, and extend life. Our 95,000 employees work across more than 150 countries to put patients first — developing innovative medical technologies that improve the lives of 72\+ million patients each year. Your unique talents will help shape the future of healthcare while building a career grounded in purpose, growth, and impact.


**A Day in the Life**
=====================

Are you passionate about advancing healthcare professional education and helping clinical teams deliver better outcomes for patients with aortic disease? Join Medtronic's Aortic business as a Training \& Education Specialist supporting the Mediterranean Cluster (Italy, Greece, Israel). You will help design, coordinate and execute educational initiatives that enable healthcare professionals to build endovascular knowledge, procedural confidence and effective team\-based practice.
  

  

This hybrid role combines regional program coordination with field\-based execution across the Mediterranean Cluster as well as on Western European level. You will collaborate with country commercial teams, Marketing, Medical Affairs, Clinical, Compliance and regional Medical Education colleagues, as well as external faculty and training centers. Regular travel is required to support customer education events, hands\-on workshops, congress activities and strategic initiatives. The role is part of the Aortic Training \& Education organization; the formal reporting location and travel expectation will be confirmed during recruitment.
**Responsibilities may include the following and other duties may be assigned:**

· Coordinate and deliver healthcare professional education programs, workshops, fellowships, webinars and blended learning activities across the Mediterranean Cluster and Western Europe


· Manage end\-to\-end program preparation, including needs assessment, project planning, faculty coordination, participant communication, logistics, materials, compliance documentation and post\-event follow\-up


· Partner with Marketing, Sales, Clinical, Medical Affairs and Compliance to ensure educational activities address customer needs and align with business, quality and regulatory requirements


· Build productive relationships with healthcare professionals, external faculty, training centers and internal stakeholders across different countries and cultures


· Support education related to Medtronic aortic therapies, including the Endurant™ Stent Graft System, a minimally invasive endovascular device used in the treatment of abdominal aortic aneurysms (AAA) and ValiantTM thoracic stent graft with CaptiviaTM delivery system.


· Monitor participation, feedback, learning outcomes and program execution data, and translate insights into practical improvements for future activities


· Contribute to regional congress activities, educational content development, budget tracking and strategic Medical Education projects  



**Required Knowledge and Experience:**

· Bachelor's degree in life sciences, healthcare, biomedical engineering, education, business or a related discipline, or equivalent relevant experience


· Experience in medical education, clinical education, professional training, healthcare event management or a comparable customer\-facing role


· Demonstrated project management and organizational skills, with the ability to coordinate multiple programs, stakeholders and deadlines


· Clear written and verbal communication skills in Italian and English; confidence working across countries and cultures


· Experience working with healthcare professionals (HCPs) and an understanding of compliance requirements for healthcare professional engagement


· Ability and willingness to travel regularly within the Mediterranean Cluster (and occasionally in Western Europe), together with proficiency in Microsoft 365 and digital collaboration tools


\#LI\-Flex  



**Physical Job Requirements**  

  

The above statements are intended to describe the general nature and level of work being performed by employees assigned to this position, but they are not an exhaustive list of all the required responsibilities and skills of this position.
‌


**Recruitment Fraud Alert**

We are aware of phishing scams targeting job seekers. Please keep the following in mind:  



  

Apply only through official Medtronic channels. All legitimate Medtronic recruiting communications come from approved Medtronic platforms and official @medtronic.com email addresses.  



  

Medtronic will never ask for payment or sensitive personal information (such as bank account or Social Security details) during early stages of the hiring process. Any such requests are not legitimate.  



  

If you receive a suspicious message claiming to be from Medtronic, do not respond, click links, or open attachments.  



  

If you have any questions, concerns regarding the authenticity of a communication alleged to have been made by or on behalf of Medtronic, please contact us immediately at AskHR@medtronic.com .
‌  



**Benefits \& Compensation**
============================

**Medtronic offers a competitive Salary and flexible Benefits Package**  

A commitment to our employees lives at the core of our values. We recognize their contributions. They share in the success they help to create. We offer a wide range of benefits, resources, and competitive compensation plans designed to support you at every career and life stage.  

  



Pay range / Rango salarial / Intervalo salarial /Fascia retributiva / Tranche de salaire / Gehaltsband / Salaribereik: Italy: 40,000\.00 EUR \- 60,000\.00 EUR \|  

This position is eligible for a short\-term incentive called the Medtronic Incentive Plan (MIP).","","https://it.indeed.com/cmp/Medtronic","https://d2q79iu7y748jz.cloudfront.net/s/_squarelogo/256x256/78828b704431b1c10caa524c081f9932","http://www.medtronic.com/","","10,000+","more than $10B (USD)","CAREERS THAT CHANGE LIVES Do meaningful work, make a difference, and improve lives.","","","","","","","regulatory affairs"
"in-5fa8c3cc7e82eb23","indeed","https://it.indeed.com/viewjob?jk=5fa8c3cc7e82eb23","https://jsv3.recruitics.com/redirect?rx_cid=3436&rx_jobId=R-01357019_1006_rxr-1&rx_url=https%3A%2F%2Fjobs.thermofisher.com%2Fglobal%2Fen%2Fjob%2FR-01357019%2FDirector-Senior-Director-FSP-Operational-Delivery-Lead-EMEA%3Frx_a%3D0%26rx_c%3D%26rx_ch%3Djobp4p%26rx_group%3D123525%26rx_id%3D3ef1d4a3-ac8d-11f1-90ec-6f319ed424b3%26rx_job%3DR-01357019_1006_rxr-1%26rx_medium%3Dcpc%26rx_r%3Dnone%26rx_source%3Dindeed%26rx_ts%3D20260915T120417Z%26rx_vp%3Dcpc%26utm_medium%3Dppc%26utm_source%3Drecruitics_indeedorganic","Director / Senior Director FSP Operational Delivery Lead - EMEA","Thermo Fisher Scientific","Milano, LOM, IT","2026-09-09","fulltime","","","","","",False,"","","","","**Work Schedule**


Standard (Mon\-Fri)**Environmental Conditions**


Office**Job Description**

**Join Us as a Director Project Management – Make an Impact at the Forefront of Innovation**  

We have successfully supported the top 50 pharmaceutical companies and more than 750 biotechs, spanning 2,700 clinical trials across 100\+ countries in the last 5 years.


The Director / Senior Director , FSP Project Oversight provides enterprise\-level leadership across multiple strategic FSP accounts, therapeutic areas, and global delivery organizations. This role is responsible for driving portfolio strategy, operational transformation, client partnership growth, and organizational performance while ensuring alignment with divisional and corporate objectives.


The Director / Senior Director, acts as a strategic advisor to clients and internal leadership, influencing long\-term delivery models, workforce strategies, innovation initiatives, and business expansion opportunities.

**Key Responsibilities**

**Strategic Portfolio Leadership**

* Provide executive oversight across multiple FSP portfolios and strategic client relationships.
* Develop and execute long\-term portfolio strategies aligned with business growth objectives.
* Drive consistency and excellence across delivery organizations.
* Lead cross\-functional initiatives to improve operational effectiveness

**Executive Client Management**

* Serve as executive operational lead for key FSP partnerships.
* Lead FSP governance and business reviews.
* Influence client strategy discussions and identify opportunities for growth and innovation.
* Manage complex escalations and organizational risks.

**Business Growth \& Commercial Leadership**

* Partner with Business Development to support strategic opportunities and proposals.
* Contribute to sales strategy, solution development, and account expansion efforts.
* Drive revenue growth, profitability, and repeat business.

**Organizational Leadership**

* Lead Directors and senior oversight leaders across multiple portfolios.
* Develop leadership pipelines and succession planning strategies.
* Champion organizational change initiatives and transformation programs.

**Innovation \& Digital Strategy**

* Drive implementation of digital technologies, analytics, automation, and AI\-enabled solutions.
* Promote innovative operating models that improve quality, speed, and cost efficiency.
* Ensure awareness and adoption of emerging industry trends and capabilities.

 **Education and Experience Requirements:**  

* Bachelor's degree or equivalent and relevant formal academic / vocational qualification
* Previous experience that provides the knowledge, skills, and abilities to perform the job (comparable to 12\+ years).
* 5\+ years of management responsibility
* Strong leadership skills


In some cases an equivalency, consisting of a combination of appropriate education, training and/or directly related experience, will be considered sufficient for an individual to meet the requirements of the role  

  

**Knowledge, Skills and Abilities:**  

* Capable of working independently and exercising independent judgment to assess sponsor regulatory needs and work with project team members to producing compliant deliverables
* Advanced, broad understanding of global/regional/national country requirements/regulatory affairs procedures for clinical trial authorization, licensing, lifecycle management; expert knowledge of ICH and other global regulatory guidelines; in\-depth understanding of a regulatory specialty areas, such as preclinical, clinical, CMC, publishing, etc.
* Advanced understanding of medical terminology, statistical concepts, and guidelines
* Sharp analytical, investigative and problem\-solving skills
* Advanced financial acumen with an in\-depth of knowledge and practical application of budgeting, forecasting and resource management
* Recognized executive presence and consultation and presentation skills
* Effective critical and strategic thinking skills that accounts for a broad impact


Project Lead:  

* Excellent customer service and relationship building skills and proven ability to provide strategic input into customer management in a complex environment
* Excellent negotiation and marketing skills with ability to influence internal and external stakeholders and drive results
* Superior judgment, decision making, escalation and risk management skills
* Solution oriented with a demonstrated ability to drive innovation


Project Oversight:  

* Strong coaching and leadership skills
* Excellent customer service, relationship building and stakeholder management skills
* Expert negotiation and marketing skills with ability to influence others and drive results
* Superior judgment, decision making, escalation and risk management skills
* Proven ability to drive corporate strategies to capture, engage and retain repeat customers


People Manager:  

* Comprehensive coaching skills with a proven ability to have challenging conversations
* Ability to identify and develop solutions to resolve training gaps for soft skill and technical development
* Excellent performance stewardship with the ability to drive performance through metrics
* Superior judgment, decision making and problem\-solving skills and proven ability to apply critical and analytical strategic thinking skills to drive development and retention of top performers
* Proven leadership as a change champion
* Ability to collaborate and foster accountability and excellence in a learning environment
* Strong negotiation skills with ability to influence others and drive results
* Proven ability to drive innovation in the development of talent strategies, including ensuring the proper resources are allocated based on individual skills and abilities

  

**Working Conditions and Environment:**  

* Work is performed in an office/ laboratory and/or a clinical environment.
* Exposure to biological fluids with potential exposure to infectious organisms.
* Exposure to electrical office equipment.
* Personal protective equipment required such as protective eyewear, garments and gloves.

  

**Why Join Us?**  

  

When you join Thermo Fisher Scientific, you become part of a global team that values passion, innovation, and a commitment to scientific excellence. You’ll work in an environment where collaboration and development are part of the everyday experience—and where your contributions truly make a difference.  

  

Apply today to help us deliver tomorrow’s breakthroughs.","Industrial Manufacturing","https://it.indeed.com/cmp/Thermo-Fisher-Scientific","https://d2q79iu7y748jz.cloudfront.net/s/_squarelogo/256x256/65bd2e4bebb79b1432ac3277ffd57ae7","https://www.thermofisher.com/","168 Third Avenue, Waltham, MA USA 02451","10,000+","more than $10B (USD)","At Thermo Fisher Scientific, our professionals develop critical solutions—and build rewarding careers.","","","","","","","regulatory affairs"
"in-435e21b1025164fc","indeed","https://it.indeed.com/viewjob?jk=435e21b1025164fc","https://career.krahn.eu/Regulatory-Quality-HSE-Manager-mfd-eng-j304.html","Regulatory, Quality & HSE Manager (m/f/d)","KRAHN CHEMIE GMBH","Milano, LOM, IT","2026-09-09","","","","","","",True,"","","","","KRAHN Group connects people, markets, and innovations – creating real added value. As an independent chemical distributor, we bring producers and processors together and ensure that expertise reaches exactly where it makes a difference. Together with around 290 colleagues across Europe and €300 million in revenue in 2025, we stand for reliability, entrepreneurial thinking, and collaborative partnerships – driving progress that truly matters.



To further strengthen our local team in Italy, we are currently looking for a **Regulatory, Quality \& HSE Manager (m/f/d)** based in Milan, Italy.

**Your tasks**
--------------


Regulatory Affairs


* Ensure compliance with applicable chemical regulations and regulatory requirements
* Monitor regulatory developments and provide guidance to internal stakeholders
* Maintain regulatory documentation and liaise with relevant external partners


Quality Management


* Maintain and further develop the Quality Management System
* Ensure compliance with quality standards and support audits and corrective actions
* Drive continuous improvement across relevant processes


Health, Safety \& Environment


* Ensure compliance with HSE requirements and applicable legislation
* Identify risks and implement appropriate preventive measures
* Promote a safe, responsible, and sustainable working environment
**Your profile**
----------------

* Knowledge of relevant chemical regulations and compliance requirements
* Experience in Regulatory Affairs, Quality Management, HSE, or a comparable function within the chemical industry
* A degree in Chemistry, Chemical Engineering, Environmental Sciences, Safety Management, or a comparable field is preferred
* Strong analytical and organizational skills with a structured and solution\-oriented approach
* Ability to translate complex regulatory requirements into practical solutions
* Confident communication skills and the ability to collaborate effectively with different stakeholders
* Fluent in Italian and English
**Our offer**
-------------

* **Challenging work environment:** Responsible and varied tasks in an internationally growing company with performance\-oriented teams
* **Culture \& collaboration:** Flat hierarchies enabling fast decision\-making and an open working atmosphere shaped by initiative, drive, and creativity
* **Working model:** Attractive benefits (2 days of Smart Working, Meal voucher)
**About KRAHN Group**
---------------------


KRAHN Group connects people, markets, and innovations. As an independent distributor of specialty chemicals and ingredients, we bridge the gap between leading producers and innovative customers across Europe. With approximately 280 employees, operations across multiple countries, and annual revenues of around €300 million, we combine entrepreneurial spirit with the strength of a long\-term family\-owned business.  

  

Ready for the next step?  

**Apply now** at KRAHN Group.

* Philipp Berkel
* Recruiter","","https://it.indeed.com/cmp/Krahn-Chemie-Gmbh","","","","","","","","","","","","","regulatory affairs"
"li-4467052267","linkedin","https://www.linkedin.com/jobs/view/4467052267","","Head of Regulatory Affairs","Jefferson Wells Italia","Milan, Lombardy, Italy","2026-09-14","","","","","","",False,"","","","","","","https://it.linkedin.com/company/jeffersonwells-italia","","","","","","","","","","","","","regulatory affairs"
"li-4419185454","linkedin","https://www.linkedin.com/jobs/view/4419185454","","Regulatory Affairs Analyst (f/m/d)","Axpo Group","Milan, Lombardy, Italy","2026-09-12","","","","","","",False,"","","","","","","https://ch.linkedin.com/company/axpo-group","","","","","","","","","","","","","regulatory affairs"
"li-4463958383","linkedin","https://www.linkedin.com/jobs/view/4463958383","","Own Brand Quality Assurance Leader","METRO Italia","San Donato Milanese, Lombardy, Italy","2026-09-11","","","","","","",False,"","","","","","","https://it.linkedin.com/company/metro-italia","","","","","","","","","","","","","regulatory affairs"
"li-4465119838","linkedin","https://www.linkedin.com/jobs/view/4465119838","","Quality Assurance Project Lead South Cluster","UPS","Casalpusterlengo, Lombardy, Italy","2026-09-11","","","","","","",False,"","","","","","","https://www.linkedin.com/company/ups","","","","","","","","","","","","","regulatory affairs"
"li-4463007618","linkedin","https://www.linkedin.com/jobs/view/4463007618","","responsabile sistema di gestione sicurezza","Randstad Professional Italia","Desenzano del Garda, Lombardy, Italy","2026-09-09","","","","","","",False,"","","","","","","https://it.linkedin.com/company/randstad-professional-italia","","","","","","","","","","","","","regulatory affairs"
"li-4465017683","linkedin","https://www.linkedin.com/jobs/view/4465017683","","SPECIALISTA QHSE - SISTEMA QUALITA'","In Job","Curno, Lombardy, Italy","2026-09-09","","","","","","",False,"","","","","","","https://it.linkedin.com/company/in-job-spa","","","","","","","","","","","","","regulatory affairs"
"li-4463523954","linkedin","https://www.linkedin.com/jobs/view/4463523954","","Senior Regulatory Specialist | Food & Beverage","desmo®","Milan, Lombardy, Italy","2026-09-08","","","","","","",False,"","","","","","","https://it.linkedin.com/company/desmo-hr","","","","","","","","","","","","","regulatory affairs"
"li-4463292918","linkedin","https://www.linkedin.com/jobs/view/4463292918","","Regulatory Affair Dept","Italmatch Chemicals","Arese, Lombardy, Italy","2026-09-08","","","","","","",False,"","","","","","","https://it.linkedin.com/company/italmatch-chemicals-spa","","","","","","","","","","","","","regulatory affairs"
"li-4436040335","linkedin","https://www.linkedin.com/jobs/view/4436040335","","Compliance & Regulatory Affairs Manager","ReeVo Cloud & Cyber Security","Vimercate, Lombardy, Italy","2026-09-08","","","","","","",False,"","","","","","","https://it.linkedin.com/company/reevo-cloud","","","","","","","","","","","","","regulatory affairs"
"li-4465224011","linkedin","https://www.linkedin.com/jobs/view/4465224011","","REGULATORY AFFAIRS SPECIALIST COSMETICO & CHIMICO (REACH)","Emilav | Agenzia per il Lavoro","Santo Stefano Ticino, Lombardy, Italy","","","","","","","",False,"","","","","","","https://www.linkedin.com/company/emilav","","","","","","","","","","","","","regulatory affairs"
"li-4466194154","linkedin","https://www.linkedin.com/jobs/view/4466194154","","R&D Officer (Cosmetics & Medical Devices)","Cooper Consumer Health Italy","Monza, Lombardy, Italy","","","","","","","",False,"","","","","","","https://it.linkedin.com/company/cooper-consumer-health-italia","","","","","","","","","","","","","regulatory affairs"
"in-abebfe905dbd31a5","indeed","https://it.indeed.com/viewjob?jk=abebfe905dbd31a5","https://jsv3.recruitics.com/redirect?rx_cid=3436&rx_jobId=R-01359446_1005_rxr-1&rx_url=https%3A%2F%2Fjobs.thermofisher.com%2Fglobal%2Fen%2Fjob%2FR-01359446%2FSenior-CTM-Neuroscience%3Frx_a%3D0%26rx_c%3D%26rx_ch%3Djobp4p%26rx_group%3D123525%26rx_id%3D29e7aa3b-b09d-11f1-abfb-ddaa01781662%26rx_job%3DR-01359446_1005_rxr-1%26rx_medium%3Dcpc%26rx_r%3Dnone%26rx_source%3Dindeed%26rx_ts%3D20260915T120417Z%26rx_vp%3Dcpc%26utm_medium%3Dppc%26utm_source%3Drecruitics_indeedorganic","Senior CTM - Neuroscience","Thermo Fisher Scientific","Milano, LOM, IT","2026-09-14","fulltime","","","","","",False,"","","","","**Work Schedule**


Standard (Mon\-Fri)**Environmental Conditions**


Office**Job Description**


Join us as a Senior Clinical Team Manager \- Make an Impact at the Forefront of Innovation.

  

The Senior Clinical Team Manager is accountable for achieving the final clinical deliverable (usually clean data from evaluable patients as specified in the study protocol) within the time period specified in the contract with the customer. The Senior Clinical Team Manager interprets data on project issues and makes good business decisions with support from experienced team members or line manager. Works to ensure that all clinical deliverables meet the customer's time/quality/cost expectations. Maintains profitability by ensuring clinical activity is conducted within contract scope, through efficient management of the clinical team. The position involves working on projects of low to moderate complexity and as part of a team of CTMs.

**We are looking for an experienced CTM to join our Neuroscience team. We are looking for candidates with extensive experience in the following indications:**

* **Ophthalmology: General ophthalmology, Diabetic Macular Edema \& Geographic Atrophy**
* **Rare Disease: : Myasthenia Gravis, Huntington's, ALS, DMD, CIDP, DM1 (myotonic dystrophy) and FSHD \- CAR\-T experience a plus**
* **Sleep, Epilepsy, and/or Psychiatry (Depression \& Schizophrenia)**

  

What You'll Do:  

* Manage all clinical operational and quality aspects of allocated studies, of high complexity, in compliance with ICH GCP. In accordance to project specific requirements, may assume Clinical Study Manager (CSM) responsibilities on small and/or less complex projects.
* Develop clinical tools (e.g. Monitoring Plan, Monitoring Guidelines) in conjunction with the Data Quality Plan. Contribute to the development of the Master Action Plan (MAP) for providing clinical related documents. Ensure timely set up, organization, content and quality of the relevant sections of the Trial Master File (local and central). May participate in the design and development of CRFs, CRF guidelines, patient informed consent templates and other protocol specific documents as required. Collaborate with the project manager to prepare, organize, and present at client meetings, including bid defense and hand\-off meetings.
* Collaborate with the clinical team and other departments as needed to meet deliverables of the project. Regularly communicate with the team and lead team meetings to ensure that timelines, resources, interactions, and quality are maintained. Responsible for the implementation and training of standardized clinical monitoring processes within the study and according to corporate standard policies. Responsible for the timely archiving of documents and study materials for the department.
* Ensure achievement of the final clinical deliverable within the contractual time period specified by preparing and monitoring clinical activity timelines and metrics, providing status updates to the project manager, regularly reviewing projects using tracking and management tools, implementing recovery actions, reviewing monitoring visit reports, and managing CRF collection and query resolution. Continuously monitor or co\-monitors clinical trials to assess performance and ensure contractual obligations are met. In smaller regions, may routinely conduct Accompanied Field Visits (AFVs) and be accountable for project financials.
* May communicate with study sites regarding issues such as protocol, patient participation, case report form completion and other study\-related issues.
* May coordinate all start\-up activities and ensures that timely ethics committee and regulatory submissions (if appropriate) are addressed. Ensure that essential document quality meets the expectation of Regulatory Compliance Review. Review and follows up on all questions raised by the ethics committees.
* May provide input into preparation of forecast estimates for clinical activities. Responsible for clinical resource management, assignment, delegation of clinical responsibilities and identification of additional resource requirements.

  

Education \& Experience Requirements:  

* Bachelor's degree or equivalent and relevant formal academic / vocational qualification
* Previous experience that provides the knowledge, skills, and abilities to perform the job (comparable to 8\+ years).

  

In some cases an equivalency, consisting of a combination of appropriate education, training and/or directly related experience, will be considered sufficient for an individual to meet the requirements of the role.  

  

Knowledge, Skills, Abilities:  

* Good leadership skills, effective at mentoring and training, and capable of motivating and integrating teams
* Good planning and organizational skills to enable effective prioritization of workload
* Solid interpersonal and problem solving skills to enable working in a multicultural matrix organization
* Capable of working effectively in a changing environment with complex/ambiguous situations
* Familiarity with the practices, processes, and requirements of clinical monitoring
* Good judgment and decision making skills
* Effective oral and written communication skills, including English language proficiency
* Capable of evaluating workload against project budget and adjusting resources accordingly
* Sound financial acument and knowledge of budgeting, forecasting and fiscal management
* Strong attention to detail
* Solid understanding of relevant regulations e.g. ICH/GCP, FDA guidelines, etc.
* Good computer skills to effectively use automated systems and computerized applications such as Outlook, Excel, Word, etc.

  

Working Conditions and Environment:  

* Work is performed in an office environment with exposure to electrical office equipment.
* Frequently drives to site locations and frequently travels both domestic and international.

  

Why Join Us?  

  

When you join Thermo Fisher Scientific, you become part of a global team that values passion, innovation, and a commitment to scientific excellence. You’ll work in an environment where collaboration and development are part of the everyday experience—and where your contributions truly make a difference.  

  

Apply today to help us deliver tomorrow’s breakthroughs.","Industrial Manufacturing","https://it.indeed.com/cmp/Thermo-Fisher-Scientific","https://d2q79iu7y748jz.cloudfront.net/s/_squarelogo/256x256/65bd2e4bebb79b1432ac3277ffd57ae7","https://www.thermofisher.com/","168 Third Avenue, Waltham, MA USA 02451","10,000+","more than $10B (USD)","At Thermo Fisher Scientific, our professionals develop critical solutions—and build rewarding careers.","","","","","","","regulatory manager"
"in-92e36f4d23651e67","indeed","https://it.indeed.com/viewjob?jk=92e36f4d23651e67","https://jsv3.recruitics.com/redirect?rx_cid=3436&rx_jobId=R-01361571_rxr-1&rx_url=https%3A%2F%2Fjobs.thermofisher.com%2Fglobal%2Fen%2Fjob%2FR-01361571%2FPDS-QA-Project-Specialist%3Frx_a%3D0%26rx_c%3D%26rx_ch%3Djobp4p%26rx_group%3D123525%26rx_id%3D29e96cca-b09d-11f1-b522-ddaa01781662%26rx_job%3DR-01361571_rxr-1%26rx_medium%3Dcpc%26rx_r%3Dnone%26rx_source%3Dindeed%26rx_ts%3D20260915T120417Z%26rx_vp%3Dcpc%26utm_medium%3Dppc%26utm_source%3Drecruitics_indeedorganic","PDS QA Project Specialist","Thermo Fisher Scientific","Monza, LOM, IT","2026-09-14","fulltime","","","","","",False,"","","","","**Work Schedule**


Standard (Mon\-Fri)**Environmental Conditions**


Office**Job Description**


Reporting to the assigned QA Operations Team Leader, the PDS QA Project Specialist supports the Qualified Person (QP) in the evaluation and certification of manufactured batches and the manufacturing environment by reviewing Certificates of Analysis and all supporting quality documentation. The role performs preliminary impact assessments of deviation events, reviews investigation reports, manages customer complaints, and reviews investigation records in compliance with company standards, internal procedures, and applicable regulations (GMP, FDA, and other relevant requirements).


RESPONSIBILITIES


Batch Release Support

* Support the Qualified Person (QP) and the Quality Operations Manager in batch release activities by ensuring compliance with product specifications
* Ensure proper filing and archiving of all Batch Record documentation in accordance with company procedures and quality standards.


Investigation Record Review

* Perform preliminary assessments of deviations and customer complaints, assign the initial criticality level, and evaluate the need for escalation to management.
* Review investigation plans and support investigators in identifying root causes and defining appropriate Corrective and Preventive Actions (CAPAs).
* Perform comprehensive reviews of deviation and complaint investigations, including:supporting investigation documentation; quality impact assessment on affected batches and manufacturing areas; regulatory and compliance impact assessments.
* Contribute to achieving departmental Zero Past Due objectives as well as Right First Time (RFT) and On\-Time Delivery (OTD) targets.
* Approve CAPAs and evaluate effectiveness verification.


Customer Management \& Inspections

* Participate in periodic customer meetings and provide quality support by responding to customer inquiries related to the assigned area of responsibility.
* Notify customers of deviations and complaints in accordance with the applicable Quality Technical Agreement (QTA) and ensure timely closure of records in TrackWise.
* Prepare customer\-specific KPIs and participate in customer site visits.
* Actively participate in audit preparation activities.
* Support the presentation of quality topics during customer and regulatory audits.


Compliance

* Ensure completion of all assigned training activities.
* Maintain and continuously update Standard Operating Procedures (SOPs) related to the assigned area by preparing the necessary documentation in compliance with current GMP requirements.
* Review Master Batch Records (MBRs) related to PDS projects (clinical and commercial batches).
* Review Change Controls related to PDS projects.
* Review protocols and reports associated with clinical batches.
* Prepare Product Summary Files (PSFs) for clinical batches in accordance with current SOPs and ensure they remain up to date.
* Prepare Risk Assessments related to PDS projects within the assigned area of responsibility.
* Review Failure Mode and Effects Analyses (FMEAs) related to PDS projects.


KEY INTERFACES


Internal

* Manufacturing
* QA Compliance \& Regulatory / Quality Control
* Business Managers \& PMO
* Technical Services
* Logistics


External

* Customers
* Regulatory Authorities


REQUIREMENTS

* Experience in pharmaceutical quality assurance or related GMP environment
* Bachelor's Degree (or equivalent) in: Pharmaceutical Chemistry and Technology (CTF), Pharmacy, Chemistry, Biology or another relevant scientific discipline
* Fluent English communication skills, both written and spoken
* Comprehensive knowledge of GMP regulations, FDA guidelines and quality systems
* Experience in deviation investigations and CAPA management
* Strong understanding of aseptic manufacturing processes and controls
* Knowledge of root cause analysis and quality improvement tools","Industrial Manufacturing","https://it.indeed.com/cmp/Thermo-Fisher-Scientific","https://d2q79iu7y748jz.cloudfront.net/s/_squarelogo/256x256/65bd2e4bebb79b1432ac3277ffd57ae7","https://www.thermofisher.com/","168 Third Avenue, Waltham, MA USA 02451","10,000+","more than $10B (USD)","At Thermo Fisher Scientific, our professionals develop critical solutions—and build rewarding careers.","","","","","","","regulatory manager"
"in-b9ea357037451563","indeed","https://it.indeed.com/viewjob?jk=b9ea357037451563","https://jsv3.recruitics.com/redirect?rx_cid=3436&rx_jobId=R-01366675_1006&rx_url=https%3A%2F%2Fjobs.thermofisher.com%2Fglobal%2Fen%2Fjob%2FR-01366675%2FFSP-Program-Manager-Medical-Writing-EMEA%3Frx_a%3D0%26rx_c%3D%26rx_ch%3Djobp4p%26rx_group%3D123525%26rx_id%3Df728bfd5-b07a-11f1-b4e4-23f076b7f9aa%26rx_job%3DR-01366675_1006%26rx_medium%3Dcpc%26rx_r%3Dnone%26rx_source%3Dindeed%26rx_ts%3D20260915T120417Z%26rx_vp%3Dcpc%26utm_medium%3Dppc%26utm_source%3Drecruitics_indeedorganic","FSP Program Manager Medical Writing EMEA","Thermo Fisher Scientific","Milano, LOM, IT","2026-09-14","fulltime","","","","","",False,"","","","","**Work Schedule**


Standard (Mon\-Fri)**Environmental Conditions**


Office**Job Description**


Join us as a Program Manager within our Regulatory Medical Writing team where you will make an Impact at the Forefront of Innovation.  

We have successfully supported the top 50 pharmaceutical companies and more than 750 biotechs, spanning 2,700 clinical trials across 100\+ countries in the last 5 years.  

  

As part of our expert team, you’ll have the opportunity to ensure operational excellence that makes a real difference in organizational performance. As a Regulatory Medical Writing Program Manager, you will lead client programs with high visibility among internal and client teams, often requiring a high degree of client engagement and management; manage client relationships and identify and resolve client management issues; manage and ensure the timely delivery and the quality of multiple program documents; develop, monitor, and adapt project plans, client and program\-specific processes, timelines, and budgets/forecasting for programs. You will also serve as subject matter expert for assigned programs.  

  

**What You’ll Do:**

* Develop project timelines, standards, budgets, forecasts and contract modifications for assigned projects. Serves as liaison with other departments on contract modifications.
* Assist business development and senior management on securing new business at program levels by developing and making presentations to clients, leading the development and review of proposal texts and budgets, and supporting contract negotiations.
* Serve as point of contact for risk escalation for assigned programs. Evaluates and appropriately escalates or resolves risks to project quality, budget, or timeline.
* Ensure compliance with quality processes and requirements for assigned programs both within and between documents within a project. Develops, reviews and manages performance metrics for assigned projects.
* Provide training for medical writers on processes and technical aspects of program management.
* May serve as backup medical writer. Duties could include researching, writing and editing clinical study reports and protocols, summarizing data from clinical studies, writing or providing input on complex clinical and scientific documents such as IBs, INDs, and MAAs, and providing senior review of project materials.

 **Education and Experience Requirements:**

* Bachelor's degree in a scientific discipline or equivalent and relevant formal academic / vocational qualification; Advanced degree preferred
* Previous experience that provides the knowledge, skills, and abilities to perform the job (comparable to 8\+ years).
* Experience in managing and directing complex medical writing projects required
* Experience working in the pharmaceutical/CRO industry preferred
* Additional qualifications in medical writing (AMWA; EMWA; RAC) advantageous


In some cases an equivalency, consisting of a combination of appropriate education, training and/or directly related experience, will be considered sufficient for an individual to meet the requirements of the role.

 **Knowledge, Skills and Abilities:**

* Solid program management skills to include budgeting, forecasting and resource management
* Extensive knowledge of global, regional, national and other document development guidelines
* In\-depth knowledge in one or more specialty areas such as preclinical, therapeutic, regulatory, submissions, communications, etc.
* Excellent interpersonal, oral and written communication, and presentation skills
* Excellent negotiation skills
* Self\-motivated and adaptable
* Excellent judgment; high degree of independence in decision making and problem solving
* Capable of mentoring and leading junior level staff

 **Why Join Us?**  

When you join Thermo Fisher Scientific, you become part of a global team that values passion, innovation, and a commitment to scientific excellence. You’ll work in an environment where collaboration and development are part of the everyday experience—and where your contributions truly make a difference.  

  

Apply today to help us deliver tomorrow’s breakthroughs.","Industrial Manufacturing","https://it.indeed.com/cmp/Thermo-Fisher-Scientific","https://d2q79iu7y748jz.cloudfront.net/s/_squarelogo/256x256/65bd2e4bebb79b1432ac3277ffd57ae7","https://www.thermofisher.com/","168 Third Avenue, Waltham, MA USA 02451","10,000+","more than $10B (USD)","At Thermo Fisher Scientific, our professionals develop critical solutions—and build rewarding careers.","","","","","","","regulatory manager"
"in-6378863376fde07c","indeed","https://it.indeed.com/viewjob?jk=6378863376fde07c","https://abb.wd3.myworkdayjobs.com/External_Career_Page/job/Krakow-Lesser-Poland-Poland/Global-IS-License-Manager-ABB-Robotics_JR00047094","Global IS License Manager ABB Robotics","ABB","Sesto San Giovanni, LOM, IT","2026-09-14","","","","","","",False,"","","","","At ABB, we help industries outrun \- leaner and cleaner. Here, progress is an expectation \- for you, your team, and the world. As a global market leader, we’ll give you what you need to make it happen. It won’t always be easy, growing takes grit. But at ABB, you’ll never run alone. Run what runs the world.


This role sits within ABB's Robotics business, a leading global robotics company. We're entering an exciting new chapter as we’ve announced the plan for SoftBank Group to acquire ABB Robotics. SoftBank is a globally recognized technology group and investor/operator focused on AI, robotics, and next\-generation computing. By joining us now, you’ll be part of a pioneering team shaping the future of robotics—working alongside world\-class experts in a fast\-moving, innovation\-driven environment.


This Position reports to:


IS Manager **Global IS License Manager ABB Robotics**


We are looking for an **experienced Global IS License Manager** to establish and drive our global License Management capability as part of the Vendor and License Management function.


This is a **newly created, high\-impact role** offering significant opportunity to shape the area, influence global IS governance and grow with the organisation.


You will drive the development of our global **License Management** and **Software Asset Management (SAM)** strategy, governance framework and model, while leading operational execution across License Optimization, Compliance \& Audits, Vendor Management, Tool Administration and Cross\-Functional Support.

**Your responsibilities**

* Define and drive the global **License Management strategy, governance framework, policies, controls and processes**.
* Lead the end\-to\-end **software licence lifecycle and optimisation**, including entitlements, usage, demand, renewals and optimisation opportunities.
* Own **licence compliance and audit readiness**, including reconciliations, licence positions, risk identification and remediation.
* Manage licensing relationships with key software vendors and support renewals, commercial discussions and interpretation of licensing terms in collaboration with Sourcing, Legal and Vendor Management.
* Own the quality and effective use of **License Management tools and data**, including ServiceNow SAM Pro or equivalent, reporting and process automation.
* Partner with IS, Sourcing, Legal, Finance and business stakeholders to embed effective license management practices across the organization.


In addition to these core responsibilities, you will play a key role in developing licensing strategies aligned with business goals, supporting software licence compliance reporting, and monitoring relevant licensing and regulatory developments. Your leadership will help shape the License Management function by driving continuous improvement, providing licensing expertise and guidance to the team, and managing escalations.


The position is global. The preferred locations are Poland, Spain, Italy, Sweden, Czech Republic and Germany.


This Position reports to: Head of IS Vendor and License Management

**Your background**

* Bachelor’s degree in **Information Technology, Information Systems, Computer Science, Engineering, Business Administration or a related field**, or equivalent professional experience.
* Minimum **7 years of experience in Software Asset Management (SAM), IT Asset Management (ITAM), software licensing, or IT/IS Vendor Management with a strong focus on software licensing** in a global or multinational environment.
* Strong knowledge of **software licensing models, licence optimisation, compliance and vendor audits**.
* Hands\-on experience with **ServiceNow SAM Pro or a comparable SAM platform**.
* Experience working with major software publishers and complex enterprise licensing models.
* **CSAM, ServiceNow CIS\-SAM/ITAM or relevant vendor licensing certifications** are an advantage.
* Strong analytical, stakeholder management, communication and negotiation skills.


This role offers a unique opportunity to influence how we manage and govern our global software assets. If you are a strategic thinker with a passion for operational excellence and stakeholder collaboration, we look forward to your application.

**Exciting Career Opportunity in Robotics**


This role sits within ABB’s Robotics business, a leading global robotics company. We’re entering an exciting new chapter as we’ve announced the plan for SoftBank Group to acquire ABB Robotics. SoftBank is a globally recognized technology group and investor/operator focused on AI, robotics, and next\-generation computing. By joining us now, you’ll be part of a pioneering team shaping the future of robotics—working alongside world\-class experts in a fast\-moving, innovation\-driven environment.

**Welcome with your application! Last day to apply is November the 30th.**

We value people from different backgrounds. Could this be your story? Apply today or visit www.abb.com to read more about us and learn about the impact of our solutions across the globe.","","https://it.indeed.com/cmp/Abb","https://d2q79iu7y748jz.cloudfront.net/s/_squarelogo/256x256/6998783079e0a69c900c56473963cc0c","http://www.global.abb/group/en","Zürich","10,000+","more than $10B (USD)","","","","","","","","regulatory manager"
"in-77bf799f3164cad8","indeed","https://it.indeed.com/viewjob?jk=77bf799f3164cad8","https://career2.successfactors.eu/career?company=2732424P&career_ns=job_listing&career_job_req_id=7071&lang=en_US&source=Indeed","General Manager - NH Milano Congress Centre","Minor Hotels Europe & Americas","Milano, LOM, IT","2026-09-14","","","","","","",False,"","","","","Join our team at **NH Hotels \& Resorts**, a global leader in upscale and midscale hospitality, renowned for our exceptional service and facilities. A brand with a strong footprint in Europe and the Americas that is beginning its adventure in Greater China.  

You will have the opportunity to provide our guests with reliable experiences that combine value, location and your own human touch. You can join us in our quest to make every hotel stay remarkable by meeting the needs of guests looking for functional hotels \& resorts with a natural and fresh style, doubled by friendly service. Become part of a brand that is like you: Functional, natural and down\-to\-earth, innovative, reliable and friendly.

  


**What will be your mission?**

  

As a General Manager, you will lead all aspects of the hotel, ensuring operational excellence, profitability, guest and team member experience, and brand compliance.

 **What will you do?**  

* Act as the visible leader of the hotel, fostering a team and guest\-centric culture of excellence and accountability throughout the hotel.
* Directly responsible for the full management and performance of the hotel, ensuring operational efficiency, quality, and alignment with corporate objectives.
* Oversee and support the full operation and profitability of the hotel.
* Achieve the expected results in terms of the KPIs included in the Hotel Balanced Scorecard.
* Anticipate business risks and opportunities, activating timely strategic and operational responses.
* Identify and proactively raise opportunities for growth.
* Manage and coordinate the implementation of the corporate policies and projects together with the correspondent central teams (CRM \& Loyalty, Brand Strategy, PR \& Communication, Quality, Sustainable Business, etc.).
* Act as the primary relationship owner and first point of contact for the hotel owner, building long\-term trust, aligning expectations, proactively managing communication, and addressing issues to protect performance and partnership value. Coordinating the strategies and actions, when needed, with the different central services areas that could be involved.
* If required, representative when it comes to participation in local networking, associations, internal/ external meetings and industry forums.
* Ensure compliance with legal, health \& safety and regulatory requirements and standards (e.g. licenses, fire safety, legionella).

 **Revenues*** Actively drives revenue growth for the hotel, working in close partnership with Sales and Revenue teams to generate demand, optimize commercial strategies and maximize market opportunities so that the Hotel achieves Budget Sales target \& Market penetration KPI´s
* Demonstrate deep and continuous awareness of the competitive set, with strong understanding of competitors’ positioning, products, services and strategies.
* Review and challenge sales and pricing strategies to ensure alignment to ensure strong market positioning and alignment with Area/Market business priorities.
* Be accountable for the performance of the hotel’s commercial visibility, including the website, OTAs, digital presence and local marketing initiatives.
* Identify and secure local partners, alliances and initiatives that directly contribute to revenue generation and brand exposure.

 **Quality*** Own the end‑to‑end guest experience of the hotel, acting as the ultimate accountable leader for service excellence, brand delivery and guest satisfaction.
* Translate brand standards, guest feedback and quality KPIs into concrete actions that continuously enhance experiences, reputation, loyalty and repeat business.
* Reach on an annual basis the Hotel targets on Quality \& GHA members

**People*** Build, lead and develop a strong and diverse leadership team, ensuring leaders at all levels are equipped, accountable and role‑model the desired culture, behaviors and performance standards.
* Own the full team member lifecycle within the hotel, ensuring attraction, selection, onboarding, development and retention of talent, while actively contributing to internal succession and talent pipelines.
* Drive high levels of performance, engagement and accountability across the hotel, proactively addressing absenteeism and turnover through targeted action plans.

  

**Finance*** Review the P\&L of their hotel and support in establishing corrective measures to achieve the Hotel Ebitda Targets.
* Review forecasts and financial projections in line with corporate timelines.
* Responsible of the approved capex execution as well as to submit the future capex needs for the Hotel to be approved.

 **Decision Scope:**

* Own their hotel end\-to\-end performance, for operational and financial results within the budgetary framework defined by the company.
* **Decision Rights \& Escalation Framework\*:**
* **Revenues:** adjust operational and commercial levers to reach the hotel targets; escalate if necessary.
* **People:** Labor Management of their own hotel within defined decision rights and escalate high\-impact cases.
* **Finance:**
* Propose and implement improvements that lead to improve the hotel operation, ensuring efficient resource allocation and supporting the financial and quality objectives of the hotel.
* P\&L / EBITDA deviation: Proposes to the Market Director/SVP Operations corrective measures, executes them, and oversees their financial impact.
* Capex: Oversee execution to ensure approved annual investments are delivered within approved timelines and scope, escalating any risk of delay to the Market Director/SVP Operations in Europe and General Director of Operations in Americas.

* *Please, access the updated* ***approval limits*** *available within the* ***Digital Knowledge Workplace****.*

 **Core Functions:**

* **Revenues:** Work with the revenue manager and sales team to implement commercial strategies, ensuring effective oversight of the hotel’s marketing, digital presence and social media performance.
* **Quality:** Ensure brand quality standards and SOPs. Optimize lean workflows. Create guest experiences promoting guest satisfaction, aligned with brand and loyalty compliance.
* **People:** Lead the whole team member life cycle within the hotel, attracting and developing them, ensuring strong performance and engagement, and building talent pipelines.
* **Finance:** Financial Performance, P\&L \& Business Results: Own P\&L delivery and activate corrective playbooks. Propose Capex opportunities and oversee execution under investment governance.

 **Reporting Structure:**

* Reports to the Market Director or SVP Operations in Europe, and to the General Managing Directors in Americas.
* Leads the hotel team.

 **What are we looking for?**  

* At least 2 years of experience in a senior hotel leadership role (e.g. General Manager, Hotel Manager, Deputy Hotel Director or similar), managing complex operations and diverse teams
* Strong financial and commercial acumen, with solid P\&L management and revenue\-driving experience
* Strategic mindset with the ability to make high\-impact decisions and drive business performance
* Strong leadership capabilities, with a track record of building, engaging and developing high\-performing teams
* Excellent stakeholder management skills, including ownership and corporate relations
* Solid understanding of hotel operations, guest experience and brand standards
* International experience is highly valued
* Fluent in English and local language; additional languages are a strong asset
* Degree in Hospitality Management, Business Administration or related field

 **Compensation**  

Gross annual salary starting from 65K.
Compensation will be commensurate with the candidate's experience, skills and level of seniority. **Why choose us?**  

At Minor Hotels Europe \& Americas, we are committed to supporting internal development and mobility, enabling our team members to grow professionally within the group, either within the same country or internationally.
We provide a people\-centred environment where learning, wellbeing and mobility are real and supported opportunities, aligned with both individual career paths and business needs. **What you can expect** **Competitive conditions*** Salary aligned with your experience, responsibilities and local market conditions.
* Bonus or incentive schemes, depending on the level of the position.
* Additional local benefits such as meal vouchers, staff canteen

  

**Career development opportunities** with national and international challenges across hotels and brands.**A wide range of training and development programmes** through Minor Hotels University, supporting internal growth and professional mobility.**Wellbeing initiatives****Team member recognition programmes**, including Memorable Dates.**The opportunity to contribute to sustainability and volunteering initiatives**, making a positive impact beyond our hotels.**Team member rates and promotions**, offering discounted rates in our hotels around the world and exclusive benefits through our corporate loyalty programme.  

Senior leadership roles benefit from a more comprehensive mobility framework, supporting both business priorities and long\-term careers within the group. For national or international appointments, support may include:  

* Relocation and housing support during the transition phase.
* Moving and travel assistance, according to the type of assignment.
* Tailored international allowance packages for long\-term assignments.
* Support for family needs, where applicable and covered by policy.
* Structured return, localization or onward\-mobility planning, ensuring career continuity.


Mobility at this level is designed as a strategic step within a broader leadership journey at Minor Hotels.  

If you are looking for your next professional challenge and are open to mobility, this opportunity allows you to continue growing within Minor Hotels, supported by clear conditions, structured processes and a long\-term career perspective. **Are you looking for a new challenge?** **Apply now!**

 *Minor Hotels Europe \& Americas is committed to fostering an inclusive workplace where all team members are valued and supported equitably. We promote equal opportunities and embrace diversity in all its forms. We warmly welcome everyone.*","","https://it.indeed.com/cmp/Minor-Hotels-Europe-&-Americas-1","https://d2q79iu7y748jz.cloudfront.net/s/_squarelogo/256x256/efde639c7c33b085ec5c4e3863936e11","https://www.minorhotels.com/es/about-us","Madrid","501 to 1,000","$100M to $500M (USD)","","","","","","","","regulatory manager"
"in-1fedbee03bb24f9d","indeed","https://it.indeed.com/viewjob?jk=1fedbee03bb24f9d","https://qvc.wd5.myworkdayjobs.com/en-US/QVCEurope/job/Italy-Monza-e-Brianza-Brugherio/Privacy---Data-Goverance-Analyst_R83539","Privacy & Data Goverance Analyst","QVC","Brugherio, LOM, IT","2026-09-14","fulltime","","","","","",False,"","","","workwithus@qvcgrp.com","Working at QVC Group means joining a live social shopping company with incredible teams, ambitious projects and amazing careers. QVC Group, Inc. is a Fortune 500 company with six leading retail brands \- QVC®, HSN®, Ballard Designs®, Frontgate®, Garnet Hill® and Grandin Road.
**Your Opportunity, Your Team**

  

Join QVC Group’s Information Governance team and help shape how personal data is managed across, US, Italy, Germany, Japan, UK and China.


As an **Privacy \& Data Governance Analyst** you will play an important role in supporting privacy compliance and strengthening governance processes across the business.


You will work with a wide range of stakeholders to maintain and improve data maps, support privacy\-related initiatives, and help ensure that personal data is handled in line with internal standards and regulatory expectations.


This is a great opportunity for someone who enjoys working across functions, combining analytical thinking with stakeholder collaboration, and building expertise in a growing privacy and governance environment.


**Where You'll Work**

* This role is **hybrid** and will require you to be onsite at QVC offices in Brugherio several days per month (onsite days are predetermined and standard across the company).
* This is a full time – permanent contract.

**What You'll Do**

Reporting to the Global Information Governance Program Manager, you'll:


* Develop, update, and maintain company data maps covering systems and business processes involving personal data.
* Lead or support discussions with business stakeholders to collect, validate, and document data processing information.
* Work closely with teams across IT, Information Security, eCommerce, Analytics/Marketing, Legal, and People.
* Support privacy and information governance projects, including privacy rights compliance and data verification activities.
* Help identify and document retention requirements across systems and business processes.
* Look for opportunities to improve governance processes, controls, and documentation.
* Support additional team, administrative, and local office tasks when needed.

**What You'll Bring**

* Experience in IT, Compliance, Data Management, Data Privacy, IT support, or a related field.
* Understanding of privacy principles, regulations, and good governance practices.
* Interest in developing your expertise in privacy and the changing regulatory landscape.
* Familiarity with privacy\-by\-design concepts and their use in technology, systems, or cloud\-based environments.
* Strong communication, presentation, and stakeholder management skills.
* Strong analytical skills and the ability to manage multiple priorities and deadlines.
* Confidence to take ownership of tasks, support initiatives, and influence stakeholders when needed.
* Very good written and verbal communication skills in English.
* Good knowledge of Microsoft Office tools, especially Word, Outlook, Excel and Visio.
* Experience with TrustArc or similar privacy management tools would be an asset.

INDIT


\#LI\-DM1


Salary: 26\.000,00 € \- 32\.000,00 €
Our **Total Rewards** package includes benefits you’ll love such as competitive compensation, paid time off, an employee assistance program, parental leave, paid volunteer hours, and amazing company discounts! In our US market, you can also expect health care benefits starting on day 1, 401(k), and tuition reimbursement benefits.


QVC Group is committed to inclusion and belonging for all and ensuring that our workplace provides equal employment opportunities for all team members and candidates and complies with all applicable federal, state, and local laws and regulations. As an equal opportunity employer, QVC Group is committed to a barrier\-free employment process. If you need reasonable accommodations/support throughout, please contact us at workwithus@qvcgrp.com for assistance.


If provided, salary ranges are a general guideline only, and actual salaries will vary and are based on factors such as a candidate's qualifications, skills, experience, and geographic location as well as business and market conditions.","","https://it.indeed.com/cmp/Qvc","https://d2q79iu7y748jz.cloudfront.net/s/_squarelogo/256x256/4f1b60c605d76f658077f8433ee34512","http://www.qvc.com","","10,000+","more than $10B (USD)","We are a live social shopping company that redefines the shopping experience through video-driven commerce on every screen, from smartphones and tablets to laptops and TVs.","","","","","","","regulatory manager"
"in-1ae78891ba0b57a4","indeed","https://it.indeed.com/viewjob?jk=1ae78891ba0b57a4","https://internationalcareers-waters.icims.com/jobs/27644/job?utm_source=indeed_integration&iis=Job%20Board&iisn=Indeed&indeed-apply-token=73a2d2b2a8d6d5c0a62696875eaebd669103652d3f0c2cd5445d3e66b1592b0f","Clinical Field Service Engineer","Waters","Sesto San Giovanni, LOM, IT","2026-09-10","","","","","","",False,"","","","","Overview:
* Are you looking for an impactful role within a growing business that helps advance science and improve human health?
* Would you enjoy the freedom of a field\-based role where no two days are the same and you can become a trusted technical partner to our customers?
* Are you looking for opportunities to grow, develop, learn and progress in your career?
* Would you like to join a global, innovative technology organisation that is strongly committed to diversity, equity and inclusion?


If your answers are yes, then we would love to hear from you!  

At Waters, we design and manufacture innovative products, solutions and services that help our customers solve important scientific challenges. Our people make a real difference through their work. They are passionate about what they do, proud of their accomplishments and central to making Waters a great place to work.  

As a **Clinical Field Service Engineer**, you will support customers operating Waters LC\-MS systems within regulated clinical laboratory environments. This is a varied and rewarding field\-based role in which you will install, maintain and repair analytical systems, solve technical problems and build trusted relationships with the customers you support. No two days will be the same.  

As a global organisation, Waters offers a wide range of opportunities to learn, grow and develop. Many of our team members have progressed within Field Service or moved into other areas of the business, including applications support, sales, global technical support and leadership.  


Responsibilities:
**So, what does a Clinical Field Service Engineer do? Below are some of the key responsibilities:*** Install, qualify, calibrate, maintain, troubleshoot and repair Waters LC\-MS systems within regulated clinical laboratory environments.
* Analyse system performance and diagnostic data to identify the source of technical problems and determine the appropriate corrective action.
* Work closely with our wider technical and support teams to resolve issues efficiently, escalating more complex problems when required.
* Manage customer expectations by clearly communicating the work performed and providing follow\-up plans where required.
* Complete service records and other required documentation accurately and promptly, in accordance with Waters’ quality and regulatory procedures.
* Build strong relationships with customers, providing appropriate advice and support on Waters products and services while identifying opportunities to further improve their laboratory operations.


To help you succeed, you will receive comprehensive technical training, support from an experienced team and access to continuous learning and development opportunities throughout your career at Waters.
Qualifications:
**Who are we looking for?** **Education:*** A minimum bachelor’s degree in analytical chemistry, biology, physics, engineering or a related scientific or technical discipline is essential.

**Experience:*** Practical experience working with complex analytical or laboratory instrumentation.
* Strong technical aptitude and the ability to understand and troubleshoot mechanical, electrical, fluidic and software\-related issues.
* Experience maintaining, calibrating or troubleshooting analytical instrumentation would be advantageous.
* Previous experience using or servicing LC\-MS instrumentation, preferably Waters systems, is strongly preferred.
* Experience within a clinical, forensic, hospital, IVD or other regulated laboratory environment would be advantageous.
* A valid driving licence in good standing is mandatory.
* Willingness to undertake overnight travel when required, including international travel for technical training.

**Skills:*** A strong customer focus and commitment to delivering excellent service.
* A logical and analytical approach to troubleshooting and problem\-solving.
* Strong communication skills and the ability to communicate effectively with customers and colleagues from different technical backgrounds.
* The ability to manage time effectively, organise field activities and work independently.
* A collaborative approach and willingness to work with wider technical and support teams.
* A strong sense of personal integrity and accountability
* Fluent Italian and a good professional command of spoken and written English, equivalent to at least B2 under the Common European Framework of Reference for Languages (CEFR). The role requires regular communication with an English\-speaking manager and international colleagues, as well as participation in technical training delivered in English.

 **Frequent overnight travel may be required.**  

Waters recognises that people from some backgrounds remain under\-represented within STEM careers and may face barriers during the application process. As an inclusive employer, we welcome applications from everyone. You do not need to meet every desirable requirement of the role. If you believe you can add value to our business, we want to hear from you.
Company Description:

Waters Corporation (NYSE:WAT) is a global leader in life sciences and diagnostics, dedicated to accelerating the benefits of pioneering science through analytical technologies, informatics, and service. With a focus on regulated, high\-volume testing environments, our innovative portfolio harnesses deep scientific expertise across chemistry, physics, and biology. We collaborate with customers around the world to advance the release of effective, high\-quality medicines, ensure the safety of food and water, and drive better patient outcomes by detecting diseases earlier, managing routine infections, and combating antibiotic resistance. Through a shared culture of relentless innovation, our passionate team of \~16,000 colleagues turn scientific challenges into breakthroughs that improve lives worldwide.  

  

Within Waters’ Advanced Diagnostics group, the Clinical LC\-MS Service team supports analytical systems used in regulated clinical laboratory environments. As a Clinical Field Service Engineer, you will install, maintain and repair Waters LC\-MS systems, helping customers maintain reliable operation and deliver high\-quality diagnostic testing. *Diversity and inclusion are fundamental to our core values at Waters Corporation. We are committed to providing equal employment opportunities and consider all qualified applicants without discrimination based on any characteristic protected by applicable law. All hiring decisions are based on qualifications, merit and business needs.*","","https://it.indeed.com/cmp/Waters-8","https://d2q79iu7y748jz.cloudfront.net/s/_squarelogo/256x256/bd975cea10291ca5132fd5d95ed01df9","http://www.waters.com","Milford, MA","5,001 to 10,000","$1B to $5B (USD)","Waters is unlocking the potential of science by solving problems that matter. Are you ready to unlock your next opportunity with us?","","","","","","","regulatory manager"
"in-08acc0347cfa28d8","indeed","https://it.indeed.com/viewjob?jk=08acc0347cfa28d8","https://hiscox.wd3.myworkdayjobs.com/en-US/Hiscox_External_Site/job/Milan/Coordination-Lead-and-Office-Manager--gn-_R0020338-1","Coordination Lead and Office Manager (gn)","Hiscox","Milano, LOM, IT","2026-09-10","fulltime","","","","","",False,"","","","","**Job Type:**


Permanent**Build a brilliant future with Hiscox**

 **Coordination Lead and Office Manager – Hiscox Italy (gn)**

**Reports to:** Managing Director – Italy  

**Location:** Milan, Italy

 **Experience:** Typically, 2–5 years of experience in organisational or coordination roles, ideally gained within the insurance or financial services sector, or in a consultancy firm serving these sectors

 **Qualification:** Degree in Business Administration, Economics, Law or a related discipline (preferred)

**HISCOX \- Role Purpose**


Hiscox SA is a Luxembourg\-based non\-life insurance company expanding its presence in Italy through a newly opened Italian branch. We are looking for a Coordination Lead/Office Manager to oversee and coordinate the operational activities of the Italian branch, ensuring the effective day\-to\-day running of the business in support of the Managing Director and the wider team.


This is a hands\-on, operationally focused role for an organised and proactive professional who takes ownership of the business’s day\-to\-day operations. The role holder will act as the key point of reference for the operational functioning of the Italian branch, presiding over intermediary administration, corporate and regulatory administrative matters, supplier and HR\-related processes, and general business coordination, working closely with the Managing Director, local colleagues and international group stakeholders.


The Coordination Lead/Office Manager will play a central role in presiding over the operational activities of the Italian branch, ensuring that processes run smoothly, that documentation and registers are kept accurate and up to date, and that the business is effectively and reliably supported across a wide range of operational, administrative and coordination matters.

**Key Responsibilities**


Own and oversee the day\-to\-day operational activities of the Italian branch, acting as the central point of reference for operational, administrative and coordination matters across multiple functions and stakeholders, in support of the Managing Director and the wider business.


Intermediary Administration Management:

* Manage and maintain intermediary mandates and collaboration agreements, letters and related documentation.
* Coordinate mandatory training requirements for intermediaries and monitor completion.
* Monitor intermediary performance and maintain related reporting.
* Manage Product Oversight and Governance (POG) documentation and maintain the related document repository.
* Manage administrative aspects of TPA (Third Party Administrator) claims handling.
* Manage procedures, service orders and external communications related to intermediaries.
* Provide oversight of intermediary segregated client funds.
* Manage complaints handling administration and PEC (certified email) correspondence.


Business Operations and Corporate Coordination:

* Act as the administrative point of contact for accountants, legal advisers, notaries, public bodies and industry associations (e.g. ANIA).
* Oversee the management, control and updating of the company website.
* Manage external contractors and service providers.
* Oversee risk mapping activities and coordinate the appointment and training of the RSPP (workplace safety officer).
* Coordinate forecasting, planning and results reporting activities.
* Provide operational and problem\-solving support across technical, administrative and commercial matters.
* Contribute to and support customer experience initiatives.
* Manage supplier scouting, negotiation, relationship management and cost control.
* Support HR\-related administrative processes.
* Manage document scheduling, filing and archiving.
* Coordinate change management initiatives and related administrative topics.
* Act as the administrative point of reference for interactions with the regulator (IVASS) and ANIA.

**Key Skills and Experience**

* Typically, 2–5 years of experience in organisational or coordination roles, or in a consultancy firm serving the finance/insurance sector.
* Flexible and dynamic approach, comfortable adapting to changing priorities.
* Highly organised, with strong attention to detail.
* Experience in project and budget management.
* Accustomed to working to tight deadlines under pressure, while maintaining the highest level of trust and integrity.
* Excellent communicator and team player.
* Strong customer and supplier relationship management skills.
* Strong stakeholder management skills, with the ability to work effectively with local management, central functions and external advisers.
* Ability to interact effectively with colleagues across the group in an international context.
* Proactive and hands\-on, with the ability to work with a high degree of autonomy.
* Excellent knowledge of English, written and verbal.

**Opportunity**


This role offers the opportunity to join Hiscox SA at an important stage of its expansion into Italy. The successful candidate will play a central role in presiding over the operational activities of the Italian branch, supporting the Managing Director and the Italian team, and helping to build efficient processes as the business continues to grow.


Salary Range: 40\-50K EUR annual base salary


\#LI\-DS1

 *Work with amazing people and be part of a unique culture*","","https://it.indeed.com/cmp/Hiscox","https://d2q79iu7y748jz.cloudfront.net/s/_squarelogo/256x256/d02ac680c1625bf6681fc7746491793d","https://www.hiscoxgroup.com","Hamilton","1,001 to 5,000","$1B to $5B (USD)","Hiscox has a clear vision for the future. Our ambition is to be a respected specialist insurer valued by our customers, business partners and shareholders.","","","","","","","regulatory manager"
"in-ed1f179a598bad64","indeed","https://it.indeed.com/viewjob?jk=ed1f179a598bad64","https://jobs.bd.com/en/job/milan/regional-healthcare-partner-centro-nord/159/100399180864","Regional HealthCare Partner - Centro Nord","BD","Milano, LOM, IT","2026-09-09","","","","","","",False,"","","","","Now
  
**We are the people who give possibilities purpose**
----------------------------------------------------


BD is one of the largest global medical technology companies in the world. Advancing the world of health™ is our Purpose, and it’s no small feat. It takes the imagination and passion of all of us—from design and engineering to the manufacturing and marketing of our billions of MedTech products per year—to look at the impossible and find transformative solutions that turn dreams into possibilities.


**Job Description**
===================


The Regional Healthcare Partner supports the commercial team in identifying and developing opportunities within the public healthcare market, contributing across the entire tender lifecycle. This includes pre\-tender activities, opportunity monitoring, tender management, and support for contract renegotiation and price review processes.  

Reporting to the Strategic Tender \& Customer Procurement Relationship Manager and working within the Procurement Center of Excellence, the role collaborates closely with Sales, Marketing, Clinical, Regulatory, and Tender Management teams to support procurement excellence, customer engagement, and sustainable business growth.

**Key Responsibilities**

  

Tender Management

* Monitor public tender opportunities and timelines.
* Review tender notices, specifications, and procurement documentation, identifying requirements, risks, and opportunities.
* Coordinate the preparation and submission of technical and commercial tender documentation.
* Ensure accuracy, quality, and compliance of submissions through cross\-functional collaboration.
* Support commercial teams throughout all tender phases.
  

Pre\-Tender Activities

* Support engagement with contracting authorities and procurement stakeholders.
* Contribute to value\-based purchasing initiatives, benchmarking activities, and health economics projects.
* Analyze customer needs, market trends, and procurement models within the public healthcare sector.
* Partner with Sales and Marketing to identify business opportunities and influence future tender specifications.


Provide insights into market dynamics, competitor activity, and procurement trends.  

Pricing \& Contract Support

* Support contract renegotiations, price revision requests, and contractual amendments.
* Coordinate with internal stakeholders to ensure compliance and alignment with business objectives.
* Analyze market, economic, and contractual data to support commercial decision\-making.
* Monitor contract execution, vendor ratings, and performance objectives to ensure alignment between commercial strategies and contractual obligations.
  

Business \& Cross\-Functional Collaboration

* Partner with Sales Managers and Account Managers to execute commercial strategies.
* Provide regular updates on tender activities, procurement developments, and business opportunities.
* Contribute to best practice sharing and continuous process improvement.
* Maintain knowledge of public procurement legislation, healthcare purchasing models, and Public Administration procurement processes.
 **About You**

* University degree in Business, Economics, or a related field.
* Understanding of the Italian healthcare market, procurement environment, and demand drivers.
* Experience managing public tenders, complex negotiations, or procurement\-related activities.
* Ability to operate effectively at both tactical and strategic levels while engaging diverse stakeholders.
* Proficiency in Excel, PowerPoint, and Word, with strong English written and verbal communication skills.
* Strong analytical, organizational, and business acumen, with the ability to interpret tender, procurement, and market information while managing multiple priorities.
* Excellent communication, collaboration, and stakeholder management skills, with the ability to build effective relationships across cross\-functional teams and public healthcare stakeholders.
* Understanding of public procurement processes and customer needs, with experience navigating complex public healthcare environments and relevant tender regulations.
**The salary range for this position is: from 41k \- 49k eur/year \+ incentives**

 **CCNL Chimico Farmaceutico**

**Why Join Us?**
================


To find purpose in the possibilities, we need people who can see the bigger picture, who understand the human story that underpins everything we do. We welcome people with the imagination and drive to help us reinvent the future of healthcare. At BD, you’ll discover a culture in which you can learn, grow and thrive.


We believe that when people connect in person, we learn faster, collaborate more deeply, and build a stronger culture. Join us and enjoy a culture where face\-to\-face collaboration supports your learning, your progress, and your success.


**To learn more about BD visit** https://bd.com/careers.


Becton, Dickinson, and Company is an Equal Opportunity Employer. We evaluate applicants without regard to race, color, religion, age, sex, creed, national origin, ancestry, citizenship status, marital or domestic or civil union status, familial status, affectional or sexual orientation, gender identity or expression, genetics, disability, military eligibility or veteran status, and other legally protected characteristics.


Required Skills


Optional Skills


.

**Primary Work Location**
=========================


ITA Milano \- Via Enrico Cialdini**Additional Locations**
========================

**Work Shift**
==============


At BD, we reward, support and develop our associates through our comprehensive Total Rewards program. We are committed to attracting and retaining high quality talent by providing reward and recognition opportunities that promote a performance\-based culture, as well as a competitive package of compensation and benefits programs. You can learn more on our career site under ""Our Commitment to You.""


Our salary or hourly rate ranges reward associates fairly and competitively. We regularly review these ranges and factors, such as location, contribute to the range displayed.


Our pay is based on the role and the necessary skills and education to perform it successfully. The salary or hourly rate offered is determined by the role's specific requirements, including any applicable step rate pay system at the work location. Salary or hourly pay ranges are influenced by labor laws and Collective Bargaining Agreement (CBA) requirements applicable to the work location which may also affect the workplace arrangement of the role.

**Salary Range Information**


€40,700\.00 \- €65,150\.00 EUR Annual","","https://it.indeed.com/cmp/Bd","https://d2q79iu7y748jz.cloudfront.net/s/_squarelogo/256x256/d06119cadf98312bbe4630c5fa68a525","http://bd.com/careers","Franklin Lakes, NJ","10,000+","more than $10B (USD)","Advancing the world of health™.","","","","","","","regulatory manager"
"in-aa6c694d6cf2aae7","indeed","https://it.indeed.com/viewjob?jk=aa6c694d6cf2aae7","https://careers.allianz.com/global/en/job/105873","SENIOR TRANSFORMATION MANAGER - DOMAIN LEAD","Allianz","Milano, LOM, IT","2026-09-09","fulltime","","","","","",False,"","","","","We are looking for a Senior Transformation Manager — Domain Lead to serve as GBO's (Global Business Operations) most senior individual contributor within a high\-complexity operational domain. This role can be based in Munich, Madrid, Milan or London.
  
  

The Impact You Will Have
  
In this role, you will architect and own the global service delivery model for your domain, set transformation priorities, and shape how work is distributed and governed across onshore, nearshore and offshore locations. You will balance global consistency with justified market differentiation — making evidence\-based decisions on what to standardise and what to keep locally tailored to maintain Allianz Commercial's competitive edge.
  
  

Operating at a senior strategic level, you will represent your domain at governance forums, engage regularly with Regional Heads, C\-1 functional leaders, regulatory bodies and industry networks, and bring an outside\-in perspective that continuously sharpens our approach. You will also co\-shape GBO\-wide standards and TOM 2\.0 workstreams, mentor Domain Leads, and actively contribute to building team capability.
  
  

This is a role for someone who doesn't simply execute within a defined brief — but sets it. You'll navigate senior stakeholder complexity, drive transformation in domains with strong regulatory or underwriting sensitivities, and help shape our approach in a rapidly evolving AI and process intelligence landscape.
  
  

**Some of your specific responsibilities could include:**  

**Domain Ownership Strategic Direction:**  

* Own the transformation agenda for your domain — setting priorities, making independent strategic calls and representing the domain at senior governance level
* Maintain ground\-level expertise through direct engagement with teams across all delivery locations, shadowing workflows and building a continuously updated understanding of how the domain operates
* Co\-shape GBO's TOM 2\.0 workstreams and Rapid Productivity programme, surfacing automation and AI opportunities within the broader transformation agenda
* Bring external perspective from regulatory bodies, industry forums and market benchmarking to keep the domain's approach sharp and forward\-looking


**Process Improvement Technology Embedding:**  

* Analyse operational workflows at task level to identify waste, rework, bottlenecks and automation/AI candidates — leveraging process mining tools and Voice of the Customer inputs
* Own the domain's continuous improvement pipeline, directing analysts and SMEs and translating evidence into compelling narratives for senior stakeholders
* Drive the embedding of new technology and AI agents into live operations at scale, setting the standard for adoption and sharing that model across the team


**Global Service Delivery, Performance Governance:**  

* Architect the domain's global delivery model — making evidence\-based decisions on the onshore/nearshore/offshore split and balancing standardisation with justified market nuances
* Partner with Regional GBO Heads and offshore/nearshore leadership to ensure global consistency is implemented in a way that fits regional realities
* Own the domain's performance framework — defining KPIs, monitoring trends across all locations, benchmarking against industry peers and driving structured remediation where standards are not met


**Community of Practice Capability Development:**  

* Build and lead the domain's global community of practice — driving harmonisation across locations and navigating entrenched local practices to build consensus around common approaches
* Mentor Domain Lead colleagues and contribute actively to GBO's broader capability\-building agenda


**Stakeholder Management Cross\-Domain Contribution:**  

* Engage regularly with Regional Heads, C\-1 leaders, regulatory bodies and industry forums — building credibility and navigating resistance with diplomacy and evidence
* Define business requirements for technology implementations, lead the domain through project delivery phases and hold delivery partners to account
* Contribute beyond your primary domain — sharing frameworks, analytical approaches and methods to raise standards across the wider Ops Transformation team


**What You’ll Bring to the Role:**  

* Operational analysis diagnostics — Decompose workflows at task level; leverage process mining tools (e.g. Celonis) at scale; translate findings into compelling senior\-level business cases
* Global service delivery architecture — Design and own onshore/nearshore/offshore models; make evidence\-based calls on standardisation vs. market differentiation
* Senior stakeholder influence gravitas — Engage and influence C\-1 leaders, Regional Heads and regulatory bodies; navigate resistance with diplomacy and evidence; credible and compelling at all levels
* Transformation performance leadership — Set and own a domain transformation agenda independently; shape TOM\-level workstreams; design global KPI frameworks; benchmark against industry peers and regulatory expectations
* Communication executive presence — Articulate complex operational and delivery model content with clarity and authority for governance forums, senior leadership and external audiences
* Community leadership — Build high\-performing practitioner networks; mentor colleagues and elevate team standards through example


Experience
  
  

* 7–10 years in operational transformation, including end\-to\-end delivery in complex domains with measurable outcomes and senior stakeholder accountability
* 7–10 years working with global delivery models (onshore/nearshore/offshore), balancing standardisation with justified market differentiation
* Deep domain expertise in at least one GBO operational domain, with the ability to connect it to business, regulatory and strategic impact
* 5–7 years leading a community of practice or centre of excellence with demonstrable harmonisation outcomes
* 2–3 years in AI adoption, digital enablement or change management
* Experience mentoring transformation professionals and building team capability


Qualifications
  
  

* University degree in business administration, economics, operations management or equivalent (Master's preferred)
* Six Sigma, Lean, OPEX or BPM certification is an advantage
* Project management certification (PMP, PRINCE2 or equivalent) is a differentiator
* Knowledge of AI tools as e.g. ChatGPT
* Fluent English and Italian


Pursuant to Article 5(1\) of Legislative Decree No. 96 of 7 May 2026, as amended and supplemented from time to time, the range applicable to the position offered is between € 75\.000 gross and € 85\.000 gross. Employment will be subject to the terms and conditions set forth in the National Collective Labor Agreement for Insurance Companies and the applicable Company Agreement. The final determination of the starting remuneration will be based on an evaluation of the candidate’s qualifications, skills, and relevant experience in relation to the requirements of the role.
  
  

105873 \| Operations \| Professional \| Allianz Commercial \| Full\-Time \| Permanent
  
  

Allianz Group is one of the most trusted insurance and asset management companies in the world. Caring for our employees, their ambitions, dreams and challenges is what makes us a unique employer.
  
**We are united by a shared commitment:** to put our customers first and at the centre of everything we do. Their needs inspire our thinking and guide our actions.Together, we can build an environment where everyone feels empowered and confident to explore, grow and shape a better future – for our customers and for the world around us.
  
**At Allianz, we stand for unity:** we believe that a united world is a more prosperous world, and we are dedicated to consistently advocating for equal opportunities for all. The foundation for this is our inclusive workplace, where people and performance both matter, and where integrity, fairness, inclusion and trust are at the heart of our culture.
  
We therefore welcome applications regardless of ethnicity or cultural background, age, gender, nationality, religion, social class, disability or sexual orientation, or any other characteristics protected under applicable local laws and regulations.
  
Join us.Let's care for tomorrow.
  
  

Both genders may apply in accordance with the L. 903/77 (s.m.i).","Insurance","https://it.indeed.com/cmp/Allianz","https://d2q79iu7y748jz.cloudfront.net/s/_squarelogo/256x256/cac0d52cae46ffd6568ad1a01ea48cfb","https://www.allianz.com/en.html","Königinstrasse 2880802 Munich Germany","5,001 to 10,000","more than $10B (USD)","The Allianz Australia Group operates across Australia and NZ and have a wide range of opportunities to help you take the next step.","","","","","","","regulatory manager"
"in-124211c769e33ef4","indeed","https://it.indeed.com/viewjob?jk=124211c769e33ef4","https://gsknch.wd3.myworkdayjobs.com/en-US/GSKCareers/job/Milan-via-Monte-Rosa/Expert-Multichannel-Specialist-Pharmacy_547950","Expert Multichannel Specialist Pharmacy","Haleon","Milano, LOM, IT","2026-09-09","fulltime","","","","","",False,"","","","","Welcome to Haleon. We’re a purpose\-driven, world\-class consumer company putting everyday health in the hands of millions. In just three years since our launch, we’ve grown, evolved and are now entering an exciting new chapter – one filled with bold ambitions and enormous opportunity.
  

  

Our trusted portfolio of brands – including Sensodyne®, Panadol®, Advil®, Voltaren®, Theraflu®, Otrivin®, and Centrum® – lead in resilient and growing categories. What sets us apart is our unique blend of deep human understanding and trusted science.
  

  

Now it’s time to fully realise the full potential of our business and our people. We do this through our Win as One strategy. It puts our purpose – to deliver better everyday health with humanity – at the heart of everything we do. It unites us, inspires us, and challenges us to be better every day, driven by our agile, performance\-focused culture.


**Job Purpose**

The Expert Multichannel Specialist Pharmacy is responsible for the implementation and development of digital and multichannel activities targeting the Pharmacy audience.


As part of the Expert Pharmacy Team, this role supports the execution of the digital strategy by ensuring the effective implementation of content, engagement tools, and educational initiatives, contributing to the growth of the professional pharmacy community and the achievement of business objectives.


The role also provides operational support to the Expert VMS Pharmacy area, collaborating on the implementation of initiatives dedicated to pharmacy professionals.


Reporting to the Expert Pharmacy Manager, this position works closely with cross\-functional teams, including Sales, Commercial Excellence, Medical, Regulatory and external agencies.


**Key Responsibilities**

**Multichannel Engagement**

* Support the development and implementation of the Expert Pharmacy digital strategy.
* Coordinate and execute multichannel engagement activities to increase participation and interaction among pharmacists.
* Support the evolution of the Haleon HealthPartner platform and educational initiatives aimed at pharmacy professionals.
* Manage the implementation of webinars, e\-learning programs, and other digital initiatives, ensuring an effective engagement plan throughout the year.
* Coordinate operational activities related to the distribution of materials and samples requested through the portal.

**Project Management**

* Manage digital and multichannel projects from planning through execution, ensuring delivery against timelines and quality standards.
* Collaborate with internal and external stakeholders to ensure the effective implementation of planned activities.
* Coordinate agencies and vendors involved in the development of digital projects and activation programs.

**Data \& Performance Management**

* Monitor KPIs and performance metrics related to digital and multichannel activities.
* Prepare regular reports and analyze data to identify insights and optimization opportunities.
* Support CRM management activities, contributing to improved customer understanding and engagement effectiveness.
* Ensure data accuracy and quality across Pharmacy\-related activities and platforms.

**Support to Expert VMS Pharmacy**

* Provide operational support in the implementation of Expert VMS initiatives within the Pharmacy channel.
* Collaborate in the management and coordination of digital and educational initiatives dedicated to the VMS area.
* Support the creation, deployment, and distribution of content and materials for pharmacy professionals.

**Why You?**

**Qualifications \& Skills**

* University degree in Marketing, Business Administration, Communications, or a related field.
* Previous experience in marketing, digital marketing, multichannel engagement, or project management roles.
* Strong project management skills with the ability to coordinate complex activities.
* Ability to manage multiple stakeholders and work effectively within cross\-functional teams.
* Experience in KPI monitoring, CRM management, and performance data analysis.
* Good knowledge of Microsoft Office applications.
* Strong organizational skills and attention to detail.
* Good command of English, both written and spoken.

**Behavioral Competencies**

* Proactive mindset with a strong focus on identifying new opportunities.
* Results\-oriented approach and strong problem\-solving skills.
* Excellent analytical capabilities.
* Ability to work independently and manage multiple priorities effectively.
* Strong collaboration and teamwork skills.
* Flexibility and ability to operate in dynamic and complex environments.
High level of accuracy, reliability, and ownership.  
* 

\&\#xa;EUR 41\.664,00 \- EUR 57\.288,00\&\#xa;\&\#xa;The salary range for this position is indicative and provided as a guide. The final offer may vary depending on factors including relevant experience, skills, qualifications, and internal equity considerations. Further details regarding the total reward and benefits package will be shared during the recruitment process. Salary ranges may vary by location in line with local market conditions and applicable pay transparency regulations.\&\#xa;\&\#xa;Compensation information is shared for the primary location of this role. Where the position is advertised with additional locations the compensation range will be discussed during the recruiting process.  

**Job Posting End Date**

2026\-10\-08  

**Equal Opportunities**
-----------------------

Haleon are committed to mobilising our purpose in a way that represents the diverse consumers and communities who rely on our brands every day. It guides us in creating an inclusive culture, where different backgrounds and views are valued and respected – all in support of understanding and best serving the needs of our consumers and unleashing the full potential of our people. It’s important to us that Haleon is a place where all our employees feel they truly belong.
  

  

During the application process, we may ask you to share some personal information, which is entirely voluntary. This information ensures we meet certain regulatory and reporting obligations and supports the development, refinement, and execution of our inclusion and belonging programmes that are open to all Haleon employees.
  

  

The personal information you provide will be kept confidential, used only for legitimate business purposes, and will never be used in making any employment decisions, including hiring decisions.  



**Adjustment or Accommodations Request**
----------------------------------------

If you require a reasonable adjustment or accommodation or other assistance to apply for a job at Haleon at any stage of the application process, please let your recruiter know by providing them with a description of specific adjustments you are requesting. We’ll provide all reasonable adjustments to support you throughout the recruitment process and treat all information you provide us in confidence.  



**Note to candidates**
----------------------

The Haleon recruitment team will contact you using a Haleon email account (@haleon.com). If you are not sure whether the email you received is from Haleon, please get in touch.","","https://it.indeed.com/cmp/Haleon","https://d2q79iu7y748jz.cloudfront.net/s/_squarelogo/256x256/2d041011da7c631d4376b9431eb60375","https://www.haleon.com/","","10,000+","","A health company that puts people first, we exist to deliver better everyday health with humanity.","","","","","","","regulatory manager"
"in-0cd46e388c4c6261","indeed","https://it.indeed.com/viewjob?jk=0cd46e388c4c6261","https://jp.syneoshealth.com/careers/jobs/18220142-cra-ii-italia-home-based","CRA II - Italia - Home Based","サイネオス・ヘルス","LOM, IT","2026-09-09","","","","","","",True,"","","","","**Updated:** Today  

**Location:** Remote, MI, Italy  

**Job ID:** 25112254


Not ready to apply?  

Join our Talent Network
**Description**


CRA II \- Italia \- Home Based
Syneos Health® is a leading fully\-integrated life sciences services organization built to accelerate customer success. We partner with innovators at every point across the drug development and commercialization continuum, helping them navigate complexity, anticipate change and accelerate progress.  

  

Our Clinical Solutions team members act with a drug development mindset, applying their years of experience and deep expertise to truly understand customer needs and represent those in the solutions we shape.
  

  

Whether you join us in a Functional Service Provider partnership or a Full\-Service environment, you’ll collaborate with passionate problem solvers, innovating as a team to help our customers achieve their goals. We are agile and driven to deliver – for one another, our customers, and, most importantly, for those in need.
  

  

Discover what your 25,000 future colleagues already know:
  

  

Why Syneos Health  

* We are passionate about developing our people, through career development and progression; supportive and engaged line management; technical and therapeutic area training; peer recognition and total rewards program.
* We are committed to building an inclusive culture – where you can authentically be yourself. Central to this is our purpose – Driven to Deliver – which captures the passion of our colleagues to show up each day and shape solutions that have the ability to dramatically impact someone’s life.
* We are continuously building the company we all want to work for and our customers want to work with. Why? Because we know that when we bring together smart colleagues from across the world, we can shape the future of healthcare, driving impact for customers and defining the pace of patient progress.
**Job Responsibilities**

* Performs site qualification, site initiation, interim monitoring, site management activities and close\-out visits (performed on\-site or remotely) ensuring regulatory, ICH\-GCP and/or Good Pharmacoepidemiology Practice (GPP) and protocol compliance. Uses judgment and experience to evaluate overall performance of site and site staff and to provide recommendations regarding site\-specific actions; immediately communicates/escalates serious issues to the project team and develops action plans. Maintains a working knowledge of ICH/GCP Guidelines or other applicable guidance, relevant regulations, and company SOPs/processes.
* Verifies the process of obtaining informed consent has been adequately performed and documented for each subject/patient, as required/appropriate. Demonstrates diligence in protecting the confidentiality of each subject/patient. Assesses factors that might affect subject/patient’s safety and clinical data integrity at an investigator/physician site such as protocol deviation/violations and pharmacovigilance issues.
* Per the Clinical Monitoring/Site Management Plan (CMP/SMP): Assesses site processes. Conducts Source Document Review of appropriate site source documents and medical records. Verifies required clinical data entered in the case report form (CRF) is accurate and complete. Applies query resolution techniques remotely and on site, and provides guidance to site staff as necessary, driving query resolution to closure within agreed timelines. Utilizes available hardware and software to support the effective conduct of the clinical study data review and capture. Verifies site compliance with electronic data capture requirements.
* May perform investigational product (IP) inventory, reconciliation and reviews storage and security. Verifies the IP has been dispensed and administered to subjects/patients according to the protocol. Verifies issues or risks associated with blinded or randomized information related to IP. Applies knowledge of GCP/local regulations and organizational procedures to ensure IP is appropriately (re)labelled, imported and released/returned.
* Routinely reviews the Investigator Site File (ISF) for accuracy, timeliness and completeness. Reconciles contents of the ISF with the Trial Master File (TMF). Ensures the investigator/physician site is aware of the requirement of archiving essential documents in accordance with local guidelines and regulations.
* Documents activities via confirmation letters, follow\-up letters, trip reports, communication logs, and other required project documents as per SOPs and Clinical Monitoring Plan/Site Management Plan. Supports subject/patient recruitment, retention and awareness strategies. Enters data into tracking systems as required to track all observations, ongoing status and assigned action items to resolution.
* For assigned activities, understands project scope, budgets, and timelines; manages site\-level activities / communication to ensure project objectives, deliverables and timelines are met. Must be able to quickly adapt to changing priorities to achieve goals / targets.
* May act as primary liaison with study site personnel, or in collaboration with Central Monitoring Associate. Ensures all assigned sites and project\-specific site team members are trained and compliant with applicable requirements
* Prepares for and attends Investigator Meetings and/or sponsor face to face meetings. Participates in global clinical monitoring/project staff meetings (inclusive of Sponsor representation, as applicable) and attends clinical training sessions according to the project specific requirements.
* Provides guidance at the site and project level towards audit readiness standards and supports preparation for audit and required follow\-up actions.
* Maintains a working knowledge of ICH/GCP Guidelines or other applicable guidance, relevant regulations, and company SOPs/processes; completes assigned training as required. For Real World Late Phase, the CRA II will use the business card title of Site Management Associate II. Additional responsibilities include:Site support throughout the study lifecycle from site identification through close\-out. Knowledge of local requirements for real world late phase study designs.Chart abstraction activities and data collection  

Collaboration with Sponsor affiliates, medical science liaisons and local country staff. The SMA II may be requested to train junior staff. Identify and communicate out of scope activities to Lead CRA/Project Manager. Proactively suggest potential sites based on local knowledge of treatment patterns, patient advocacy and Health Care Provider (HCP) associations.


The potential annual gross salary for this role will start at EUR 42,000 (a partire da)


Qualifications:

* Bachelor’s degree or RN in a related field or equivalent combination of education, training and experience
* Knowledge of Good Clinical Practice/ICH Guidelines and other applicable regulatory requirements
* Must demonstrate good computer skills and be able to embrace new technologies
* Excellent communication, presentation and interpersonal skills
* Ability to manage required travel of up to 75% on a regular basis
* US ONLY: As part of your employment with Syneos Health, you may be deployed to Sites that require certain medical and other personal information to gain facility access. Pursuant to our Employee Privacy Notice, Syneos Health can provide the Sites with the information necessary for you to gain such access. Further, a Site may ask you for additional information beyond that which Syneos Health has in its possession. You are required to comply with any such Site requests as a condition of your employment with Syneos Health. Please note that failure to provide requested information may result in a Site barring you from entry, which could put your ongoing employment at risk.

**Get to know Syneos Health**

  

Over the past 5 years, we have worked with 94% of all Novel FDA Approved Drugs, 95% of EMA Authorized Products and over 200 Studies across 73,000 Sites and 675,000\+ Trial patients.


No matter what your role is, you’ll take the initiative and challenge the status quo with us in a highly competitive and ever\-changing environment. Learn more about Syneos Health.


http://www.syneoshealth.com

**Additional Information**

  

Tasks, duties, and responsibilities as listed in this job description are not exhaustive. The Company, at its sole discretion and with no prior notice, may assign other tasks, duties, and job responsibilities. Equivalent experience, skills, and/or education will also be considered so qualifications of incumbents may differ from those listed in the Job Description. The Company, at its sole discretion, will determine what constitutes as equivalent to the qualifications described above. Further, nothing contained herein should be construed to create an employment contract. Occasionally, required skills/experiences for jobs are expressed in brief terms. Any language contained herein is intended to fully comply with all obligations imposed by the legislation of each country in which it operates, including the implementation of the EU Equality Directive, in relation to the recruitment and employment of its employees. The Company is committed to compliance with the Americans with Disabilities Act, including the provision of reasonable accommodations, when appropriate, to assist employees or applicants to perform the essential functions of the job.

**Summary**


Roles within Clinical Monitoring/CRA are responsible for overseeing and ensuring the integrity of clinical research studies by monitoring data and processes from a centralized location. This includes conducting remote monitoring of trial sites to verify compliance with regulatory requirements and clinical protocols. Utilizes data analytics and risk\-based monitoring techniques to identify potential issues and trends, ensuring that trials are conducted in accordance with established clinical practices. Collaborates with site teams to develop and implement tools, procedures, and processes that enhance quality monitoring and support the overall success of clinical trials. Impact and Contribution Individual contributors with responsibility in a professional or technical discipline or specialty, but may manage two or fewer employees. May direct the work of lower level professionals or manage processes and programs. The majority of time is spent contributing to the design, implementation or delivery of processes, programs, and policies, using knowledge and skills typically acquired through advanced education. Established and productive individual contributor. May manage defined components of projects or processes within area of responsibility. Requires practical knowledge of a professional area, typically obtained through education combined with experience.","","https://it.indeed.com/cmp/%E3%82%B5%E3%82%A4%E3%83%8D%E3%82%AA%E3%82%B9-%E3%83%98%E3%83%AB%E3%82%B9","","","","","","","","","","","","","regulatory manager"
"in-39490526f108a35a","indeed","https://it.indeed.com/viewjob?jk=39490526f108a35a","https://jp.syneoshealth.com/careers/jobs/18216436-sponsor-dedicated-cra-ii-slash-sr-cra-home-based-ita","Sponsor Dedicated CRA II/ Sr CRA - Home Based ITA","サイネオス・ヘルス","LOM, IT","2026-09-08","","","","","","",True,"","","","","**Updated:** Today  

**Location:** Remote, MI, Italy  

**Job ID:** 25111058


Not ready to apply?  

Join our Talent Network
**Description**


Sponsor Dedicated CRA II/ Sr CRA \- Home Based ITA
Syneos Health® is a leading fully\-integrated life sciences services organization built to accelerate customer success. We partner with innovators at every point across the drug development and commercialization continuum, helping them navigate complexity, anticipate change and accelerate progress.  

  

Our Clinical Solutions team members act with a drug development mindset, applying their years of experience and deep expertise to truly understand customer needs and represent those in the solutions we shape.
  

  

Whether you join us in a Functional Service Provider partnership or a Full\-Service environment, you’ll collaborate with passionate problem solvers, innovating as a team to help our customers achieve their goals. We are agile and driven to deliver – for one another, our customers, and, most importantly, for those in need.
  

  

Discover what your 25,000 future colleagues already know:
  

  

Why Syneos Health  

* We are passionate about developing our people, through career development and progression; supportive and engaged line management; technical and therapeutic area training; peer recognition and total rewards program.
* We are committed to building an inclusive culture – where you can authentically be yourself. Central to this is our purpose – Driven to Deliver – which captures the passion of our colleagues to show up each day and shape solutions that have the ability to dramatically impact someone’s life.
* We are continuously building the company we all want to work for and our customers want to work with. Why? Because we know that when we bring together smart colleagues from across the world, we can shape the future of healthcare, driving impact for customers and defining the pace of patient progress.
**Job Responsibilities**

* Performs site qualification, site initiation, interim monitoring, site management activities and close\-out visits (performed on\-site or remotely) ensuring regulatory, ICH\-GCP and/or Good Pharmacoepidemiology Practice (GPP) and protocol compliance. Uses judgment and experience to evaluate overall performance of site and site staff and to provide recommendations regarding site\-specific actions; immediately communicates/escalates serious issues to the project team and develops action plans. Maintains a working knowledge of ICH/GCP Guidelines or other applicable guidance, relevant regulations, and company SOPs/processes.
* Verifies the process of obtaining informed consent has been adequately performed and documented for each subject/patient, as required/appropriate. Demonstrates diligence in protecting the confidentiality of each subject/patient. Assesses factors that might affect subject/patient’s safety and clinical data integrity at an investigator/physician site such as protocol deviation/violations and pharmacovigilance issues.
* Per the Clinical Monitoring/Site Management Plan (CMP/SMP): Assesses site processes. Conducts Source Document Review of appropriate site source documents and medical records. Verifies required clinical data entered in the case report form (CRF) is accurate and complete. Applies query resolution techniques remotely and on site, and provides guidance to site staff as necessary, driving query resolution to closure within agreed timelines. Utilizes available hardware and software to support the effective conduct of the clinical study data review and capture. Verifies site compliance with electronic data capture requirements.
* May perform investigational product (IP) inventory, reconciliation and reviews storage and security. Verifies the IP has been dispensed and administered to subjects/patients according to the protocol. Verifies issues or risks associated with blinded or randomized information related to IP. Applies knowledge of GCP/local regulations and organizational procedures to ensure IP is appropriately (re)labelled, imported and released/returned.
* Routinely reviews the Investigator Site File (ISF) for accuracy, timeliness and completeness. Reconciles contents of the ISF with the Trial Master File (TMF). Ensures the investigator/physician site is aware of the requirement of archiving essential documents in accordance with local guidelines and regulations.
* Documents activities via confirmation letters, follow\-up letters, trip reports, communication logs, and other required project documents as per SOPs and Clinical Monitoring Plan/Site Management Plan. Supports subject/patient recruitment, retention and awareness strategies. Enters data into tracking systems as required to track all observations, ongoing status and assigned action items to resolution.
* For assigned activities, understands project scope, budgets, and timelines; manages site\-level activities / communication to ensure project objectives, deliverables and timelines are met. Must be able to quickly adapt to changing priorities to achieve goals / targets.
* May act as primary liaison with study site personnel, or in collaboration with Central Monitoring Associate. Ensures all assigned sites and project\-specific site team members are trained and compliant with applicable requirements
* Prepares for and attends Investigator Meetings and/or sponsor face to face meetings. Participates in global clinical monitoring/project staff meetings (inclusive of Sponsor representation, as applicable) and attends clinical training sessions according to the project specific requirements.
* Provides guidance at the site and project level towards audit readiness standards and supports preparation for audit and required follow\-up actions.
* Maintains a working knowledge of ICH/GCP Guidelines or other applicable guidance, relevant regulations, and company SOPs/processes; completes assigned training as required. For Real World Late Phase, the CRA II will use the business card title of Site Management Associate II. Additional responsibilities include:Site support throughout the study lifecycle from site identification through close\-out. Knowledge of local requirements for real world late phase study designs.Chart abstraction activities and data collection  

Collaboration with Sponsor affiliates, medical science liaisons and local country staff. The SMA II may be requested to train junior staff. Identify and communicate out of scope activities to Lead CRA/Project Manager. Proactively suggest potential sites based on local knowledge of treatment patterns, patient advocacy and Health Care Provider (HCP) associations.


Qualifications:

* At least 2,5\+ years of experience as Certified CRA according to M.D. 15 Nov 2011
* Experience with Risk Based Monitoring is required
* Knowledge of Good Clinical Practice/ICH Guidelines and other applicable regulatory requirements
* Must demonstrate good computer skills and be able to embrace new technologies
* Excellent communication, presentation and interpersonal skills
* Ability to manage required travel as per monitoring plan needs


The employment relationship shall be governed by the National Collective Labour Agreement (CCNL) for employees of companies operating in the tertiary, distribution and services sectors (""CCNL Commercio""), and all related provisions shall apply, including Article 213, in its version in force from time to time.


The potential annual gross salary range for this role will be 40,000\.00 EUR \- 62,000\.00 EUR, excluding any additional benefits and allowances.

**Get to know Syneos Health**

  

Over the past 5 years, we have worked with 94% of all Novel FDA Approved Drugs, 95% of EMA Authorized Products and over 200 Studies across 73,000 Sites and 675,000\+ Trial patients.


No matter what your role is, you’ll take the initiative and challenge the status quo with us in a highly competitive and ever\-changing environment. Learn more about Syneos Health.


http://www.syneoshealth.com

**Additional Information**

  

Tasks, duties, and responsibilities as listed in this job description are not exhaustive. The Company, at its sole discretion and with no prior notice, may assign other tasks, duties, and job responsibilities. Equivalent experience, skills, and/or education will also be considered so qualifications of incumbents may differ from those listed in the Job Description. The Company, at its sole discretion, will determine what constitutes as equivalent to the qualifications described above. Further, nothing contained herein should be construed to create an employment contract. Occasionally, required skills/experiences for jobs are expressed in brief terms. Any language contained herein is intended to fully comply with all obligations imposed by the legislation of each country in which it operates, including the implementation of the EU Equality Directive, in relation to the recruitment and employment of its employees. The Company is committed to compliance with the Americans with Disabilities Act, including the provision of reasonable accommodations, when appropriate, to assist employees or applicants to perform the essential functions of the job.

**Summary**


Roles within Clinical Monitoring/CRA are responsible for overseeing and ensuring the integrity of clinical research studies by monitoring data and processes from a centralized location. This includes conducting remote monitoring of trial sites to verify compliance with regulatory requirements and clinical protocols. Utilizes data analytics and risk\-based monitoring techniques to identify potential issues and trends, ensuring that trials are conducted in accordance with established clinical practices. Collaborates with site teams to develop and implement tools, procedures, and processes that enhance quality monitoring and support the overall success of clinical trials. Impact and Contribution Individual contributors with responsibility in a professional or technical discipline or specialty, but may manage two or fewer employees. May direct the work of lower level professionals or manage processes and programs. The majority of time is spent contributing to the design, implementation or delivery of processes, programs, and policies, using knowledge and skills typically acquired through advanced education. Established and productive individual contributor. May manage defined components of projects or processes within area of responsibility. Requires practical knowledge of a professional area, typically obtained through education combined with experience.","","https://it.indeed.com/cmp/%E3%82%B5%E3%82%A4%E3%83%8D%E3%82%AA%E3%82%B9-%E3%83%98%E3%83%AB%E3%82%B9","","","","","","","","","","","","","regulatory manager"
"in-95af7307df876c93","indeed","https://it.indeed.com/viewjob?jk=95af7307df876c93","https://workforcenow.adp.com/mascsr/default/mdf/recruitment/recruitment.html?cid=d6018943-073c-4351-be18-e949a4d128ad&ccId=19000101_000001&jobId=569932&source=IN&lang=en_US","Global Business Operations Lead","Gowan","Milano, LOM, IT","2026-06-21","fulltime","","","","","",False,"","","","","**Position Summary:**


The Global Business Operations Lead is responsible for providing supply and manufacturing strategic and competitive perspective and driving operational execution and discipline for assigned Assets, ensuring that Asset strategies defined by the Business Management Team are executed effectively across Supply Chain, Manufacturing, Procurement, Quality, Regulatory and Planning. The role acts as the single operational integrator at Asset level, coordinating activities and ensuring follow\-through, without owning final decisions on asset strategy, external toller siting, or internal manufacturing allocation.


 This role is designed to strengthen execution and clarity without altering decision ownership. The Global Business Operations Lead enables faster, better\-informed decisions and reliable operational delivery through discipline, coordination, and transparency. The GAOL speaks on behalf of the business management team across all operations.

**Job Status:**

* Full\-Time
* Salaried
* Reports to: Global Portfolio Business Manager
**Role Responsibilities:**


**Key Responsibilities**

* Asset\-Level Operational Governance \& S\&OP
* Coordinate and lead Asset\-level operational S\&OP activities
* Prepare structured scenarios, risks, and impact analysis to support Business Manager decisions
* Ensure unresolved issues are properly escalated and tracked to closure

* Operational Execution
* Translate Asset priorities into executable supply, manufacturing, regulatory and inventory plans
* Coordinate cross\-functional execution across Supply Chain, Manufacturing, Procurement, Regulatory, and Quality
* Ensure operational readiness for launches, volume changes, and regulatory or formulation updates

* External Tolling \& Internal Manufacturing Coordination
* Act as the operational Asset interface toward Global Supply Chain and Internal Manufacturing
* Provide operational input to Global Supply Chain to support siting decisions
* Coordinate with Regional Manufacturing Heads on internal execution and capacity alignment

* Supply, Inventory \& Performance Management
* Drive execution of approved inventory and safety stock strategies
* Support allocation scenarios during supply constraints
* Monitor and explain key operational variances (service, PPV, LCR) 5\. Quality \& Issue Management
* Coordinate major quality or operational issues at Asset level
* Ensure structured escalation, corrective action follow\-up, and closure 6\. Cross\-Functional Integration
* Act as the Asset\-level operational integrator across all relevant functions
* Ensure decisions are documented, executed, and reviewed for effectiveness

**Key Competencies**

* Strong capability to lead and structure Asset\-level S\&OP processes, ensuring disciplined execution and decision\-making
* Deep understanding of planning processes and tools, including ERP systems and data structures, with the ability to translate data into actionable insights
* High execution focus with strong follow\-through, ensuring alignment, escalation, and closure of operational actions
* Strong business acumen, with ability to balance service, cost, and inventory trade\-offs and provide clear operational recommendations
* Ability to influence and drive alignment across cross\-functional teams without direct authority (Supply Chain, Manufacturing, Procurement, Quality, Regulatory)
* Experience in complex, multi\-region supply chains with strong coordination requirements across internal and external manufacturing networks
* Capability to establish or improve processes, including S\&OP governance, performance tracking, and cross\-functional ways of working

**Key Interfaces**

* Business Manager(s): alignment on priorities, escalation of risks, preparation of scenarios and decision support
* Global Supply Chain: coordination on external tolling, supply constraints, and allocation decisions
* Regional Manufacturing Heads and Sites: alignment on internal production execution, capacity, and operational performance
* Procurement: coordination on raw material availability, supplier constraints, and cost drivers impacting Asset performance
* Quality: management of major quality issues, escalation, and corrective action follow\-up
* Regulatory: alignment on regulatory changes impacting supply, formulation, or product availability
* Planning (Global/Regional): coordination of demand, supply plans, and S\&OP cycles to ensure alignment between planning and execution

**KPIs / Performance Measurement**

* Service Level / OTIF for assigned Assets (global and regional view)
* Lost sales or back orders due to product non\-availability
* Inventory level vs target and safety stock adherence
* Inventory aging and obsolescence exposure
* Purchase Price Variance (PPV) and key drivers impacting cost performance
* Margin performance vs budget or prior year (where influenced by operational execution)
* Premium freight / expedite cost as indicator of execution stability
* Production and supply plan adherence (internal sites and tollers)
* Resolution time for major operational or quality issues
* Closure rate of escalations and action items
* S\&OP effectiveness indicators (process adherence, forecast reliability, alignment between plan and execution)","","https://it.indeed.com/cmp/Gowan","","","","","","","","","","","","","regulatory manager"
"in-56718b69fa58d2eb","indeed","https://it.indeed.com/viewjob?jk=56718b69fa58d2eb","https://ars2.equest.com/?response_id=5b13cb3894620390c67f5fdcd89fde6b","Global Cybersecurity Specialist","Amplifon","Milano, LOM, IT","2026-09-13","fulltime","","","","","",True,"","","","","**Job Description**
Who we are

**Amplifon** is an Italian multinational company and the global leader in hearing care solutions and services, built on retail expertise, customization and consumer care. More than **20,000 professionals** every day, in a network of 10,000 points of sale across **25 countries**, give back the joy of hearing, feeling and living to thousands of people across the world.


In Amplifon we believe people are the most important component of our success. Thanks to our best\-in\-class Hearing Care Professionals and front\- and back\-office teams, we are able to put the everyday taps, pops and splashes back into the lives of our customers. We believe that it is only through strong investment in talent engagement, continuous professional development, support and recognition that our people can exceed every limit and build a fulfilling career.


Role Overview


At Amplifon we are evolving our technological infrastructure and elevating our security posture, integrating cutting\-edge innovations into our operational cybersecurity framework. As we prioritize innovative services for delivering hearing healthcare, robust cybersecurity is critical to ensure the security and integrity of these systems. In parallel, we are modernizing our internal asset management processes, leveraging digital tools for comprehensive, end\-to\-end life\-cycle management.


We are looking for a talented Global Cybersecurity Specialist to join our Global IT \- Cyber Security team. Reporting to the Global Cyber Security Associate Director, you will work hands\-on across penetration testing, infrastructure and application security assessment, vulnerability management and security\-platform operations. You will also take an active part in security monitoring and incident response, and contribute to our information security governance program (ISO/IEC 27001, NIS2\).


This is a high\-impact, cross\-country role in a fast\-moving environment, where your work directly protects customer data and business\-critical services and helps shape our asset management strategy.


Key Responsibilities


Offensive Security \& Assessments

* **Penetration testing \& assessment \-** plan and perform penetration tests and security assessments on web and mobile applications, internal systems and internet\-facing infrastructure, identifying vulnerabilities, misconfigurations and exposure (e.g. unmanaged accounts, weak authentication, unnecessary services, exposed personal data).
* **Remediation ownership \-** produce clear, risk\-based reports and drive remediation with system, application and infrastructure owners through to closure, then re\-test to confirm fixes are effective.
* **Controlled validation \-** support authorized, red\-team\-style validation activities (e.g. credential/dump validation, lateral\-movement checks) to confirm real\-world exploitability.

  

Vulnerability Management  

* **Lifecycle management \-** run and continuously mature the vulnerability management lifecycle: discovery, triage, prioritization, remediation tracking and verification.
* **Strategy \-** collaborate in the development and execution of robust vulnerability management strategies across the global estate.

  

Security Platforms \& Infrastructure  

* **Platform operations \-** operate, configure and tune security consoles and platforms across endpoint, network and identity \- for example EDR (e.g. SentinelOne), endpoint and patch management (e.g. Ivanti) and network security / firewalls (e.g. Cisco ASA) \- ensuring compliance with company policies and industry best practice.
* **Access \& credential hygiene \-** strengthen access and credential hygiene on shared and critical systems (account reviews, deprovisioning of stale users, credential rotation, reduction of data exposure).

  

Security Monitoring \& Incident Response  

* **Detection \& response \-** contribute to security monitoring and to the detection, analysis, containment and recovery phases of security incidents, working alongside the SOC and specialized external partners (e.g. threat\-intelligence and incident\-response providers).
* **Post\-incident hardening \-** support lessons\-learned and hardening activities to reduce the likelihood and impact of recurrence.

  

Governance, Risk \& Compliance  

* **ISMS \& regulation \-** contribute to the Information Security Management System (ISO/IEC 27001\), information security risk assessments and regulatory alignment (e.g. NIS2\), keeping security practices consistent with company policies.

  

Asset Management, KPIs \& Suppliers  

* **Asset lifecycle \& KPIs \-** support asset life\-cycle management and endpoint standardization initiatives using digital tools, and identify and track KPIs relevant to a secure, well\-governed asset and vulnerability portfolio.
* **Supplier management \-** oversee the engagement and management of external suppliers and partners (penetration testing, vulnerability and security services), managing scope, quality and delivery against organizational expectations.

  

Requirements
Must have

  

* Bachelor's degree in a STEM field with a focus on cybersecurity or a related discipline \- or equivalent hands\-on experience.
* Solid understanding of penetration testing tools and methodologies (network and web/mobile application testing; familiarity with frameworks such as OWASP).
* Working knowledge of vulnerability management, security assessment techniques and common attack techniques (e.g. authentication weaknesses, credential attacks such as pass\-the\-hash, lateral movement).
* Experience with security platforms across endpoint, network and identity (e.g. EDR, endpoint/patch management, firewalls).
* Awareness of information security frameworks and regulations (e.g. ISO/IEC 27001, NIS2, GDPR / personal\-data protection).
* Proactive mindset, dedicated to continuous improvement and adept at navigating transformational initiatives.
* Strong problem\-solving skills with a meticulous, process\-oriented approach.
* Ability to thrive in a dynamic, fast\-paced, multi\-country environment while managing multiple priorities concurrently.
* Exceptional communication skills and a collaborative, team\-oriented attitude.
* Fluency in English is mandatory.

  

Nice to have  

* Industry certifications such as OSCP, CEH, GIAC, CompTIA Security\+ or equivalent.
* Scripting and automation skills (e.g. Python, PowerShell, Bash).
* Exposure to cloud security (Azure / AWS / GCP) and Active Directory security.
* Prior experience in complex IT projects or within high\-growth, multi\-country contexts.
* Working proficiency in Italian is a plus for our Milan\-based Global IT team.

**Location**: HQ Milan, Italy (Hybrid \- allowing employees to work 6 days per month remotely)

**Compensation \& Benefits**

**Applicable Collective Agreement:** CCNL Commercio (Terziario, Distribuzione e Servizi)

**Contractual Level:** Employee (1\-2\) level

**Contract Type:** Permanent \- Full Time


The reference Gross Annual Salary is approximately in the range of €34\.500 \- €48\.000\. The actual compensation will be commensurate with the candidate's experience and specific skills and knowledge and also to the educational background.


The position is also eligible for an annual Company bonus ('premio di risultato') linked to business performance, in line with Company policies.

**Benefits**  



* €750 Annual Welfare plan for your personal well\-being across a wide range of services
* **Health Insurance:** Fondo Est healthcare coverage \+ an additional Accident Insurance
* **Supplementary pension scheme:** option to enrol in the Fondo Fon.Te with employer contributions
* **Office Perks:** On\-site canteen and free company parking
* **BeWellProgram:** Free access to learning platforms and training programs. We invest in your growth through ongoing learning opportunities, while also offering special corporate discounts, dedicated services for you and your loved ones, and initiatives focused on your wellbeing and physical health

  

**Equal Opportunities Statement**
Amplifon is an equal opportunity employer committed to providing a diverse and equitable workforce environment. We believe that through valuing our uniqueness and respecting our differences, we can achieve more, and that diversity adds to our culture. We encourage applications from all genders, corners of the world and individual backgrounds","","https://it.indeed.com/cmp/Amplifon","https://d2q79iu7y748jz.cloudfront.net/s/_squarelogo/256x256/d375f0b63b13de3cdd531a29d3aab723","https://careers.amplifon.com/en","","10,000+","$1B to $5B (USD)","We empower people to rediscover all the emotions of sound.","","","","","","","regulatory specialist"
"in-91ebb01c9486f85c","indeed","https://it.indeed.com/viewjob?jk=91ebb01c9486f85c","https://jsv3.recruitics.com/redirect?rx_cid=3436&rx_jobId=R-01360917_1001_rxr-1&rx_url=https%3A%2F%2Fjobs.thermofisher.com%2Fglobal%2Fen%2Fjob%2FR-01360917%2FSenior-Compliance-Specialist-EMEA%3Frx_a%3D0%26rx_c%3D%26rx_ch%3Djobp4p%26rx_group%3D123525%26rx_id%3D8909999f-ae41-11f1-818d-2d3545f6a11a%26rx_job%3DR-01360917_1001_rxr-1%26rx_medium%3Dcpc%26rx_r%3Dnone%26rx_source%3Dindeed%26rx_ts%3D20260915T120417Z%26rx_vp%3Dcpc%26utm_medium%3Dppc%26utm_source%3Drecruitics_indeedorganic","Senior Compliance Specialist - EMEA","Thermo Fisher Scientific","Milano, LOM, IT","2026-09-11","fulltime","","","","","",False,"","","","","**Work Schedule**


Standard (Mon\-Fri)**Environmental Conditions**


Office**Job Description**

**Recruiting across all EMEA locations**


As part of the Thermo Fisher Scientific team, you'll discover meaningful work that makes a positive impact on a global scale. Join our colleagues in bringing our Mission to life every single day to enable our customers to make the world healthier, cleaner and safer.


As a Senior Compliance Specialist within the Inspections team, you will be responsible for managing all aspects of GxP regulatory authority inspections at CRG, investigator sites, and clients. The majority of the work is focused on the EMEA region; however, inspection support in other regions is also in scope.


What You'll Do:  

* Provide consultation to project teams and clients on GxP inspection readiness, preparation, management, and follow\-up activities.
* Serve as the primary point of contact for inspection\-related discussions with clients.
* Support GxP regulatory authority inspections of CRG, investigator sites, and sponsors, including risk assessment and mitigation strategies, training of involved staff and conducting mock interviews, internal preparation, pre\-inspection / mock inspection activities, review of documentation requested by inspectors, inspection hosting and facilitation, and post\-inspection follow\-up.
* Support project teams in investigating root causes of non\-conformances and in developing CAPAs to address identified issues; follow up on action implementation, effectiveness checks, and the collection and review of supporting evidence.
* Contribute to lessons learned discussions and participate in company\-wide improvement initiatives.
* Provide mentorship and guidance to junior colleagues.

  

Education \& Experience Requirements:  

* Bachelor's degree or equivalent and relevant formal academic / vocational qualification
* 5\+ years of quality assurance experience that provides the knowledge, skills, and abilities to perform the job or equivalent combination of education, training, \& experience.

  

Knowledge, Skills, Abilities:  

* Extensive knowledge of GxP, with GCP required, along with a strong understanding of applicable regional research regulations and guidelines.
* Experience with management of GxP inspections (GCP inspection experience mandatory)
* Excellent oral and written communication skills
* Strong problem solving, critical thinking, risk assessment and impact analysis abilities
* Confirmed experience in root cause analysis
* Flexible and able to multi\-task and prioritize complex demands/workload
* Veeva QMS and auditing experience a plus


Working Conditions and Environment:  

* Exposure to electrical office equipment.

  

Why Join Us?  

  

When you join Thermo Fisher Scientific, you become part of a global team that values passion, innovation, and a commitment to scientific excellence. You’ll work in an environment where collaboration and development are part of the everyday experience—and where your contributions truly make a difference.  

  

Apply today to help us deliver tomorrow’s breakthroughs.","Industrial Manufacturing","https://it.indeed.com/cmp/Thermo-Fisher-Scientific","https://d2q79iu7y748jz.cloudfront.net/s/_squarelogo/256x256/65bd2e4bebb79b1432ac3277ffd57ae7","https://www.thermofisher.com/","168 Third Avenue, Waltham, MA USA 02451","10,000+","more than $10B (USD)","At Thermo Fisher Scientific, our professionals develop critical solutions—and build rewarding careers.","","","","","","","regulatory specialist"
"in-ed781246c65a1585","indeed","https://it.indeed.com/viewjob?jk=ed781246c65a1585","https://jsv3.recruitics.com/redirect?rx_cid=3436&rx_jobId=R-01365683&rx_url=https%3A%2F%2Fjobs.thermofisher.com%2Fglobal%2Fen%2Fjob%2FR-01365683%2FSecondary-Packaging-Specialist%3Frx_a%3D0%26rx_c%3D%26rx_ch%3Djobp4p%26rx_group%3D123525%26rx_id%3Df0cffdd1-adfd-11f1-a537-63485f75f075%26rx_job%3DR-01365683%26rx_medium%3Dcpc%26rx_r%3Dnone%26rx_source%3Dindeed%26rx_ts%3D20260915T120417Z%26rx_vp%3Dcpc%26utm_medium%3Dppc%26utm_source%3Drecruitics_indeedorganic","Secondary Packaging Specialist","Thermo Fisher Scientific","Monza, LOM, IT","2026-09-11","fulltime","","","","","",False,"","","","","**Work Schedule**


Standard (Mon\-Fri)**Environmental Conditions**


Office**Job Description**


As part of the Thermo Fisher Scientific team, you’ll discover meaningful work that makes a positive impact on a global scale. Join our colleagues in bringing our Mission to life every single day to enable our customers to make the world healthier, cleaner and safer. We provide our global teams with the resources needed to achieve individual career goals while helping to take science a step beyond by developing solutions for some of the world’s toughest challenges, like protecting the environment, making sure our food is safe or helping find cures for cancer.  

  

DESCRIPTION:  

Join Thermo Fisher Scientific's packaging engineering team and contribute to our mission of making the world healthier, cleaner, and safer. As an Engineer I in Packaging/Labeling, you'll collaborate with cross\-functional teams to develop innovative packaging solutions for our products. You'll work on diverse projects ranging from new package design and validation to process improvement initiatives, while gaining valuable experience in a GMP\-regulated environment. Working with experienced engineers, you'll help ensure our packaging meets the highest quality standards and regulatory requirements while driving cost efficiency and sustainability. This role offers professional growth opportunities within our organization, where you'll develop technical expertise while making meaningful contributions to healthcare and life science products.  

  

REQUIREMENTS:  

* Bachelor's Degree required, no prior experience required
* Preferred Fields of Study: Packaging Engineering or related technical/scientific field
* Strong technical aptitude with ability to read and understand engineering drawings
* Knowledge of packaging materials including glass, PET, HDPE, LDPE, PP, and corrugate
* Proficiency in Microsoft Office suite and packaging\-specific software
* Experience with 3D modeling software (AutoCAD, Solid Works, or similar) preferred
* Understanding of GMP, FDA, ISO, and transportation regulations
* Excellent attention to detail and quality focus
* Strong analytical and problem\-solving abilities
* Effective written and verbal communication skills
* Ability to work collaboratively in cross\-functional teams
* Experience in pharmaceutical, medical device, or biotechnology industry preferred
* Physical ability to lift up to 50 pounds occasionally
* Willingness to work in clean room environments when required
* Must be able to follow standard operating procedures and safety protocols
* Schedule may vary based on business needs","Industrial Manufacturing","https://it.indeed.com/cmp/Thermo-Fisher-Scientific","https://d2q79iu7y748jz.cloudfront.net/s/_squarelogo/256x256/65bd2e4bebb79b1432ac3277ffd57ae7","https://www.thermofisher.com/","168 Third Avenue, Waltham, MA USA 02451","10,000+","more than $10B (USD)","At Thermo Fisher Scientific, our professionals develop critical solutions—and build rewarding careers.","","","","","","","regulatory specialist"
"in-3b6f9de0150265ab","indeed","https://it.indeed.com/viewjob?jk=3b6f9de0150265ab","https://careers.eon.com/job/Treasury-Specialist/1388696633/&utm_source=Indeed&utm_medium=jobboard","Treasury Specialist","E.ON Italia S.p.A","Milano, LOM, IT","2026-09-10","fulltime","","","","","",True,"","","","","The new E.ON is one of the strongest operators of European energy networks and energy\-related infrastructure, as well as a provider of advanced customer solutions for more than 50 million customers. With a total of over 75,000 employees, we are represented in 15 countries. This makes us ideally positioned to help drive Europe's energy transition. By focusing on two sustainable growth areas fully commits itself to the fundamental transformation of the energy world. As one of Europe’s largest energy service providers we will actively drive the energy transition in Italy and Europe. E.ON is a pioneer in developing new and innovative energy solutions and attract the brightest minds in the energy sector.


**Our Team**


Within our treasury and finance operations, your work directly ensures financial reliability, liquidity transparency, and process excellence. The team operates at the crossroads of banking, accounting, and internal stakeholders, where taking full ownership of tasks and delivering tangible results is key to shared success. Close collaboration across departments enables efficient decision\-making and supports business objectives with trusted data. Knowledge sharing and mutual support drive our ability to continuously improve treasury processes together.

**Your Field of Play**

* **Cash collection, accounting reconciliation, and KPI monitoring**  

Your expertise ensures incoming payments are managed accurately, reconciliations are carried out reliably, and monthly KPIs are monitored with a strong analytical focus to support decision‑making and data‑driven problem solving
* **Execution of treasury operations and payment processes**  

Recurring treasury activities, bank accounting, and payment executions are handled by you with precision, ensuring data quality and on‑time delivery that consistently meets operational standards and stakeholder expectations
* **Managing banking documentation within KYC and AML frameworks**  

In your hands lies the structured collection, maintenance, and updating of banking and compliance documentation, supporting regulatory readiness and transparent cooperation with financial partners
* **Driving process efficiency through treasury initiatives and projects**  

Continuous improvement is actively shaped by you through involvement in special treasury projects, implementation of new products, and optimisation initiatives, recognising change as an opportunity to enhance effectiveness
* **Cross‑functional collaboration to achieve shared goals**  

By working closely with internal departments, you contribute to end‑to‑end process thinking, actively sharing insights to deliver exceptional internal customer outcomes and support company‑wide objectives

**Are You Our Playmaker?**

* **Education in finance, economics, or a comparable field**  

A diploma or bachelor’s degree provides the foundational knowledge required to understand treasury processes and financial operations in depth
* **Solid experience in treasury and banking processes**  

Your understanding of cash management, payments, reconciliations, and recurring treasury activities enables you to operate confidently and independently
* **Strong analytical and organisational capabilities**  

Complex data is analysed by you with structure and clarity, allowing potential issues to be identified early and solved effectively through sound problem‑solving skills
* **Hands‑on proficiency with MS Office, especially Excel**  

Daily work benefits from your confident use of Excel for analysis and reporting, paired with openness to learning new tools and digital solutions
* **Experience with treasury systems and banking platforms**  

Familiarity with SAP, Inbiz, or comparable remote banking systems supports efficient execution, while knowledge of Tagetik, FIS, Neta, or Salesforce CRM is considered an advantage
* **Collaborate effectively to achieve shared goals and drive growth**  

Shared success is created through your ability to work closely with colleagues across functions, actively contributing knowledge and supporting collective outcomes
* **Take full ownership of tasks and deliver tangible results**  

Responsibility for quality, timelines, and outcomes is embraced by you, even in challenging situations, ensuring consistent and reliable performance
* **Clear communication skills with strong English proficiency**  

Financial topics are communicated by you in a structured and audience‑appropriate way, enabling effective collaboration in an international environment


**Do you have questions?**


If you are convinced that this is the next step in your career, register and apply online (Job Req ID: 244179 ).  

Shaping the future of energy together!

**What you need to know:**


Contract type: Permanent  

Working time: Full time  

Company: E.ON Italia S.p.A.  

Salary Range: 36,000 \- 46,000 € Per Year  

Further salary details will be provided during the recruitment process.  

  



This job posting is open to all genders, in compliance with Legislative Decree No. 198 of April 11, 2006, “Code of Equal Opportunities between Men and Women,” and to individuals of all ages and nationalities, in compliance with EU Directive 2000/78/EC on equal treatment in employment


### **Inclusion**



It is important to us that people with disabilities have access to a fair application process, providing them with an opportunity to shine. Therefore, our representative body for severely disabled people will be included in the process from an early stage. Please let us know via the application form if you require technical or organisational adjustments during the application process. We will strive to make the required aids available.



Should you not be able to apply online and want to speak someone in person, please contact your local recruiter.","","https://it.indeed.com/cmp/E.on-Italia-S.p.a","","","","","","","","","","","","","regulatory specialist"
"in-7e0e543bfd6ed07f","indeed","https://it.indeed.com/viewjob?jk=7e0e543bfd6ed07f","https://gsknch.wd3.myworkdayjobs.com/en-US/GSKCareers/job/Milan-via-Monte-Rosa/Trade-Marketing-Direct-Pharma---Internship_547903","Trade Marketing Direct Pharma - Internship","Haleon","Milano, LOM, IT","2026-09-08","fulltime","","","","","",False,"","","","","Welcome to Haleon. We’re a purpose\-driven, world\-class consumer company putting everyday health in the hands of millions. In just three years since our launch, we’ve grown, evolved and are now entering an exciting new chapter – one filled with bold ambitions and enormous opportunity.
  

  

Our trusted portfolio of brands – including Sensodyne®, Panadol®, Advil®, Voltaren®, Theraflu®, Otrivin®, and Centrum® – lead in resilient and growing categories. What sets us apart is our unique blend of deep human understanding and trusted science.
  

  

Now it’s time to fully realise the full potential of our business and our people. We do this through our Win as One strategy. It puts our purpose – to deliver better everyday health with humanity – at the heart of everything we do. It unites us, inspires us, and challenges us to be better every day, driven by our agile, performance\-focused culture.


**Trade Marketing Direct Pharma – Internship**

**About the role**

We are looking for a Trade Marketing Intern, who can develop new commercial opportunities within Direct Pharma channel.


In this internship role you will support to all Trade Marketing Team in the creation and implementation of commercial strategy in Direct Pharma channel through POS materials, selling stories for the salesforce and promo development.


**Key responsibilities**

* Support in implementation of sell\-out activation and canvass executions.
* Monitoring commercial strategies execution in order to leverage good performance and suggest corrective actions if needed.
* Analysis of competitors’ plans and strategies through the analysis of market data and collecting insight from field.
* Direct Pharma Channel performance and KPI Tracking (sell\-in and sell\-out)
* Support in managing relation with external partner and agency (merchandising, pos materials developer, creative agencies, etc...).
* Collaborate with Sales and Sellout specialist field forces to ensure brilliant execution and deployment of the strategy in the Point of sale.

**Qualifications and skills Essential**

* University Degree in Economics and Management / Marketing
* Fluency in English
* Use of all Office package (with focus on powerpoint and excel)
* Smart approach with dashboards and databases to monitor performance
* Market data analysis and understanding
* Enthusiastic, creative person who thinks in terms of solutions, curiosity and passion for his job
* Analytical skills
* Effective communication skills
* Good Business acumen
* Details orientation
* Ability to work in fast paced environment
* Ability to work with the data
* Well organized and disciplined
* Proactive in problem solving

**Preferred**

* Young talent who is interested in pharmacy business or in commercial functions
* Previous experience in Trade Marketing, Marketing or Analyst position is a plus
* Person who enjoys interacting with cross\-functional team and learning from interactions with different people

**Job Posting End Date**

2026\-09\-20  

**Equal Opportunities**
-----------------------

Haleon are committed to mobilising our purpose in a way that represents the diverse consumers and communities who rely on our brands every day. It guides us in creating an inclusive culture, where different backgrounds and views are valued and respected – all in support of understanding and best serving the needs of our consumers and unleashing the full potential of our people. It’s important to us that Haleon is a place where all our employees feel they truly belong.
  

  

During the application process, we may ask you to share some personal information, which is entirely voluntary. This information ensures we meet certain regulatory and reporting obligations and supports the development, refinement, and execution of our inclusion and belonging programmes that are open to all Haleon employees.
  

  

The personal information you provide will be kept confidential, used only for legitimate business purposes, and will never be used in making any employment decisions, including hiring decisions.  



**Adjustment or Accommodations Request**
----------------------------------------

If you require a reasonable adjustment or accommodation or other assistance to apply for a job at Haleon at any stage of the application process, please let your recruiter know by providing them with a description of specific adjustments you are requesting. We’ll provide all reasonable adjustments to support you throughout the recruitment process and treat all information you provide us in confidence.  



**Note to candidates**
----------------------

The Haleon recruitment team will contact you using a Haleon email account (@haleon.com). If you are not sure whether the email you received is from Haleon, please get in touch.","","https://it.indeed.com/cmp/Haleon","https://d2q79iu7y748jz.cloudfront.net/s/_squarelogo/256x256/2d041011da7c631d4376b9431eb60375","https://www.haleon.com/","","10,000+","","A health company that puts people first, we exist to deliver better everyday health with humanity.","","","","","","","regulatory specialist"
"li-4464219219","linkedin","https://www.linkedin.com/jobs/view/4464219219","","GMP Compliance Specialist","Adare Pharma Solutions","Pessano con Bornago, Lombardy, Italy","2026-09-11","","","","","","",False,"","","","","","","https://www.linkedin.com/company/adarepharmasolutions","","","","","","","","","","","","","regulatory specialist"
"li-4463959553","linkedin","https://www.linkedin.com/jobs/view/4463959553","","Specialista Sistema Qualità - IATF 16949 (f/m/nb)","Randstad Italia","Seriate, Lombardy, Italy","2026-09-11","","","","","","",False,"","","","","","","https://it.linkedin.com/company/randstad-italia","","","","","","","","","","","","","regulatory specialist"
"li-4463963868","linkedin","https://www.linkedin.com/jobs/view/4463963868","","Quality Assurance - LIFE SCIENCE","ALTEN Italia","Monza, Lombardy, Italy","2026-09-11","","","","","","",False,"","","","","","","https://it.linkedin.com/company/altenitalia","","","","","","","","","","","","","regulatory specialist"
"li-4465804066","linkedin","https://www.linkedin.com/jobs/view/4465804066","","Qualified Person (QP) - Biotech","iziwork Italia","Caponago, Lombardy, Italy","2026-09-10","","","","","","",False,"","","","","","","https://it.linkedin.com/company/iziworkitalia","","","","","","","","","","","","","regulatory specialist"
"li-4467059257","linkedin","https://www.linkedin.com/jobs/view/4467059257","","Consulente sistema qualità","A.F. CONSULTING s.a.s.","Gallarate, Lombardy, Italy","2026-09-14","","","","","","",False,"","","","","","","https://it.linkedin.com/company/a-f-consulting","","","","","","","","","","","","","regulatory affairs specialist"
"li-4463569443","linkedin","https://www.linkedin.com/jobs/view/4463569443","","Officer, Quality Assurance","Hikma Pharmaceuticals","Pavia, Lombardy, Italy","2026-09-08","","","","","","",False,"","","","","","","https://uk.linkedin.com/company/hikma-pharmaceuticals","","","","","","","","","","","","","regulatory affairs specialist"
"li-4462509209","linkedin","https://www.linkedin.com/jobs/view/4462509209","","Quality Assurance GCP","PHIDEALIVE Srl","Milan, Lombardy, Italy","2026-09-08","","","","","","",False,"","","","","","","https://it.linkedin.com/company/phidealive","","","","","","","","","","","","","responsabile affari regolatori"
"in-cee73d100c67d7ec","indeed","https://it.indeed.com/viewjob?jk=cee73d100c67d7ec","https://fa-etjb-saasfaprod1.fa.ocs.oraclecloud.com/hcmUI/CandidateExperience/en/sites/CX_1/requisitions/preview/2471","Software Tester - Intern","BIP","Milano, LOM, IT","2026-09-14","fulltime","","","","","",True,"","","","","**BIP Red** is the Creative Technology Studio of BIP, a global consulting firm guiding companies through digital transformation across more than 20 countries. A team of over 400 people who for more than 20 years have been combining creativity, design and technology to turn complex ambitions into measurable growth. We remove complexity to grow businesses: we decode markets and behaviours, design brands and experiences, and build products and platforms made for humans, taking them to market. We work across every industry, from fintech to energy, retail to pharma, with a vision that turns pragmatic. If you like to imagine what comes next and then actually build it, this is the place for you.


We are looking for a passionate **Junior Software Tester** to join our Team in Milan.


**The Role**

You will join a dynamic and multidisciplinary team and be involved in quality verification and validation activities for web and mobile applications, supporting experienced professionals throughout the different stages of the testing lifecycle. Through continuous training and on\-the\-job support, you will develop methodological, organizational and technical skills, take part in real\-world projects and contribute to improving the quality of software products.


**What You Will Do**

* Analyze functional requirements, specifications and project documentation.
* Support the design and maintenance of test cases.
* Perform functional, integration and regression testing on web and mobile applications, using manual and/or automated testing approaches.
* Identify, document and monitor software defects and anomalies using dedicated tools.
* Collaborate with Business Analysts, Project Managers, developers and project stakeholders.
* Contribute to the continuous improvement of Quality Assurance processes.
* Use Generative Artificial Intelligence tools to support activities such as:
	+ analyzing project documentation;
	+ generating and optimizing test cases;
	+ creating reports and documentation;
	+ identifying gaps in test coverage;
	+ supporting the analysis of defects and test results

**Required Skills**

* Currently completing or recently graduated with a degree in a STEM discipline, such as Computer Science, Engineering, Mathematics, Statistics or a related field.
* Curious, detail\-oriented and eager to learn.
* Interest in Software Quality and Technological Innovation.
* Good analytical and problem\-solving skills.
* A collaborative mindset and an aptitude for teamwork.
* Good knowledge of the Microsoft Office suite.
Good command of English.  
* 

**Nice to Have**

* Knowledge of Agile and Scrum methodologies.
* Familiarity with the Software Development Life Cycle (SDLC).
* Basic knowledge of programming languages or databases.
* Knowledge of tools such as Jira, Azure DevOps, TestRail or equivalent solutions.
* Interest in Artificial Intelligence and automation technologies.

**Why Bip?**

***People at the center of our culture***

Trust and collaboration, entrepreneurship and courage, meritocracy and professional development are the values that drive the growth of our people.


Working at BIP is a challenging and rewarding experience, where merit is recognized and innovation is fueled by bold ideas, collaboration, and trusted relationships with our clients.


***Challenge yourself***

You will have the opportunity to challenge yourself across a variety of projects, differing in scope, nature of activities, and stakeholders involved. Your initiative, passion, autonomy, and ability to take ownership and step outside your comfort zone will be highly valued.


***Unlocking your potential***

You will have access to more than 300 cutting\-edge training courses designed to help you develop your skills in emerging technologies and evolving business topics.


***Work\-life Integration***

You will benefit from a policy that supports up to 100% remote working and promotes a healthy work\-life integration.


***Diversity, Equity \& Inclusion***

We value uniqueness and are committed to ensuring that all our people have equal opportunities to contribute and fully express their potential in the workplace.


Our approach to Diversity, Equity \& Inclusion is grounded in ethics and integrity and represents a key driver for broader personal and business growth opportunities.


We actively promote the hiring and workplace integration of people belonging to protected categories, in accordance with Italian Law 68/99\.","","https://it.indeed.com/cmp/Bip-a7217794","https://d2q79iu7y748jz.cloudfront.net/s/_squarelogo/256x256/da083040449636349ad393d5a76dc999","https://www.bipconsulting.com","Milan","1,001 to 5,000","$100M to $500M (USD)","BIP UK (formerly Chaucer) are part of Europe's fastest growing digital consulting company and are on track to reach the Top 20 in 2025. Operating at the intersection of business and technology we desi","","","","","","","quality assurance pharma"
"in-f90aed5e235eaf1e","indeed","https://it.indeed.com/viewjob?jk=f90aed5e235eaf1e","https://www.alten.it/jobs/1849-qc-chimico-pharma-life-science/","QC Chimico (Pharma) – LIFE SCIENCE","ALTEN","Monza, LOM, IT","2026-09-11","","","","","","",False,"","","","","Luogo: Monza

  

ALTEN supporta le strategie di sviluppo dei propri clienti nelle aree dell’innovazione, della R\&D e dei sistemi informativi tecnologici.

  

Nato più di 30 anni fa e presente in 30 Paesi, il Gruppo ALTEN si è affermato come leader mondiale nell’ingegneria e nei Servizi IT e leader Europeo per la consulenza nell’industria Life Sciences.

  

Lavoriamo con attori chiave nei settori: Aeronautico \&Spaziale, della Difesa \& Navale, della Sicurezza, Automobilistico, Ferroviario, dell’Energia, del Life Sciences, Finanziario, del Retail e dei Servizi.

  

Con un fatturato di oltre 4\.069 miliardi di euro, abbiamo attualmente più di 57\.400 collaboratori in tutto il mondo. In Italia siamo presenti in 13 città lungo tutto il territorio nazionale: Torino, Milano, Gallarate, Brescia, Genova, La Spezia, Modena, Maranello, Bologna, Firenze, Roma, Napoli e Bari.

  

Attività principali:

  

* Esecuzione di test analitici secondo metodi compendiari e validati (HPLC, UV\-Vis, IR, Karl Fischer, pH, conducibilità, titolazioni, TOC, viscosità, ecc.);
* Gestione completa del processo analitico: preparazione dei campioni, calibrazione e utilizzo degli strumenti, elaborazione e revisione dei dati;
* Analisi e revisione dei metodi di prova, in accordo con la farmacopea e con le specifiche di prodotto;
* Aggiornamento e revisione di specifiche di controllo, schede analitiche e metodi SOP;
* Applicazione accurata delle normative GMP, Data Integrity e ALCOA\+;
* Supporto tecnico per investigazioni di deviazioni, OOS, OOT e CAPA;
* Contributo alle attività di validazione metodi, calibrazione strumenti e gestione della documentazione analitica;
* Collaborazione con i reparti QA, QC Microbiology e Production per garantire la conformità dei processi di controllo qualità;
* Partecipazione a training, audit interni e ispezioni regolatorie.
  
Requisiti:

  

* Esperienza di almeno 1/2 anni in ruoli similari;
* Conoscenza di tecniche analitiche, come HPLC, GC, UV\-Vis, FTIR, TOC, Karl Fischer, Dissolution, pH\-metro, titolatore automatico;
* Conoscenza approfondita e applicazione quotidiana delle Farmacopee (EP, USP, JP);
* Conoscenza operativa di GMP, Annex 1, Data Integrity e GDP;
* Redazione e revisione di SOP, report analitici e specifiche tecniche;
* Esperienza con sistemi informatici LIMS, Empower, Chromeleon, SAP, TrackWise.
  

*La retribuzione annua lorda per questo ruolo è compresa tra 28\.000 EUR e 32\.000 EUR.*


*La posizione è inquadrata nell’ambito del CCNL del Commercio e Terziario applicato da ALTEN.*


*Il posizionamento all’interno del range sarà definito in base alle competenze tecniche, all’esperienza specifica nel ruolo e agli esiti del processo di selezione, secondo criteri oggettivi e predefiniti.*


*In presenza di profili con caratteristiche eccezionali rispetto al range indicato, una revisione potrà essere valutata previa approvazione interna*.

  

Perché scegliere ALTEN?

  

Technological challenges


Crediamo che la tecnologia abbia un grande potenziale per migliorare il nostro futuro, per questo ricerchiamo talenti che siano motivati a costruire oggi il mondo di domani. Con il nostro portfolio clienti e i diversi progetti di R\&D attivi, in ALTEN avrai modo di lavorare su progetti all’avanguardia. La nostra Technical Direction ti accompagnerà e indirizzerà durante il tuo percorso. Avrai la possibilità di metterti alla prova in contesti progettuali diversi e di confrontarti con esperti del settore per ampliare sempre più le tue conoscenze. Potrai unire le tue passioni e metterti in gioco professionalmente. Accetti la sfida?

  

Inspiring Togetherness


Ci impegniamo a favorire un ambiente di lavoro sereno e collaborativo organizzando attività di team building, iniziative di aggregazione, eventi sportivi, per conoscerci meglio e condividere momenti insieme. Il successo di un gruppo si fonda sulla cooperazione e condivisione reciproca del sapere e degli interessi.

  

Fulfilling Opportunities


In ALTEN troverai corsi formativi all’avanguardia per accrescere le tue competenze sia tecnologiche, sia linguistiche! Tramite ALTEN Academy potrai ottenere certificazioni con alcuni dei più importanti schemi internazionali come IREB®, ISTQB® e altri. Attraverso Aula Streaming, invece, avrai accesso a corsi di formazione più trasversali relativi a soft skills e potrai scegliere tra 12 corsi di lingua straniera.

  

Sustainable commitment


Crediamo che la tecnologia sia a supporto dello sviluppo sociale e della tutela ambientale. Oltre a collaborare a progetti che mirano alla sostenibilità, ci impegniamo a sostenere le cause che più abbiamo a cuore, avendo collaborato e collaborando, tra gli altri, con AISM, AIRC, LILT, Save the Children, Treedom, This Unique. Valorizziamo l’unicità e ci impegniamo a garantire che tutte le nostre persone abbiano pari opportunità all’interno della nostra azienda, fornendo loro gli strumenti per esprimere al massimo il proprio potenziale. Il nostro approccio alla diversità e all’inclusione si fonda sui principi di etica e integrità e rappresenta il fattore determinante per lo sviluppo di orizzonti di crescita personale e aziendale più ampi. Promuoviamo l’inserimento e l’integrazione lavorativa delle persone appartenenti alle categorie protette – in base a quanto disciplinato dalla legge 68/99\.

  

I prossimi step

  

Una volta ricevuto il tuo cv, ci prenderemo il tempo necessario per valutarlo attentamente.

  

Se sarà in linea con questa o con altre posizioni aperte all’interno del Gruppo, il nostro team Talent Acquisition ti contatterà telefonicamente.

  

L’iter di selezione proseguirà con un colloquio conoscitivo con l’area Business, un successivo colloquio più approfondito, durante il quale potrebbe essere richiesto un test pratico, ed infine un colloquio tecnico.

  

L’ordine e il numero delle interviste potrebbero variare a seconda delle esigenze di selezione.

  

In alternativa, saremo felici di conservare il tuo CV nel nostro gestionale per poterlo rivalutare per opportunità future. Operando in 13 diverse città e altrettanti settori, potrebbero contattarti più Talent Acquisition Partner e/o più Business Manager, se riterranno che il tuo profilo sia in linea con i progetti e le necessità che stanno ricercando in quel momento.

  

Se dovessi identificare ulteriori offerte di tuo interesse e in linea con il tuo profilo, aspettiamo la tua candidatura per poterla valutare nuovamente.

  

*ALTEN opera nel rispetto dei principi di diversità, equità ed inclusione, che alimentano i nostri valori. ALTEN ha l’obiettivo di abbattere ogni barriera e pregiudizio, garantendo un ambiente di lavoro accessibile ed accogliente, valutando candidature indipendentemente da genere, etnia, disabilità (artt. 1 e 18, legge 68/99\), età, orientamento sessuale, religione, stato civile, convinzioni personali e politiche, appartenenza ad organizzazioni sindacali, responsabilità familiari e back\-ground socio\-economico.*


  
INFORMAZIONI
11/09/2026
Monza","","https://it.indeed.com/cmp/Alten","https://d2q79iu7y748jz.cloudfront.net/s/_squarelogo/256x256/6cf35eab31586cc942e962ad408d52f8","https://www.alten.com","Boulogne-Billancourt","10,000+","$1B to $5B (USD)","","","","","","","","QA manager pharma"
"in-9bdac2d5035e4bcd","indeed","https://it.indeed.com/viewjob?jk=9bdac2d5035e4bcd","https://jobs.smartrecruiters.com/BoschGroup/744000149283793-mems-layout","MEMS Layout","Bosch","Milano, LOM, IT","2026-09-14","fulltime","","","","","",False,"","","","","**Company Description** **Bosch Sensortec** is the technology leader in sensing solutions based on microelectromechanical systems (MEMS) and dedicated to the consumer electronics world.


Our success in MEMS sensors and solutions is built on a remarkable team driven by passion, innovation and flexibility.


There is more than one good reason to join \#BoschSensortec.

*We not only have cutting\-edge product technology and an employee\- oriented corporate culture, we also offer you attractive working conditions and first\- class career opportunities.*

*We offer you many different working fields and career paths — and we provide individual possibilities to enable*

 **Job Description**  

Become part of the global market leader in MEMS! Together, we are shaping the future of MEMS sensors and enabling innovative applications in the automotive, consumer and industrial sectors.

* In your role as a development engineer, you will develop holistic chip designs and chip layouts for complex micromechanical sensors, always focusing on the requirements of design and technology.
* As part of an expert team, you will work on the agile implementation of project goals. The combination of teamwork, personal responsibility and independence will help you achieve the best possible results.
* We rely on you and your expertise when it comes to the technical assessment of feasibility and the verification of chip designs and layouts in accordance with technology and manufacturing specifications.
* You will generate mask data and manufacturing documentation for both new developments and variants, taking relevant cost\-effectiveness and quality aspects into account. What is more, as a valued contact person, you will coordinate the internal interfaces between development and manufacturing in carrying out this task.
* The further development of implemented software solutions for the simulation and automation of workflows is also part of your responsibilities.
* You will also successfully develop and optimize new software concepts for verifying layouts and mask data in close collaboration with internal R\&D departments.

  

**Qualifications**  

* **Education**: completed university degree in engineering or natural sciences, electrical engineering, microsystems engineering, mathematics, physics, chemistry, materials science or a comparable field of study
* **Experience and know\-how**: experience in the development of innovative MEMS/semiconductor technologies; expertise in sensor technology, micromechanics and semiconductor technology; experience in software development and programming, e.g. Python experience
* **Personality and working style**: you take initiative, focus on solving problems and are creative in your approaches; you enjoy working in a team and keep a cool head even during peak phases; you are able to represent your opinion effectively to stakeholders; your working style is systematic, methodical and goal\-oriented; you are able to make decisions quickly and confidently; you succeed in bringing your enthusiasm for tasks and projects into the working environment
* **Languages**: very good written and spoken (German and) English

  

**Additional Information**  

In line with our compensation policies, the gross annual salary (RAL) for this position lies within the range € 40\.000 \- €45\.000 for a 40\-hour work week.


The remuneration package also includes:

* An individual performance\-related bonus
* Additional benefits.


The salary range corresponds to the specified job grade and may vary depending on the candidate’s level of experience. We look forward to discussing the full details of our compensation package and career development opportunities with you during the application process.


Bosch is proud to be an Equal Opportunity Employer. All qualified applicants will receive consideration for employment without regard to race, color, religion, sex, sexual orientation, gender identity, marital status, national origin or ancestry, age, disability or any other protected class.


www.bosch.it


https://www.bosch.it/lavora\-con\-noi/","","https://it.indeed.com/cmp/Bosch","https://d2q79iu7y748jz.cloudfront.net/s/_squarelogo/256x256/e4416ed92c2b93443c0fa949ef7c6202","http://www.bosch.us","Farmington Hills, MI","10,000+","more than $10B (USD)","Bosch is a leading IoT company and global supplier of technology and services in the Mobility Solutions, Industrial Technology, Consumer Goods, and Energy and Building Technology sectors.","","","","","","","qualified person"
"in-53296a97d5cf8183","indeed","https://it.indeed.com/viewjob?jk=53296a97d5cf8183","https://JPMorganChase.contacthr.com/153538761","2027 Global Private Bank - Advisor Analyst Training Program - Milan","JPMorganChase","Milano, LOM, IT","2026-09-13","fulltime","","","","","",False,"","","","","**JOB DESCRIPTION**  

  

  

If you enjoy building relationships and helping develop innovative solutions while working in a fast\-paced environment, then we have the role for you. Our advisors help clients achieve their financial goals by delivering the right solutions and services across our industry leading investments, credit, banking and Trust \& Estates practices. This individualized attention supports our clients' unique goals and helps build, preserve and manage their wealth over time.




As an Advisor Analyst Trainee in Global Private Bank, you willwork with a team of bankers, investment specialists, wealth advisors, and lending specialists. The program begins with a five\-week immersive global training program, in which you will join Incoming Analysts from around the world to learn more about the firm and how we do business, build technical and professional skills, hear from senior executives and build global networks. For the entirety of the Advisor Training Program, you'll have ongoing formal and informal training opportunities, as well as continued opportunities for development, engagement, and the opportunity to participate in program initiatives. You'll have what you need to succeed – from training and mentorship from senior executives to projects that engage all your skills. You'll be encouraged to network across the firm and discover all our opportunities as you consider your next career move. After the program, many full\-time Analysts are promoted to Associates and build long\-lasting careers with us.




Joining our Advisor Training Program means you will be joining a team committed to building client relationships and making meaningful contributions to our business with customized wealth management solutions.Throughout the program, you'll learn about our business and our clients while building your own expertise. Working here means joining a collaborative, supportive team. We want your diverse perspective to help us innovate the next wave of products and solutions for our clients.




**Job responsibilities**

* Work with our team of advisors and specialists to bring in new clients and to serve existing ones
* Deliver highly customized and comprehensive solutions to help protect, manage and grow wealth
* Understand our clients' unique needs and tailor your approach to exceed expectations requiring work across teams and the firm to provide first\-class service




**Required qualifications, capabilities, and skills**

* An expected graduation date between August 2026 and July 2027\.
* Highly driven person who enjoys working in teams to develop complex solutions
* Exceptional interpersonal, communication, logical thinking and problem\-solving skills
* Excellent organizational skills and ability to multitask
* Genuine interest in financial markets and macro\-level economic trends
* Desire to ultimately work with external clients in a relationship building and sales capacity
* Ability to thrive in a fast\-paced, collaborative environment
* Highly inquisitive, focused and considerate
* Good judgment and discretion when working with confidential information

**Preferred qualifications, capabilities, and skills**

* Fluency in Italian may be required; a second EU language is preferable but not essential.




**Application Deadline**

1 November, 2026

*We will be filling our classes on a rolling basis. We strongly encourage you to submit your application as early as possible before job postings close.*




**Join Us**


At JPMorgan Chase, we're creating positive change for the diverse communities we serve. We do this by championing your innovative ideas through a supportive culture that helps you every step of the way as you build your career. If you're passionate, curious and ready to make an impact, we're looking for you.




**Our Private Banking Teams**


For more than 200 years, we have been working with innovators, entrepreneurs, industry leaders and their families to help them achieve their unique ambitions, secure their legacies and make a difference in the world. That means providing meaningful, tailored advice now and across generations. The Private Bank helps clients plan, invest, borrow and bank to create the life and legacy they envision. Our advisors help clients achieve their financial goals by delivering the right solutions and services across our industry leading investments, credit, banking and Trust \& Estates practices. This individualized attention supports our clients' unique goals and helps build, preserve and manage their wealth over time.




We located in more than 17 offices across 11 countries in the Europe, Middle East and North Africa (EMEA) region. Guided by industry leaders, our teams deliver best\-in\-class ideas and insights for our clients around the world. J.P. Morgan was named 2021's “Best Private Bank in the World” by Global Finance magazine and captured multiple EMEA awards by Euromoney, including “Best Private Banking Services Overall” in the United Kingdom, Italy, Egypt and Saudi Arabia” and “Best Private Banking Services for Mega High Net Worth Clients” in France, Italy, Israel, and the Middle East.


See the Asset \& Wealth Management CEO Letter here.




**What's next?**


Help us learn about you by submitting a complete and thoughtful application, which includes your resume. Your application and resume is a way for us to initially get to know you, so it's important to complete all relevant application questions so we have as much information about you as possible.

* To start the application, you will be prompted to enter your email address. Your email address will be used to create and maintain your profile so make sure it is one you will have long term access to. Do not use an email address with “.edu” extension as doing so could result in delays receiving updates regarding your candidacy.
* After you confirm your application, we will review it to figure out whether you meet certain required qualifications.
* If you are advanced to the next step of the process, you'll receive an email invitation to complete a video interview, powered by HireVue. This is your opportunity to further bring your resume to life and showcase your experience for our recruiting team and hiring managers.
* HireVue is required, and your application will not be considered for further review until you have completed it. We strongly encourage that you apply and complete the required elements as soon as possible, since programs will close as positions are filled.




JPMorgan Chase is committed to creating an inclusive work environment that respects all people for their unique skills, backgrounds and professional experiences. We strive to hire qualified, diverse candidates, and we will provide reasonable accommodations for known disabilities.




Visit jpmorganchase.com/careers for upcoming events, career advice, our locations and more.


**ABOUT US**
  

  

J.P. Morgan is a global leader in financial services, providing strategic advice and products to the world's most prominent corporations, governments, wealthy individuals and institutional investors. Our first\-class business in a first\-class way approach to serving clients drives everything we do. We strive to build trusted, long\-term partnerships to help our clients achieve their business objectives.  

We recognize that our people are our strength and the diverse talents they bring to our global workforce are directly linked to our success. We are an equal opportunity employer and place a high value on diversity and inclusion at our company. We do not discriminate on the basis of any protected attribute, including race, religion, color, national origin, gender, sexual orientation, gender identity, gender expression, age, marital or veteran status, pregnancy or disability, or any other basis protected under applicable law. We also make reasonable accommodations for applicants' and employees' religious practices and beliefs, as well as mental health or physical disability needs. Visit our FAQs for more information about requesting an accommodation.","","https://it.indeed.com/cmp/Jpmorganchase-2","https://d2q79iu7y748jz.cloudfront.net/s/_squarelogo/256x256/62e186e96c7550325814ef6880fae379","https://www.jpmorganchase.com/","New York, NY","10,000+","more than $10B (USD)","Headquartered in New York City, JPMorgan Chase is the largest bank in the United States.","","","","","","","qualified person"
"in-786082eb056d8d5a","indeed","https://it.indeed.com/viewjob?jk=786082eb056d8d5a","http://it.indeed.com/job/trademark-and-ip-counsel-786082eb056d8d5a","Trademark and IP Counsel","BAX Group","Milano, LOM, IT","2026-09-13","fulltime","","","","","",False,"","","","","**Who we are**

BGRP Srl holds and administers the trademark rights of the BAX Group, an owner\-led Swiss group headquartered in Aarau. Through its subsidiaries the group is active in real estate, construction and project management, architecture, fashion, media and communication, and digital business, with companies in Switzerland, Germany, Italy and Canada. We are recruiting for our own account.

**The mandate**

The group’s international trademark portfolio is registered in the name of its own companies and is currently administered largely through external counsel. We intend to bring this work in\-house. You will take over the portfolio in its entirety and run it yourself, supported by AI\-based analysis tools which carry out the searching, monitoring and first\-pass assessment, so that your time is spent on judgement and negotiation rather than on routine.

**Your responsibilities**

* Full ownership of the group’s international trademark portfolio: strategy, filing program, budget and reporting.
* Filings and registrations at national level, before the EUIPO and through the WIPO Madrid System, including classification and prosecution.
* Portfolio monitoring and watch services; assessing the hits and deciding what needs to be acted upon.
* Opposition, revocation and invalidity proceedings – both as opponent and in defense of the group’s marks.
* Renewals, recordals, assignments and the maintenance of the register.
* Negotiating and drafting coexistence, delimitation, settlement and license agreements.
* Enforcement against infringement and counterfeiting, including cease\-and\-desist correspondence, customs recordals and online takedowns.
* Instructing and controlling external counsel in jurisdictions where local representation is mandatory, and keeping that spend to a minimum.
* Working closely with the group’s General Counsel in Aarau and with the fashion, media and digital businesses on new brand launches.

**Your profile**

* Qualified lawyer or registered trademark attorney with solid experience in trademark and design law.
* Practical command of EUIPO and WIPO Madrid System procedure; experience of opposition and cancellation proceedings.
* Commercial judgement: you can tell a fight worth having from one that should be settled.
* Confident and independent working style – this is a standalone role with real responsibility.
* Italian and English to a professional standard; German an advantage.
* Familiarity with Italian trademark practice (UIBM) alongside EU practice.

**What we offer**

* A complete international portfolio to run as your own, from day one.
* The chance to build an in\-house IP function instead of servicing one from outside.
* Brand work across fashion, media, communication and digital – not a single\-sector portfolio.
* A modern, AI\-supported way of working with the corresponding tools and training.
* Short decision\-making paths and direct contact with the group’s ownership.
* Place of work Milan, Italy, with regular contact with the group headquarters in Aarau.

**How to apply**

Please send your application – covering letter, curriculum vitae, diplomas and references, together with your salary expectations and earliest possible starting date – to jobs@bax\-group.com.

Applications will be treated in strict confidence. Applications from recruitment agencies will not be considered.

**BGRP SRL**

Job Type: Full\-time

Pay: From €1\.00 per year

Work Location: In person","","https://it.indeed.com/cmp/Bax-Group","https://d2q79iu7y748jz.cloudfront.net/s/_squarelogo/256x256/f0dc5cbca5c65aa12a07f1d37134f5e2","https://www.bax-group.com/","CH-5000 Aarau
","11 to 50","","Wir sind ein international in der Textilwirtschaft und Immobilienbranche tätiges Unternehmen. Wir wollen Produkte, Dienste und Dienstleistung schaffen, die den Bedürfnissen von heute entsprechen.","","","","","","","qualified person"
"in-8e55bddd093c243a","indeed","https://it.indeed.com/viewjob?jk=8e55bddd093c243a","https://jobs.edp.com/job/Milan-Indirect-Channel-Development-Specialist/1436273133/","Indirect Channel Development Specialist","EDP Renewables","Milano, LOM, IT","2026-09-11","","","","","","",False,"","","","","Country/Region:
City: Milan
Business Platform: Client Solutions
We are EDP, a global energy company present in around 25 markets with a particular emphasis on renewable energies. With 50 years of experience, we have been consolidating a relevant presence on the world energy scene based on the commitment to be all\-green by 2030, leading the energy transition. With more than 12,000 employees around the world, we are committed to using our energy and heart to drive a better tomorrow.  


**What you will do:**  



The role is primarily responsible for identifying, recruiting, activating and developing high\-quality commercial partners, turning partner relationships into recurring qualified opportunities and profitable sales.  


**Partner acquisition**
* Map the Italian partner ecosystem and identify high\-potential partner targets.
* Proactively approach and recruit new commercial partners.
* Build and manage a structured partner acquisition funnel.
* Assess partners based on customer access, commercial capability, geographic/segment coverage and expected productivity.
* Pitch the EDP partner proposition and negotiate commercial collaboration terms within agreed guardrails.

**Partner activation**
* Own the first 90 days after partner recruitment.
* Define target accounts and commercial priorities with each new partner.
* Train partners on EDP solutions, target customers and commercial process.
* Drive first customer introductions and qualified opportunities.
* Minimize time from partner signing to first productive activity.

**Pipeline and sales**
* Generate incremental qualified pipeline through the partner network.
* Drive opportunity progression and conversion together with partners.
* Maintain clear forecasts and next actions.
* Deliver agreed MW, revenue and gross\-margin objectives.

**Partner performance**
* Monitor partner productivity and conversion.
* Develop high\-potential partners and implement recovery plans for underperformers.
* Recommend partners to scale, deprioritize, renegotiate or exit.
* Ensure management effort is focused on partners creating measurable value.

**Partner economics**
* Understand partner commission structures and deal economics.
* Assess whether partner compensation reflects the value created.
* Support optimization of channel profitability, cost/MW and partner ROI.
* Identify margin leakage and propose improvements to the partner commercial model.

**Partner proposition**
* Gather systematic feedback from current and prospective partners.
* Identify barriers to recruitment and activation.
* Work with Product, BD and management to improve EDP's partner proposition, tools, processes and incentives.

**Internal orchestration**
* Act as commercial owner of the partner relationship.
* Coordinate Sales Support, BD, Product, Legal, Risk and Field teams where required.
* Ensure internal complexity does not prevent partner activation or opportunity conversion.
  


**What we are looking for:**
* At least 1\-2 years of B2B commercial, business\-development or channel\-development experience.
* Demonstrable success in hunting and recruiting new partners or customers.
* Experience building commercial relationships from scratch.
* Strong negotiation and influencing capability.
* Entrepreneurial, field\-oriented and highly results\-driven.
* Comfortable managing external entrepreneurs, agency owners and commercial organizations.
* Strong analytical and pipeline\-management discipline.
* Good understanding of commercial economics and profitability.
* Italian fluent/native; professional English.
* Experience in energy, solar, utilities, telecommunications, industrial services or another B2B channel\-intensive sector preferred.
* Existing relevant Italian commercial network is an advantage.
  


More than academic knowledge and technical skills, we are looking for ambitious people who are enthusiastic about the future and who bring human skills aligned with our purpose.  


**Equal opportunities for all**

Our vision is that each person combines their unique characteristics and experiences to fulfill our mission of creating new energy for the planet. We are an inclusive employer, ensuring all candidates are treated fairly throughout the recruitment process. We welcome and value all people, and we are committed to fostering a sense of belonging for each person who is part of the EDP group.  


**Need more reasons****to apply?**

As a top employer we:
* Empower our employees through a positive and innovative work environment that promotes collaboration and agile decision\-making;
* Respect and value each person, providing a flexible, healthy, and inclusive workplace with a range of attractive benefits;
* Provide a meaningful work experience and prepare our people for future challenges through different opportunities for development and internal mobility;

  



Our efforts have resulted in several distinctions over time, highlighting the EDP group's strong positioning and its dedication and commitment to attracting and retaining the best talent:
* Top employer certification by Top Employers Institute
* Part of the Bloomberg Gender\-Equality Index
* Global certification as a family\-responsible company by Fundación Másfamília
* Top 100 Workplaces by Houston Chronicle

  



Discover our tips to enhance your performance during the recruitment process and apply until **25/09/2026** if you think you are the right fit for this opportunity.  


  

**Job Segment:** Telecom, Telecommunications, Sales Support, Business Development, Technology, Sales","Energy And Utilities","https://it.indeed.com/cmp/Edp-Renewables","https://d2q79iu7y748jz.cloudfront.net/s/_squarelogo/256x256/d236d698e28fa79a8a54fb9c989f954f","https://jobs.edp.com/search/?q=&locationsearch=&locale=en_US","1501 McKinney St Houston United States","501 to 1,000","$1B to $5B (USD)","EDP Renewables North America LLC (EDPR NA), its affiliates, and its subsidiaries develop, construct, own, and operate wind farms, solar parks, and energy storage systems throughout North America.","","","","","","","qualified person"
"in-e4ff2ae8ff7724d2","indeed","https://it.indeed.com/viewjob?jk=e4ff2ae8ff7724d2","https://essers.wd103.myworkdayjobs.com/Careersite_External/job/City/RP_JR-033162-2","Responsible Person","H.Essers","Siziano, LOM, IT","2026-09-10","","","","","","",False,"","","","","Are you ready to harness your passion for quality in the dynamic role of Responsible Person? Discover below the challenges and rewards that come with this role at H.Essers.

**YOUR CHALLENGES**

As Responsible Person, you ensure compliance with:

* GDP regulations for human and veterinary medicinal products
* Legislative Decree 219/2006
* EU GDP Guidelines (2013/C 343/01\)
* Ministerial Decree 6 July 1999
* Legislative Decree 218/2023
* EU Regulation 2021/1248

**Quality Management**

* Investigate quality issues and regulatory questions.
* Perform risk assessments and Quality Risk Management activities.
* Analyze data and propose corrective and preventive actions.
* Prepare and maintain quality documentation.

**Reporting \& Management Support**

* Prepare reports, analyses and recommendations.
* Present findings to management.
* Contribute to Management Reviews and quality performance monitoring.

**Project Management**

* Support quality and compliance projects.
* Define project scope and timelines.
* Participate in project meetings and implementation activities.

**Training \& Continuous Improvement**

* Deliver GDP/GxP training to employees.
* Keep up to date with regulatory developments.
* Support continuous improvement initiatives.
* Review and improve quality processes and procedures.

**Stakeholder Management**

* Act as the main quality reference point for internal departments.
* Interface with customers, suppliers and regulatory authorities (e.g. Ministry of Health, AIFA).
* Support business operations with quality and regulatory advice.

**YOUR TALENTS**

* Analytical thinking
* Problem\-solving mindset
* Collaboration and teamwork
* Advisory and influencing skills
* Continuous learning attitude
* Strong communication skills

**Education Requirements**


Mandatory degree in:

* Pharmacy
* Pharmaceutical Chemistry and Technology (CTF)
* Chemistry
* Industrial Chemistry

**Additionally**

* Eligible for registration with the relevant professional body.
* Eligibility and willingness to become a Qualified Person (QP) is considered an advantage.

**YOUR REWARD**

* Competitive salary package with a target RAL starting from approximately €40,000\.
* Meal vouchers for each working day through the Edenred platform.
* Employment conditions in line with the CCNL Logistics, Transport and Freight Forwarding Sector.
* Company smartphone and laptop provided to support your daily activities.

**7500 REASONS TO CHOOSE H.ESSERS**

* Family values: have provided a strong foundation of trust and commitment for both employees and customers since 1928
* Job security: in a rapidly changing world
* Ambitious team: with 7500 dedicated colleagues, we strive for excellence and have an abundance of ambition and opportunity
* Innovation: in our processes and services, enabling us to serve our customers ever more efficiently and sustainably
* Sustainable international growth: recognizing our social, economic, and environmental responsibilities as an organization to have a positive impact on society as a whole
* Diversity and inclusion: are crucial to a healthy and productive work environment and are actively embraced within H.Essers

**These are just a few reasons why H.Essers is an attractive choice, we are eager to discover your reason(s).**","Transport And Freight","https://it.indeed.com/cmp/H.essers-2","https://d2q79iu7y748jz.cloudfront.net/s/_squarelogo/256x256/de2e2ac78b088853a0f35ebf47340278","https://jobs.essers.com/en/","Genk, BE","5,001 to 10,000","$100M to $500M (USD)","H.Essers is a place where our 7,500 ambitious colleagues dare to be entrepreneurial, grab opportunities and make a difference every day. Because sustainable growth is something we do together.","","","","","","","qualified person"
"in-74f74c604bef1aa2","indeed","https://it.indeed.com/viewjob?jk=74f74c604bef1aa2","http://it.indeed.com/job/estetista-con-esperienza-74f74c604bef1aa2","estetista con esperienza","sole e benessere s.a.s","Milano, LOM, IT","2026-09-15","fulltime","","","","","",False,"","","","","Sei un’estetista qualificata e ti piacerebbe contribuire alla crescita di un istituto di bellezza

all’avanguardia? Cerchi un ambiente professionale, dinamico e orientato alla qualità?

Non aspettare oltre: stiamo cercando te!

La risorsa sarà inserita con contratto full time, con possibilità di valutare anche un

inserimento in apprendistato, e si occuperà delle attività di estetica di base e avanzata,

dell’accoglienza e assistenza alla clientela, della consulenza sui trattamenti e del

mantenimento degli standard di ordine, igiene e professionalità dell’istituto.

Cerchiamo una persona qualificata, appassionata del settore beauty, precisa, affidabile e

predisposta al lavoro di squadra. Costituisce titolo preferenziale esperienza nell’ambito dei

trattamenti corpo e dimagrimento.

Sede di lavoro: Milano, zona Loreto.

Chi Cerchiamo:

La persona che vogliamo incontrare è dinamica, solare, opera con passione e

desidera maturare e/o accrescere la propria esperienza.

Si occuperà di realizzare trattamenti di estetica di base fino a quella più

avanzata, verrà affiancata e formata al fine di essere autonoma anche

nell’utilizzo delle tecnologie più all’avanguardia. Realizzerà trattamenti estetici

con ausilio di tecnologie di alto prestigio. Si occuperà anche della promozione

dei cosmetici e dei pacchetti estetici.

L’offerta: Inserimento diretto con contratto indeterminato, formazione e

affiancamento, reale possibilità di crescita con evoluzione del ruolo da

estetista a Beauty Manager, master formativo gratuito presso l'accademia

formativa ""Beauty University"", premi e incentivi per aumentare le possibilità di

guadagno.

Richiediamo: Buone doti comunicative, predisposizione ai rapporti

interpersonali, interesse nel maturare esperienza nel campo e precisione.

L’esperienza pregressa nel campo dell'estetica avanzata è preferibile ma non

vincolante. Richiediamo disponibilità full time, turni alternati dal martedì al

sabato.

Ti piacerebbe crescere e affermarti in una realtà all’avanguardia e in continua

espansione?

Candidati ora e invia subito il tuo Cv!etico/dimagrimento a Milano (zona Loreto) cerca estetista con qualifica da inserire nel proprio team full time o apprendista estetista.

che dovrà occuparsi delle seguenti attività:

* accoglienza e cura del cliente sia per la posizionei di estetista, sia per quella di receptionist
* gestione agenda appuntamenti
* esecuzione di trattamenti di estetica base e avanzata
* presentazione al cliente delle diverse soluzioni/promozioni offerte dal centro

**Sono richiesti:**

* diploma di estetica per la figura di estetista
* attitudine all'utilizzo di macchinari estetici avanzati
* spiccate doti comunicative e provata abilità a lavorare in team
* capacità informatiche di base
* puntualità e serietà
* disponibilità ad effettuare turni domenicali (non fissi)
* igiene e cura della propria persona e degli spazi di lavoro

**Si offrono:**

* contratto di lavoro full time a tempo determinato con possibilità di assunzione a tempo indeterminato
* rispetto assoluto delle condizioni previste dal Contratto Collettivo del Lavoro
* ambiente di lavoro dinamico, giovanile e stimolante

Contratto di lavoro: Tempo pieno

Retribuzione: a partire da €1\.300,00 al mese

Benefit:

* Supporto allo sviluppo professionale

Esperienza:

* estetista: 2 anni (Obbligatorio)

Abilitazione/Certificazione:

* diploma di estetica (Obbligatorio)

Sede di lavoro: Di persona","","https://it.indeed.com/cmp/Sole-E-Benessere-S.a.s","","","","","","","","","","","","","persona qualificata"
"in-53047646d9a2af3d","indeed","https://it.indeed.com/viewjob?jk=53047646d9a2af3d","http://it.indeed.com/job/consulente-del-lavoro-53047646d9a2af3d","Consulente del lavoro","HR CAPITAL","Milano, LOM, IT","2026-09-14","fulltime","","","","","",False,"","","","","Stiamo cercando una nuova persona da inserire nel nostro team come **Consulente del Lavoro**

**Milano** – Collaborazione con Partita IVA

In **HR Capital** ci occupiamo di consulenza del lavoro e servizi di payroll da oltre 35 anni. Lavoriamo con aziende di ogni dimensione e settore, aiutandole a gestire in modo efficace tutte le tematiche legate al personale.

Siamo alla ricerca di una persona appassionata del proprio lavoro, con una buona esperienza alle spalle e voglia di crescere in un contesto professionale e dinamico.

**DI COSA TI OCCUPERAI**

* Fornire consulenza specialistica ai clienti in materia di diritto del lavoro, previdenza, fiscalità del lavoro, adempimenti obbligatori, costo del lavoro, welfare aziendale e mobilità internazionale;
* Partecipare alle attività del nostro **Centro Studi**, contribuendo alla produzione di contenuti, pubblicazioni e aggiornamenti normativi;
* Collaborare a stretto contatto con il team Payroll per il supporto su casistiche complesse e tematiche consulenziali.

**IL PROFILO IDEALE**

* Abilitazione e iscrizione all’Albo dei Consulenti del Lavoro;
* Esperienza pregressa nel ruolo (2–4 anni);
* Solida conoscenza della normativa in materia di lavoro, previdenza, fisco, CCNL e rapporti con enti previdenziali e assicurativi;
* Familiarità con tematiche di welfare e mobilità internazionale;
* Ottima padronanza della lingua inglese (livello B2\);
* Spiccate doti relazionali, comunicative e orientamento al cliente;
* Attitudine al problem solving e alla gestione autonoma delle relazioni con i clienti;

**Requisiti preferenziali**

* Conoscenza della piattaforma Zucchetti Paghe Web

**COSA OFFRIAMO**

* Un contesto stimolante e altamente qualificato;
* Un team di professionisti con cui condividere competenze, idee e crescita continua;
* Opportunità di contribuire attivamente all’evoluzione dei servizi e dei contenuti di HR Capital.

Se ti riconosci in questo profilo e cerchi un ambiente dove fare davvero la differenza, mandaci la tua candidatura. Ti aspettiamo!

Contratto di lavoro: Tempo pieno, Contratto con partita IVA

Retribuzione: €30\.000,00 \- €45\.000,00 all'anno

Disponibilità al pendolarismo/trasferimento:

* 20122 Milano: Poter raggiungere agevolmente la sede lavorativa o avere intenzione di trasferirsi prima di iniziare il lavoro (Obbligatorio)

Lingua:

* Inglese (Obbligatorio)

Abilitazione/Certificazione:

* Abilitazione alla professione di consulente del lavoro (Obbligatorio)

Sede di lavoro: Di persona","","https://it.indeed.com/cmp/HR-Capital","","","","","","","","","","","","","persona qualificata"
"in-c606b803c25e1245","indeed","https://it.indeed.com/viewjob?jk=c606b803c25e1245","https://zinrec.intervieweb.it/annunci.php?l=manutentore-impianti-antincendio-150025&lang=it&d=indeed&LAC=farosrl","Manutentore impianti antincendio","Faro srl","Abbiategrasso, LOM, IT","2026-09-12","fulltime","","","","","",False,"","","","","**La nostra Società**
=====================

  

Faro si occupa di antincendio da oltre 100 anni a 360° ed abbiamo un obiettivo: semplificare la sicurezza antincendio progettando e proponendo soluzioni che proteggano gli spazi e i Clienti che si affidano a noi. Ogni componente della squadra gioca un ruolo essenziale nella visione che vogliamo sviluppare, ogni singolo giocatore è uno specialista, un elemento imprescindibile per il raggiungimento del risultato.

  

  

**Posizione:**
--------------

FARO SRL azienda leader nel settore antincendio dal 1916 ricerca:

 **TECNICO MANUTENTORE SPECIALIZZATO IN IMPIANTI ANTINCENDIO**

  

Cerchiamo un professionista senior, tecnicamente preparato, autonomo e affidabile, capace di gestire gli interventi presso i clienti e di confrontarsi con i referenti delle attività con competenza e professionalità.

**Di cosa ti occuperai**
------------------------


Entrerai a far parte del nostro team tecnico e ti occuperai principalmente di:

* controllo e manutenzione ordinaria e straordinaria di apparecchiature e impianti antincendio;
* verifiche documentali, visive e funzionali;
* controlli manuali e strumentali;
* individuazione di anomalie, ricerca guasti e definizione degli interventi necessari;
* riparazione e ripristino degli impianti;
* compilazione della documentazione tecnica, cartacea e digitale;
* gestione autonoma degli interventi e delle tempistiche concordate con i clienti;
* coordinamento operativo delle attività di manutenzione quando richiesto;
* applicazione delle procedure aziendali e delle disposizioni in materia di sicurezza, salute sul lavoro e tutela ambientale;
* confronto costante con il Responsabile operativo e con i referenti aziendali.

**Competenze preferenziali**
----------------------------


Sarà considerata particolarmente rilevante una solida esperienza nel settore antincendio e nella manutenzione di:

* impianti sprinkler;
* stazioni di pompaggio antincendio;
* impianti di spegnimento;
* impianti di rivelazione e allarme incendio;
* componenti elettrici, meccanici o elettronici connessi ai sistemi antincendio.

**Requisiti:**
--------------

**Chi stiamo cercando**
-----------------------


La ricerca è rivolta a un professionista in possesso dei seguenti requisiti:

* almeno 10 anni di esperienza nel settore della manutenzione antincendio;
* comprovata competenza su apparecchiature e impianti antincendio;
* autonomia nella gestione degli interventi e nella risoluzione dei problemi sul campo;
* capacità di organizzare il lavoro e rispettare le scadenze concordate;
* attitudine al coordinamento e al lavoro di squadra;
* precisione nella compilazione della documentazione tecnica;
* orientamento alla qualità del servizio e alla soddisfazione del cliente;
* patente B;
* disponibilità a effettuare spostamenti prevalentemente in Lombardia e brevi trasferte, quando necessarie.


Costituiscono titolo preferenziale, ma non obbligatorio, le qualifiche e gli attestati d’esame come **Tecnico manutentore qualificato ai sensi del D.M. 1° settembre 2021**.

**Cosa offriamo**
-----------------

* inserimento stabile con contratto a tempo indeterminato;
* mezzo aziendale in dotazione per lo svolgimento delle attività;
* sistema premiante legato ai risultati;
* buoni pasto;
* formazione e aggiornamento tecnico\-professionale continui;
* inserimento in un’azienda storica, strutturata e in crescita;
* possibilità di assumere progressivamente maggiori responsabilità operative.

**Sede e area di lavoro**
-------------------------


La risorsa opererà prevalentemente presso aziende clienti situate in **Lombardia**, con disponibilità a lavori in trasferta.


La selezione è rivolta esclusivamente a candidati con una **concreta e documentabile esperienza nel settore antincendio** e con le competenze tecniche necessarie per lavorare in autonomia.


Per candidarti, invia il tuo curriculum indicando le principali esperienze maturate, gli impianti sui quali hai lavorato e le eventuali qualifiche possedute.


La ricerca è rivolta a persone di entrambi i sessi, di tutte le età e nazionalità, nel rispetto della normativa vigente.

**Altre informazioni:**
-----------------------

**I collaboratori che cerchiamo**
=================================

  

In Faro siamo sempre alla ricerca di persone che abbiamo spirito di iniziativa, voglia di imparare e soprattutto dotate di capacità di affrontare / risolvere i problemi con spiccate doti di problem solving e lateral thinking. Proattività, voglia di cambiamento e una mentalità orientata all’innovazione completano il profilo di una persona allineata ai nostri valori e la nostra visione del mondo. Speriamo di entrare in contatto con persone positive, spigliate ed energiche che portino un bagaglio umano e professionale ricco nato da background diversi e siamo orgogliosi di poter dare loro tutti gli strumenti per crescere e avere un impatto in un contesto in continua crescita. Oltre alle conoscenze tecniche, ci interessa soprattutto capire quali sono le attitudini, le tue soft skill e come ti poni davanti ai problemi e che tipo di soluzioni sei in grado di proporre.


In una prospettiva sempre più digitale, puntiamo su una dimensione umana per fare la differenza all’interno del team e in relazione ai clienti.

  

Benefit: Formazione sul lavoro, Buoni pasto","","https://it.indeed.com/cmp/Faro-Srl","https://d2q79iu7y748jz.cloudfront.net/s/_squarelogo/256x256/701a113e36758e2e5bfe3860f5dec2bc","https://www.faroantincendio.it","Abbiategrasso","11 to 50","$1M to $5M (USD)","","","","","","","","persona qualificata"
"in-bf18e0c23e1a562e","indeed","https://it.indeed.com/viewjob?jk=bf18e0c23e1a562e","http://it.indeed.com/job/onicotecnica-part-time-30-ore-bf18e0c23e1a562e","Onicotecnica PART TIME 30 ORE","Blose beauty","Milano, LOM, IT","2026-09-11","fulltime","","","","","",False,"","","","info@blosebeauty.com","BLOSE BEAUTY

Siamo alla ricerca di una **Onicotecnica** PARTTIME 30 ORE qualificata da inserire nel nostro team. Se hai passione per il mondo della bellezza, una buona manualità e l’abilità di creare manicure impeccabili, questa è l'opportunità che fa per te!

**Requisiti richiesti:**

* Utilizzo della fresa (manicure a secco)
* Esperienza e abilità nella realizzazione di **manicure** e **pedicure**
* Conoscenza delle tecniche di **gel** (dual, cartina) e **smalto semipermanente e rinforzato**
* Professionalità e cura del cliente
* Passione per il settore e aggiornamento sulle nuove tendenze
* Disponibilità a lavorare in team e capacità di relazionarsi con i clienti
* Nail art

**Offriamo:**

* Contratto a tempo determinato con inquadramento come da normativa di legge,
* Ambiente di lavoro dinamico e accogliente
* Formazione continua e opportunità di crescita professionale

**Sede di lavoro:** Corso di porta romana 109 Milano

Se sei una persona motivata e desiderosa di far parte di un team di lavoro professionale, inviaci il tuo CV con allegato portfolio dei lavori e una breve lettera di presentazione all'indirizzo email **info@blosebeauty.com** o contattaci al **351 5718758**

Ti aspettiamo!

Contratto di lavoro: Tempo pieno

Retribuzione: a partire da €1\.000,00 al mese

Benefit:

* Bevande gratis
* Distributori automatici di snack e bevande
* Orario flessibile
* Snack gratis

Esperienza:

* onicotecnica: 2 anni (Obbligatorio)

Sede di lavoro: Di persona","","https://it.indeed.com/cmp/Blose-Beauty","","","","","","","","","","","","","persona qualificata"
"in-a8bd063c2b2b1a9d","indeed","https://it.indeed.com/viewjob?jk=a8bd063c2b2b1a9d","http://it.indeed.com/job/educatoretrice-semi-autonomia-minori-stranieri-non-accompagnati-a8bd063c2b2b1a9d","EDUCATORE/TRICE SEMI AUTONOMIA MINORI STRANIERI NON ACCOMPAGNATI","GENERA SOCIETA' COOPERATIVA SOCIALE ONLUS","Baggio, LOM, IT","2026-09-11","parttime, fulltime","","","","","",False,"","","","","**Chi siamo**  
Equa Cooperativa Sociale è una realtà di oltre 450 figure qualificate che ogni giorno progettano e operano per offrire servizi educativi, socioeducativi, socioassistenziali, sociosanitari e di accoglienza.

**La persona che stiamo cercando**  
Equa seleziona un/a educatore/trice per gli appartamenti di semi\-autonomia di zona Baggio, servizio dedicato ad accogliere minori stranieri non accompagnati.

**Dove:**

Appartamenti msna quartiere Baggio, Milano

Il servizio nasce nel 2013 per accogliere e guidare verso l’autonomia giovani trai 15 e i 18 anni di nazionalità straniera giunti fin qui senza accompagnamento.

**Tipo di collaborazione:**

· Iniziale contratto a tempo determinato, finalizzato al lungo termine

· Livello D2 CCNL Cooperative Sociali

· Retribuzione base proporzionata alle ore contrattuali: 1636,8 euro lordi mensili per full 36 h

· Assistenza sanitaria integrativa (per i dipendenti a tempo indeterminato)

· Monte ore e distribuzione oraria: 36 ore settimanali, turni 7/7 diurni e serali compresi nella fascia oraria 09:00\-22:30 (no notti ma reperibilità notturna una volta a settimana).

**Cosa farai:**

· Osservazione e valutazione dei bisogni e delle autonomie dell’utenza

· Elaborazione, gestione e monitoraggio percorsi educativi ad hoc singoli e di gruppo, volti a fornire gli strumenti per la creazione di una propria autonomia

Supporto nella gestione delle necessità quotidiane (relative ad esempio allo studio per chi frequenta la scuola e alla ricerca lavoro o di una nuova sistemazione abitativa per i più adulti)

· Supporto operativo alle diverse figure professionali sanitarie e non, interne al centro e di rete

· Partecipazione alle riunioni di équipe e ai momenti di verifica

**Cosa cerchiamo in te**

· Laurea in scienze dell’educazione o area di pertinenza (mediazione linguistica, sociologia, ambito processi migratori ecc.)

· Preferibile conoscenza lingua araba o francese

· Capacità di lavorare in team e in rete

· Empatia, capacità di ascolto, mediazione costruzioni di relazioni significative

· Dinamicità e flessibilità

· Dimestichezza con mansioni organizzative e gestione delle reti

**Cosa offriamo:**

· opportunità di crescita e formazione

· Opportunità formative e di supervisione costante

· un ambiente innovativo e stimolante

· attenzione e cura per le nostre risorse

· possibilità di conciliazione vita\-lavoro

· flessibilità oraria

· Servizi di welfare aziendale: convenzioni e agevolazioni per servizi esterni

· sportello counseling gratuito per il tuo benessere

Se vuoi saperne di più su di noi? Dai un'occhiata al nostro sito e ai nostri servizi visitando https://equacooperativa.it

Retribuzione: a partire da €1\.636,80 al mese

Sede di lavoro: Di persona","","https://it.indeed.com/cmp/Genera-Societa'-Cooperativa-Sociale-Onlus","","","","","","","","","","","","","persona qualificata"
"in-d2206ec5269406ad","indeed","https://it.indeed.com/viewjob?jk=d2206ec5269406ad","http://it.indeed.com/job/educatorieducatrici-voghera-assistenza-scolastica-d2206ec5269406ad","Educatori/educatrici a Voghera per assistenza scolastica","CresciAmo Società Cooperativa Sociale","Viguzzolo, PIE, IT","2026-09-11","parttime, fulltime","","","","","",False,"","","","cresciamocoop@gmail.com","Anno scolastico 2026/27: cercasi educatori/educatrici a Voghera, Viguzzolo e Tortona per assistenza scolastica

**Posizione**

Educatori/educatrici per l'assistenza scolastica (requisiti necessari)

**Località**

Voghera (PV) e limitrofi

**Descrizione Azienda**

CresciAmo ha maturato la propria esperienza attraverso la gestione di asili nido e scuole dell'infanzia paritarie di concezione innovativa. Da questo importante percorso, CresciAmo ha allargato i suoi orizzonti per offrire nuovi servizi a sostegno dell'individuo. Tra questi, anche una serie di servizi dedicati alle persone con disabilità: assistenza educativa all'interno degli Istituti Scolastici; assistenza alla comunicazione; servizi e interventi socio\-educativi e assistenziali personalizzati per disabili; progetto di supporto alle famiglie nel tempo libero.

**Responsabilità**

\- Sviluppare e implementare programmi educativi personalizzati per bambini con disabilità.

\- Collaborare con il team multidisciplinare per garantire un ambiente inclusivo e di supporto.

\- Fornire assistenza individuale ai bambini disabili nell'ambito delle attività quotidiane e dello sviluppo sociale.

\- Monitorare e documentare il progresso degli studenti, fornendo aggiornamenti regolari ai genitori e al personale coinvolto.

\- Adottare approcci creativi e flessibili per adattarsi alle esigenze specifiche di ciascun bambino.

**Requisiti**

**\- Laurea in Scienze dell'Educazione (L\-19\), Psicologia, Pedagogia OPPURE Diploma in Scienze Umane CON DUE ANNI DI ESPERIENZA**

\- Conoscenza delle metodologie di insegnamento inclusive.

\- Abilità comunicative eccellenti e capacità di lavorare in team.

\- Empatia, pazienza e dedizione nei confronti dei bambini con disabilità.

\- Certificazioni o formazioni specializzate saranno considerate un vantaggio.

**Offriamo**

\- Retribuzione lorda di € 1555 full time da ripartire in base alle ore

\- Un ambiente di lavoro inclusivo e collaborativo.

\- Opportunità di crescita e sviluppo professionale.

\- Retribuzione competitiva in base all'esperienza e alle competenze.

**Come Candidarsi**

Gli interessati CHE RISPETTANO I REQUISITI NECESSARI sono invitati a inviare il proprio curriculum vitae all'indirizzo email cresciamocoop@gmail.com. Tutte le altre candidature non verranno prese in considerazione.

L'azienda promuove attivamente la diversità e l'inclusione e incoraggia tutte le persone qualificate a candidarsi, indipendentemente da età, genere, origine nazionale o altre caratteristiche personali.

Retribuzione: Fino a €1\.594,00 al mese

Sede di lavoro: Di persona","","https://it.indeed.com/cmp/Cresciamo-Societ%C3%A0-Cooperativa-Sociale","","","","","","","","","","","","","persona qualificata"
"in-7c31e6e35f9ee897","indeed","https://it.indeed.com/viewjob?jk=7c31e6e35f9ee897","http://it.indeed.com/job/beauty-specialist-7c31e6e35f9ee897","Beauty Specialist","TRUTH - Luxury Beauty Institute","Rho, LOM, IT","2026-09-11","parttime, fulltime","","","","","",False,"","","","","TRUTH \- Luxury Beauty Institute \- Rho (MI)

Chi siamo

TRUTH \- Luxury Beauty Institute è un centro estetico di alta gamma specializzato in trattamenti viso, corpo e percorsi personalizzati di bellezza e benessere.  
Offriamo un ambiente elegante, dinamico e orientato alla crescita, dove la professionalità si unisce alla cura dei dettagli.

Responsabilità principali  
o Accogliere e accompagnare la cliente durante tutto il percorso beauty.  
o Effettuare consulenze estetiche personalizzate viso e corpo.  
o Proporre e realizzare protocolli di trattamento in linea con le esigenze della cliente.  
o Promuovere e consigliare i prodotti cosmetici professionali della nostra linea interna.  
o Garantire standard elevati di qualità, igiene e servizio.  
o Collaborare con il team per raggiungere obiettivi comuni di performance e soddisfazione cliente.

Requisiti richiesti  
o Diploma di Estetista (qualifica triennale \+ abilitazione biennale).  
o Esperienza minima di 5 nel settore estetico/beauty.  
o Conoscenza di tecniche estetiche base e avanzate.  
o Passione per il mondo della bellezza e attenzione ai dettagli.  
o Eccellenti capacità comunicative e predisposizione alla consulenza e alla vendita.  
o Orientamento al risultato e al lavoro in team.

Cosa offriamo  
o Formazione continua interna su metodologie e protocolli esclusivi TRUTH.  
o Ambiente elegante e stimolante, con possibilità di crescita professionale.  
o Inserimento in un team dinamico e qualificato.  
o Sistema premiante legato a risultati personali e di squadra.

Inviare CV completo di foto ed aggiornato.

Contratto di lavoro: Tempo pieno, Part\-time, Tempo indeterminato

Retribuzione: €1\.200,00 \- €1\.400,00 al mese

Esperienza:

* beauty specialist: 3 anni (Obbligatorio)

Abilitazione/Certificazione:

* Qualifica estetica (Obbligatorio)

Sede di lavoro: Di persona","","https://it.indeed.com/cmp/Truth---Luxury-Beauty-Institute","","","","","","","","","","","","","persona qualificata"
"in-a96312ddf664d26d","indeed","https://it.indeed.com/viewjob?jk=a96312ddf664d26d","https://jobs.ashbyhq.com/teya/29e9e991-62e4-404c-8118-cdf86a92dabd?utm_source=MYP73jnna9","SDR","Teya","Milano, LOM, IT","2026-09-10","fulltime","","","","","",False,"","","","","Teya è una delle Fintech in più rapida crescita in Europa, che ogni giorno supporta migliaia di attività locali. Siamo un'azienda di pagamenti e software che aiuta le piccole imprese a crescere. Crediamo che il commercio locale sia il cuore pulsante delle nostre comunità e siamo qui per offrire ai commercianti gli strumenti e il supporto che meritano per competere con i grandi player.


Mentre continuiamo a crescere, stiamo espandendo il nostro team di field sales e siamo alla ricerca di candidati motivati, orientati alle persone e focalizzati sui risultati che vogliano unirsi alla nostra operatività. Se ti piace entrare in contatto con le persone, prosperi in un ambiente dinamico e frenetico e vuoi crescere in un'azienda che sta rivoluzionando i pagamenti locali, questo è il posto che fa per te!

 **La nostra Cultura:**


Questi cinque valori definiscono il nostro modo di lavorare ogni giorno:

* **Orgogliosi di servire:** Siamo al fianco delle piccole e locali imprese.
* **Costruire dal futuro:** Creiamo oggi ciò che verrà domani.
* **Semplicità:** Diamo valore alla chiarezza, all'efficienza e alla tecnologia intelligente.
* **Mentalità vincente:** Puntiamo in alto e offriamo l'eccellenza.
* **Un Sogno. Una Squadra. Una Voce:** La collaborazione ci rende più forti.

  

**Le tue Responsabilità:**
--------------------------

* Lavora attraverso una coda prioritaria di lead valutati in base al profilo e all'intenzione, stabilendo il primo contatto principalmente per telefono, utilizzando email e social media come canali supplementari.
* Qualifica ogni lead rispetto a una serie chiara di criteri: questa azienda rientra nel profilo giusto ed è il momento giusto per parlare?
* Pianifica gli incontri con i commercianti qualificati direttamente sul calendario di un rappresentante di Vendite sul Campo (*Field Sales*) con almeno 48 ore di preavviso, garantendo la partecipazione tramite una conferma e un promemoria il giorno prima.
* Segnala i lead che mostrano potenziale ma che devono essere contattati in un momento più appropriato.
* Chiudi i lead che non rientrano nel profilo adeguato, registrando una motivazione chiara e onesta.
* Mantieni il CRM organizzato: registri accurati, note chiare e stati aggiornati. La persona successiva nel processo dipende dalle informazioni che registri.

**Il tuo Profilo:**
-------------------

* Disinvoltura al telefono e capacità di intrattenere una conversazione approfondita e utile con il titolare di un'azienda che non si aspettava la tua chiamata.
* La capacità di ascoltare più che presentare, riconoscendo la differenza tra una vera opportunità e un semplice ""forse"".
* Organizzazione e costanza: gestisci la lista, effettui i follow\-up puntualmente e mantieni i tuoi registri aggiornati.
* La capacità di gestire un ""no"" con naturalezza e di mantenere un'energia costante per un'intera giornata di chiamate.
* Padronanza nell'uso di un CRM e di strumenti di vendita moderni, o la capacità di imparare rapidamente a usare nuovi strumenti.
* Fluenza nella lingua Italiana.

**Cosa sarà apprezzato:**
-------------------------

* Preferibile esperienza di 1 anno nello sviluppo delle vendite o in un altro ruolo commerciale orientato agli obiettivi con una forte componente telefonica.
* L'esperienza nel settore fintech o nella vendita di soluzioni di pagamento costituirà un vantaggio.
* Esperienza con un CRM.

**Come si misura il successo:**
-------------------------------

* Incontri qualificati fissati e, soprattutto, incontri tenuti e riconosciuti dal venditore come opportunità rilevanti.
* Qualità della qualificazione: le opportunità che passi al team si trasformano in veri colloqui di affari, piuttosto che in incontri senza potenziale.
* Un flusso costante e affidabile di lead ben qualificati, settimana dopo settimana.

**Perché unirti a Teya?:**
--------------------------

* Il ruolo di SDR è il banco di prova in cui si forgiano i grandi venditori. Imparerai il mercato, il prodotto e l'arte della qualificazione fin dal primo giorno, mantenendo il riconoscimento per il tuo contributo a ogni accordo che contribuisci ad avviare.
* Gli SDR con le prestazioni migliori hanno l'opportunità di passare a ruoli di *Field Sales*, assumendo progressivamente maggiore responsabilità nel processo di vendita.
* L'operatività è progettata per aiutarti a raggiungere il successo. I lead arrivano già identificati, arricchiti e valutati, permettendoti di concentrare i tuoi sforzi sulle conversazioni che contano davvero, invece di perdere tempo a cercare dati.
* Avrai a disposizione un quadro di qualificazione chiaro, strumenti moderni e un team che valuta il tuo lavoro in base alla qualità delle opportunità che crei, anziché solo sul volume dei contatti effettuati.

**Cosa ti offriamo:**
---------------------

* Stipendio base lordo competitivo fino a €25\.000 \+ €10 000 variable. (in base a l'esperienza)
* Inquadramento CCNL Terziario.
* Welfare aziendale (142 € netti al mese).
* Buoni pasto da 8 € netti al giorno con Coverflex.
* Copertura assicurativa sanitaria.
* 25 giorni di ferie annuali (oltre alle festività locali).
* Lavora con alcune delle migliori menti del settore che stanno cambiando il volto del Fintech in Italia!


Pronto a essere il volto della rivoluzione Fintech in Italia? Se hai la grinta per vendere e la passione per il servizio, vogliamo costruire il futuro insieme a te. Facciamo la differenza, insieme!

  

Teya è orgogliosa di essere un datore di lavoro che offre pari opportunità.


Ci impegniamo a creare un ambiente inclusivo in cui chiunque, indipendentemente da razza, etnia, identità o espressione di genere, orientamento sessuale, età, disabilità, religione o background, possa prosperare e dare il meglio di sé. Crediamo che un team diversificato porti a idee migliori, risultati più solidi e un ambiente di lavoro più accogliente per tutti.


Se hai bisogno di qualsiasi adattamento ragionevole in qualsiasi fase del processo di selezione – che si tratti di colloqui, valutazioni o altre parti della candidatura – ti invitiamo a comunicarcelo. Ci impegniamo a garantire che ogni candidato viva un'esperienza equa e accessibile con noi.","","https://it.indeed.com/cmp/Teya-3","https://d2q79iu7y748jz.cloudfront.net/s/_squarelogo/256x256/142ee1b13079be38aa9ab1c1c681d87a","https://teya.com","London, England","1,001 to 5,000","Decline to state","","","","","","","","persona qualificata"
"in-f7b63d9b1a05176c","indeed","https://it.indeed.com/viewjob?jk=f7b63d9b1a05176c","https://zinrec.intervieweb.it/annunci.php?l=sales-specialist-cat-prot-l6899-art-1-149635&lang=it&d=indeed&LAC=rstore","Sales Specialist - Cat. Prot. L.68/99 art. 1","R-STORE S.p.A","Milano, LOM, IT","2026-09-10","","","","","","",False,"","","","","Grazie alle recenti acquisizioni di Juice, Rekordata, Med Computer, Med Innovations e ICT, avvenuta nel 2024, R\-Store è oggi il principale partner Apple in Italia e tra i più rilevanti al mondo. Con headquarter a Napoli e una presenza in 18 regioni, l’azienda conta 100 negozi, 900 collaboratori e un fatturato di 600 milioni di euro. Oltre al canale retail consumer, supportato da personale altamente qualificato, R\-Store offre soluzioni su misura per aziende, scuole, università e pubblica amministrazione, garantendo un servizio post\-vendita completo come Centro di Assistenza Autorizzato Apple. Dal 2022 il gruppo ha diversificato il business entrando nei settori della Cyber Security e dei dispositivi ricondizionati, fino ad approdare nel 2024 al mondo della fotografia d'autore con l'apertura del primo Leica Store a Napoli.

  

  

**Posizione:**
--------------

In ambito Retail (Vendita, Service, Customer Relation) cerchiamo Apple Sales Specialist per i nostri store **in tutta Italia** appartenenti alle Cat. prot. L.68/99 art. 1 che si occupi di varie attività:

  

* Accoglienza del cliente e analisi dei bisogni finalizzata alla vendita o al Service.
* Proposta delle soluzioni Apple e dell’ecosistema sw, terze parti e accessori.
* Cura dell'esposizione dei prodotti nella show room secondo il planogramma (schema espositivo) e relativi aggiornamenti, previsti da Apple e da R\-Store.
* Aggiornamento e corretta esposizione del materiale di merchandising.
* Primo supporto nella risoluzione di problematica di utilizzo dispositivi Apple.
* Customer relation attraverso i canali messi a disposizione dall'azienda.
* Gestione code e anagrafica clienti in ambito Service Desk.

**Requisiti:**
--------------

Chi cerchiamo?

  

Persone curiose con passione per la tecnologia e soprattutto del mondo Apple

  

Capacità di ascolto, empatia e orientamento al risultato.

  

Esperienza in ambito Retail e preferibilmente nell’elettronica di consumo.

  

Buona conoscenza della lingua inglese.

**Altre informazioni:**
-----------------------

Cosa offriamo:

  

Retribuzione fissa (RAL) e bonus mensile fino al 30%, legato a obiettivi chiari misurabili.

  

Crescita professionale in un’azienda solida, in espansione e con valori condivisi.

  

Un sistema di incentivazione meritocratico basato su risultati misurabili.

  

Percorsi di formazione certificata Apple, con sviluppo di competenze su vendita consulenziale, comunicazione e customer experience.

  

Opportunità di crescita reale all’interno del gruppo R\-Store, sia nel canale retail che in aree specialistiche come business, education e digital solutions.

  

Inquadramento: RAL: 23\.000 \- 25\.000 \- 5/ 4 livello CCNL Commercio e Terziario

  

Perché R\-Store

  

R\-Store come principale Premium Partner del brand, è a capo di un ecosistema strategico che unisce eccellenze complementari: Rekordata, che trasforma il business con soluzioni tecnologiche su misura, e Clever, il cuore green del gruppo dedicato ai prodotti ricondizionati e alla sostenibilità.

  

Inoltre, entrerai a far parte di un ambiente in cui le persone rappresentano il valore più importante. Crediamo che il successo di ogni progetto, decisione e innovazione nasca dal contributo di chi lo rende possibile ogni giorno. Per questo mettiamo collaboratori, clienti e partner al centro di ogni processo, valorizzandone competenze, idee e potenziale. In R\-Store promuoviamo una cultura basata sull’ascolto, sulla collaborazione e sulla crescita reciproca, perché siamo convinti che siano le persone a fare davvero la differenza.","","https://it.indeed.com/cmp/R--store-S.p.a","","","","","","","","","","","","","persona qualificata"
"in-90e13e8ed388d707","indeed","https://it.indeed.com/viewjob?jk=90e13e8ed388d707","https://zinrec.intervieweb.it/annunci.php?l=sales-specialist-milano-caneva-149633&lang=it&d=indeed&LAC=rstore","Sales Specialist- Milano Caneva","R-STORE S.p.A","Milano, LOM, IT","2026-09-10","","","","","","",False,"","","","","Grazie alle recenti acquisizioni di Juice, Rekordata, Med Computer, Med Innovations e ICT, avvenuta nel 2024, R\-Store è oggi il principale partner Apple in Italia e tra i più rilevanti al mondo. Con headquarter a Napoli e una presenza in 18 regioni, l’azienda conta 100 negozi, 900 collaboratori e un fatturato di 600 milioni di euro. Oltre al canale retail consumer, supportato da personale altamente qualificato, R\-Store offre soluzioni su misura per aziende, scuole, università e pubblica amministrazione, garantendo un servizio post\-vendita completo come Centro di Assistenza Autorizzato Apple. Dal 2022 il gruppo ha diversificato il business entrando nei settori della Cyber Security e dei dispositivi ricondizionati, fino ad approdare nel 2024 al mondo della fotografia d'autore con l'apertura del primo Leica Store a Napoli.

  

  

**Posizione:**
--------------

In ambito Retail (Vendita, Service, Customer Relation) cerchiamo Apple Sales Specialist per il nostro punto vendita di **Caneva**.

  

Cosa farai:

  

Accoglierai ogni cliente con un approccio consulenziale, trasformando ogni interazione in un’esperienza significativa.


Capirai i bisogni, proporrai soluzioni integrate – prodotti, accessori, protezioni, servizi finanziari e noleggio operativo.


Cura dell'esposizione dei prodotti nella show room secondo il planogramma schema espositivo) e relativi aggiornamenti, previsti da Apple e da R\-Store.


Aggiornamento e corretta esposizione del materiale di merchandising.


Ti relazionerai anche con clienti business e professionisti, offrendo soluzioni su misura grazie alla collaborazione con Rekordata, la società del gruppo dedicata al mondo aziendale


Ti formerai continuamente grazie alla nostra Academy e ai programmi ufficiali Apple, per diventare un vero esperto della Customer Experience.


Primo supporto nella risoluzione di problematica di utilizzo dispositivi Apple.

**Requisiti:**
--------------

Chi cerchiamo?

  

Persone curiose con passione per la tecnologia e soprattutto del mondo Apple


Capacità di ascolto, empatia e orientamento al risultato.


Esperienza in ambito Retail e preferibilmente nell’elettronica di consumo.


Buona conoscenza della lingua inglese.

**Altre informazioni:**
-----------------------

Cosa offriamo:

  

Retribuzione fissa (RAL) e bonus mensile fino al 30%, legato a obiettivi chiari misurabili.


Crescita professionale in un’azienda solida, in espansione e con valori condivisi.

  

Un sistema di incentivazione meritocratico basato su risultati misurabili.

  

Percorsi di formazione certificata Apple, con sviluppo di competenze su vendita consulenziale, comunicazione e customer experience.

  

Opportunità di crescita reale all’interno del gruppo R\-Store, sia nel canale retail che in aree specialistiche come business, education e digital solutions.

  

Inquadramento: RAL: 23\.000 \- 25\.000 \- 5/ 4 livello CCNL Commercio e Terziario

  

Perché R\-Store

  

R\-Store come principale Premium Partner del brand, è a capo di un ecosistema strategico che unisce eccellenze complementari: Rekordata, che trasforma il business con soluzioni tecnologiche su misura, e Clever, il cuore green del gruppo dedicato ai prodotti ricondizionati e alla sostenibilità.

  

Inoltre, entrerai a far parte di un ambiente in cui le persone rappresentano il valore più importante. Crediamo che il successo di ogni progetto, decisione e innovazione nasca dal contributo di chi lo rende possibile ogni giorno. Per questo mettiamo collaboratori, clienti e partner al centro di ogni processo, valorizzandone competenze, idee e potenziale. In R\-Store promuoviamo una cultura basata sull’ascolto, sulla collaborazione e sulla crescita reciproca, perché siamo convinti che siano le persone a fare davvero la differenza.","","https://it.indeed.com/cmp/R--store-S.p.a","","","","","","","","","","","","","persona qualificata"
"in-091d443b49d008a7","indeed","https://it.indeed.com/viewjob?jk=091d443b49d008a7","http://it.indeed.com/job/operatore-operatrice-telemarketing-lodi-fissaggio-appuntamenti-b2bb2c-091d443b49d008a7","Operatore / Operatrice Telemarketing a Lodi – Fissaggio Appuntamenti B2B/B2C","Rispondoxte srl","Lodi, LOM, IT","2026-09-10","parttime, fulltime","","","","","",False,"","","","","**Descrizione della Posizione**

**RispondoxTe** è un’azienda leader nel marketing conversazionale. Siamo specializzati nell'acquisizione di appuntamenti qualificati per aziende e professionisti, trasformando il contatto telefonico in un'opportunità di business reale.

In RispondoxTe non cerchiamo solo collaboratori, ma talenti da far crescere in un ambiente positivo, stimolante e meritocratico.

**Cosa farai**

Entrerai a far parte di un team dinamico e sarai la ""voce"" dei nostri clienti. Le tue attività principali saranno:

* **Contatto Outbound:** Gestire chiamate verso privati (B2C) e aziende (B2B).
* **Fissaggio Appuntamenti:** Organizzare incontri commerciali (fisici o online) per le reti vendita dei nostri partner.
* **Gestione Dati:** Aggiornare con precisione il CRM aziendale con le informazioni raccolte.
* **Customer Care:** Offrire un’esperienza telefonica di alto livello, basata sulla fiducia e sulla professionalità.

**Cosa cerchiamo**

Non è necessaria una lunga esperienza, ma cerchiamo persone con la giusta attitudine:

* **Comunicazione:** Ottima dialettica, tono di voce cordiale e professionale.
* **Orientamento ai risultati:** Motivazione nel raggiungere gli obiettivi prefissati.
* **Competenze digitali:** Buona dimestichezza con il PC e i principali strumenti informatici.
* **Soft Skills:** Precisione, affidabilità e voglia di imparare.
* **Plus:** Precedente esperienza in call center o customer care (gradita, ma non obbligatoria).

**Cosa ti offriamo**

Vogliamo che tu ti senta parte di un progetto, non solo di un ufficio.

* **Compenso e Trattamento Economico:** Offriamo una retribuzione garantita; **il compenso è slegato dal numero di appuntamenti fissati**, premiando la professionalità, la qualità del servizio e la continuità del lavoro svolto.
* **Formazione:** Formazione iniziale e affiancamento costante con i nostri tutor.
* **Ambiente:** Un contesto giovane, stimolante e collaborativo.
* **Crescita:** Reali opportunità di carriera interna in un'azienda in continua espansione.
* **Supporto:** Team leader sempre presenti per aiutarti a dare il massimo.

I candidati interessati possono inviare il proprio Curriculum Vitae corredo di autorizzazione al trattamento dei dati personali. Ti aspettiamo in squadra!

Sede di lavoro: Di persona","","https://it.indeed.com/cmp/Rispondoxte-Srl-1","","","","","","","","","","","","","persona qualificata"
"in-7c2b42603fc45945","indeed","https://it.indeed.com/viewjob?jk=7c2b42603fc45945","https://fa-eozc-saasfaprod1.fa.ocs.oraclecloud.com/hcmUI/CandidateExperience/en/sites/CX_1001/requisitions/preview/612","Customs Operations Internship","D.B. Group","Milano, LOM, IT","2026-09-10","fulltime","","","","","",False,"","","","","Ti appassiona il commercio internazionale? Ti incuriosiscono le dinamiche delle esportazioni e vuoi entrare nel mondo delle operazioni doganali?


**WeCustoms** ti offre l'opportunità perfetta per iniziare il tuo percorso professionale!


Per la sede di **Milano** , siamo alla ricerca di una persona dinamica e motivata per il ruolo di Customs Operations, con inserimento iniziale in stage.


Scopri l'opportunità!  



*Who we are*

**WeCustoms** , parte del gruppo internazionale **D.B. Group** , affianca le aziende nella gestione delle complessità del commercio globale attraverso servizi di **sdoganamento** e **consulenza doganale specializzata** .


Grazie a un **team altamente qualificato** , con anni di esperienza verticale e una solida conoscenza delle normative doganali internazionali, offriamo soluzioni innovative e flessibili, pensate per **ottimizzare** ogni fase del processo doganale.


Per noi, le **persone** sono la vera forza del nostro Gruppo: investiamo nella crescita dei talenti, valorizziamo le diversità e incoraggiamo un ambiente inclusivo. Abbiamo ottenuto la **certificazione per la parità di genere** , a conferma del nostro impegno nel sostenere **equità, integrazione e rispetto** . Consideriamo con favore candidature di persone di ogni genere, età, orientamento sessuale, origine etnica, disabilità e background culturale.


I **DBGroupers** si distinguono per **curiosità, impegno** e **voglia di mettersi in gioco** . Se ti riconosci in queste caratteristiche e vuoi far parte di un’azienda innovativa e dinamica, potresti essere il prossimo talento ad unirsi a noi.  



*Job Opportunity*

La figura sarà inserita all’interno del team Customs Operations e dopo opportuno affiancamento e formazione collaborerà con il team nella gestione delle operazioni doganali principalmente in export.


*Main Responsibilities*

* Verifica della documentazione doganale, dei certificati e delle dichiarazioni necessarie per le pratiche di export
* Predisposizione e compilazione delle dichiarazioni doganali
* Trasmissione telematica delle dichiarazioni doganali tramite portale STD
* Supporto nella gestione di rettifiche e integrazioni delle pratiche doganali

*Key Competencies:*

* Diploma in ambito economico, laurea in Commercio Estero o affini
* Disponibilità full time
* Interesse per il settore delle spedizioni internazionali e delle normative doganali
* Attitudine all’organizzazione, precisione e spirito di iniziativa

*What We Offer*

Promuoviamo un ambiente che favorisce apprendimento, crescita e benessere, con vantaggi pensati per accompagnare ogni DBGroupers nel proprio percorso professionale:


* ***Lavoro flessibile***

Crediamo nell’equilibrio tra vita professionale e personale: offriamo modalità di lavoro flessibili, in base al ruolo e al contesto operativo.


* ***Formazione e sviluppo***

Investiamo nella crescita dei nostri talenti attraverso programmi formativi mirati, dedicati sia allo sviluppo delle competenze tecniche che di quelle trasversali.


* ***Premialità***

Riconosciamo l’impegno e il raggiungimento degli obiettivi attraverso bonus e sistemi di incentivazione dedicati.


* ***Welfare e well\-being***

Mettiamo a disposizione un piano di welfare aziendale e una serie di convenzioni e iniziative pensate per il benessere personale e lavorativo.  



Se vuoi costruire il tuo percorso professionale nel mondo della logistica internazionale e delle operazioni doganali, inviaci la tua candidatura!","","https://it.indeed.com/cmp/D.b.-Group","https://d2q79iu7y748jz.cloudfront.net/s/_squarelogo/256x256/965d040f5fc7d22c525e8e73f26af661","https://www.dbgroup.net","Montebelluna","501 to 1,000","$100M to $500M (USD)","","","","","","","","persona qualificata"
"in-c17ecfba4d43c131","indeed","https://it.indeed.com/viewjob?jk=c17ecfba4d43c131","https://www.werfen.com/en/it-healthcare-junior-specialist-stage-0","IT Healthcare Junior Specialist - Stage","Werfen","Milano, LOM, IT","2026-09-09","internship","","","","","",True,"","","","","### **Job Information**


Number
WEBIT\-2026\-000023
Job function
Customer Service
Job type
Internship
Location
Milano
Country
Italy
### **About the Position**

#### **Introduction**


Werfen è un'azienda innovativa a conduzione familiare, fondata nel 1966 a Barcellona, in Spagna. Siamo leader mondiale nella diagnostica specializzata nei settori di Emostasi, Acute Care Diagnotics, Medicina Trasfusionale, Autoimmunità e Medicina dei Trapianti. Attraverso la nostra linea di business Original Equipment Manufacturing (OEM), ricerchiamo, sviluppiamo e produciamo test e biomateriali personalizzati. Operiamo direttamente in 30 paesi e in oltre 100 territori attraverso distributori. La nostra sede centrale e i nostri centri tecnologici si trovano in Europa e negli Stati Uniti e la nostra azienda conta più di 7\.000 collaboratori.


#### **Overview**


**Il tuo impatto nel ruolo**


Entrerai a far parte del team Help Line, affiancando i colleghi nella gestione delle attività di supporto ai clienti utilizzatori delle soluzioni IT Werfen.


Attraverso un percorso di formazione e affiancamento, acquisirai una conoscenza progressiva dei processi diagnostici di laboratorio, delle soluzioni software aziendali e dei principali strumenti di assistenza remota. Avrai l'opportunità di contribuire alla gestione delle richieste di supporto, supportando il team nell'analisi delle problematiche segnalate dai clienti e nel corretto indirizzamento delle stesse verso gli specialisti di riferimento.


Questa esperienza ti permetterà di sviluppare competenze sia tecniche sia relazionali, lavorando a stretto contatto con professionisti altamente qualificati in un contesto innovativo e orientato al cliente.


#### **Responsibilities**


**Responsabilità fondamentali**

* Supportare il team nella gestione delle richieste di assistenza relative alle soluzioni software e hardware.
* Collaborare all'analisi e alla classificazione delle segnalazioni ricevute dai clienti, contribuendo all'identificazione delle priorità di intervento
* Fornire supporto di primo livello ai clienti tramite telefono e strumenti di assistenza remota, con il supporto dei colleghi senior
* Supportare la gestione dei ticket e delle attività di escalation verso gli specialisti di riferimento, assicurando la corretta raccolta delle informazioni necessarie alla risoluzione
* Contribuire all'aggiornamento delle attività sui sistemi aziendali e alla tracciatura delle richieste gestite
* Collaborare con i diversi team aziendali coinvolti nel processo di supporto al cliente.

#### **Qualifications**


**Chi stiamo cercando**


Cerchiamo una persona curiosa, appassionata di tecnologia e interessata a sviluppare competenze nel settore Healthcare IT.


Una figura con una buona predisposizione all'apprendimento, orientata al problem solving e motivata a crescere in un contesto strutturato e altamente specializzato.

**Conoscenze**

* Conoscenze informatiche di base.
* Buona padronanza del pacchetto Office 365\.
* Interesse per il mondo Healthcare e per le tecnologie applicate alla sanità.

**Competenze**

* Problem solving
* Capacità di lavorare in team
* Capacità relazionali e orientamento al cliente
* Attitudine all'apprendimento continuo.
* Buone capacità comunicative.

**Modalità di lavoro**


Lo stage si svolgerà prevalentemente presso la sede di Milano e prevede la possibilità di lavorare da remoto un giorno a settimana, secondo le modalità previste dalla policy aziendale.


#### **What we offer**


* Stage della durata di 6 mesi con possibilità di crescita e sviluppo professionale.
* Rimborso spese mensile di 800 €.
* Mensa aziendale gratuita.
* Percorso strutturato di formazione e affiancamento con professionisti del settore.

**Crescita e sviluppo**


Durante il percorso avrai la possibilità di acquisire competenze tecniche in ambito Healthcare IT, sviluppando una conoscenza concreta dei processi diagnostici e delle soluzioni digitali a supporto del laboratorio clinico.

**Ambiente di lavoro**


Entrerai a far parte di un contesto internazionale, innovativo e collaborativo, caratterizzato da team multidisciplinari e da una forte attenzione alla condivisione delle competenze.


Lavorerai a stretto contatto con professionisti dell'Healthcare IT, contribuendo allo sviluppo e al supporto di soluzioni che supportano concretamente il percorso di cura dei pazienti.

**Perché Werfen**


Perché qui potrai trasformare la tua passione per la tecnologia in un'esperienza professionale concreta, entrando in contatto con un settore in continua evoluzione dove innovazione digitale e salute si incontrano ogni giorno per generare valore per i professionisti sanitari e per i pazienti.


Ti aspettiamo per costruire insieme il tuo percorso di crescita.

  

Se sei interessato a un apprendimento continuo e ad essere sfidato ogni giorno, ti invitiamo a presentare il tuo curriculum.


Werfen apprezza e riconosce il valore della diversità. Siamo orgogliosi di essere un datore di lavoro per le pari opportunità.


www.werfen.com

  

Manda il tuo CV","","https://it.indeed.com/cmp/Werfen","https://d2q79iu7y748jz.cloudfront.net/s/_squarelogo/256x256/05170cb0ad982dd8b85d8eb1a3d62725","https://www.werfen.com/na/en","Barcelona","5,001 to 10,000","$1B to $5B (USD)","Werfen is a worldwide leader in specialized diagnostics in the areas of Hemostasis, Acute Care Diagnostics, Transfusion, Autoimmunity, and Transplant.","","","","","","","persona qualificata"
"in-fd7efecc28974871","indeed","https://it.indeed.com/viewjob?jk=fd7efecc28974871","http://it.indeed.com/job/estetista-qualificato-fd7efecc28974871","Estetista qualificato/a","nova estetica specialistica","Verbania, PIE, IT","2026-09-09","fulltime","","","","","",False,"","","","novaverbania@gmail.com","NOVA ESTETICA SPECIALISTICA VERBANIA RICERCA:

ESTETISTA FULL TIME CON ESPERIEZA E QUALIFICA PROFESSIONALE

La candidata dovrà occuparsi delle seguenti mansioni:

\- trattamenti con tecnologie estetiche avanzate

\- vendita cosmetici

\- gestione del cliente nel suo percorso all’interno del centro

Si offre contratto e retribuzione commisurate all'esperienza.

COME CANDIDARSI

Se pensi di avere le caratteristiche giuste per entrare a far parte del nostro staff rispondi a questo annuncio allegando il tuo CV o manda un'email a novaverbania@gmail.com

INVIARE CV SOLO SE SI IN POSSESSO DEI REQUISITI RICHIESTI.

Contratto di lavoro: Part\-time, Tempo indeterminato

Retribuzione: a partire da €900,00 al mese

Sede di lavoro: Di persona","","https://it.indeed.com/cmp/Nova-Estetica-Specialistica-4","","","","","","","","","","","","","persona qualificata"
"in-df34134574a0b70a","indeed","https://it.indeed.com/viewjob?jk=df34134574a0b70a","http://it.indeed.com/job/technical-marketing-specialist-df34134574a0b70a","Technical Marketing Specialist","Meccanotecnica SpA","Torre de' Roveri, LOM, IT","2026-09-09","fulltime","","","","","",True,"","","","","La società Meccanotecnica SPA è gruppo internazionale con sede a Bergamo (Italia) e filiali in tre continenti. Sviluppiamo e commercializziamo soluzioni per la finitura di libri in tutto il mondo.  
Cerchiamo persone di talento con una mentalità curiosa e flessibile e con un forte spirito di gioco di squadra. Il nostro obbiettivo è migliorare continuamente la prestazione delle nostre macchine e ricercare continuamente soluzioni tecniche avanzate che possano contraddistinguere il nostro prodotto e accrescere la qualità del servizio fornito al cliente.

Per inserimento all’interno del nostro ufficio commerciale della sede di Torre De’ Roveri, in provincia di Bergamo, con diretto riporto al Direttore Commerciale ricerchiamo la figura di **Technical Marketing specialist.**

**RESPONSABILITA' E ATTIVITA' PRINCIPALI**

**1\. Marketing \& Content Management**

* Sviluppo Materiale Tecnico\-Commerciale: Redazione e aggiornamento di cataloghi, video, casi di successo, schede tecniche e presentazioni aziendali, traducendo le specifiche ingegneristiche in benefici per il cliente.
* Lead Generation \& Digital Presence: Gestione dei canali digitali (LinkedIn B2B, sito web) con focus sulla generazione di contatti qualificati e monitoraggio delle campagne promozionali.
* Brand Identity: Supporto nell'ideazione di contenuti grafici e coordinamento dell'immagine coordinata aziendale.

**2\. Sales Support \& Trade Fairs**

* Sales Support \& Trade Fairs:Eventi e Fiere: Organizzazione logistica e operativa delle fiere di settore internazionali; gestione del layout dello stand e attività di follow\-up post\-fiera sui lead raccolti.
* Accoglienza Clienti: Supporto tecnico\-linguistico durante le visite dei clienti in azienda e preparazione della documentazione necessaria per i meeting commerciali.
* CRM e Piano di marketing alimentazione del CRM e profilazione dei lead.
* Market Intelligence: Analisi periodica dei competitor per identificare rischi e opportunità nei mercati esteri; aggiornamento mensile del Piano di Marketing.

**REQUISITI E COMPETENZE RICHIESTE**

Il profilo ideale possiede 3–5 anni di esperienza ed è in possesso di una laurea in uno dei seguenti ambiti:

* Laurea Comunicazione, Informazione, Editoria
* Laurea in Marketing
* Laurea indirizzo Tecnico/Gestionale *(con forte orientamento al prodotto industriale e esperienza in ambito marketing)*

*Avrà titolo preferenziale la frequenza di un Master di specializzazione e la provenienza dal settore industriale e dell'automazione*

* Competenze Linguistiche: Padronanza fluente della lingua Inglese (C1\). Costituirà titolo preferenziale la conoscenza di una seconda lingua tra Tedesco, Francese o Spagnolo.
* Strumenti Informatici: Ottima conoscenza del pacchetto Microsoft Office (in particolare Excel per l'analisi dati e PowerPoint per le presentazioni).
* Digital Tools: Conoscenza base di software di grafica (Adobe Suite: InDesign/Illustrator) e delle logiche di Email Marketing/SEO.
* Analisi di Mercato: Capacità di interpretare dinamiche economiche e geopolitiche per il supporto all’export.
* Sintesi Tecnica: Capacità di comprendere e comunicare concetti meccanici complessi in modo chiaro.
* Orientamento al Problem Solving: Approccio proattivo nella gestione delle urgenze.
* Relazione Interpersonale: Doti comunicative efficaci per interfacciarsi con stakeholder a diversi livelli (colleghi tecnici, manager, partner esteri).
* Organizzazione: Eccellente gestione del tempo e delle priorità in contesti multi\-tasking.

**\- COSA OFFRIAMO**

\- Contratto a tempo indeterminato secondo CCNL Metalmeccanico Industria comprensivo di 13esima e 14esima.

\- Lavoro dal lunedì al venerdì in full\-time con flessibilità oraria

\- Smart Working (5 giorni al mese)

\- Ticket restaurant di 8€

\- Percorso di formazione dedicato

\- Assicurazione sanitaria integrativa

\-parcheggio privato

Luogo di lavoro: Torre De’ Roveri (BG)

La ricerca si rivolge a candidati ambosessi (D.lgs. n.198/2006\); I dati fornitici saranno trattati per la ricerca e selezione di personale ai sensi del Regolamento UE 679/2016 (GDPR).

Contratto di lavoro: Tempo pieno, Tempo indeterminato

Retribuzione: €25\.000,00 \- €40\.000,00 all'anno

Benefit:

* Assicurazione sanitaria
* Assistenza sanitaria integrativa
* Buoni pasto
* Congedo parentale
* Lavoro da casa
* Orario flessibile
* Parcheggio libero
* Supporto allo sviluppo professionale

Lingua:

* Inglese (Obbligatorio)
* una seconda lingua (Obbligatorio)

Disponibilità a viaggiare:

* 25% (Obbligatorio)

Sede di lavoro: Di persona","","https://it.indeed.com/cmp/Meccanotecnica-Spa","","","","","","","","","","","","","persona qualificata"
"in-c763e2f75cb03185","indeed","https://it.indeed.com/viewjob?jk=c763e2f75cb03185","https://careers.services.global.ntt/global/en/job/1a3c4c655e819d0","Junior Consultant – Computer System Validation Life Sciences - New Graduate","NTT DATA","Milano, LOM, IT","2026-09-09","internship","","","","","",True,"","","","","Vorresti iniziare la tua carriera professionale in un contesto multinazionale, altamente specializzato ed innovativo?
  
  

Stiamo ricercando un/una neolaureato/a da inserire in stage nel nostro team di Computer System Validation, che supporta aziende del settore farmaceutico e Life Sciences nei processi di validazione dei sistemi computerizzati utilizzati in ambienti regolamentati.
  
  

La risorsa sarà affiancata da consulenti esperti e avrà l’opportunità di acquisire competenze sui principali processi di Computer System Validation, Quality Assurance e compliance normativa, partecipando a progetti per importanti realtà nazionali e multinazionali del settore Life Sciences
  
  

**Il tuo contributo in questo ruolo:**  

﻿
  
* Supportare il team nelle attività di Computer System Validation relative a sistemi e applicazioni utilizzati in ambito Life Sciences.
* Collaborare alla predisposizione e revisione della documentazione di validazione, ad esempio Validation Plan, User Requirements Specification, Risk Assessment, test protocol e Validation Report;
* Supportare l’esecuzione e la documentazione delle attività di testing dei sistemi;
* Partecipare alle attività di raccolta e analisi dei requisiti insieme ai referenti del cliente e ai team IT;
* Supportare la valutazione dei sistemi secondo un approccio risk\-based;
* Collaborare alla verifica della conformità dei sistemi e dei processi ai requisiti di qualità e alle normative applicabili;
* Supportare il team nella gestione della documentazione progettuale e nel monitoraggio delle attività di validazione;
* Partecipare a meeting e workshop con clienti e team multidisciplinari e internazionali;


**Il profilo ideale:**  

* Laurea Magistrale in Ingegneria Biomedica, Ingegneria Clinica, Ingegneria Gestionale, Ingegneria Informatica, Informatica, Biotecnologie, Chimica e Tecnologie Farmaceutiche, Farmacia o discipline scientifiche affini;
* Interesse per il settore farmaceutico, biomedicale e Life Sciences;
* Interesse per tematiche legate a qualità, processi, sistemi informatici e compliance normativa;
* Buone capacità analitiche e attenzione al dettaglio;
* Buone capacità organizzative e predisposizione a lavorare per obiettivi;
* Capacità di lavorare in team e di relazionarsi con interlocutori differenti;
* Buona conoscenza della lingua inglese, scritta e parlata;
* Buona conoscenza del pacchetto Microsoft Office.


**Nice to have:**  

* Conoscenza, anche accademica, dei principi di Computer System Validation (CSV);
* Conoscenza delle GxP e dei concetti di Quality Assurance nel settore Life Sciences;
* Familiarità con normative o linee guida quali GAMP 5, EU GMP Annex 11 e 21 CFR Part 11;
* Conoscenza dei principi di Data Integrity;
* Esperienze universitarie, tesi o tirocini in ambito farmaceutico, biomedicale, qualità o validazione;
* Familiarità con processi di software testing, gestione dei requisiti o analisi del rischio.


**Sede di lavoro:** Milano, con possibilità di modalità di lavoro Ibrida (Smart Working).
  
  

Costruisci il tuo futuro con NTT DATA.
  
  

Entra a far parte di un’azienda globale, leader nei servizi di business e tecnologici, che ascolta la tua voce e riconosce il valore del tuo lavoro. Collaborerai con clienti, partner e colleghi di tutto il mondo per creare soluzioni innovative capaci di avere un impatto reale sulla società. Qui potrai sviluppare nuove competenze e ampliare il tuo network.
  
  

Siamo presenti in Italia con oltre 6000 dipendenti a Milano, Roma, Torino, Genova, Bologna, Treviso, Pisa, Padova, Napoli, Cosenza, Bari e Salerno.
  
  

Make this the place where you grow.
  
  

Unisciti a noi!","","https://it.indeed.com/cmp/Ntt-Data","https://d2q79iu7y748jz.cloudfront.net/s/_squarelogo/256x256/a598a8409d24c2c493ede9bbbe334c46","https://careers.services.global.ntt/global/en","Tokyo","10,000+","more than $10B (USD)","Own your career with NTT DATA
Join a global business and technology leader where every voice is heard and great work is recognized. You’ll work with clients, partners and colleagues around the world t","","","","","","","GMP compliance"
"in-544a83961af2761d","indeed","https://it.indeed.com/viewjob?jk=544a83961af2761d","http://it.indeed.com/job/hse-specialist-544a83961af2761d","HSE Specialist","Daisy & Partners","Pavia, LOM, IT","2026-09-09","fulltime","","","","","",False,"","","","","Responsabilità del ruolo

L’**E\&HS Specialist** è responsabile di garantire la conformità dell’organizzazione alla normativa vigente in materia di salute, sicurezza e ambiente, con particolare riferimento al **D.Lgs. 81/08** e al **D.Lgs. 152/06**, assicurando al contempo l’applicazione degli standard e delle procedure aziendali.

La figura opera a stretto contatto con i dipartimenti di **Produzione, Manutenzione e Quality Assurance (QA)**, supportando l’implementazione e il monitoraggio delle procedure operative in un ambiente altamente regolamentato.

Avrà inoltre un ruolo attivo nella promozione della cultura della prevenzione, nella gestione dei rischi HSE e nel miglioramento continuo degli standard di salute, sicurezza e tutela ambientale.

Ambiente e Rischio di Incidente Rilevante

* **Gestione delle emissioni e degli scarichi:** monitorare il rispetto delle autorizzazioni ambientali, inclusa l’Autorizzazione Unica Ambientale (AUA), supervisionando i controlli analitici relativi alle emissioni in atmosfera e agli scarichi idrici.
* **Gestione dei rifiuti:** garantire la corretta classificazione dei rifiuti secondo i codici EER, nonché le attività di stoccaggio, movimentazione e smaltimento dei rifiuti speciali e pericolosi derivanti dai processi produttivi farmaceutici.
* **Rischio di incidente rilevante:** supportare la gestione e il monitoraggio degli aspetti HSE connessi alla presenza e alla gestione di sostanze pericolose, in coordinamento con le funzioni aziendali e i consulenti di riferimento.

Salute e Sicurezza sul Lavoro – D.Lgs. 81/08

* **Valutazione dei rischi:** collaborare con il consulente esterno nell’aggiornamento del DVR e delle valutazioni dei rischi specifici, tra cui rischio chimico e biologico, ATEX, movimentazione dei carichi e rumore.
* **Supporto operativo:** elaborare e aggiornare procedure operative e SOP HSE, assicurandone l’integrazione con le procedure e gli standard GMP applicabili allo stabilimento.
* **Infortuni e Near Miss:** gestire il processo di registrazione, analisi e reportistica degli infortuni, degli incidenti e dei near miss, contribuendo all’individuazione delle azioni correttive e preventive.
* **Permessi di lavoro:** gestire e verificare i sistemi di Work Permit per attività ad alto rischio, quali lavori in quota, lavori in spazi confinati, lavori a caldo e interventi su linee o impianti contenenti sostanze chimiche.
* **Gestione delle ditte esterne:** coordinare e monitorare gli aspetti HSE relativi alle imprese appaltatrici, con particolare riferimento agli adempimenti previsti dall’art. 26 e dal Titolo IV del D.Lgs. 81/08\.

Formazione e Sorveglianza Sanitaria

* **Piani formativi:** contribuire alla definizione e alla pianificazione dei corsi di formazione obbligatori e specifici in materia di salute, sicurezza e ambiente, con particolare attenzione alla gestione delle sostanze pericolose e delle emergenze.
* **Formazione HSE:** gestire il processo di onboarding e di formazione HSE del personale neoassunto, degli interinali e delle ditte esterne operanti presso lo stabilimento.
* **Gestione appalti:** supportare la gestione della documentazione HSE relativa alle imprese terze, inclusi DUVRI, qualificazione e verifica dei requisiti delle ditte appaltatrici.
* **Sorveglianza sanitaria:** interfacciarsi con il Medico Competente e con le funzioni aziendali coinvolte per gli aspetti di salute e sicurezza connessi alle attività lavorative.

Sistemi di Gestione e Audit

* **Sistemi di gestione:** applicare e supportare il mantenimento dei sistemi di gestione conformi agli standard **ISO 14001 – Ambiente** e **ISO 45001 – Salute e Sicurezza sul Lavoro**.
* **Audit e verifiche ispettive:** partecipare, a supporto del team HSE, agli audit interni e alle verifiche da parte degli enti e delle autorità competenti, quali **ASL, ARPA e Vigili del Fuoco**.
* **Miglioramento continuo:** contribuire all’identificazione di opportunità di miglioramento e all’implementazione di azioni correttive e preventive per il continuo miglioramento delle performance HSE.

Requisiti e competenze

**Formazione**

* Laurea in **Ingegneria Ambientale, Ingegneria della Sicurezza** o discipline scientifiche/tecniche affini.
* Costituisce titolo preferenziale una formazione specifica come **ASPP/RSPP**, con possesso dei relativi moduli formativi previsti dalla normativa vigente.
* Costituisce titolo preferenziale la formazione in materia di **GMP, gestione delle emergenze, ATEX e rischio chimico/biologico**.

**Esperienza professionale**

* **2–5 anni di esperienza** maturata in ambito HSE, preferibilmente all’interno di aziende farmaceutiche, chimiche, manifatturiere o comunque caratterizzate da contesti produttivi altamente regolamentati.
* Esperienza nella gestione degli aspetti di **salute, sicurezza e ambiente** e nella collaborazione con consulenti, enti esterni e funzioni aziendali.
* Costituisce titolo preferenziale l’esperienza nella gestione di **audit, autorizzazioni ambientali, DVR, permessi di lavoro e imprese appaltatrici**.

**Competenze tecniche**

* Conoscenza della normativa italiana in materia di **Salute, Sicurezza e Ambiente**, con particolare riferimento al D.Lgs. 81/08 e al D.Lgs. 152/06\.
* Conoscenza dei principali strumenti e metodologie di **risk assessment** e gestione dei rischi HSE.
* Conoscenza dei processi di gestione di **infortuni, near miss, non conformità e azioni correttive/preventive**.
* Conoscenza dei sistemi di gestione **ISO 14001 e ISO 45001**.
* Familiarità con procedure e requisiti **GMP**, preferibilmente maturata in ambiente farmaceutico.
* Conoscenza delle procedure relative alla gestione delle **ditte esterne, DUVRI, Titolo IV e art. 26 del D.Lgs. 81/08**.
* Buona conoscenza degli strumenti informatici e del pacchetto **Microsoft Office**.
* **Buona conoscenza della lingua inglese**, sia scritta sia parlata.

**Competenze personali**

* Ottime capacità **comunicative e relazionali**, con attitudine a interfacciarsi con interlocutori a diversi livelli dell’organizzazione.
* **Proattività e autonomia** nella gestione delle attività e nell’individuazione delle criticità.
* Spiccate capacità di **problem solving** e di analisi delle situazioni di rischio.
* Capacità di **gestire le priorità** e lavorare efficacemente in un contesto dinamico e regolamentato.
* Attitudine al **lavoro in team** e alla collaborazione con Produzione, Manutenzione, QA e altre funzioni aziendali.
* Orientamento al **miglioramento continuo** e alla diffusione della cultura della prevenzione.
* Precisione, affidabilità e forte senso di **responsabilità e compliance**.
* Buone capacità di **coordinamento e gestione degli interlocutori esterni**, inclusi consulenti e imprese appaltatrici.

Retribuzione: €30\.000,00 \- €35\.000,00 all'anno

Sede di lavoro: Di persona","","https://it.indeed.com/cmp/Daisy-&-Partners","","","","","","","","","","","","","GMP compliance"
"in-d4a118857258c978","indeed","https://it.indeed.com/viewjob?jk=d4a118857258c978","https://gflcosmetics.factorialhr.com/job_posting/direttore-direttrice-di-stabilimento-321799","Direttore/Direttrice di Stabilimento","GFL Cosmetics","Milano, LOM, IT","2026-09-09","fulltime","","","","","",False,"","","","","**Da oltre 30 anni offriamo sui mercati globali cosmetici Made in Italy**. Progettiamo, sviluppiamo, produciamo e confezioniamo **in\-house**. La produzione viene realizzata interamente presso il nostro stabilimento italiano di Siziano, nell’area di Pavia\-Milano Sud. Sostenibilità, qualità, innovazione e sicurezza sono per noi valori chiave.


Per il nostro plant produttivo di Siziano, siamo alla ricerca di un/a Direttore/Direttrice di Stabilimento che, a riporto diretto della Direzione Operations, avrà la responsabilità complessiva delle attività industriali del sito, garantendo il raggiungimento degli obiettivi di sicurezza, qualità, servizio, efficienza e sostenibilità.


La figura guiderà l'evoluzione organizzativa e tecnologica dello stabilimento, assicurando la corretta integrazione tra Produzione, Manutenzione, Logistica Interna, Qualità e Supply Chain e promuovendo una cultura di accountability, miglioramento continuo e sviluppo delle persone.

**Principali responsabilità:**

* **Leadership industriale e organizzazione**


	+ Assicurare la gestione complessiva dello stabilimento e delle funzioni operative correlate
	+ Definire priorità, obiettivi e piani di sviluppo dell'organizzazione industriale
	+ Coordinare e sviluppare il management team di stabilimento
	+ Promuovere una cultura orientata alla responsabilizzazione, alla collaborazione e al miglioramento continuo
* **Gestione e sviluppo delle persone**


	+ Guidare e motivare il personale di stabilimento, promuovendo un ambiente di lavoro collaborativo e orientato ai risultati
	+ Favorire elevati livelli di engagement, responsabilizzazione e allineamento agli obiettivi aziendali
	+ Supportare la crescita professionale delle persone attraverso lo sviluppo di competenze, il feedback e la valorizzazione dei talenti
	+ Collaborare con HR nella gestione della performance, del clima organizzativo e dei processi di trasformazione e cambiamento
* **Produzione e Operations**


	+ Garantire il raggiungimento degli obiettivi produttivi in termini di volumi, qualità, costi e livelli di servizio
	+ Assicurare l'efficace pianificazione e utilizzo delle risorse produttive
	+ Monitorare e migliorare costantemente le performance operative e i KPI di stabilimento
	+ Guidare progetti di efficientamento produttivo e ottimizzazione dei processi
* **S****icurezza, qualità e compliance**


	+ Assicurare il rispetto delle normative in materia di salute, sicurezza e ambiente
	+ Garantire la piena applicazione delle GMP, delle procedure aziendali e degli standard qualitativi
	+ Promuovere iniziative volte alla prevenzione degli infortuni e al miglioramento continuo delle condizioni di lavoro
* **Manutenzione e investimenti**


	+ Definire le strategie manutentive del sito produttivo
	+ Valutare e guidare investimenti industriali, progetti di automazione e sviluppo impiantistico
	+ Collaborare con Engineering e Direzione nella definizione del piano industriale di stabilimento
* **Performance economiche**


	+ Presidiare i costi industriali e contribuire alla definizione del budget
	+ Analizzare e monitorare produttività, efficienza, scarti, costi di trasformazione e livelli di servizio
	+ Identificare opportunità di saving e miglioramento della redditività industriale
* **Collaborazione cross\-funzionale**


	+ Collaborare con le funzioni Qualità, R\&D, Supply Chain, Procurement, Sales Operations, Finance e HR
	+ Supportare l'industrializzazione di nuovi prodotti e l'ottimizzazione del portafoglio produttivo
	+ Garantire un efficace collegamento tra esigenze commerciali e capacità produttiva

**Requisiti formativi e professionali:**

* Diploma tecnico o laurea in Ingegneria Gestionale, Meccanica, Chimica o discipline affini
* Esperienza pregressa e consolidata in contesti multinazionali o industriali strutturati, con una forte passione per l’area di produzione
* Solide capacità organizzative e di people management, necessarie per coordinare organizzazioni operative articolate.
* Attitudine al lavoro in team e alla collaborazione cross\-funzionale
* Capacità di guidare il cambiamento e promuovere l’innovazione, mantenendo un forte orientamento al risultato
* Eccellenti capacità comunicative e di sintesi, funzionali al coordinamento dello stabilimento e all’allineamento con la Direzione.
* Ottima padronanza di Excel e del pacchetto Office
* Conoscenza professionale della lingua inglese

**Completano il profilo:**

* Leadership e capacità di influenzare positivamente l'organizzazione.
* Forte orientamento al risultato.
* Capacità di guidare il cambiamento.
* Decision making.
* Problem solving.
* Comunicazione efficace a tutti i livelli aziendali.
* Capacità di lavorare in contesti dinamici e in evoluzione.

Cerchiamo una persona capace di combinare visione strategica e presenza sul campo, autorevole ma pragmatica, orientata ai risultati e alla crescita delle persone.


In GFL accogliamo con piacere ogni candidatura e crediamo nel valore delle persone, nella loro unicità e nelle loro storie. Valorizziamo la diversità e offriamo pari opportunità a chiunque voglia far parte del nostro percorso.","","https://it.indeed.com/cmp/Gfl-Cosmetics","https://d2q79iu7y748jz.cloudfront.net/s/_squarelogo/256x256/16bd90aaa9b2fca0557d88de7a387c79","https://www.gflcosmetics.com/","Group HQ - Via Sorengo 1, 6900 Lugano, Switzerland","201 to 500","","Since 1995, GFL has been dedicated to the development, creation, and sale of premium quality personal care products, with a focus on ingredients, mainly natural and organic, and sustainability.","","","","","","","GMP compliance"
"li-4465518928","linkedin","https://www.linkedin.com/jobs/view/4465518928","","Junior Quality Assurance Officer","Grafton Recruitment","Calcinate, Lombardy, Italy","","","","","","","",False,"","","","","","","https://it.linkedin.com/company/grafton-recruitment","","","","","","","","","","","","","GMP compliance"
"li-4466064864","linkedin","https://www.linkedin.com/jobs/view/4466064864","","Quality Assurance - Tirocinio Curriculare","Gruppo Montenegro","Dolzago, Lombardy, Italy","","","","","","","",False,"","","","","","","https://it.linkedin.com/company/gruppo-montenegro","","","","","","","","","","","","","GMP compliance"
"li-4465629858","linkedin","https://www.linkedin.com/jobs/view/4465629858","","Quality Assurance Internship (m/f/d)","Bayer","Garbagnate Milanese, Lombardy, Italy","2026-09-10","","","","","","",False,"","","","","","","https://de.linkedin.com/company/bayer","","","","","","","","","","","","","GxP specialist"
"li-4459298429","linkedin","https://www.linkedin.com/jobs/view/4459298429","","Addetto/a Sistema Qualità ISO 9001","Adecco","Bovisio Masciago, Lombardy, Italy","2026-09-09","","","","","","",False,"","","","","","","https://ch.linkedin.com/company/adecco","","","","","","","","","","","","","GxP specialist"
"li-4467202778","linkedin","https://www.linkedin.com/jobs/view/4467202778","","Internship: Product Quality Assurance","Boehringer Ingelheim","Fornovo San Giovanni, Lombardy, Italy","","","","","","","",False,"","","","","","","https://de.linkedin.com/company/boehringer-ingelheim","","","","","","","","","","","","","GxP specialist"
"li-4465245343","linkedin","https://www.linkedin.com/jobs/view/4465245343","","Senior Project Manager - Operating Room / Medical Devices (M/F/D)","Getinge","Milan, Lombardy, Italy","","","","","","","",False,"","","","","","","https://se.linkedin.com/company/getinge","","","","","","","","","","","","","GxP specialist"
"li-4446772871","linkedin","https://www.linkedin.com/jobs/view/4446772871","","Stage Quality Assurance","Recipharm","Brescia, Lombardy, Italy","2026-09-11","","","","","","",False,"","","","","","","https://se.linkedin.com/company/recipharm","","","","","","","","","","","","","drug registration"
"li-4424638012","linkedin","https://www.linkedin.com/jobs/view/4424638012","","Development Analyst GMP","Corden Pharma - A Full-Service CDMO","Treviglio, Lombardy, Italy","2026-09-09","","","","","","",False,"","","","","","","https://ch.linkedin.com/company/corden-pharma-gmbh","","","","","","","","","","","","","CMC regulatory"
"in-30453a7f29c840ad","indeed","https://it.indeed.com/viewjob?jk=30453a7f29c840ad","https://jsv3.recruitics.com/redirect?rx_cid=3436&rx_jobId=R-01360822_1002_rxr-1&rx_url=https%3A%2F%2Fjobs.thermofisher.com%2Fglobal%2Fen%2Fjob%2FR-01360822%2FFSP-Principal-Medical-Writer-Regulatory-Client-Dedicated%3Frx_a%3D0%26rx_c%3D%26rx_ch%3Djobp4p%26rx_group%3D123525%26rx_id%3Dcd4c4102-ad77-11f1-aaa6-0fcb751bde56%26rx_job%3DR-01360822_1002_rxr-1%26rx_medium%3Dcpc%26rx_r%3Dnone%26rx_source%3Dindeed%26rx_ts%3D20260915T120417Z%26rx_vp%3Dcpc%26utm_medium%3Dppc%26utm_source%3Drecruitics_indeedorganic","FSP Principal Medical Writer (Regulatory) - Client-Dedicated","Thermo Fisher Scientific","Milano, LOM, IT","2026-09-10","fulltime","","","","","",True,"","","","","**Work Schedule**


Standard (Mon\-Fri)**Environmental Conditions**


Office**Job Description**


At Thermo Fisher Scientific, you will discover meaningful work that makes a positive impact on a global scale. Join our colleagues in bringing our Mission to life \- enabling our customers to make the world healthier, cleaner, and safer. We provide our teams with the resources needed to achieve individual career goals while taking science a step beyond through research, development, and delivery of life\-changing therapies. With clinical trials conducted in 100\+ countries and ongoing development of novel frameworks for clinical research through our PPD clinical research portfolio, our work spans laboratory, digital and decentralized clinical trial services. Your determination to deliver quality and accuracy will improve health outcomes that people and communities depend on – now and in the future.

**Summarized Purpose:**


We are excited to expand our Medical Writing FSP Team in Europe This would be a remote role. We are looking for a Principal Medical Writer to be dedicated to a client in the FSP space; experience in Neurology, Immunology, Oncology or Vaccines would be valuable but not essential. As a Principal Medical Writer you will provide high\-quality medical and scientific writing from planning and coordination through delivery of final drafts to internal and external clients. As the lead writer, you will review documents for the team and provide training and guidance to junior team members. As a subject matter expert you will provide advice on document development strategy, regulations, and industry best practices. You will collaborate with internal and external clients, supporting and enabling effective and efficient communication that results in operational excellence.

**Essential Functions:**

* Researches, writes, and edits clinical study reports and study protocols, and summarizes data from clinical studies.
* May serve as primary author who writes and provides input on complex clinical and scientific and program level documents, including IBs, INDs, and MAAs. Provides senior level review of routine and complex documents. Provides training and mentorship for other writers and program managers on document preparation, the use of software for document development, document types, regulatory requirements, and therapeutic area knowledge.
* Ensures compliance with quality processes and requirements for assigned documents. As the subject matter expert, develops and reviews best practices, methods, and techniques for achieving optimal results, including various client\- specific processes, and leads process improvement initiatives. May also develop, review, and manage performance metrics for assigned projects.
* Represents the department at project launch meetings, review meetings, and project team meetings.

**Education and Experience:**


Bachelor's degree in a scientific discipline or equivalent and relevant formal academic / vocational qualification; Advanced degree preferred


Previous experience that provides the knowledge, skills, and abilities to perform the job (comparable to 8\+ years).


Experience in managing and directing complex medical writing projects required


Experience working in the pharmaceutical/CRO industry preferred


Submissions document experience advantageous


Experience in Neurosciences advantageous


Additional qualifications in medical writing (AMWA; EMWA; RAC) advantageous

**Knowledge, Skills, and Abilities:**

* Significant knowledge of global, regional, national, and other document development guidelines
* In\-depth knowledge in one or more specialty areas such as preclinical, therapeutic, regulatory, submissions, communications, etc.
* Excellent data interpretation and medical writing skills, including grammatical, editorial, and proofreading skills
* Excellent project management skills
* Advanced interpersonal, oral, and written communication, and presentation skills
* Excellent negotiation skills
* Excellent judgment; high degree of independence in decision making and problem solving
* Ability to mentor and lead junior level staff.

**What We Offer:**


At PPD clinical research services we hire the best, develop ourselves and each other, and recognize the power of being one team. We understand that you will want to grow both professionally and personally throughout your career, and therefore at PPD clinical research services you will benefit from an award\-winning learning and development programme, ensuring you reach your potential.


As well as being rewarded a competitive salary, we have an extensive benefits package based around the health and well\-being of our employees. We have a flexible working culture, where PPD clinical research services truly value a work\-life balance. We have grown sustainably year on year but continue to offer a collaborative environment, with teams of colleagues eager to share expertise and have fun together. We are a global organization but with a local feel.


Our Mission is to enable our customers to make the world healthier, cleaner, and safer. As one team of 100,000\+ colleagues, we share a common set of values \- Integrity, Intensity, Innovation, and Involvement \- working together to accelerate research, solve complex scientific challenges, drive technological innovation, and support patients in need. \#StartYourStory with PPD, part of Thermo Fisher Scientific, where diverse experiences, backgrounds and perspectives are valued.","Industrial Manufacturing","https://it.indeed.com/cmp/Thermo-Fisher-Scientific","https://d2q79iu7y748jz.cloudfront.net/s/_squarelogo/256x256/65bd2e4bebb79b1432ac3277ffd57ae7","https://www.thermofisher.com/","168 Third Avenue, Waltham, MA USA 02451","10,000+","more than $10B (USD)","At Thermo Fisher Scientific, our professionals develop critical solutions—and build rewarding careers.","","","","","","","clinical regulatory"
"in-1a97779d76b26ebb","indeed","https://it.indeed.com/viewjob?jk=1a97779d76b26ebb","https://jsv3.recruitics.com/redirect?rx_cid=3436&rx_jobId=R-01366838_1002&rx_url=https%3A%2F%2Fjobs.thermofisher.com%2Fglobal%2Fen%2Fjob%2FR-01366838%2FGlobal-Study-Lead-FSP-EMEA%3Frx_a%3D0%26rx_c%3D%26rx_ch%3Djobp4p%26rx_group%3D123525%26rx_id%3Dce050c5e-ad77-11f1-8cea-0fcb751bde56%26rx_job%3DR-01366838_1002%26rx_medium%3Dcpc%26rx_r%3Dnone%26rx_source%3Dindeed%26rx_ts%3D20260915T120417Z%26rx_vp%3Dcpc%26utm_medium%3Dppc%26utm_source%3Drecruitics_indeedorganic","Global Study Lead - FSP EMEA","Thermo Fisher Scientific","Milano, LOM, IT","2026-09-09","fulltime","","","","","",False,"","","","","**Work Schedule**


Standard (Mon\-Fri)**Environmental Conditions**


Office**Job Description**

### **The Opportunity**

  

We are seeking an experienced Global Study Lead (GSL) to provide strategic and operational leadership for complex global clinical studies.

  

This is a senior study leadership position with end\-to\-end accountability for clinical study delivery, from study initiation through to study close\-out and archiving. You will define the operational strategy, lead cross\-functional study teams, and ensure studies are delivered to the required timelines, quality, budget and regulatory standards.

  

As a key member of the Study Leadership Team, you will represent Clinical Operations and work closely with Clinical, Statistics and other cross\-functional partners to drive decisions, manage risk and ensure successful study delivery.

### **Key Responsibilities**

* Lead the operational strategy and end\-to\-end delivery of one or more global clinical studies.
* Own study timelines, budget, quality, risks and key operational deliverables.
* Provide strategic leadership to global, cross\-functional study teams and drive timely decision\-making.
* Represent Clinical Operations within the Study Leadership Team and act as the senior escalation point for operational issues.
* Translate clinical development and asset strategy into clear study\-level operational plans.
* Lead proactive study risk identification, mitigation and issue resolution.
* Ensure robust feasibility, study planning and operational execution.
* Provide strategic operational input into protocols, informed consent forms and other key study documents.
* Oversee CROs and other external vendors, including vendor selection, performance management and escalation where deliverables are at risk.
* Ensure studies remain compliant with ICH\-GCP, applicable regulations, SOPs and inspection\-readiness requirements.
* Lead study financial planning, forecasting and budget management.
* Communicate study progress, risks, decisions and recommendations effectively to senior stakeholders and governance forums.
* Champion innovative approaches to clinical trial delivery, including decentralised trial approaches, technology, automation and AI\-enabled ways of working.
* Contribute to continuous improvement initiatives across Clinical Operations.

### **About You**

  

You will be an accomplished clinical operations professional with significant experience leading complex global clinical studies within the pharmaceutical or biotechnology industry.

  

You will bring:

* A Bachelor's degree in Life Sciences or a related discipline.
* Extensive experience in global clinical study delivery, ideally across multiple phases, indications and geographic regions.
* Proven experience holding end\-to\-end accountability for complex global clinical trials.
* Strong experience leading global cross\-functional teams within a matrix environment.
* Demonstrated ownership of study timelines, budgets, risks, quality and operational strategy.
* Significant experience overseeing CROs and third\-party vendors, including performance management and issue resolution.
* In\-depth knowledge of ICH\-GCP, global regulatory requirements and clinical development processes.
* Strong project and financial management capabilities.
* The ability to influence senior stakeholders and drive decisions in complex, fast\-paced environments.
* Excellent leadership, communication, negotiation and conflict\-management skills.
* Experience proactively identifying and resolving risks that could impact clinical programmes.

### **Highly Desirable**

  

Experience in one or more of the following would be particularly valuable:

* Phase II and/or Phase III global clinical trials.
* Adaptive or other innovative trial designs.
* Decentralised clinical trials (DCTs).
* Platform, umbrella or basket studies.
* Technology\-enabled clinical trial delivery, automation or AI/ML.
* Working with investigators, external experts and regulatory authorities.
* Broad therapeutic\-area experience, combined with deep expertise in one or more indications.

### **What Success Looks Like**


The successful Global Study Lead will be able to set the vision for study delivery, translate strategy into execution and bring diverse stakeholders together around clear priorities. You will be comfortable making complex decisions autonomously, challenging constructively, escalating when required and empowering teams to deliver in demanding global clinical\-development environments.","Industrial Manufacturing","https://it.indeed.com/cmp/Thermo-Fisher-Scientific","https://d2q79iu7y748jz.cloudfront.net/s/_squarelogo/256x256/65bd2e4bebb79b1432ac3277ffd57ae7","https://www.thermofisher.com/","168 Third Avenue, Waltham, MA USA 02451","10,000+","more than $10B (USD)","At Thermo Fisher Scientific, our professionals develop critical solutions—and build rewarding careers.","","","","","","","clinical regulatory"
"in-58f5210878e28ce5","indeed","https://it.indeed.com/viewjob?jk=58f5210878e28ce5","https://apply.workable.com/j/A29C5AF4AF","Legal Counsel","Belmond","Milano, LOM, IT","2026-09-14","fulltime","","","","","",False,"","","","","We are seeking a highly motivated and talented Legal Counsel with 2\-3 years Post\-Qualification Experience (PQE) to join our dynamic in\-house Legal \& Corporate Integrity department within Belmond.


This is an exciting opportunity to contribute to the legal strategy of our luxury train and hotel businesses in Southern Europe, working in a fast\-paced international environment.


**Key responsibilities**


The Legal Counsel will directly report to the Divisional Director of Legal, Southern Europe, and key responsibilities will include:

* Contract Management: Draft, review, and negotiate a wide range of commercial contracts, including supplier agreements, client contracts, partnership agreements, and service agreements, ensuring compliance with relevant laws and internal policies.
* Business Support: Provide proactive and pragmatic legal advice and support to various business functions (e.g., operations, finance, sales, marketing, HR) on day\-to\-day legal matters, helping to mitigate risks and achieve business objectives.
* Litigation Coordination: Manage and coordinate litigation strategy with external law firms, providing internal guidance and ensuring efficient handling of legal disputes.
* Compliance: Contribute to the development, implementation, and monitoring of the company's compliance programs, including but not limited to Italian Legislative Decree 231/2001 (Organizational and Management Model), data protection (GDPR), anti\-bribery, and other relevant regulatory frameworks. Particular focus and support for supplier on\-boarding and diligence.
* Reporting: Provide timely and clear reporting on legal tasks and ongoing matters to line managers and relevant stakeholders as required.

Legal Research \& Analysis: Conduct legal research and provide concise analysis on various legal topics relevant to the hospitality and luxury sectors.  
* 

  

  

**Requirements** **Qualifications and Experience**:


* Admitted to practice Italian law.
* 2\-3 years of relevant post\-qualification experience gained in a reputable law firm or an in\-house legal department, ideally within an international context.
* Prior in\-house experience is preferred.
* Experience in commercial contract law is essential.
* Knowledge of compliance frameworks, including Italian Legislative Decree 231/2001, is highly desirable.
* Excellent command of English (both written and spoken) is mandatory.
* Experience in the hospitality, travel, or luxury sector will be considered a significant advantage.

**Skills and Attributes**:


* Proactive \& Autonomous: Ability to work independently, manage multiple priorities, and take initiative in a demanding environment.
* Team Player: Collaborative mindset, with the ability to build strong working relationships across different departments, jurisdictions and cultures.
* Ethical Judgment: High level of integrity, professionalism, and sound ethical judgment.
Adaptability: Ability to adapt to evolving legal landscapes and business needs.  
* 

  

  

**Benefits**  

At Belmond we pride ourselves on fostering a culture built on kindness, active listening, and genuine connections with our colleagues and guests. We offer a comprehensive range of compensation, perks and benefits including:

* Permanent contract under CCNL Federalberghi \- Turismo
* Base salary range: €50\.000 \- €55\.000
* Meal vauchers
* Welfare platform with credit
* Discovery Belmond program and discounted prices at our iconic properties

  

We strive to create an environment where our employees can thrive both personally and professionally. With a commitment to your ongoing development, you'll have the opportunity to learn and grow alongside some of the most talented individuals in the industry. Join us and be part of creating unforgettable moments for our guests, communities, and each other.","","https://it.indeed.com/cmp/Belmond","https://d2q79iu7y748jz.cloudfront.net/s/_squarelogo/256x256/a567ba9e676235aadfe124225d8a8900","https://www.belmond.com/","London, United Kingdom","","","","","","","","","","regulatory compliance"
"in-da020a99dd0ba91d","indeed","https://it.indeed.com/viewjob?jk=da020a99dd0ba91d","https://wk.wd3.myworkdayjobs.com/en-US/External/job/ITA---Milan-Via-Bisceglie/Account-Executive-Mid-Market---AI-Workspace-Libra_R0059743-1","Account Executive Mid-Market | AI Workspace Libra","Wolters Kluwer","Milano, LOM, IT","2026-09-11","fulltime","","","","","",False,"","","","claudia.funk@wolterskluwer.com","**Account Executive Mid\-Market \| AI Workspace Libra**
=======================================================


As **Account Executive**, you will be working in our Legal \& Regulatory division where we help legal and compliance professionals enhance productivity, mitigate risk, and solve complex problems confidently.


There are hundreds of thousands of lawyers across Europe — and at **Libra**, we’re transforming how they work. Our AI platform combines deep legal reasoning with cutting\-edge generative technology, fundamentally changing how lawyers research, draft, and deliver legal work.

**About the role**  

As an Account Executive in your assigned region, you’ll be on the frontlines of Libra’s growth — driving sales \& adoption among small and mid\-sized law firms as well as lean in\-house legal teams. You’ll manage a mix of inbound leads and self\-sourced pipeline, running the full sales cycle from first touch to close.


You’ll collaborate closely with our Legal Engineering and Customer Success teams to tailor Libra’s AI solutions to each client’s unique workflows, ensuring every new customer experiences immediate impact. This role is ideal for someone who’s hands\-on, commercially driven, and excited to sell a product that’s genuinely transforming the way legal work gets done.


You will report to one of Libra’s Sales Directors and work alongside a growing team of passionate professionals. Together, you’ll foster a culture of performance, agility, and customer\-centricity — laying the foundation for sustainable growth across the region.

**What you’ll do**

* Manage the full sales cycle for SMB and mid\-market customers — from discovery to demo, negotiation, and close. In many cases close collaboration with the account managers of our content businesses that have a solid established relationship.
* Handle a steady stream of inbound leads while proactively identifying new opportunities through market and customer data\-driven insights and sales enablement tools to optimize outreach and engagement strategies.
* Use data\-driven insights and sales enablement tools to optimize outreach and engagement strategies.
* Develop a deep understanding of customers’ pain points, daily workflows, and legal processes for driving sales based on the customer situation.
* Collaborate with Legal Engineering to deliver tailored demos and showcase real\-world AI use cases.
* Maintain a healthy pipeline and apply structured qualification to improve forecasting accuracy and contributing to portfolio renewal.
* Consistently meet and exceed monthly and quarterly ARR targets.
* Work cross\-functionally with Marketing and Customer Success to refine messaging and ensure smooth onboarding.
* Utilize a customer focused sales methodologies (eg. Challenger Sale) to qualify and advance complex deals.
* Contribute feedback and ideas to help improve and scale our SMB sales motion.

**What you’ll bring**  

**Education**

* Bachelor’s degree in Business Administration or a related commercial field preferred

  

  

**Experience**

* 2–5 years of experience consistently exceeding sales quota in new B2B SaaS, tech sales, or professional services — ideally selling to SMB or mid\-sized clients

**Skills**

* Strong communication skills and the ability to build trust quickly with legal professionals and business stakeholders.
* Ability to articulate ROI and build compelling business cases for technology.
* Structured and proactive — you manage your pipeline efficiently and close deals with confidence.
* Curiosity for AI, technology, and how they’re transforming the legal profession.
* Native\-level proficiency in Italian and fluent English.
* Collaborative mindset — you thrive in cross\-functional teams and fast\-paced environments.
* Ambition, drive, and a desire to build something from the ground up.

**Nice to have**

* Legal background (law degree, law firm experience, or exposure to legal tech) is a plus — especially if you’re ready to move from practicing law to helping others transform it.

  

  

**Working together**  

This is a hybrid role, where you will spend at least eight days a month at our office, where you'll enjoy the benefits of connecting and collaborating with your colleagues in person.


**What we offer**  

In just over a year, we’ve established ourselves as Europe’s fastest\-growing legal AI company by partnering with leading law firms, corporate legal departments, and publishers, As part of Wolters Kluwer’s Legal \& Regulatory Division, Libra is building the operating system for modern legal work — and you can help us write its next chapter.  

  

**Join us, at** **Wolters Kluwer, and be part of a global technology company that makes a difference every day. Be the difference. If making a difference matters to you, then you matter to us.**


For any questions, please feel free to contact the recruiter Claudia Funk by email at claudia.funk@wolterskluwer.com or by phone at \+31 6 15136211\.

**Our Interview Practices**
---------------------------

*To maintain a fair and genuine hiring process, we kindly ask that all candidates participate in interviews without the assistance of AI tools or external prompts. Our interview process is designed to assess your individual skills, experiences, and communication style. We value authenticity and want to ensure we’re getting to know you—not a digital assistant. To help maintain this integrity, we ask to remove virtual backgrounds and include in\-person interviews in our hiring process. Please note that use of AI\-generated responses or third\-party support during interviews will be grounds for disqualification from the recruitment process.*

*Applicants may be required to appear onsite at a Wolters Kluwer office as part of the recruitment process.*","","https://it.indeed.com/cmp/Wolters-Kluwer","https://d2q79iu7y748jz.cloudfront.net/s/_squarelogo/256x256/0e686c67da1bd46cee95a528fd1cb51e","https://careers.wolterskluwer.com/","Alphen aan den Rijn","10,000+","$5B to $10B (USD)","Join us, at Wolters Kluwer, and be part of a dynamic global technology company that makes a difference every day.","","","","","","","regulatory compliance"
"in-ec07a61bb9a2cf4e","indeed","https://it.indeed.com/viewjob?jk=ec07a61bb9a2cf4e","https://careers.kpmg.it/job/Milano-Internship-Credit-Risk-Quant-Milan/1371819657/","Internship - Credit Risk Quant | Milan","KPMG","Milano, LOM, IT","2026-09-10","internship","","","","","",False,"","","","","**Do you like Risk? Be Quant!**  



Our **Regulatory \& Risk Advisory** Line of Service is on the forefront of **KPMG Advisory** outstanding performance: our appointed partner is the Global Leader for the Financial Risk Management Practice within KPMG Network worldwide. Our professionals support clients across all industries to achieve robust financial risk management frameworks according to national and international regulations, contributing to better decision making and enhancing results.  


**KPMG Quantitative Credit Risk Team** represents an international Centre of Excellence. Guided by trusted and inspiring leaders, our quantitative experts help leading banking and insurance international groups respond more effectively to rapidly changing customer needs within an increasingly complex regulatory environment.  


Your solid skills will be highly valued and will place you at the centre of a first\-class environment, where you will be able to contribute first hand to the success of our clients and to your own professional growth. Through challenging projects you will gain a deep and specialized experience across all aspects of banking\-insurance industry.  



As part of **KPMG Quantitative Credit Risk Team** in **Milan**, you will be accountable for solid and strategic projects. In particular, you will be responsible for the **development or validation** of the following **credit risk models**:
* Models under Basel pillar I (PD, LGD, EAD)
* Models under Basel pillar II (stress testing)
* Managerial models (Expected Credit Loss model under IFRS 9 framework, Cost of Risk, Early Warning systems, Next Best Action models, Credit Pricing model, Climate \& Environmental risk models)

Specifically, a Junior Consultant is involved in the following activities:  


Implementing statistical algorithms for data analysis using programming languages or statistical software (* 40%)

Interpreting results of the analysis and providing recommendations or further analysis to investigate the underlying phenomena (* 10%)

Reporting and presenting results to clients (* 30%)

Assessing compliance with the current regulation, especially for Pillar I models (* 20%)

  



 To be the successful candidate you have:
* Master’s degree in Finance, Mathematical Engineering, Economics or Statistics
* Proficiency in English, ideally improved through an experience abroad
* Good knowledge of basic statistics and econometrics
* Good knowledge of MS Office
* Basic knowledge of one software for statistical analysis (i.e. **SAS, R,** **Python** etc.)


Paid internship opportunity offering a monthly allowance of €800 for curricular internships and €1,000 for extracurricular internships.  



You are a problem solver, who never loses his/her focus, can easily build strong relationships and fosters collaboration. You are able to inspire confidence in our clients and empower change through high motivation and enthusiasm. You are challenged by dynamic and evolving working environments, where your leadership skills are highly appreciated.  



Businesses are demanding a broad mix of **Advisory Services** as they seek to address the myriad of challenges and opportunities presented by a persistently volatile and complex economic environment. Our Advisory experts work across the corporate health spectrum covering areas as diverse as profitability, transformation, technology, risk, growth, structure and operations.  



Required data will be managed in compliance with the European legislative Decree no. 679/2016 (General Data Protection Regulation \- “GDPR”) and later modifications or integrations.

For more information please refer at KPMG Privacy Policy.  



KPMG Advisory S.p.A. is an equal opportunities employer","","https://it.indeed.com/cmp/Kpmg-0828bc85","https://d2q79iu7y748jz.cloudfront.net/s/_squarelogo/256x256/d7b7fd1f635973534d21ba35d6f99c18","http://www.kpmg.com","Berlin","10,000+","$1B to $5B (USD)","At KPMG, you'll be able to tap into your skills, expertise and passion to help organizations find sustainable solutions to the world's most pressing issues.","","","","","","","regulatory compliance"
"in-b61fc4653e1158ef","indeed","https://it.indeed.com/viewjob?jk=b61fc4653e1158ef","https://careers.societegenerale.com/en/job-offers/custody-issuer-services-employee-26000JVE-en","Custody & Issuer Services Employee","Société Générale","Milano, LOM, IT","2026-09-10","","","","","","",False,"","","","","**Responsibilities**
--------------------

**Mission:**

Ensure the accurate and timely processing of Foreign Dividend Income Payments, managing the end\-to\-end income distribution lifecycle, from reconciliation and event setup to client crediting and communication, while guaranteeing data integrity, regulatory compliance, effective custodian coordination, and high\-quality client service.


**Tasks and responsibilities:**

* Perform daily activities concerning Foreign Dividends Income Payments.
* Perform the reconciliation of the income payments between custodian and our internal results
* Collect Custodians information concerning Foreign Dividends Income Payments
* Reconciliation of preliminary notifications \& final confirmations (actual funds received)
* Process the events in CAD 2\.0 system in order to inform the beneficial holders about the income details and credit the incomes in clients account
* Support Client's requests and complains, providing solutions and answers
**Profile required**
--------------------

**Studies \& experience:**

* Bachelor’s degree in economics or related fields
* At least 1 year of experience in Securities Services or financial industry

**Language skills:**

* Excellent command of written and spoken Italian (C2 level), with the ability to communicate fluently and accurately in complex professional contexts
* Upper\-intermediate English (B2 level)

**Technical, operational \& Soft skills:**

* Preferable CAD 2\.0 system knowledge
* Excel: intermediate level
* Microsoft office suite: advanced level

**Empowerment and Accountability** :
 

* Takes ownership of assigned activities and contributes proactively to team results
* Manages assigned settlement activities independently and within agreed deadlines
* Takes responsibility for the accuracy and completeness of own work
* Proactively identifies issues and follows through until resolution

**Ability to Handle Multiple Complex Tasks** :


* Effectively manages multiple activities and priorities in a dynamic environment
* Prioritizes workload to ensure timely completion of settlement processes
* Handles multiple transactions and deadlines while maintaining accuracy
* Adjusts priorities effectively in response to operational changes or urgent requests

**Cooperation and Collective Mindset** :


* Works collaboratively with colleagues and stakeholders to ensure smooth operations
* Shares relevant information with team members and business partners in a timely manner
* Cooperates effectively with internal functions and external counterparties
* Supports colleagues in resolving operational issues and meeting team objectives
**Why join us**
---------------

SGSS has been present in Italy since September 2006 through a dedicated **Italian Bank, SGSS S.p.A** ., one of the main players in the Securities Services' industry that covers all SGSS businesses for its two segments of clients: Financial Institutions \& Brokers and Asset Managers \& Insurance. Thanks to over 500 employees based in Milan and Turin, SGSS S.p.A. ensures a daily support to over 300 clients. Our clients are institutional investors (insurance companies and pension funds), asset managers, financial intermediaries (brokers, investments companies).


In a highly competitive and fragmented financial market, our ambition is to be the reference partner recognized for its service quality and competitiveness, its agile solutions and international network coverage. We are much more than a partnership: a genuine team. We build long\-lasting, collaborative relationships with our clients to help them go further in their development. In today's constantly evolving and complex world, we strive to provide our clients with increasingly efficient and reliable Securities Services on a daily basis to ensure they get ahead.


**Business insight**
--------------------

At Société Générale, we are convinced that people are drivers of change, and that the world of tomorrow will be shaped by all their initiatives, from the smallest to the most ambitious.


Whether you’re joining us for a period of months, years or your entire career, together we can have a positive impact on the future. Creating, daring, innovating and taking action are part of our DNA.


If you too want to be directly involved, grow in a stimulating and caring environment, feel useful on a daily basis and develop or strengthen your expertise, you will feel right at home with us!


Still hesitating?


You should know that our employees can dedicate several days per year to solidarity actions during their working hours, including sponsoring people struggling with their orientation or professional integration, participating in the financial education of young apprentices, and sharing their skills with charities. There are many ways to get involved.


**Diversity and Inclusion**
---------------------------

We are an **equal opportunities employer** and we are proud to make diversity a strength for our company. Societe Generale is committed to recognizing and **promoting all talents** , regardless of their beliefs, age, disability, parental status, ethnic origin, nationality, gender identity, sexual orientation, membership of a political, religious, trade union or minority organisation, or any other characteristic that could be subject to discrimination.","","https://it.indeed.com/cmp/Soci%C3%A9t%C3%A9-G%C3%A9n%C3%A9rale-1","https://d2q79iu7y748jz.cloudfront.net/s/_squarelogo/256x256/483cc26bfe74d62f7a22445374db1384","http://www.societegenerale.com","Paris","10,000+","more than $10B (USD)","Societe Generale is one of Europe's leading financial services groups and a major player in the economy for over 160 years, supports 26 million clients every day. Join us!","","","","","","","regulatory compliance"
"in-73ff87c9021fd3cf","indeed","https://it.indeed.com/viewjob?jk=73ff87c9021fd3cf","https://jobs.ashbyhq.com/stack-infrastructure-emea/6a673b8f-9432-435a-8710-97d665851b87?utm_source=4yWxmW0987","OT Network Engineer","STACK Infrastructure EMEA","Milano, LOM, IT","2026-09-10","fulltime","","","","","",False,"","","","","### **Job Description**

**OT Network Engineer**

**Role Summary**

  

We are seeking an OT Network Engineer to support the design, implementation, and operation of secure, resilient network infrastructure for hyperscale data centre environments in Siziano, Milan. The role supports Operational Technology systems including Building Management Systems (BMS), Electrical Power Monitoring Systems (EPMS), and other critical site infrastructure.


Working with internal technology, engineering, operations, and vendor teams, you will help maintain network availability, performance, and security while supporting troubleshooting, documentation, and continuous improvement. This is a hands\-on, site\-based role requiring regular presence across local data centre sites in the Siziano/Milan area.

**Key Responsibilities**

* Design, implement, maintain, and optimise network infrastructure for OT environments across critical data centre sites.
* Install, configure, and support routers, switches, firewalls, and related network devices to maintain performance, resilience, and service continuity.
* Monitor network performance, investigate complex incidents, work with internal teams and vendors, and help drive root cause resolution and continuous improvement.
* Support monitoring, alerting, backup, testing, validation, and documentation activities across OT network systems.
* Apply security, operational, and regulatory best practices in a high\-availability environment.
* Participate in out\-of\-hours or emergency support when required to maintain service continuity.

**What You’ll Bring**

* Experience as a Network Engineer in an enterprise, critical infrastructure, or data centre environment.
* Strong hands\-on experience with Cisco networking technologies, Fortinet security solutions, and network infrastructure including LAN/WAN, firewalls, switches, routers, wireless networking, VPN, OSPF, VLANs, and TCP/IP.
* Strong understanding of network security principles, troubleshooting, and operational support in high\-availability environments.
* Experience supporting or working with OT systems such as BMS, EPMS, SCADA, PLCs, and HMIs is desirable.
* Knowledge of infrastructure cabling, monitoring, management, documentation, and reporting tools, with scripting or automation tools including Bash or Python an advantage.
* Awareness of standards and compliance requirements such as ISO, SOC 2, and PCI\-DSS is beneficial.
* Strong analytical, problem\-solving, collaboration, and communication skills in Italian and English, with commitment to accurate technical documentation and disciplined operational processes.
* A degree in Computer Science, Information Systems, Network Engineering, or a related discipline is preferred, although equivalent practical experience will also be considered.

**Cosa offriamo / What we Offer**

* Fascia Retributiva (RAL): 35\.000 € \- 42\.000 € \+ premio di risultato.
* Contratto CCNL Commercio (Terziario, Distribuzione e Servizi).
* Buoni pasto e piano welfare aziendale.
* Assistenza sanitaria e accesso al fondo pensione complementare, secondo quanto previsto dal CCNL
* Contribuirai allo sviluppo e alla gestione di infrastrutture digitali mission\-critical, operando in alcuni degli ambienti data centre più avanzati d'Europa.
* Cresci con STACK, acquisendo esperienza su progetti di grande scala e cogliendo concrete opportunità di crescita professionale all'interno di una piattaforma europea in forte espansione.

  

La fascia retributiva indicata rappresenta il range previsto per il ruolo. La retribuzione sarà determinata in modo equo e trasparente all'interno di tale fascia, sulla base dell'esperienza professionale, delle competenze e delle qualifiche del candidato.

**Location requirement:**


Due to the hybrid nature of this role, candidates should be based close to Milan or have confirmed plans to relocate to the area. Please note that we cannot consider applicants based outside Italy for this opportunity.

**About STACK Infrastructure**

  

STACK is a proven, trusted partner for the world’s most innovative companies, designing, developing, and operating sustainable global digital infrastructure. Backed by an unmatched record of reliable delivery and development expertise, STACK brings speed, scale, certainty, and responsibility to the demands of a rapidly evolving digital infrastructure landscape.

  

For more information about STACK, please visit: **www.stackinfra.com**","","https://it.indeed.com/cmp/Stack-Infrastructure-Emea","","","","","","","","","","","","","regulatory compliance"
"in-c045138d9d3452bd","indeed","https://it.indeed.com/viewjob?jk=c045138d9d3452bd","https://jobs.intesasanpaolo.com/job/Milano-Senior-Business-Analyst/1435602233/","Senior Business Analyst","Intesa Sanpaolo","Milano, LOM, IT","2026-09-10","","","","","","",False,"","","","","**Data:** 10 set 2026
  
  

**Località:**  

Milano, IT
  
  

**\#job\-location.job\-location\-inline { display:** inline; }
  
**Società:** Intesa Sanpaolo S.p.A.
  
  

.
  
  

Overview
  
  

Entrerai nel team dei Digital Business Partner e contribuirai, in partnership con i principali stakeholder, alla individuazione, progettazione e successiva realizzazione di iniziative rilevanti in ambito Compliance Financial Markets e Investment Banking. Ti occuperai con proattività, autonomia e propensione al risultato di favorire e coordinare il confronto attivo fra tutti gli stakeholder (referenti di business, funzioni di controllo e team IT), creando solide relazioni, al fine di individuare le modalità più efficaci ed efficienti per il raggiungimento degli obiettivi del Piano Industriale.
  
  

Quali saranno le tue attività
  
  

Monitorare nel continuo le evoluzioni di mercato e le normative nel settore di interesse e individuando \- insieme ai referenti di Compliance e agli altri principali stakeholder \- i possibili impatti e le possibili iniziative da attivare
  
Coordinare le funzioni business, controllo, IT e operations nella gestione delle richieste e/o examination da parte delle Autorità (Consob, NFA, ...)
  
Formalizzare insieme ai referenti di Compliance e agli altri principali stakeholder le esigenze progettuali e proporre le modalità migliori per la relativa realizzazione
  
Gestire stream progettuali, monitorando avanzamento, tempi, costi e qualità dei deliverable, indirizzando le issue e le relative escalation e sviluppando insieme alle strutture di riferimento soluzioni che garantiscano la messa a terra delle iniziative ed il raggiungimento degli obiettivi
  
Assicurare il confronto nel continuo fra i diversi stakeholder utente e IT, garantendo allineamento tra esigenze, costi, vincoli normativi e soluzioni
  
Coordinare la raccolta e formalizzazione dei requisiti di business e normativi, verificando la relativa documentazione
  
Analizzare impatti operativi, normativi e tecnologici, garantendo la coerenza tra requisiti, modelli operativi e architettura target
  
Coordinare i test, il monitoraggio e il rilascio delle soluzioni realizzate
  
Predisporre la documentazione di progetto sia operativa che verso il top management
  
Gestire i principali momenti di aggiornamento sulle attività progettuali (riunioni rilevanti, SAL, Steering, ...)
  
Chi stiamo cercando
  
  

**Se hai le seguenti caratteristiche, ti stiamo aspettando:**  

Almeno 5 anni di esperienza in progetti digitali, organizzativi, regolamentari nel settore Banking con focus in ambito Compliance Financial Markets e Investment Banking
  
Laurea in discipline economiche o scientifiche
  
Conoscenza approfondita di Financial Markets, Investment Banking e Regulatory Reporting
  
Esperienza in attività di analisi, raccolta requisiti e predisposizione documentazione di progetto
  
Gestione degli economics di progetto in ottica Total Cost of Ownership
  
Conoscenza della lingua inglese almeno livello B2 secondo scala CEFR
  
Project Management, governance progettuale e analisi rischi e impatti
  
Conoscenza/utilizzo di strumenti AI
  
Predisposizione alla sperimentazione nel continuo e all'evoluzione di processi, soluzioni e modus operandi, facendo anche leva sulle potenzialità abilitate dall'AI
  
Eccellente conoscenza Microsoft Office
  
Guida di progettualità interdisciplinari complesse
  
Conoscenza principali normative in ambito Capital Markets (MiFID II, MiFIR, EMIR, SFTR, MAR, Investor Protection e Product Governance, Dodd Frank Act \- Swap Dealer)
  
Costituisce titolo preferenziale aver svolto percorsi di studio e/o lavoro in ambito internazionale
  
Cosa ti offriamo
  
  

Retribuzione annua lorda a partire da 45\.000 €
  
Il Gruppo prevede una componente variabile della remunerazione così come disciplinata dalle Politiche di Remunerazione consultabili sul sito di Gruppo
  
Elementi complementari disciplinati dal Contratto Collettivo Nazionale Credito e accordi aziendali di secondo livello
  
Iniziative di sviluppo professionale a supporto della crescita delle nostre persone
  
Ampia offerta formativa tramite la Corporate Academy dedicata allo sviluppo continuo delle competenze professionali, manageriali e trasversali a tutti i livelli
  
Possibilità di aderire al lavoro flessibile e alla settimana corta 4x9
  
Sistema moderno e integrato di welfare aziendale (link)
  
Copertura sanitaria e previdenza complementare a decorrere dall’assunzione
  
Vantaggi sui prodotti e servizi bancari del Gruppo
  
  

Chi siamo
  
  

Siamo leader in Italia e uno dei principali gruppi bancari in Europa. Unisciti a noi e fai parte della nostra storia di successo! Con oltre 20 milioni di clienti in Italia e all'estero siamo un vero e proprio motore di crescita sostenibile con un forte impegno per l'ambiente e un impatto tangibile sulla società.
  
  

Le persone sono al centro, ce ne prendiamo cura impegnandoci nel creare una cultura inclusiva all'interno del Gruppo in cui tutti si sentano protagonisti e valorizzati.
  
  

L’Area Chief Data, A.I. \& Technology Officer è la realtà IT del Gruppo che coniuga l’agilità di una fintech con la solidità di un grande gruppo; avrai l'opportunità di lavorare in un contesto innovativo con tecnologie all’avanguardia e con forte spinta alla trasformazione digitale.
  
  

Unisciti alla nostra realtà internazionale. Il futuro non si aspetta, si sceglie!
  
  

\#sharingfuture
  
  

Garantiamo un ambiente inclusivo e di pari opportunità. Considereremo tutte le candidature a prescindere da razza, religione, orientamento sessuale, identità di genere, stato civile, età, disabilità o qualsiasi altra categoria protetta nel rispetto dei D.lgs. 198/2006, 215/03 e 216/03\.
  
  

Per la valutazione delle candidature, i dati saranno utilizzati da Intesa Sanpaolo S.p.A. come Data Controller. Ti invitiamo a prendere visione dell’Informativa Privacy dedicata.","Banks And Financial Services","https://it.indeed.com/cmp/Intesa-Sanpaolo","","https://group.intesasanpaolo.com/it/careers","Torino","10,000+","$5B to $10B (USD)","We are leaders in Italy and one of the main banking groups in Europe. People are our main strength. Responsiveness and flexibility are our hallmarks.","","","","","","","regulatory compliance"
"in-bdd344590909a3c3","indeed","https://it.indeed.com/viewjob?jk=bdd344590909a3c3","https://careers.cargill.com/en/job/-/-/23251/100299427984","EMEAI Process Safety Lead","Cargill","Milano, LOM, IT","2026-09-09","","","","","","",False,"","","","","Cargill is committed to providing food and agricultural solutions to nourish the world in a safe, responsible, and sustainable way. Sitting at the heart of the supply chain, we partner with farmers and customers to source, make and deliver products that are vital for living.


Our 155,000 team members innovate with purpose, providing customers with life’s essentials so businesses can grow, communities prosper, and consumers live well. With over 160 years of experience as a family company, we look ahead while remaining true to our values. We put people first. We reach higher. We do the right thing—today and for generations to come.

**Job Purpose and Impact**
--------------------------



The EMEAI Process Safety Expert will serve as the regional process safety subject matter expert supporting approximately 44 manufacturing sites across the EMEAI region. This newly created role is responsible for strengthening process safety performance, regulatory compliance, and operational risk management across a diverse manufacturing network.


In this role, you will provide technical guidance, coaching, and hands\-on support to manufacturing facilities, partnering closely with site leadership teams to identify risks, develop action plans, and drive the implementation of process safety improvements. You will help define, develop, and deploy corporate process safety standards while supporting continuous improvement across Process Safety Management (PSM) programs throughout the region.

**Key Accountabilities**
------------------------


* Identify risks and lead the development of action plans to improve process safety programs, processes and systems.
* Serve as the regional subject matter expert for Process Safety Management, including Dust Hazard Assessments (DHA), Seveso requirements and ATEX regulations, providing technical guidance and support across EMEAI manufacturing sites.
* Provide technical, regulatory and strategic consultation, support and training on process safety risk management requirements and tools.
* Execute Corporate, regional and local standards for process safety.
* Monitor and analyze leading and lagging metrics to identify areas for improvement.
* Independently handle complex issues with minimal supervision, while escalating only the most complex issues to appropriate staff.
* Other duties as assigned.
* \#LI\-DB2
**Qualifications**
------------------


### **Minimum Qualifications**

* Bachelor’s degree in a Engineering field or equivalent experience
* Advanced level of English both written and verbal
* Minimum of five years of related work experience

### **Preferred Qualifications**

* Bachelor’s degree in Chemical Engineering, Environmental Engineering, or another relevant Engineering discipline.
* Strong process safety expertise within a manufacturing, industrial, or high\-hazard operating environment.
* Strong knowledge of Process Safety Management (PSM) principles and risk management practices.
* Hands\-on experience with Dust Hazard Assessments (DHA), Seveso Directive, and ATEX regulations.
* Experience supporting multiple manufacturing locations or working within a regional/global role.
* Ability to work independently across multiple countries and influence stakeholders without direct authority.
* Experience conducting site assessments, identifying operational risks, and driving corrective and preventive actions.
* Experience within Animal Nutrition \& Health (ANH) or other complex manufacturing environments is highly desirable.
* Strong communication and stakeholder management skills, with the ability to provide coaching and technical support across diverse teams and cultures.
* Ability and willingness to travel extensively (approximately 50%) across the EMEAI region.
**Our Offer**  

We provide a fast paced stimulating international environment, which will stretch your abilities and channel your talents. We also offer competitive salary and benefits combined with outstanding career development opportunities in one of the largest and most solid private companies in the world.


We welcome applications from people with disabilities and are committed to providing an inclusive, accessible recruitment process and workplace. We encourage candidates to let us know if they require any accommodations during the recruitment or interview process so we can support them appropriately.

 **Interested? Then make sure to send us your CV and cover letter in English today:**  

**Follow us on LinkedIn:** **https://www.linkedin.com/company/cargill**


Cargill is committed to being an inclusive employer. Click here to find out more https://careers.cargill.com/diversity/","","https://it.indeed.com/cmp/Cargill","https://d2q79iu7y748jz.cloudfront.net/s/_squarelogo/256x256/6adb1380426540dcfcf7c46564fc8651","https://www.cargill.com/","Minneapolis, MN","10,000+","more than $10B (USD)","Cargill provides food, agriculture, financial and industrial products and services to the world.","","","","","","","regulatory compliance"
"in-efa848e3d3cf1366","indeed","https://it.indeed.com/viewjob?jk=efa848e3d3cf1366","https://jobs.siemens-energy.com/en_US/CareersMarketplace/FolderDetail/Regional-EHS-Leader-GT-Services-Europe-Africa-/302912","Regional EHS Leader - GT Services Europe & Africa","Siemens Energy","Milano, LOM, IT","2026-09-09","parttime, fulltime","","","","","",False,"","","","","To ensure a fair evaluation, please submit your CV in English, as applications in other languages cannot be reviewed.  

**A Snapshot of Your Day**

  


As the EHS Lead for Europe \& Africa region, you will be responsible for leading the Environment, Health \& Safety (EHS) function across the region, driving the implementation of the EHS strategy, strengthening a Zero Harm culture, and ensuring consistent EHS governance, compliance, and performance across all Grid Technologies Service operations, projects, and field service activities. You will partner closely with regional leadership, operational teams, and country stakeholders to enhance safety performance, manage risk, and support sustainable business growth.

  

**How You’ll Make an Impact**


* Define and execute the EHS strategy and roadmap for Grid Technologies Service across Europe \& Africa, aligning with regional and global business objectives.
* Lead and support subregional EHS teams, serving as the key advisor to leadership and ensuring compliance with Siemens Energy standards and legal requirements.
* Promote a strong safety\-first culture through visible leadership, coaching, field engagement, and continuous improvement initiatives.
* Drive EHS performance management, including incident investigations, risk reviews, audits, reporting, and corrective action implementation.
* Integrate EHS into project execution, field service operations, contractor management, and business growth activities across the region.
* Foster collaboration, best\-practice sharing, and innovation by leveraging digital EHS solutions, data analytics, and partnerships with Quality, Training, and Operational Excellence teams.

  

**What You Bring**


* Degree in Engineering, Occupational Health \& Safety, Environmental Management, or a related discipline.
* Significant leadership experience in EHS within energy, industrial, construction, project, or field service environments.
* Proven experience, at least 7/8 years, leading EHS programs across multiple countries and cultures.
* Strong knowledge of EHS management systems, risk management, and regulatory compliance.
* Demonstrated ability to lead through influence and build high\-performing teams in a matrix organization.
* Excellent stakeholder management, communication, and leadership skills.
* Fluent English and willingness to travel internationally.

  

**About the Team**



Our EHS team is dedicated to fostering a culture of safety and compliance across all operations. We work collaboratively to implement best practices and drive continuous improvement initiatives. Our mission is to ensure that every employee returns home safely while supporting sustainable business growth.



Our **Grid Technologies** division enables a reliable, sustainable, and digital grid. The power grid is the backbone of the energy transition. Siemens Energy offers a leading portfolio and solutions in HVDC transmission, grid stabilization and storage, high voltage switchgears and transformers, and digital grid technology.

  

**Who is Siemens Energy?**



At Siemens Energy, we are more than just an energy technology company. With \+100,000 dedicated employees in more than 90 countries, we develop the energy systems of the future, ensuring that the growing energy demand of the global community is met reliably and sustainably. The technologies created in our research departments and factories drive the energy transition and provide the base for one sixth of the world’s electricity generation. Our global team is committed to making sustainable, reliable, and affordable energy a reality by pushing the boundaries of what is possible. We uphold a 150\-year legacy of innovation that encourages our search for people who will support our focus on decarbonization, new technologies, and energy transformation. Find out how you can make a difference at Siemens Energy: https://www.siemens\-energy.com/employeevideo


**Our Commitment to Diversity**



Lucky for us, we are not all the same. Through diversity, we generate power. We run on inclusion, and our combined creative energy is fueled by over 130 nationalities. Siemens Energy celebrates character—no matter what ethnic background, gender, age, religion, identity, or disability. We energize society, all of society, and we do not discriminate based on our differences.

  

**Rewards/Benefits**


* Enjoy a stable employment in a company with a long history in innovation and technology.
* Flexibility: trustful environment with an inclusive and flexible way of working driven by results; hybrid way of working enabled by innovative tools and devices, personal computer and smartphone; wi\-fi connection reimbursement.
* Welfare: flexible welfare programs and health insurance extendable to your family; professional and extraprofessional accident insurance; free on\-site lunch options.
* Collaborate with experienced experts in an international environment.
* The professional and personal development of our employees is very important to us. With us, you have the opportunity to learn and develop in a self\-determined way. Various attractive programs and measures are available for this purpose.


  

The total compensation package for this position, including both fixed and variable components, ranges between € 65\.000 – € 85\.000 gross per year.

Salary ranges for this role are provided in accordance with applicable local legislation. The stated range is based on the Italian labour market.

Where a role may be performed in multiple locations in Italy or abroad, compensation will vary depending on factors such as market conditions, including the local cost of living, as well as experience and qualifications. In such cases, the specific salary range for the location of interest will be communicated in the early stages of the recruitment process and, in any case, before any potential offer of employment is made.","","https://it.indeed.com/cmp/Siemens-Energy","https://d2q79iu7y748jz.cloudfront.net/s/_squarelogo/256x256/be2c3c1c19372eab2eccc9855fbe1b77","https://www.siemens-energy.com/","Berlin","10,000+","Decline to state","At Siemens Energy, we are more than just an energy technology company. We meet the growing energy demand across 90+ countries while ensuring our climate is protected.","","","","","","","regulatory compliance"
"in-dd14eeddec2ca8fe","indeed","https://it.indeed.com/viewjob?jk=dd14eeddec2ca8fe","https://jobs.intesasanpaolo.com/job/Milan-Emerging-Markets-Hard-Currency-Bond-Trader/1435255033/","Emerging Markets Hard Currency Bond Trader","Intesa Sanpaolo","Milano, LOM, IT","2026-09-09","","","","","","",False,"","","","","**Date:** Sep 9, 2026
  
  

**Location:**  

Milan, IT
  
  

**\#job\-location.job\-location\-inline { display:** inline; }
  
**Company:** Intesa Sanpaolo S.p.A.
  
  

.
  
  

Overview
  
  

We are looking for an experienced Emerging Markets Bond Trader to join our Emerging Markets Trading team in Milan.
  
The successful candidate will take a senior role in trading, market making and risk management across Emerging Markets hard currency fixed income, with a primary focus on sovereign and quasi\-sovereign bonds denominated in major currencies, particularly USD and EUR.
  
The candidate will play a key role in the continued development of the Emerging Markets franchise, working closely with Sales and other Trading teams across the international hubs.
  
  

What you'll be doing
  
  

**As an EM Bond Trader, you will be responsible for:**  

Trading and market making across Emerging Markets hard currency sovereign and quasi\-sovereign bonds, primarily denominated in USD and EUR;
  
Managing the market, credit and liquidity risks arising from market\-making and trading activities, within the assigned risk framework and limits;
  
Providing competitive pricing and liquidity across the assigned Emerging Markets perimeter;
  
Actively managing trading positions and portfolio exposures, balancing client flows, market opportunities and and risk/reward considerations;
  
Developing and implementing relative\-value, directional and hedging strategies across EM credit markets;
  
Working closely with Sales to provide market views, axes, pricing and trade ideas, supporting the development of the institutional client franchise;
  
Identifying opportunities to expand client activity and enhance the Bank's product and market coverage across Emerging Markets;
  
Working closely with other Trading desks and international hubs to optimize risk allocation, liquidity and market coverage;
  
Providing senior market expertise and contributing to the broader strategic development of the Emerging Markets trading franchise;
  
Ensuring that all trading activities are conducted in accordance with applicable internal policies, risk limits and regulatory requirements.
  
Who we are looking for
  
  

If you want to turn your passion into a career and you have the following characteristics, we are waiting for you:
  
  

Approximately 5\-10 years of significant experience in Emerging Markets Hard Currency bond trading, gained within a leading investment bank or a comparable financial institution;
  
Extensive experience in sovereign and quasi\-sovereign credit, with direct responsibility for managing trading books and market risk;
  
Strong knowledge of both USD\- and EUR\-denominated Emerging Markets debt;
  
Experience across multiple EM regions, such as LatAm, CEE, Middle East \& Africa and/or Asia;
  
Proven ability to manage sizeable positions and risk exposures across different market and liquidity conditions;
  
A proven ability to identify and develop new trading and business opportunities;
  
Extensive experience with front\-office trading, pricing, risk\-management and position\-keeping systems;
  
A degree in Economics, Finance, Engineering, Mathematics or another relevant quantitative discipline;
  
Strong understanding of sovereign credit analysis, including macroeconomic fundamentals, debt sustainability and political and geopolitical risk;
  
Strong knowledge of credit spreads, yield curves, relative\-value analysis and fixed\-income risk metrics;
  
A thorough understanding of the main hedging instruments used in EM trading, including government bonds, interest\-rate/Fx/credit derivatives;
  
Excellent risk\-management and decision\-making capabilities;
  
Fluency in English.
  
What we offer
  
  

Gross annual salary starting from €100,000
  
The Group provides a performance\-related variable component in line with the Group’s Remuneration Policies available on the Group website
  
Additional benefits set out by the National Collective Labour Agreement for the Banking sector and company\-level agreements
  
Opportunities for professional development to support your growth
  
A wide range of training programes through our Corporate Academy, dedicated to the continuous development of professional, managerial and soft skills at all levels
  
Possibility of flexible working and a 4\-day workweek (4x9\)
  
A modern and integrated corporate welfare system (link)
  
Healthcare coverage and supplementary retirement plan upon employment
  
Benefits on the Group's banking products and services
  
  

About us
  
  

We are the leading banking group in Italy and one of the Top Tier in Europe. Join us and be part of our successful story!
  
  

With over 20 million customers in Italy and abroad, we are a true engine of sustainable growth, with a strong commitment to the environment and a tangible impact on society. People are our driving force. We take care of them and foster an inclusive culture where everyone feels valued and empowered.
  
  

The IMI Corporate \& Investment Banking Division is a global partner for Corporate, Public Finance and Financial Institutions clients. Committed to supporting the economy in the countries in which it operates, it stands out for its historical presence in financial markets and its extensive and innovative offer
  
  

Join an international and innovative Group. Don't wait for the future, choose it!
  
  

\#sharingfuture
  
  

We guarantee an inclusive and equal environment. We will consider all applicants regardless of race, religion, sexual orientation, gender identity, marital status, national origin, age, disability, or any other protected category in compliance to D.lgs. 198/2006, 215/03 and 216/03\.
  
  

For the evaluation of the application, the data will be processed by Intesa Sanpaolo S.p.A. as Data Controller. We invite you to review the dedicated Privacy Information Notice for more details.","Banks And Financial Services","https://it.indeed.com/cmp/Intesa-Sanpaolo","","https://group.intesasanpaolo.com/it/careers","Torino","10,000+","$5B to $10B (USD)","We are leaders in Italy and one of the main banking groups in Europe. People are our main strength. Responsiveness and flexibility are our hallmarks.","","","","","","","regulatory compliance"
"in-3e29dfbb6cffaf34","indeed","https://it.indeed.com/viewjob?jk=3e29dfbb6cffaf34","https://people.camparigroup.com/global/en/job/CRUCAMGLOBAL7190EXTERNALENGLOBAL/Group-International-Tax-Expert?utm_source=indeed&utm_medium=phenom-feeds","Group International Tax Expert","Campari Group","Sesto San Giovanni, LOM, IT","2026-09-08","fulltime","","","","","",False,"","","","","Campari Group today is a major player in the global branded spirits industry, with a portfolio of over 50 premium and super premium brands, marketed and distributed in over 190 markets around the world, with leading positions in Europe and the Americas.


Headquartered in Milan, Italy, Campari Group owns **25** plants worldwide and has its own distribution network in **26** countries, and employs approximately **4,700** people.


Shares of the parent company Davide Campari \- Milano N.V. are listed on the Italian Stock Exchange since 2001\. Campari Group is today the sixth\-largest player worldwide in the premium spirits industry.

 **About the Role*** The Group International Tax Expert will join the Group Tax Department and play a key role in supporting global tax planning activities and international tax matters, including corporate restructurings and M\&A transactions.
* This is an exciting opportunity to join the Group Tax function of a multinational organisation with Italian roots, a strong international footprint, and a successful growth journey driven by both organic expansion and strategic acquisitions across global markets.
* The ideal candidate brings a solid understanding of international tax and regulatory frameworks, combined with strong interpersonal skills and the ability to collaborate effectively across a complex, global business environment.


**Mission \& Objectives*** Campari Group is committed to maintaining and continuously enhancing tax compliance across its global operations, ensuring alignment with both the Group Transfer Pricing Policy and the evolving international taxation framework, including the OECD BEPS Actions.
* In this role, you will contribute to strengthening the Group’s tax governance, supporting strategic business initiatives, and ensuring robust compliance with international tax regulations.


**Key Responsibilities*** Reporting to and working closely with the Group Sr. Tax Director, you will:
* Support global tax projects, including Group restructurings, M\&A transactions, cross\-border initiatives, and other projects requiring international tax expertise and project management skills.
* Provide technical support on international tax matters, including permanent establishment issues, withholding taxes, financing structures, and intercompany transactions.
* Assist in the design and implementation of global tax governance frameworks and tax strategies.
* Identify, assess, and mitigate international tax risks arising from the Group’s operations and strategic projects.
* Manage relationships with external tax advisors and coordinate cross\-functional stakeholders involved in international initiatives.
* Support the drafting and review of intercompany agreements and collaborate closely with the Transfer Pricing team to ensure consistency and alignment of tax positions.
* Proactively contribute to the implementation of the Group Tax Guidelines, helping to enhance overall tax compliance across the organisation.


**Key Stakeholder Relationships**
Internal* Tax teams across the Group
* Regional and local Finance departments
* Global Service Center
* Group IT
* Group Product Supply Chain
* Sales \& Marketing teams
* Corporate Finance
* Legal
* Business Development
* Other support functions on a project basis


External* Tax advisors and consultants

 **Experience*** 3 to 6 years of corporate tax experience gained either within a multinational corporation or a legal/tax consulting firm serving multinational companies.
* Experience within the Fast\-Moving Consumer Goods (FMCG) or Fashion \& Luxury sectors is considered a strong advantage.

 **Qualifications*** Degree in Law, Economics, or Business Administration, with a specialisation or dissertation focused on International Taxation.
* Fluency in English and a good knowledge of Italian are essential.
* Additional language skills are considered a plus.


**Key Competencies*** Strong project management capabilities
* Excellent interpersonal, verbal, and written communication skills
* Ability to collaborate effectively across functions and cultures
* High level of integrity and professional ethics
* Influential leadership style
* Pragmatic, hands\-on approach with strong problem\-solving skills
* Ability to perform effectively under pressure
* Innovative mindset with a focus on continuous improvement


**Technical Skills*** Solid knowledge of international tax and regulatory systems
* Strong analytical and tax research capabilities, including the use of tax databases
* Ability to combine technical tax expertise with practical application of international tax rules
* Advanced proficiency in Microsoft Office applications, particularly Excel and PowerPoint
* Good working knowledge of SAP


**Additional Information*** Availability to travel up to 20% of the time.

 **Compensation \& Benefits**


The indicative annual gross base salary for this position ranges between €55,000 and €65,000, depending on the candidate's experience, skills, and overall profile.The role is classified under the CCNL Alimentare collective labour agreement – Impiegato. The position might also include a variable compensation component and a benefits package in line with applicable company policies.  

Join us and help shape the international tax strategy of a truly global organisation while supporting key business initiatives and transformational projects worldwide. **Our commitment to Diversity \& Inclusion:**


At Campari Group we believe in building more value together, thus we see diversity in all forms as a source of enrichment. Our employment policies and practices ensure that we are committed to providing equal employment opportunities in all aspects of employment without regard to any individual’s race, religion, creed, color, national origin, ancestry, physical disability, mental disability, medical condition, genetic information, marital status, sex, sexual orientation, gender identity or characteristics or expression, political affiliation or activity, age, veteran status, citizenship, or any other characteristic protected by law.

  

Campari Group believes that fair compensation and equal opportunities are crucial for employees’ well\-being, empowerment, and engagement. Our efforts to ensure fair pay have earned us the Fair Pay Certification by Fair Pay Workplace, an independent organization dedicated to dismantling pay disparities based on gender, race and their intersection.

  

Note to applicants:


Your application will be assessed based on your abilities, expertise, general knowledge and experience, not because of any confidential, proprietary or trade secret information you may possess. You must not disclose to Campari Group any such information. In the event that you are asked a question that cannot be answered without disclosure of any confidential, proprietary or trade secret information (including from a current or prior employer or their vendors or customers), you must decline to answer the question.

  

Notice to third party agencies:


Please refrain from cold\-calling or emailing our executive leadership team or the HR community directly. The Talent Acquisition department manages centralized recruiting operations globally, including the selection and management of external suppliers. Currently, our preferred supplier list is at full capacity. To ensure we have your information on file for future consideration, we kindly request that you complete the online form provided here.","","https://it.indeed.com/cmp/Campari-Group","https://d2q79iu7y748jz.cloudfront.net/s/_squarelogo/256x256/378ee0e175434ba30e368663e5b2cc6b","https://people.camparigroup.com/careers-home","Sesto San Giovanni - Milan, IT","1,001 to 5,000","$1B to $5B (USD)","","","","","","","","regulatory compliance"
"in-767f751ea391566c","indeed","https://it.indeed.com/viewjob?jk=767f751ea391566c","https://jobs.ashbyhq.com/IT%20Labs/8294c8eb-787b-43a6-b93b-acfbf08cf03c?utm_source=YDgE2kmvB1","Senior DevSecOps Engineer","IT Labs","Milano, LOM, IT","2026-09-08","fulltime","","","","","",True,"","","","","At IT Labs, we work with premier global consulting organizations to help Tier 1 banks and insurance companies transform operations through AI, automation, and advanced analytics, with a special focus on Anti\-Financial Crime. Our client's expertise includes AI\-driven fraud prevention, Anti\-Money Laundering (AML), and Know Your Customer (KYC) solutions—designing and implementing intelligent systems that enhance detection, automate investigations and due diligence, boost efficiency, and help institutions stay ahead of regulatory change.


You’ll work at the intersection of business transformation, data science, AI engineering, cloud technologies, and financial services, tackling complex challenges with innovative technology for banking and insurance clients across Europe.


Help enable leading consulting organizations to deliver advanced solutions to top global banks and insurers—as they use AI to safeguard millions of customers and vast financial assets. If building secure, compliant, and highly available cloud platforms for enterprise AI excites you, we want you on our team.

**Responsibilities**

* Design, deploy, and maintain secure, automated **CI/CD pipelines** tailored for **AI** applications and enterprise delivery environments
* Implement and manage **Infrastructure as Code (IaC)** using tools such as **Terraform** or **CloudFormation** across cloud platforms
* Embed automated security scanning, vulnerability detection, and compliance guardrails directly into the software delivery lifecycle
* Manage containerization strategies, orchestration environments, and **Kubernetes** clusters, including **EKS** and **AKS**
* Administer cloud infrastructure permissions, identity access controls, and secure networking configurations across environments
* Establish robust monitoring, alerting, and logging systems to ensure high availability, operational visibility, and platform uptime
* Collaborate with enterprise IT and security teams to support penetration testing, incident readiness, and secure network boundaries
* Support secure and scalable deployment of AI services, cloud\-hosted applications, and containerized workloads in production environments

**Required Skills \& Experience**

* **5–10 years** of experience in **DevOps**, **DevSecOps**, **platform engineering**, or **cloud infrastructure engineering**
* Strong hands\-on experience with **AWS** cloud infrastructure, security controls, networking, and container platforms
* Experience designing and managing automated **CI/CD pipelines** for complex cloud\-native applications
* Strong expertise in **Infrastructure as Code**, especially with **Terraform** or **CloudFormation**
* Experience with **Docker**, **Kubernetes**, and orchestration of containerized workloads in enterprise environments
* Familiarity with security scanning tools, vulnerability management, compliance controls, and secure software delivery practices
* Experience with monitoring, logging, alerting, and reliability practices for production systems
* Hands\-on experience with **Git**, **CI/CD tooling**, and infrastructure automation workflows
* Prior engagement in large\-scale enterprise environments and mission\-critical systems
* Candidate **must be located in an EU member country**
* Excellent communication skills in **English**

**Nice to Have**

* Experience with Azure and hybrid cloud environments
* Experience in fintech or financial services
* Familiarity with enterprise security frameworks, penetration testing coordination, and regulated environments

**Working Conditions**

* Full\-time (40 hours/week)
* Individual Contract or B2B arrangement
* Paid Time Off (PTO) provided
* Remote

**Our values**


We are a company that seeks the best for both our employees and clients, reaching beyond expectations in turning dreams into reality. Our way of working is rooted in our core values (Integrity, Excellence, Proactivity, Innovation, and People), with an expectation that our future colleagues will make these their second nature in their everyday work and life. We don’t ask for perfection, but we do appreciate people motivated to better themselves in every conceivable aspect.

**About IT Labs**


Founded in 2005, IT Labs is an international software tech company, specializing in purpose and process\-driven teams for high\-performance, innovation, transformation, and efficiency. Our HQ is in Palm Beach Gardens, Florida, and we have teams around the world \- the UK, the Netherlands, Brazil, Argentina, Serbia, Croatia, BIH, Montenegro, North Macedonia, and the Middle East. We are constantly growing, and we would love for you to become part of our team!","","https://it.indeed.com/cmp/IT-Labs","","","","","","","","","","","","","regulatory compliance"
"li-4465227754","linkedin","https://www.linkedin.com/jobs/view/4465227754","","Quality Assurance Specialist","Hays","Milan, Lombardy, Italy","","","","","","","",False,"","","","","","","https://uk.linkedin.com/company/hays","","","","","","","","","","","","","regulatory compliance"
"li-4465540483","linkedin","https://www.linkedin.com/jobs/view/4465540483","","Quotation Specialist - Medical Devices Services","Eurofins BioPharma Product Testing Italy","Milan, Lombardy, Italy","","","","","","","",False,"","","","","","","https://it.linkedin.com/company/eurofins-biolab-s-r-l-","","","","","","","","","","","","","labeling specialist"
"li-4445714721","linkedin","https://www.linkedin.com/jobs/view/4445714721","","Project Manager R&D Medical Devices","Air Liquide Medical Systems","Bovezzo, Lombardy, Italy","2026-09-09","","","","","","",False,"","","","","","","https://fr.linkedin.com/company/air-liquide-medical-systems","","","","","","","","","","","","","medical device regulatory"
"in-c31ae49599c9273a","indeed","https://it.indeed.com/viewjob?jk=c31ae49599c9273a","https://rgi-group.factorialhr.com/job_posting/head-of-claims-professional-services-321335","Head of Claims Professional Services","RGI Group","Milano, LOM, IT","2026-09-08","fulltime","","","","","",False,"","","","","* Permanent
* Full\-time
* Hybrid (Milan, Milano\\Lombardia, Italy)
* Delivery \- Shared Service AM
**Why this role matters**
-------------------------


Insurance claims are where promises become reality.


At RGI, we're shaping the future of Claims transformation for some of Europe's most demanding insurance organisations. We are looking for an exceptional leader to drive our Claims Professional Services practice and help insurers modernise one of the most complex and business\-critical areas of their operations.


This is not a traditional consulting role.


This is an opportunity to become the reference point for Claims transformation initiatives, leading strategic programmes, influencing executive stakeholders, and guiding highly specialised teams delivering enterprise\-scale solutions across the insurance market.

**The challenge**
-----------------


As Head of Claims Professional Services, you will take ownership of our Claims delivery practice, acting as the bridge between insurance business strategy, operational excellence, and technology execution.


You will work with senior client stakeholders, support the successful delivery of complex transformation programmes, and lead multidisciplinary teams of analysts, consultants, and subject matter experts.


Your expertise will help clients redesign and evolve their Claims operations while ensuring successful execution, measurable business outcomes, and long\-term partnerships.

**What you will do**
--------------------

* Lead the Professional Services practice focused on Claims transformation initiatives.
* Act as a trusted advisor for senior insurance executives and business stakeholders.
* Drive the successful delivery of complex Claims programmes from strategic design through implementation.
* Guide and mentor highly skilled functional consultants and business analysts.
* Support pre\-sales initiatives by providing deep industry expertise and helping define transformation roadmaps.
* Ensure projects deliver tangible business value, operational efficiency and customer\-centric outcomes.
* Manage challenging stakeholder environments and facilitate high\-level decision\-making processes.
* Contribute to the evolution of RGI's Claims offering by bringing market insights, best practices and innovation ideas.
* Build strong, long\-term relationships with insurance clients and key industry stakeholders.
  

**Who you are**
---------------


You are recognised as a Claims expert by your peers.


You have spent a significant part of your career helping insurers improve, transform or modernise their Claims operations and systems. You combine deep domain expertise with strong leadership skills and the credibility required to influence senior decision\-makers.


You understand not only technology, but also the business, operational and regulatory complexities that make Claims one of the most strategic functions within an insurance company.

**What we are looking for**
---------------------------

* 15\+ years of experience within the insurance industry, with a strong focus on Claims.
* Extensive knowledge of end\-to\-end Claims processes across Property \& Casualty insurance.
* Proven track record leading large Claims transformation or modernisation programmes.
* Experience working with tier\-one insurers or major insurance software ecosystems.
* Strong leadership capabilities and experience managing senior teams and complex delivery organisations.
* Ability to engage confidently with C\-level and executive stakeholders.
* Excellent communication, negotiation and stakeholder management skills.
* Strong consulting mindset with the ability to balance strategic vision and execution excellence.
* International experience in complex, multi\-stakeholder environments is highly appreciated.
* Fluent English.
  

**Why join RGI**
----------------


RGI is one of Europe's leading Insurtech groups, supporting insurers in their digital transformation journey for more than 35 years.


You will join a company where Claims is becoming a strategic growth area and where your expertise can directly influence the future of our solutions, our clients and the insurance market itself.


This is an opportunity to leave a lasting mark on the industry while working alongside some of the most experienced insurance and technology professionals in Europe.","Internet And Software","https://it.indeed.com/cmp/Rgi-Group-4","","http://www.rgigroup.com/","Via Cesare Pavese 6, 10015 IVREA, TO

","1,001 to 5,000","$100M to $500M (USD)","RGI è l'insurtech leader in Europa che guida la trasformazione digitale del settore assicurativo EMEA attraverso la tecnologia.","","","","","","","regulatory strategy"
"li-4463976273","linkedin","https://www.linkedin.com/jobs/view/4463976273","","SUPPLIER QUALITY ENGINEER / QUALITY ASSURANCE ENGINEER","Synergie Italia","Cassano d'Adda, Lombardy, Italy","2026-09-11","","","","","","",False,"","","","","","","https://it.linkedin.com/company/synergie-italia","","","","","","","","","","","","","AIFA compliance"
"li-4464789740","linkedin","https://www.linkedin.com/jobs/view/4464789740","","Digital Performance Marketing Analyst","Redcare Pharmacy","Settala, Lombardy, Italy","2026-09-14","","","","","","",False,"","","","","","","https://nl.linkedin.com/company/redcare-pharmacy-com","","","","","","","","","","","","","notified body"
"in-970c2b9d3c6bea0b","indeed","https://it.indeed.com/viewjob?jk=970c2b9d3c6bea0b","https://ars2.equest.com/?response_id=1bd41cde36c11270608ca4b76f8891f8","Global Cybersecurity Operations Manager","Amplifon","Milano, LOM, IT","2026-09-15","fulltime","","","","","",True,"","","","","**Job Description****Who we are**


Amplifon is an Italian multinational company and the global leader in hearing care solutions and services. More than 20,000 professionals every day, in a network of 9,500 points of sale across 24 countries, give back the joy of hearing, feeling and living to thousands of people across the world.


We believe people are the most important component of our success, and that it is only through strong investment in talent, continuous development, support and recognition that our people can exceed every limit and build a fulfilling career. Aligned to our Winning Workplace, we offer a hybrid working policy allowing employees to work 6 days/month remotely.

**Role Purpose**


Amplifon is looking for a **Global Security Operations Manager** to lead the day\-to\-day execution of the Group's Security Operations, ensuring effective monitoring, detection, response and continuous improvement of cybersecurity capabilities across a multinational environment.


Reporting to the **Group Chief Information Security Officer (CISO)**, the Global Security Operations Manager is responsible for coordinating internal cybersecurity specialists and managed security partners (SOC/MDR, NDR, endpoint protection, incident response providers and specialist vendors), ensuring efficient and resilient security operations on a global scale.


The role combines operational leadership with strong technical expertise, driving continuous improvement across security monitoring, incident response, vulnerability management and security platform operations while operating within the Group's governance and compliance framework.

**Key Responsibilities**

**Security Operations**

  

* Manage the daily execution of the Group Security Operations across endpoint, network, identity and cloud environments.
* Coordinate the Security Operations Center (SOC) and Managed Detection \& Response (MDR) services, ensuring service quality and adherence to agreed SLAs.
* Improve detection capabilities by developing and maintaining SIEM use cases, playbooks and security automation initiatives.
* Monitor operational performance and identify opportunities for continuous improvement.

  

**Incident Response \& Cyber Resilience**  

* Coordinate the end\-to\-end incident response process, including preparation, detection, containment, eradication, recovery and post\-incident reviews.
* Manage major security incidents in collaboration with internal stakeholders and external incident response partners.
* Drive remediation activities and support initiatives aimed at strengthening cyber resilience and operational readiness.

  

**Vulnerability \& Threat Management**  

* Manage the vulnerability management lifecycle, including identification, prioritization, remediation tracking and validation.
* Support threat intelligence activities and exposure management initiatives to prioritize security risks.
* Coordinate penetration testing and security assessment activities with infrastructure and application teams.

  

**Security Engineering \& Platform Operations**  

* Oversee the operational management and continuous improvement of the Group's security technologies, including SIEM, SOAR, EDR/XDR, NDR, email security, firewalls, MFA and privileged access management.
* Collaborate with infrastructure and cloud teams to implement secure configurations and security\-by\-design principles.

  

**Vendor \& Team Coordination**  

* Coordinate a team of security specialists, supporting their development and ensuring effective collaboration across countries.
* Manage relationships with managed security service providers and specialist vendors, monitoring service performance, escalations and operational deliverables.

  

**Reporting \& Planning**  

* Monitor operational KPIs, SLAs and security metrics, providing regular reporting to the Group CISO.
* Support budget planning, capacity planning and continuous improvement initiatives within the Security Operations function.

  

**Governance, Risk \& Compliance**  

* Ensure Security Operations activities comply with the Group Information Security Management System (ISMS), ISO/IEC 27001, NIS2 and applicable regulations.
* Support internal and external audits and contribute to maintaining compliance with security policies and standards.

  

**Candidate Profile****Experience**

  

* 6\-8 years of experience in cybersecurity, including significant experience in Security Operations, SOC or Incident Response environments.
* Previous experience managing security operations teams or coordinating technical cybersecurity professionals.
* Experience working with Managed Security Service Providers (MSSPs) and external security vendors.
* Experience handling cybersecurity incidents and coordinating response activities.
* Exposure to multinational and complex enterprise environments is preferred.

  

**Technical Skills**  

* Strong knowledge of Security Operations technologies, including SIEM/SOAR, EDR/XDR, vulnerability management, threat intelligence and incident response.
* Good understanding of enterprise infrastructure, networking, cloud platforms (Azure, AWS and/or GCP) and identity security.
* Familiarity with security frameworks and standards including ISO/IEC 27001, NIS2, GDPR and NIST.

  

**Leadership \& Soft Skills**  

* Strong communication and stakeholder management skills.
* Ability to prioritize activities and manage multiple initiatives in a fast\-paced environment.
* Analytical mindset with a continuous improvement approach.
* Collaborative leadership style and ability to work across international teams.

  

**Education \& Certifications**  

* Degree in Computer Science, Engineering, Cybersecurity or equivalent experience.
* Professional certifications such as CISSP, CISM, GCIH or similar are considered a plus.
* Fluency in English is mandatory; Italian is a plus.

**What We Offer**

  

* The opportunity to contribute to the security operations of a leading global company operating across 24 countries.
* Close collaboration with the Group CISO and international technology teams.

**Location**: HQ Milan, Italy (Hybrid \- allowing employees to work 6 days per month remotely)


**Compensation \& Benefits**


**Applicable Collective Agreement**: CCNL Commercio (Terziario, Distribuzione e Servizi)


**Contractual Level**:Quadro

**Contract Type**: Permanent \- Full Time


The reference **Gross Annual Salary** is approximately in the range of EUR 70\.000 \- 92\.000 . The actual compensation will be commensurate with the candidate's experience and specific skills and knowledge and also to the educational background.


The position is also eligible for an annual incentive scheme based on Company and individual performance KPIs, with a payout whose target is equal to 15% of the annual gross salary, in line with Company policies.


**Benefits**  

  



* **€1,700 Annual Welfare plan** for your personal well\-being on a wide range of services
* **Health Insurance: QUAS** healthcare coverage and an additional company integrative insurance \+ Accident Insurance
* **Supplementary pension scheme:**option to enrol in the Fondo Fon.Te with employer contributions
* **Office Perks:**On\-site **canteen**and free **company parking**
* **BeWellProgram:**Free access to learning platforms and training programs. We invest in your growth through ongoing learning opportunities, while also offering special corporate discounts, dedicated services for you and your loved ones, and initiatives focused on your wellbeing and physical health
* 6 days of remote working per month.

**Equal Opportunities Statement**


Amplifon is an equal opportunity employer committed to providing a diverse and equitable workforce environment. We believe that through valuing our uniqueness and respecting our differences, we can achieve more, and that diversity adds to our culture. We encourage applications from all genders, corners of the world and individual backgrounds.","","https://it.indeed.com/cmp/Amplifon","https://d2q79iu7y748jz.cloudfront.net/s/_squarelogo/256x256/d375f0b63b13de3cdd531a29d3aab723","https://careers.amplifon.com/en","","10,000+","$1B to $5B (USD)","We empower people to rediscover all the emotions of sound.","","","","","","","MDR compliance"
"li-4386883470","linkedin","https://www.linkedin.com/jobs/view/4386883470","","Sales Specialist – Tender Medical Devices","Dräger","Corsico, Lombardy, Italy","2026-09-13","","","","","","",False,"","","","","","","https://de.linkedin.com/company/draeger","","","","","","","","","","","","","variation management"
"li-4465405342","linkedin","https://www.linkedin.com/jobs/view/4465405342","","Moncler Demand Planner","BoF Careers","Milan, Lombardy, Italy","2026-09-12","","","","","","",False,"","","","","","","https://www.linkedin.com/company/bof-careers","","","","","","","","","","","","","variation management"
"li-4463975851","linkedin","https://www.linkedin.com/jobs/view/4463975851","","Demand Planner","Coop Consorzio Nord Ovest","Pieve Emanuele, Lombardy, Italy","2026-09-11","","","","","","",False,"","","","","","","https://it.linkedin.com/company/coop-consorzio-nord-ovest","","","","","","","","","","","","","variation management"
"li-4428464635","linkedin","https://www.linkedin.com/jobs/view/4428464635","","Demand Planner - IT (Milan)","LG Electronics","Milan, Lombardy, Italy","2026-09-11","","","","","","",False,"","","","","","","https://kr.linkedin.com/company/lg-electronics","","","","","","","","","","","","","variation management"
"li-4465104615","linkedin","https://www.linkedin.com/jobs/view/4465104615","","E-commerce Marketplace Lead","ABB","Bergamo, Lombardy, Italy","2026-09-11","","","","","","",False,"","","","","","","https://ch.linkedin.com/company/abb","","","","","","","","","","","","","variation management"
"li-4464193544","linkedin","https://www.linkedin.com/jobs/view/4464193544","","Demand Planning Specialist, Home and Personal Care","Bolton","Milan, Lombardy, Italy","2026-09-10","","","","","","",False,"","","","","","","https://it.linkedin.com/company/bolton","","","","","","","","","","","","","variation management"
