"id","site","job_url","job_url_direct","title","company","location","date_posted","job_type","salary_source","interval","min_amount","max_amount","currency","is_remote","job_level","job_function","listing_type","emails","description","company_industry","company_url","company_logo","company_url_direct","company_addresses","company_num_employees","company_revenue","company_description","skills","experience_range","company_rating","company_reviews_count","vacancy_count","work_from_home_type","search_term"
"in-9eeea56cf9cb4433","indeed","https://it.indeed.com/viewjob?jk=9eeea56cf9cb4433","https://careers.astrazeneca.com/job/milan/medical-advisor-amyloidosis/7684/98218328336","Medical Advisor Amyloidosis","AstraZeneca","Milano, LOM, IT","2026-07-24","fulltime","","","","","",False,"","","","","**Location** Milan, Lombardy, Italy **Job ID** R\-256890 **Date posted** 23/07/2026
  
Are you ready to shape the scientific narrative in amyloidosis and turn robust evidence into actions that change patient outcomes? In this role, you will connect cutting\-edge science with real\-world practice for rare and complex conditions, helping patients receive timely, accurate diagnosis and effective treatment. You will anchor the medical strategy, lead cross\-functional initiatives, and ensure every engagement is scientifically rigorous and fully compliant.


Can you see yourself building trusted partnerships with leading clinicians while guiding studies and education that raise the standard of care? Operating at the intersection of medical affairs, clinical research, and commercial collaboration, you will lead initiatives that strengthen our presence with specialists. With access to global expertise and the agility to move at pace, you will translate complex biology into meaningful impact for people who need it most.


**Accountabilities:**


**KOL strategy and engagement**: Identify, map, and develop Key Opinion Leaders; build trusted scientific relationships that surface insights, inform plans, and enhance external credibility.


**Medical plan and project leadership:** Own delivery of the medical plan and lead local clinical, observational, and diagnostic screening projects with cross\-functional partners—on time, on budget, and with measurable impact.


**Scientific excellence:** Build and continuously deepen expertise in amyloidosis and our therapies; monitor literature and data, then translate learnings into clear guidance, actions, and field enablement.


**Compliance and governance:** Uphold local laws, codes, and internal policies across all materials, activities, and educational programs to ensure ethical, compliant operations.


**Medical education and materials:** Create high\-quality educational content and provide scientific support for the development, review, and approval of materials for scientific meetings, symposia, and other medical education activities.


**Scientific exchange:** Deliver reactive, on\-site scientific presentations; participate in local meetings to educate, gather intelligence, and bring back insights that shape strategy.


**Pharmacovigilance collaboration:** Partner with safety teams to address medical issues related to adverse events, supporting patient safety and effective risk communication.


**Commercial partnership:** Work with marketing and sales to craft scientifically sound promotional messages, supportive documentation, and tailored projects aligned to medical strategy.


**Training and capability building:** Support the Medical Lead in training the sales force and in reviewing promotional materials in line with local regulatory requirements.


**Professional engagement:** Engage with professional societies and external groups to support your development and expand high\-quality field insights that inform our plans.


**Essential Skills/Experience:**


* Proven ability to identify, map, and develop Key Opinion Leaders and maintain strong scientific relationships.
* Experience acting as project manager for medical plans, local clinical studies, observational studies, and diagnostic screening projects with cross\-functional collaboration.
* Demonstrated capability to develop and maintain scientific expertise and familiarity with literature regarding products and the relevant therapeutic disease area.
* Strong knowledge of local laws and guidelines, codes of practice, and company policies related to promotional materials, activities, and educational programs.
* Experience developing educational materials for internal and external medical initiatives in relevant therapeutic areas.
* Track record of delivering reactive medical presentations to customers on site.
* Experience supporting pharmacovigilance activities and managing medical issues related to adverse events.
* Experience collaborating with country marketing and sales teams on promotional messaging, supportive documentation, and customized projects.
* Experience providing scientific support for the development, review, and approval of materials for scientific meetings, symposia, and other medical education activities.
* Experience participating in local meetings for educational purposes and to gather medical intelligence and insights.
* Experience supporting a Medical Lead in delivering medical training to sales teams.
* Experience supporting promotional review processes in alignment with local regulatory requirements.

**Desirable Skills/Experience**:


* Advanced scientific or medical degree (e.g., MD, PharmD, PhD) with focus in amyloidosis or related disciplines.
* Medical affairs experience in diseases or conditions with high unmet need.
* Established network within the community and experience engaging national or regional KOLs.
* Familiarity with diagnostic pathways, screening programs, and real\-world evidence methodologies.
* Excellent scientific communication skills in both local language and English
* Ability to thrive in a fast\-paced, matrixed environment and translate complex data into clear, actionable insights.

**Why AstraZeneca:** Join a team where rare disease focus meets the resources and reach of a global biopharma leader. We bring diverse minds into the same room to spark bold thinking, learn quickly, and stay close to the patient experience—pairing scientific depth with smart execution across the patient journey. You will collaborate directly with scientific leaders, access advanced evidence\-generation capabilities, and see your work travel from strategy to bedside in areas of profound unmet need. We value ambition alongside kindness and integrity, provide high trust with real autonomy, and use in\-person collaboration around three days a week—balanced with flexibility—to connect, work at pace, and challenge assumptions together.


**Call to Action:** If you are ready to elevate amyloidosis care by turning science into meaningful change for patients, step into this role and shape what’s possible with AstraZeneca today!


We offer:


Salary range: 69\.475,20€ to 104\.212,80€ per annum


Contract Level: A3


CBA: Chemical\-Pharmaceutical


Full\-time


Permanent


Benefits:


In addition to the Gross Base Salary, we offer:


* An annual target bonus governed by the Company’s policies as amended from time to time and subject to periodic review
* Participation Bonus
* Wellbeing benefits (welfare, insurance, psychological support, etc.)

Final compensation will be determined based on a variety of factors, including but not limited to skills, experience, internal organizational equity and other relevant factor.


**Date Posted**


24\-lug\-2026
**Closing Date**


23\-ago\-2026
AstraZeneca embraces diversity and equality of opportunity. We are committed to building an inclusive and diverse team representing all backgrounds, with as wide a range of perspectives as possible, and harnessing industry\-leading skills. We believe that the more inclusive we are, the better our work will be. We welcome and consider applications to join our team from all qualified candidates, regardless of their characteristics. We comply with all applicable laws and regulations on non\-discrimination in employment (and recruitment), as well as work authorization and employment eligibility verification requirements.","","https://it.indeed.com/cmp/Astrazeneca","https://d2q79iu7y748jz.cloudfront.net/s/_squarelogo/256x256/f2c4573da9c8a5f3d23f2bc4e5da72a3","http://www.astrazeneca.com","Cambridge, England","10,000+","more than $10B (USD)","Build unrivalled capabilities in a place that promotes learning agility and offers development opportunities. We never standstill so you’ll have the chance to constantly grow your abilities.","","","","","","","regulatory affairs"
"li-4443237994","linkedin","https://www.linkedin.com/jobs/view/4443237994","","Regulatory Affairs Manager - Extra EU - Agrofarmaci & Pesticidi","Hays","","2026-07-28","","","","","","",False,"","","","","","","https://uk.linkedin.com/company/hays","","","","","","","","","","","","","regulatory affairs"
"li-4443250050","linkedin","https://www.linkedin.com/jobs/view/4443250050","","EU Regulatory Affairs Intern","KIKO MILANO","Bergamo, Lombardy, Italy","2026-07-28","","","","","","",False,"","","","","","","https://it.linkedin.com/company/kiko-make-up-milano---percassi","","","","","","","","","","","","","regulatory affairs"
"li-4442863285","linkedin","https://www.linkedin.com/jobs/view/4442863285","","Regulatory Specialist","ASCENZA Italia","Saronno, Lombardy, Italy","2026-07-27","","","","","","",False,"","","","","","","https://it.linkedin.com/company/ascenzaitalia","","","","","","","","","","","","","regulatory affairs"
"li-4445956883","linkedin","https://www.linkedin.com/jobs/view/4445956883","","Director of Regulatory Affairs","Upsilon Global","Milan, Lombardy, Italy","2026-07-27","","","","","","",False,"","","","","","","https://uk.linkedin.com/company/upsilon-global","","","","","","","","","","","","","regulatory affairs"
"li-4445913377","linkedin","https://www.linkedin.com/jobs/view/4445913377","","R&D Product Development Specialist | Medical Devices","TDC Technology Dedicated to Care","Arese, Lombardy, Italy","2026-07-27","","","","","","",False,"","","","","","","https://it.linkedin.com/company/tdc-technology-dedicated-to-care","","","","","","","","","","","","","regulatory affairs"
"li-4343985374","linkedin","https://www.linkedin.com/jobs/view/4343985374","","Regulatory Affairs | Brescia","Biopharmed","","2026-07-26","","","","","","",False,"","","","","","","https://it.linkedin.com/company/biopharmed-life-sciences-recruiting","","","","","","","","","","","","","regulatory affairs"
"li-4444123105","linkedin","https://www.linkedin.com/jobs/view/4444123105","","Regulatory Affairs Junior","Adecco","Milan, Lombardy, Italy","","","","","","","",False,"","","","","","","https://ch.linkedin.com/company/adecco","","","","","","","","","","","","","regulatory affairs"
"li-4446050416","linkedin","https://www.linkedin.com/jobs/view/4446050416","","Regulatory Affair Dept","Italmatch Chemicals","Arese, Lombardy, Italy","","","","","","","",False,"","","","","","","https://it.linkedin.com/company/italmatch-chemicals-spa","","","","","","","","","","","","","regulatory affairs"
"li-4446599362","linkedin","https://www.linkedin.com/jobs/view/4446599362","","Regulatory Affairs Specialist | REACH, CLP","Mynameis","Milan, Lombardy, Italy","","","","","","","",False,"","","","","","","https://it.linkedin.com/company/mynameis","","","","","","","","","","","","","regulatory affairs"
"li-4444138389","linkedin","https://www.linkedin.com/jobs/view/4444138389","","Regulatory Affairs Specialist","Tintinelli & CO S.R.L.","Milan, Lombardy, Italy","","","","","","","",False,"","","","","","","https://it.linkedin.com/company/tintinelli-co-s-r-l","","","","","","","","","","","","","regulatory affairs"
"in-dcceabac89723ba6","indeed","https://it.indeed.com/viewjob?jk=dcceabac89723ba6","https://jp.syneoshealth.com/careers/jobs/18049470-sponsor-dedicated-crai-slash-cra-ii-regionalized-north-italy-home-based-milan-area","Sponsor Dedicated CRAI/CRA II Regionalized North Italy - Home Based Milan area","サイネオス・ヘルス","LOM, IT","2026-07-29","","","","","","",True,"","","","","**Updated:** Yesterday  

**Location:** Remote, MI, Italy  

**Job ID:** 25111138


Not ready to apply?  

Join our Talent Network
**Description**


Sponsor Dedicated CRAI/CRA II Regionalized North Italy \- Home Based Milan area
Syneos Health® is a leading fully\-integrated life sciences services organization built to accelerate customer success. We partner with innovators at every point across the drug development and commercialization continuum, helping them navigate complexity, anticipate change and accelerate progress.  

  

Our Clinical Solutions team members act with a drug development mindset, applying their years of experience and deep expertise to truly understand customer needs and represent those in the solutions we shape.
  

  

Whether you join us in a Functional Service Provider partnership or a Full\-Service environment, you’ll collaborate with passionate problem solvers, innovating as a team to help our customers achieve their goals. We are agile and driven to deliver – for one another, our customers, and, most importantly, for those in need.
  

  

Discover what your 25,000 future colleagues already know:
  

  

Why Syneos Health  

* We are passionate about developing our people, through career development and progression; supportive and engaged line management; technical and therapeutic area training; peer recognition and total rewards program.
* We are committed to building an inclusive culture – where you can authentically be yourself. Central to this is our purpose – Driven to Deliver – which captures the passion of our colleagues to show up each day and shape solutions that have the ability to dramatically impact someone’s life.
* We are continuously building the company we all want to work for and our customers want to work with. Why? Because we know that when we bring together smart colleagues from across the world, we can shape the future of healthcare, driving impact for customers and defining the pace of patient progress.
**Job Responsibilities**

* Performs site qualification, site initiation, interim monitoring, site management activities and close\-out visits (performed on\-site or remotely) ensuring regulatory, ICH\-GCP and/or Good Pharmacoepidemiology Practice (GPP) and protocol compliance. Uses judgment and experience to evaluate overall performance of site and site staff and to provide recommendations regarding site\-specific actions; immediately communicates/escalates serious issues to the project team and develops action plans. Maintains a working knowledge of ICH/GCP Guidelines or other applicable guidance, relevant regulations, and company SOPs/processes.
* Verifies the process of obtaining informed consent has been adequately performed and documented for each subject/patient, as required/appropriate. Demonstrates diligence in protecting the confidentiality of each subject/patient. Assesses factors that might affect subject/patient’s safety and clinical data integrity at an investigator/physician site such as protocol deviation/violations and pharmacovigilance issues.
* Per the Clinical Monitoring/Site Management Plan (CMP/SMP): Assesses site processes. Conducts Source Document Review of appropriate site source documents and medical records. Verifies required clinical data entered in the case report form (CRF) is accurate and complete. Applies query resolution techniques remotely and on site, and provides guidance to site staff as necessary, driving query resolution to closure within agreed timelines. Utilizes available hardware and software to support the effective conduct of the clinical study data review and capture. Verifies site compliance with electronic data capture requirements.
* May perform investigational product (IP) inventory, reconciliation and reviews storage and security. Verifies the IP has been dispensed and administered to subjects/patients according to the protocol. Verifies issues or risks associated with blinded or randomized information related to IP. Applies knowledge of GCP/local regulations and organizational procedures to ensure IP is appropriately (re)labelled, imported and released/returned.
* Routinely reviews the Investigator Site File (ISF) for accuracy, timeliness and completeness. Reconciles contents of the ISF with the Trial Master File (TMF). Ensures the investigator/physician site is aware of the requirement of archiving essential documents in accordance with local guidelines and regulations.
* Documents activities via confirmation letters, follow\-up letters, trip reports, communication logs, and other required project documents as per SOPs and Clinical Monitoring Plan/Site Management Plan. Supports subject/patient recruitment, retention and awareness strategies. Enters data into tracking systems as required to track all observations, ongoing status and assigned action items to resolution.
* For assigned activities, understands project scope, budgets, and timelines; manages site\-level activities / communication to ensure project objectives, deliverables and timelines are met. Must be able to quickly adapt to changing priorities to achieve goals / targets.
* May act as primary liaison with study site personnel, or in collaboration with Central Monitoring Associate. Ensures all assigned sites and project\-specific site team members are trained and compliant with applicable requirements
* Prepares for and attends Investigator Meetings and/or sponsor face to face meetings. Participates in global clinical monitoring/project staff meetings (inclusive of Sponsor representation, as applicable) and attends clinical training sessions according to the project specific requirements.
* Provides guidance at the site and project level towards audit readiness standards and supports preparation for audit and required follow\-up actions.
* Maintains a working knowledge of ICH/GCP Guidelines or other applicable guidance, relevant regulations, and company SOPs/processes; completes assigned training as required. For Real World Late Phase, the CRA II will use the business card title of Site Management Associate II. Additional responsibilities include:Site support throughout the study lifecycle from site identification through close\-out. Knowledge of local requirements for real world late phase study designs.Chart abstraction activities and data collection  

Collaboration with Sponsor affiliates, medical science liaisons and local country staff. The SMA II may be requested to train junior staff. Identify and communicate out of scope activities to Lead CRA/Project Manager. Proactively suggest potential sites based on local knowledge of treatment patterns, patient advocacy and Health Care Provider (HCP) associations.


Qualifications:

* Minimum approx. 1 year of experience as CRA certified according to DM 15 Nov 2011
* Knowledge of Good Clinical Practice/ICH Guidelines and other applicable regulatory requirements
* Must demonstrate good computer skills and be able to embrace new technologies
* Excellent communication, presentation and interpersonal skills
* Ability to manage required travel of up to 75% on a regular basis


The employment relationship shall be governed by the National Collective Labour Agreement (CCNL) for employees of companies operating in the tertiary, distribution and services sectors (""CCNL Commercio""), and all related provisions shall apply, including Article 213, in its version in force from time to time.


The potential annual gross salary range for this role will be 36,000\.00 EUR \- 53,000\.00 EUR, excluding any additional benefits and allowances.

**Get to know Syneos Health**

  

Over the past 5 years, we have worked with 94% of all Novel FDA Approved Drugs, 95% of EMA Authorized Products and over 200 Studies across 73,000 Sites and 675,000\+ Trial patients.


No matter what your role is, you’ll take the initiative and challenge the status quo with us in a highly competitive and ever\-changing environment. Learn more about Syneos Health.


http://www.syneoshealth.com

**Additional Information**

  

Tasks, duties, and responsibilities as listed in this job description are not exhaustive. The Company, at its sole discretion and with no prior notice, may assign other tasks, duties, and job responsibilities. Equivalent experience, skills, and/or education will also be considered so qualifications of incumbents may differ from those listed in the Job Description. The Company, at its sole discretion, will determine what constitutes as equivalent to the qualifications described above. Further, nothing contained herein should be construed to create an employment contract. Occasionally, required skills/experiences for jobs are expressed in brief terms. Any language contained herein is intended to fully comply with all obligations imposed by the legislation of each country in which it operates, including the implementation of the EU Equality Directive, in relation to the recruitment and employment of its employees. The Company is committed to compliance with the Americans with Disabilities Act, including the provision of reasonable accommodations, when appropriate, to assist employees or applicants to perform the essential functions of the job.

**Summary**


Roles within Clinical Monitoring/CRA are responsible for overseeing and ensuring the integrity of clinical research studies by monitoring data and processes from a centralized location. This includes conducting remote monitoring of trial sites to verify compliance with regulatory requirements and clinical protocols. Utilizes data analytics and risk\-based monitoring techniques to identify potential issues and trends, ensuring that trials are conducted in accordance with established clinical practices. Collaborates with site teams to develop and implement tools, procedures, and processes that enhance quality monitoring and support the overall success of clinical trials. Impact and Contribution Individual contributors with responsibility in a professional or technical discipline or specialty, but may manage two or fewer employees. May direct the work of lower level professionals or manage processes and programs. The majority of time is spent contributing to the design, implementation or delivery of processes, programs, and policies, using knowledge and skills typically acquired through advanced education. Established and productive individual contributor. May manage defined components of projects or processes within area of responsibility. Requires practical knowledge of a professional area, typically obtained through education combined with experience.","","https://it.indeed.com/cmp/%E3%82%B5%E3%82%A4%E3%83%8D%E3%82%AA%E3%82%B9-%E3%83%98%E3%83%AB%E3%82%B9","","","","","","","","","","","","","regulatory manager"
"in-74877c6d01a7668f","indeed","https://it.indeed.com/viewjob?jk=74877c6d01a7668f","https://jp.syneoshealth.com/careers/jobs/18047286-sr-cra-freelance-italia","Sr CRA Freelance Italia","サイネオス・ヘルス","LOM, IT","2026-07-29","","","","","","",True,"","","","","**Updated:** Yesterday  

**Location:** Remote, MI, Italy  

**Job ID:** 25110912


Not ready to apply?  

Join our Talent Network
**Description**


Sr CRA Freelance Italia
Syneos Health® is a leading fully\-integrated life sciences services organization built to accelerate customer success. We partner with innovators at every point across the drug development and commercialization continuum, helping them navigate complexity, anticipate change and accelerate progress.  

  

Our Clinical Solutions team members act with a drug development mindset, applying their years of experience and deep expertise to truly understand customer needs and represent those in the solutions we shape.
  

  

Whether you join us in a Functional Service Provider partnership or a Full\-Service environment, you’ll collaborate with passionate problem solvers, innovating as a team to help our customers achieve their goals. We are agile and driven to deliver – for one another, our customers, and, most importantly, for those in need.
  

  

Discover what your 25,000 future colleagues already know:
  

  

Why Syneos Health  

* We are passionate about developing our people, through career development and progression; supportive and engaged line management; technical and therapeutic area training; peer recognition and total rewards program.
* We are committed to building an inclusive culture – where you can authentically be yourself. Central to this is our purpose – Driven to Deliver – which captures the passion of our colleagues to show up each day and shape solutions that have the ability to dramatically impact someone’s life.
* We are continuously building the company we all want to work for and our customers want to work with. Why? Because we know that when we bring together smart colleagues from across the world, we can shape the future of healthcare, driving impact for customers and defining the pace of patient progress.
**Job Responsibilities**

* Performs site qualification, site initiation, interim monitoring, site management and close\-out visits (performed on\-site or remotely) ensuring regulatory, ICH\-GCP and/or Good Pharmacoepidemiology Practices (GPP) and protocol compliance. Uses judgment and experience to evaluate overall performance of site and site staff and to provide recommendations regarding site\-specific actions; immediately communicates/escalates serious issues to the project team and develops action plans. Maintains a working knowledge of ICH/GCP Guidelines or other applicable guidance, relevant regulations, and company SOPs/processes.
* Verifies the process of obtaining informed consent has been adequately performed and documented for each subject/patient as required/appropriate. Demonstrates diligence in protecting the confidentiality of each subject/patient. Assesses factors that might affect subject/patient’s safety and clinical data integrity at an investigator/physician site such as protocol deviation/violations and pharmacovigilance issues.
* Per the Clinical Monitoring/Site Management Plan (CMP/SMP):Assesses site processes. Conducts Source Document Review of appropriate site source documents and medical records. Verifies required clinical data entered in the case report form (CRF) is accurate and complete via review of site source documents and medical records  

Applies query resolution techniques remotely and on site, and provides guidance to site staff as necessary, driving query resolution to closure within agreed timelines  

Utilizes available hardware and software to support the effective conduct of the clinical study data review and capture. Verifies site compliance with electronic data capture requirements.
* May perform investigational product (IP) inventory, reconciliation and reviews storage and security. Verifies the IP has been dispensed and administered to subjects/patients according to the protocol. Verifies issues or risks associated with blinded or randomized information related to IP. Applies knowledge of GCP/local regulations and organizational procedures to ensure IP is appropriately (re)labelled, imported and released/returned.
* Routinely reviews the Investigator Site File (ISF) for accuracy, timeliness and completeness. Reconciles contents of the ISF with the Trial Master File (TMF). Ensures the investigator/physician site is aware of the requirement of archiving essential documents in accordance with local guidelines and regulations.
* Documents activities via confirmation letters, follow\-up letters, trip reports, communication logs, and other required project documents as per SOPs and Clinical Monitoring Plan/Site Management Plan. Supports subject/patient recruitment, retention and awareness strategies. Enters data into tracking systems as required to track all observations, ongoing status and action items to resolution.
* Understands project scope, budgets, and timelines for own and others’ activities in the clinical team; manages site\-level activities / communication to ensure project objectives, deliverables and timelines are met. Must be able to quickly adapt to changing priorities to achieve goals / targets.
* May act as primary liaison with study site personnel, or in collaboration with Central Monitoring Associate. Ensures all assigned sites and project\-specific site team members are trained and compliant with applicable requirements.
* Prepares for and attends Investigator Meetings and/or sponsor face to face meetings. Participates in and may lead global clinical monitoring/project staff meetings (inclusive of Sponsor representation, as applicable) and attends clinical training sessions according to the project specific requirements.
* Provides guidance at the site and project level towards audit readiness standards and supports preparation for audit and required follow\-up actions.
* May provide direct supervision, training and/or mentorship to more junior level CRAs. Performs training and sign off visits for junior CRA staff, as assigned. May be mentored and assigned lead tasks under supervision of an experienced Clinical Operations Lead (COL) or operational line manager. This could include participation in business development proposals and/or defense meetings.
* For Real World Late Phase (RWLP), the Sr. CRA II will use the business card title of Sr.Site Management Associate II. Additional responsibilities include:  

Site support throughout the study lifecycle from site identification through close\-out. Knowledge of local requirements for real world late phase study designs  

Chart abstraction activities and data collection  

As required, collaborate and build relationship with Sponsor and other affiliates, medical science liaisons and local country staff  

The SMA II may be requested to train junior staff  

Identify and communicate out of scope activities to Lead CRA/Project Manager  

Proactively suggest potential sites based on local knowledge of treatment patterns, patient advocacy and Health Care Provider (HCP) associations.  

Identify operational efficiencies and process improvements  

Develop study and country level informed consent forms  

Collaborate with RWLP Regulatory team to ensure updated regulatory information is applied and shared  

Participate in bid defense meetings  

Provide input into Requests for Proposals (RFPs), scope and budgeting. Develop site management strategy.  

Participate in Case Report Form design and edit check development.


Qualifications:

* Bachelor’s degree or RN in a related field or equivalent combination of education, training and experience
* Knowledge of Good Clinical Practice/ICH Guidelines and other applicable regulatory requirements
* Must demonstrate good computer skills and be able to embrace new technologies
* Excellent communication, presentation and interpersonal skills. Moderate level of critical thinking skills expected.
* Ability to manage required travel of up to 75% on a regular basis

**Get to know Syneos Health**

  

Over the past 5 years, we have worked with 94% of all Novel FDA Approved Drugs, 95% of EMA Authorized Products and over 200 Studies across 73,000 Sites and 675,000\+ Trial patients.


No matter what your role is, you’ll take the initiative and challenge the status quo with us in a highly competitive and ever\-changing environment. Learn more about Syneos Health.


http://www.syneoshealth.com

**Additional Information**

  

Tasks, duties, and responsibilities as listed in this job description are not exhaustive. The Company, at its sole discretion and with no prior notice, may assign other tasks, duties, and job responsibilities. Equivalent experience, skills, and/or education will also be considered so qualifications of incumbents may differ from those listed in the Job Description. The Company, at its sole discretion, will determine what constitutes as equivalent to the qualifications described above. Further, nothing contained herein should be construed to create an employment contract. Occasionally, required skills/experiences for jobs are expressed in brief terms. Any language contained herein is intended to fully comply with all obligations imposed by the legislation of each country in which it operates, including the implementation of the EU Equality Directive, in relation to the recruitment and employment of its employees. The Company is committed to compliance with the Americans with Disabilities Act, including the provision of reasonable accommodations, when appropriate, to assist employees or applicants to perform the essential functions of the job.

**Summary**


Roles within Clinical Monitoring/CRA job family are responsible for monitoring during clinical research studies to ensure that the trials are being conducted in accordance with widely accepted clinical practices. This includes conducting on\-site and remote monitoring, developing tools, procedures, and processes to ensure quality monitoring. Impact and Contribution Individual contributors with responsibility in a professional or technical discipline or specialty, but may manage two or fewer employees. May direct the work of lower level professionals or manage processes and programs. The majority of time is spent contributing to the design, implementation or delivery of processes, programs, and policies, using knowledge and skills typically acquired through advanced education. Individual contributor with developing subject matter expertise and responsibility for processes. In\-depth knowledge and skills within a professional discipline, understanding the impact of work on related areas. May be responsible for entire projects or processes within area of responsibility.","","https://it.indeed.com/cmp/%E3%82%B5%E3%82%A4%E3%83%8D%E3%82%AA%E3%82%B9-%E3%83%98%E3%83%AB%E3%82%B9","","","","","","","","","","","","","regulatory manager"
"in-5eac5a07c2cb3a44","indeed","https://it.indeed.com/viewjob?jk=5eac5a07c2cb3a44","https://jsv3.recruitics.com/redirect?rx_cid=3436&rx_jobId=R-01344956_rxr-2&rx_url=https%3A%2F%2Fjobs.thermofisher.com%2Fglobal%2Fen%2Fjob%2FR-01344956%2FCRA-FSP-Italy%3Frx_a%3D0%26rx_c%3D%26rx_ch%3Djobp4p%26rx_group%3D123525%26rx_id%3D9264dd02-89d8-11f1-81d3-0de754a96e69%26rx_job%3DR-01344956_rxr-2%26rx_medium%3Dcpc%26rx_r%3Dnone%26rx_source%3Dindeed%26rx_ts%3D20260730T080408Z%26rx_vp%3Dcpc%26utm_medium%3Dppc%26utm_source%3Drecruitics_indeedorganic","CRA - FSP - Italy","Thermo Fisher Scientific","Milano, LOM, IT","2026-07-27","fulltime","","","","","",True,"","","","","**Work Schedule**


Standard (Mon\-Fri)**Environmental Conditions**


Office**Job Description**


At PPD, part of Thermo Fisher Scientific, you’ll discover meaningful work that makes a positive impact on a global scale. Join our colleagues in bringing our Mission to life \- enabling our customers to make the world healthier, cleaner and safer. We provide our teams with the resources needed to achieve individual career goals while taking science a step beyond through research, development and delivery of life\-changing therapies. With clinical trials conducted in 100\+ countries and ongoing development of novel frameworks for clinical research through our PPD clinical research portfolio, our work spans laboratory, digital and decentralized clinical trial services. Your determination to deliver quality and accuracy will improve health outcomes that people and communities depend on – now and in the future.


This is a great opportunity for CRA's currently working within the life science sector for pharmaceutical companies, biotech companies or CRO's to work with a world\-leading CRO across multiple sponsors, various protocols and therapy areas.


These roles can be performed remotely for CRA's based close to our clinical 'hubs': **Milan, Bologna, Florence, Rome** and **Naples.** Travel requirement will be national across Italy.


Essential Functions:

* Monitors investigator sites with a risk\-based monitoring approach: applies root cause analysis (RCA), critical thinking and problem\-solving skills to identify site processes failure and corrective/preventive actions to bring the site into compliance and decrease risks.
* Ensures data accuracy through SDR, SDV and CRF review as applicable through on\-site and remote monitoring activities.
* Assess investigational product through physical inventory and records review.
* Documents observations in reports and letters according to timelines using approved business writing standards.
* Escalates observed deficiencies and issues to clinical management expeditiously and follows all issues through to resolution. May need to maintain regular contact between monitoring visits with investigative sites to confirm that the protocol is being followed, that previously identified issues are being resolved and that the data is being recorded in a timely manner.
* Participates in the investigator payment process. Ensures a shared responsibility with other project team members on issues/findings resolution. Investigates and follows\-up on findings as applicable.
* Participates in investigator meetings as necessary. Identifies potential investigators in collaboration with the client company to ensure the acceptability of qualified investigative sites.
* Initiates clinical trial sites according to the relevant procedures to ensure compliance with the protocol and regulatory and ICH GCP obligations, making recommendations where warranted. Performs trial close out and retrieval of trial materials.
* Ensures that required essential documents are complete and in place, according to ICH\-GCP and applicable regulations. Conducts on\-site file reviews as per project specifications.
* Provides trial status tracking and progress update reports to the Clinical Team Manager (CTM) as required. Ensures study systems are updated per agreed study conventions (e.g. Clinical Trial Management System).
* Contributes to the project team by assisting in preparation of project publications/tools and sharing ideas/suggestions with team members.
* Contributes to other project work and initiatives for process improvement, as required.


Education and Experience:

* University degree in a science related field
* CRA Qualified as per the Ministerial Decree dated 15/11/2011 and at least 1 year of independent monitoring experience in clinical development phases II\-IV
* Understanding of ICH\-GCP, EU and FDA requirements
* Fluency in English and in Italian
* Valid Driver's License


Knowledge, Skills and Abilities:

* Proven clinical monitoring skills
* Demonstrated understanding of medical/therapeutic area knowledge and medical terminology
* Demonstrated ability to attain and maintain a working knowledge of ICH GCPs, applicable regulations and procedural documents
* Well\-developed critical thinking skills, including but not limited to: critical mindset, in\-depth investigation for appropriate root cause analysis and problem solving
* Ability to manage Risk Based Monitoring concepts and processes
* Good oral and written communication skills, with the ability to communicate effectively with medical personnel
* Ability to maintain customer focus through the utilization of good listening skills, attention to detail and the ability to perceive customers’ underlying issues
* Good organizational and time management skills
* Effective interpersonal skills
* Attention to detail
* Ability to remain flexible and adaptable in a wide range of scenarios
* Ability to work in a team or independently as require
* Good computer skills: solid knowledge of Microsoft Office and the ability to learn appropriate software


As well as being rewarded a competitive salary, we have an extensive benefits package based around the health and well\-being of our employees. We have a flexible working culture, where PPD truly value a work\-life balance. We’ve grown sustainably year on year but continue to offer a collaborative environment, with teams of colleagues eager to share expertise and have fun together. We are a global organization but with a local feel.


Our 4i Values:

**Integrity – Innovation – Intensity – Involvement**


If you resonate with our 4i values above, and ultimately wish to accelerate the delivery of safe and effective therapeutics for some of the world’s most urgent health needs, submit your application – we’d love to hear from you","Industrial Manufacturing","https://it.indeed.com/cmp/Thermo-Fisher-Scientific","https://d2q79iu7y748jz.cloudfront.net/s/_squarelogo/256x256/65bd2e4bebb79b1432ac3277ffd57ae7","https://www.thermofisher.com/","168 Third Avenue, Waltham, MA USA 02451","10,000+","more than $10B (USD)","At Thermo Fisher Scientific, our professionals develop critical solutions—and build rewarding careers.","","","","","","","regulatory manager"
"in-396fc9d8ab34e974","indeed","https://it.indeed.com/viewjob?jk=396fc9d8ab34e974","https://jp.syneoshealth.com/careers/jobs/18038856-sponsor-dedicated-cra-ii-slash-sr-cra-i-home-based-ita","Sponsor Dedicated CRA II/Sr CRA I - Home Based ITA","サイネオス・ヘルス","LOM, IT","2026-07-27","","","","","","",True,"","","","","**Updated:** Yesterday  

**Location:** Remote, MI, Italy  

**Job ID:** 25111059


Not ready to apply?  

Join our Talent Network
**Description**


Sponsor Dedicated CRA II/Sr CRA I \- Home Based ITA
Syneos Health® is a leading fully\-integrated life sciences services organization built to accelerate customer success. We partner with innovators at every point across the drug development and commercialization continuum, helping them navigate complexity, anticipate change and accelerate progress.  

  

Our Clinical Solutions team members act with a drug development mindset, applying their years of experience and deep expertise to truly understand customer needs and represent those in the solutions we shape.
  

  

Whether you join us in a Functional Service Provider partnership or a Full\-Service environment, you’ll collaborate with passionate problem solvers, innovating as a team to help our customers achieve their goals. We are agile and driven to deliver – for one another, our customers, and, most importantly, for those in need.
  

  

Discover what your 25,000 future colleagues already know:
  

  

Why Syneos Health  

* We are passionate about developing our people, through career development and progression; supportive and engaged line management; technical and therapeutic area training; peer recognition and total rewards program.
* We are committed to building an inclusive culture – where you can authentically be yourself. Central to this is our purpose – Driven to Deliver – which captures the passion of our colleagues to show up each day and shape solutions that have the ability to dramatically impact someone’s life.
* We are continuously building the company we all want to work for and our customers want to work with. Why? Because we know that when we bring together smart colleagues from across the world, we can shape the future of healthcare, driving impact for customers and defining the pace of patient progress.
**Job Responsibilities**

* Performs site qualification, site initiation, interim monitoring, site management activities and close\-out visits (performed on\-site or remotely) ensuring regulatory, ICH\-GCP and/or Good Pharmacoepidemiology Practice (GPP) and protocol compliance. Uses judgment and experience to evaluate overall performance of site and site staff and to provide recommendations regarding site\-specific actions; immediately communicates/escalates serious issues to the project team and develops action plans. Maintains a working knowledge of ICH/GCP Guidelines or other applicable guidance, relevant regulations, and company SOPs/processes.
* Verifies the process of obtaining informed consent has been adequately performed and documented for each subject/patient, as required/appropriate. Demonstrates diligence in protecting the confidentiality of each subject/patient. Assesses factors that might affect subject/patient’s safety and clinical data integrity at an investigator/physician site such as protocol deviation/violations and pharmacovigilance issues.
* Per the Clinical Monitoring/Site Management Plan (CMP/SMP): Assesses site processes. Conducts Source Document Review of appropriate site source documents and medical records. Verifies required clinical data entered in the case report form (CRF) is accurate and complete. Applies query resolution techniques remotely and on site, and provides guidance to site staff as necessary, driving query resolution to closure within agreed timelines. Utilizes available hardware and software to support the effective conduct of the clinical study data review and capture. Verifies site compliance with electronic data capture requirements.
* May perform investigational product (IP) inventory, reconciliation and reviews storage and security. Verifies the IP has been dispensed and administered to subjects/patients according to the protocol. Verifies issues or risks associated with blinded or randomized information related to IP. Applies knowledge of GCP/local regulations and organizational procedures to ensure IP is appropriately (re)labelled, imported and released/returned.
* Routinely reviews the Investigator Site File (ISF) for accuracy, timeliness and completeness. Reconciles contents of the ISF with the Trial Master File (TMF). Ensures the investigator/physician site is aware of the requirement of archiving essential documents in accordance with local guidelines and regulations.
* Documents activities via confirmation letters, follow\-up letters, trip reports, communication logs, and other required project documents as per SOPs and Clinical Monitoring Plan/Site Management Plan. Supports subject/patient recruitment, retention and awareness strategies. Enters data into tracking systems as required to track all observations, ongoing status and assigned action items to resolution.
* For assigned activities, understands project scope, budgets, and timelines; manages site\-level activities / communication to ensure project objectives, deliverables and timelines are met. Must be able to quickly adapt to changing priorities to achieve goals / targets.
* May act as primary liaison with study site personnel, or in collaboration with Central Monitoring Associate. Ensures all assigned sites and project\-specific site team members are trained and compliant with applicable requirements
* Prepares for and attends Investigator Meetings and/or sponsor face to face meetings. Participates in global clinical monitoring/project staff meetings (inclusive of Sponsor representation, as applicable) and attends clinical training sessions according to the project specific requirements.
* Provides guidance at the site and project level towards audit readiness standards and supports preparation for audit and required follow\-up actions.
* Maintains a working knowledge of ICH/GCP Guidelines or other applicable guidance, relevant regulations, and company SOPs/processes; completes assigned training as required. For Real World Late Phase, the CRA II will use the business card title of Site Management Associate II. Additional responsibilities include:Site support throughout the study lifecycle from site identification through close\-out. Knowledge of local requirements for real world late phase study designs.Chart abstraction activities and data collection  

Collaboration with Sponsor affiliates, medical science liaisons and local country staff. The SMA II may be requested to train junior staff. Identify and communicate out of scope activities to Lead CRA/Project Manager. Proactively suggest potential sites based on local knowledge of treatment patterns, patient advocacy and Health Care Provider (HCP) associations.


Qualifications:

* At least 2,5\+ years of experience as Certified CRA according to M.D. 15 Nov 2011
* Experience with Risk Based Monitoring is required
* Knowledge of Good Clinical Practice/ICH Guidelines and other applicable regulatory requirements
* Must demonstrate good computer skills and be able to embrace new technologies
* Excellent communication, presentation and interpersonal skills
* Ability to manage required travel of up to 75% on a regular basis


The employment relationship shall be governed by the National Collective Labour Agreement (CCNL) for employees of companies operating in the tertiary, distribution and services sectors (""CCNL Commercio""), and all related provisions shall apply, including Article 213, in its version in force from time to time.


The potential annual gross salary range for this role will be 40,000\.00 EUR \- 62,000\.00 EUR, excluding any additional benefits and allowances.

**Get to know Syneos Health**

  

Over the past 5 years, we have worked with 94% of all Novel FDA Approved Drugs, 95% of EMA Authorized Products and over 200 Studies across 73,000 Sites and 675,000\+ Trial patients.


No matter what your role is, you’ll take the initiative and challenge the status quo with us in a highly competitive and ever\-changing environment. Learn more about Syneos Health.


http://www.syneoshealth.com

**Additional Information**

  

Tasks, duties, and responsibilities as listed in this job description are not exhaustive. The Company, at its sole discretion and with no prior notice, may assign other tasks, duties, and job responsibilities. Equivalent experience, skills, and/or education will also be considered so qualifications of incumbents may differ from those listed in the Job Description. The Company, at its sole discretion, will determine what constitutes as equivalent to the qualifications described above. Further, nothing contained herein should be construed to create an employment contract. Occasionally, required skills/experiences for jobs are expressed in brief terms. Any language contained herein is intended to fully comply with all obligations imposed by the legislation of each country in which it operates, including the implementation of the EU Equality Directive, in relation to the recruitment and employment of its employees. The Company is committed to compliance with the Americans with Disabilities Act, including the provision of reasonable accommodations, when appropriate, to assist employees or applicants to perform the essential functions of the job.

**Summary**


Roles within Clinical Monitoring/CRA are responsible for overseeing and ensuring the integrity of clinical research studies by monitoring data and processes from a centralized location. This includes conducting remote monitoring of trial sites to verify compliance with regulatory requirements and clinical protocols. Utilizes data analytics and risk\-based monitoring techniques to identify potential issues and trends, ensuring that trials are conducted in accordance with established clinical practices. Collaborates with site teams to develop and implement tools, procedures, and processes that enhance quality monitoring and support the overall success of clinical trials. Impact and Contribution Individual contributors with responsibility in a professional or technical discipline or specialty, but may manage two or fewer employees. May direct the work of lower level professionals or manage processes and programs. The majority of time is spent contributing to the design, implementation or delivery of processes, programs, and policies, using knowledge and skills typically acquired through advanced education. Established and productive individual contributor. May manage defined components of projects or processes within area of responsibility. Requires practical knowledge of a professional area, typically obtained through education combined with experience.","","https://it.indeed.com/cmp/%E3%82%B5%E3%82%A4%E3%83%8D%E3%82%AA%E3%82%B9-%E3%83%98%E3%83%AB%E3%82%B9","","","","","","","","","","","","","regulatory manager"
"in-b8738e45fb9c2bfe","indeed","https://it.indeed.com/viewjob?jk=b8738e45fb9c2bfe","https://beigene.wd5.myworkdayjobs.com/en-US/BeiGene/job/Milan/Senior-Clinical-Research-Associate_R36014","Senior Clinical Research Associate","BeOne Medicines","Milano, LOM, IT","2026-07-27","fulltime","","","","","",True,"","","","","BeOne continues to grow at a rapid pace with challenging and exciting opportunities for experienced professionals. When considering candidates, we look for scientific and business professionals who are highly motivated, collaborative, and most importantly, share our passionate interest in fighting cancer.

**General Description:*** CRA executes clinical monitoring activities at clinical trial sites and monitors clinical trials in accordance with ICH guidelines and GCP, local regulations, and applicable SOPs.
* CRA performs monitoring activities related to selection, initiation, conduct (recruitment, quality data collection) and timely completion of oncology/onco\-hematology clinical trials within the assigned country/region.
* May be assigned to CRA activities or start\-up activities, depending on experience and project needs.
* CRA is responsible for collaborating closely with the Country and Regional Clinical Study Teams to ensure study timelines are adhered to and required quality standards are maintained.
* CRA identifies gaps and areas for improvement and propose CAPA.
* CRA supports start\-up and provides local expertise.


expertise.

**Essential Functions of the job:**

* Complete appropriate therapeutic, protocol and clinical research training/CRA training to perform job duties.
* Gain experience in BeOne and study procedures by working with experienced clinical staff.
* Perform site selection and evaluation, supporting initial list of sites and recruitment targets.
* Provide protocol and related study training to assigned sites.
* Conduct onsite/remote pre\-study, initiation, routine monitoring and closeout visits per monitoring plan and applicable SOPs.
* Conduct co\-monitoring visits, if required.
* Create and maintain appropriate documentation regarding site management, monitoring visit findings and action plans by submitting regular visit reports, generating follow\-up letters and other required study documentation, in accordance with ICH\-GCP, BeOne standards and SOPs.
* Manage sites and site performance by tracking regulatory submissions, recruitment, case report form (CRF) completion, and data query resolution
* Ensure copies/originals (as required) site documents are available for filing in the Trial Master File (TMF) and verify that the Investigator's Site File (ISF) is maintained in accordance with Good Clinical Practice (GCP) / International Conference on Harmonization (ICH) and local regulatory requirements.
* Ensure inspection readiness of the study and sites
* Establish regular lines of communication with sites and reports site progress, issues and proposed action to Clinical Operations.
* Collaborate with Country and Regional Clinical Study Managers and clinical study sites to ensure timely delivery of study milestones (i.e., study startup, recruitment, database analyses, closeout, etc.)
* Facilitate Study Compliance Visits (SCVs), site audits and/or inspections, as required
* Evaluate the quality and integrity of site practices – escalating quality and/or GCP issues with Investigators and internal team as appropriate.
* Anticipate and identify site issues; propose corrective and preventative actions; identify gaps and utilize opportunities. Constantly strive for operating excellence, question status\-quo and promote innovation.
* Mentor junior staff (Associate CRA and CRA).
* Act as the escalation point person for CRA(s) with site\-related issues and concerns.
* May review visits reports, following\-up on issue resolution and communicating with the Country/Regional Clinical Study Manager on significant risk identified and action proposed.
* May serve as subject matter expert for clinical operations, country regulations and monitoring\-related activities.

**Supervisory Responsibilities:**

* Mentor/Buddy for junior CRAs.
* Acts as the escalation point person for CRAs with site\-related issues and concerns.
* May serve as subject matter expert for clinical operations and CRA\-related activities;

**Education Required:**

* BS in a scientific or healthcare discipline preferred and at least 3 \- 5 years of monitoring experience.
* Experience in oncology/onco\-hematology global trials preferred

**Other** **Qualifications:**

* Advanced knowledge of applicable clinical research regulatory requirements, i.e., Good Clinical Practice (GCP), International Conference on Harmonization (ICH) guidelines, and associated regulatory guidelines.
* At least 3 \- 5 years of (CRA) monitoring experience in the pharmaceutical or CRO industry. An equivalent combination of education, training, and experience may be considered.
* Experience in oncology/onco\-hematology trials preferred
* Excellent communication and interpersonal skills
* Ability to establish and maintain effective working relationships with coworkers, managers, and other internal/external stakeholders as applicable
* Excellent organizational and problem\-solving skills and ability to prioritize and multitask
* Effective time management skills
* Written and verbal communication skills, including a good command of the English language and Italian

**Computer Skills:**


Efficient in Microsoft Word, Excel, PowerPoint, Outlook, and use of a laptop computer and iPhone.

**Travel:** up to 60%


Salary Range EU: 51,500\.00 EUR \- 64,400\.00 EUR


Global Competencies


When we exhibit our values of Patients First, Driving Excellence, Bold Ingenuity, and Collaborative Spirit, through our twelve global competencies below, we help get more affordable medicines to more patients around the world.

* Fosters Teamwork
* Provides and Solicits Honest and Actionable Feedback
* Self\-Awareness
* Acts Inclusively
* Demonstrates Initiative
* Entrepreneurial Mindset
* Continuous Learning
* Embraces Change
* Results\-Oriented
* Analytical Thinking/Data Analysis
* Financial Excellence
* Communicates with Clarity


We are proud to be an equal opportunity employer. BeOne does not discriminate on the basis of race, religion, color, sex, gender identity, sexual orientation, age, disability, national origin, veteran status or any other basis covered by appropriate law. All employment is decided on the basis of qualifications, merit, and business need.","","https://it.indeed.com/cmp/Beone-Medicines","https://d2q79iu7y748jz.cloudfront.net/s/_squarelogo/256x256/bf6f9fcdf08201d94d4408bdc438706e","","","5,001 to 10,000","Decline to state","Leading Cancer Research Worldwide
People with cancer deserve hope and better tomorrows. BeOne is advancing a broad and deep pipeline, accelerating development through rigorous science to deliver trans","","","","","","","regulatory manager"
"in-0498e92767e950bc","indeed","https://it.indeed.com/viewjob?jk=0498e92767e950bc","https://wk.wd3.myworkdayjobs.com/en-US/External/job/ITA---Milan-Via-Bisceglie/Auditing---Compliance-Manager_R0058707","Auditing & Compliance Manager","Wolters Kluwer","Milano, LOM, IT","2026-07-27","fulltime","","","","","",False,"","","","","The **Auditing and Compliance Manager** is responsible for testing and maintaining an effective system of internal control across Italy and several smaller business units, in alignment with the Wolters Kluwer Internal Control Financial Reporting Framework (ICFR), COSO principles, and applicable regulatory requirements (including SOX‑like controls and the Dutch Corporate Governance Code). The role acts as the primary **Internal Control Officer** for assigned businesses and serves as a trusted partner to local management in strengthening control maturity and risk awareness. This role also partners with Corporate Compliance for local SpeakUp program representation.

**Key Responsibilities:**

* Support the preparation and maintenance of business‑level Internal Control risk assessments to evaluate control effectiveness, financial reporting integrity, asset protection, and regulatory compliance.
* Execute elements of the annual Internal Controls monitoring and testing plan for assigned business units.
* Assess compliance with internal control requirements across locations and cross‑functional teams within scope.
* Evaluate the design and operating effectiveness of controls and promote improvements to address fraud, error, and changing business conditions.
* Coordinate control activities and testing with Internal Audit and external auditors as required.
* Prepare concise reporting of control results, issues, and remediation status for management.
* Track, review, and validate management remediation actions, escalating where resolution is insufficient or delayed.
* Provide internal control guidance on process changes, system implementations, shared services, and change initiatives to ensure controls are embedded from design.
* Review and challenge policies and procedures for ongoing relevance and alignment with company standards.
* Support special projects as assigned.
* Support and partner with Corporate Compliance for local SpeakUp program representation.

**Job Qualifications:**

**Education:**  

Bachelor’s degree in Accounting, Finance, Business, or a related field (Accounting or Finance preferred).

**Other Knowledge, Skills, Abilities or** **Certifications:**

* Minimum five years of accounting or auditing experience.
* Strong knowledge of internal control and governance frameworks, including COSO and SOX‑type environments; familiarity with IT General Controls.
* Understanding of the Dutch Corporate Governance Code and/or Sarbanes‑Oxley Act.
* Strong interpersonal skills and ability to work as a manager and a team member.
* Proven ability to work collaboratively across functions and levels while operating independently.
* Ability to prioritize work, manage multiple deliverables, and meet deadlines in a structured environment.
* Extensive applied knowledge of the principles and practices of business process improvement.
* Solid project management and follow‑through skills with attention to detail.
* Strong analytical, problem‑solving, and risk assessment skills with sound professional judgment.
* Excellent written and verbal skills.
* Proficiency with Microsoft Office applications.


This is a hybrid role that requires working from a Wolters Kluwer office a minimum of 8 days/ month, and as required for business reasons.

**Our Interview Practices**
---------------------------

*To maintain a fair and genuine hiring process, we kindly ask that all candidates participate in interviews without the assistance of AI tools or external prompts. Our interview process is designed to assess your individual skills, experiences, and communication style. We value authenticity and want to ensure we’re getting to know you—not a digital assistant. To help maintain this integrity, we ask to remove virtual backgrounds and include in\-person interviews in our hiring process. Please note that use of AI\-generated responses or third\-party support during interviews will be grounds for disqualification from the recruitment process.*

*Applicants may be required to appear onsite at a Wolters Kluwer office as part of the recruitment process.*","","https://it.indeed.com/cmp/Wolters-Kluwer","https://d2q79iu7y748jz.cloudfront.net/s/_squarelogo/256x256/0e686c67da1bd46cee95a528fd1cb51e","https://careers.wolterskluwer.com/","Alphen aan den Rijn","10,000+","$5B to $10B (USD)","Join us, at Wolters Kluwer, and be part of a dynamic global technology company that makes a difference every day.","","","","","","","regulatory manager"
"in-b6981a3cd73cecc7","indeed","https://it.indeed.com/viewjob?jk=b6981a3cd73cecc7","https://public.reversegroup.hr/jobs/enterprise-sales-account-executive-ai-5257490552","ENTERPRISE SALES ACCOUNT EXECUTIVE - AI","Reverse","Milano, LOM, IT","2026-07-27","","","","","","",False,"","","","","**The role**
  

Our customer offers a proprietary platform for deploying AI agents across voice, chat, and email, with a distinctive operating model: locally embedded technical teams that bring the product directly into production at the customer site, adapting to the language, culture, and regulatory context of each market.
  

In Italy, it is building the team from scratch.
  

The Enterprise Sales Account executive manages ""seven\-figure deals"", with CxOs and enterprise decision\-makers as counterparts.
  

You need a sales obsession, a hunter mindset, and deep knowledge of the Italian AI market.
  

  

**WHAT YOU'LL DO**  

  



* Build the local sales playbook from scratch;
* Close complex enterprise deals;
* Build C\-level relationships: CxOs, IT leaders, Customer Service executives;
* Generate pipeline autonomously: new logo acquisition and upsell on existing accounts;
* Collaborate with SIs and Hyperscalers for joint deals;
* Translate technical value into compelling business value for C\-level.
  

  

**WHAT WE'RE LOOKING FOR**  

  



* 7\+ years with a proven track record on enterprise deals (""seven\-figure deals"");
* Proven AI experience in the Italian enterprise market: you know the stakeholders and the dynamics;
* Sales obsession: hunter mindset, not an account manager;
* Founder or strategic consulting background — non\-conventional profiles welcome;
* Excellent English (written and spoken) \+ fluent Italian;
* Ability to operate in full autonomy and manage pipeline rigorously (Salesforce).
  

  

**NICE TO HAVE**  

  



* Track record with SIs and Hyperscalers on joint deals in the Italian market

  
**Summary**
-----------


* Starting from 90\.000€
* Hybrid
* Permanent
* Milan","","https://it.indeed.com/cmp/Reverse","https://d2q79iu7y748jz.cloudfront.net/s/_squarelogo/256x256/a6d60c0d3ed83edbdcd0aa417a7875fc","","","","","","","","","","","","regulatory manager"
"in-ce8bf7c1e3c607ea","indeed","https://it.indeed.com/viewjob?jk=ce8bf7c1e3c607ea","http://it.indeed.com/job/gerente-s%C3%A9nior-de-cumplimiento-de-sistemas-regulatorios-ce8bf7c1e3c607ea","Gerente sénior de cumplimiento de sistemas regulatorios","","Milano, LOM, IT","2026-07-27","fulltime","","","","","",False,"","","","","Role Overview

Editec Lottery Technologies S.r.l. develops secure technology platforms supporting regulated gaming operators. We are seeking a Senior Regulatory Systems Compliance Manager to oversee compliance initiatives, operational controls, and regulatory reporting.

Key Responsibilities

* Ensure compliance with applicable regulations.
* Coordinate internal compliance audits.
* Develop operational policies.
* Collaborate with technology teams.
* Manage regulatory documentation.
* Support external inspections.

Qualifications

* Degree in Law, Information Systems, or Business.
* 6\+ years of compliance or regulatory experience.
* Knowledge of risk management frameworks.
* Strong analytical abilities.
* Excellent written and verbal communication.

Retribuzione: €88\.000,00 all'anno

Benefit:

* Bevande gratis
* Parcheggio libero
* Snack gratis

Sede di lavoro: Di persona","","https://it.indeed.comNone","","","","","","","","","","","","","regulatory manager"
"in-02e65693b7fddf66","indeed","https://it.indeed.com/viewjob?jk=02e65693b7fddf66","https://jp.syneoshealth.com/careers/jobs/18031212-cra-ii-italia-home-based","CRA II - Italia home based","サイネオス・ヘルス","LOM, IT","2026-07-24","","","","","","",True,"","","","","**Updated:** Yesterday  

**Location:** Remote, MI, Italy  

**Job ID:** 25109123


Not ready to apply?  

Join our Talent Network
**Description**


CRA II \- Italia home based
Syneos Health® is a leading fully\-integrated life sciences services organization built to accelerate customer success. We partner with innovators at every point across the drug development and commercialization continuum, helping them navigate complexity, anticipate change and accelerate progress.  

  

Our Clinical Solutions team members act with a drug development mindset, applying their years of experience and deep expertise to truly understand customer needs and represent those in the solutions we shape.
  

  

Whether you join us in a Functional Service Provider partnership or a Full\-Service environment, you’ll collaborate with passionate problem solvers, innovating as a team to help our customers achieve their goals. We are agile and driven to deliver – for one another, our customers, and, most importantly, for those in need.
  

  

Discover what your 25,000 future colleagues already know:
  

  

Why Syneos Health  

* We are passionate about developing our people, through career development and progression; supportive and engaged line management; technical and therapeutic area training; peer recognition and total rewards program.
* We are committed to building an inclusive culture – where you can authentically be yourself. Central to this is our purpose – Driven to Deliver – which captures the passion of our colleagues to show up each day and shape solutions that have the ability to dramatically impact someone’s life.
* We are continuously building the company we all want to work for and our customers want to work with. Why? Because we know that when we bring together smart colleagues from across the world, we can shape the future of healthcare, driving impact for customers and defining the pace of patient progress.
**Job Responsibilities**

* Performs site qualification, site initiation, interim monitoring, site management activities and close\-out visits (performed on\-site or remotely) ensuring regulatory, ICH\-GCP and/or Good Pharmacoepidemiology Practice (GPP) and protocol compliance. Uses judgment and experience to evaluate overall performance of site and site staff and to provide recommendations regarding site\-specific actions; immediately communicates/escalates serious issues to the project team and develops action plans. Maintains a working knowledge of ICH/GCP Guidelines or other applicable guidance, relevant regulations, and company SOPs/processes.
* Verifies the process of obtaining informed consent has been adequately performed and documented for each subject/patient, as required/appropriate. Demonstrates diligence in protecting the confidentiality of each subject/patient. Assesses factors that might affect subject/patient’s safety and clinical data integrity at an investigator/physician site such as protocol deviation/violations and pharmacovigilance issues.
* Per the Clinical Monitoring/Site Management Plan (CMP/SMP): Assesses site processes. Conducts Source Document Review of appropriate site source documents and medical records. Verifies required clinical data entered in the case report form (CRF) is accurate and complete. Applies query resolution techniques remotely and on site, and provides guidance to site staff as necessary, driving query resolution to closure within agreed timelines. Utilizes available hardware and software to support the effective conduct of the clinical study data review and capture. Verifies site compliance with electronic data capture requirements.
* May perform investigational product (IP) inventory, reconciliation and reviews storage and security. Verifies the IP has been dispensed and administered to subjects/patients according to the protocol. Verifies issues or risks associated with blinded or randomized information related to IP. Applies knowledge of GCP/local regulations and organizational procedures to ensure IP is appropriately (re)labelled, imported and released/returned.
* Routinely reviews the Investigator Site File (ISF) for accuracy, timeliness and completeness. Reconciles contents of the ISF with the Trial Master File (TMF). Ensures the investigator/physician site is aware of the requirement of archiving essential documents in accordance with local guidelines and regulations.
* Documents activities via confirmation letters, follow\-up letters, trip reports, communication logs, and other required project documents as per SOPs and Clinical Monitoring Plan/Site Management Plan. Supports subject/patient recruitment, retention and awareness strategies. Enters data into tracking systems as required to track all observations, ongoing status and assigned action items to resolution.
* For assigned activities, understands project scope, budgets, and timelines; manages site\-level activities / communication to ensure project objectives, deliverables and timelines are met. Must be able to quickly adapt to changing priorities to achieve goals / targets.
* May act as primary liaison with study site personnel, or in collaboration with Central Monitoring Associate. Ensures all assigned sites and project\-specific site team members are trained and compliant with applicable requirements
* Prepares for and attends Investigator Meetings and/or sponsor face to face meetings. Participates in global clinical monitoring/project staff meetings (inclusive of Sponsor representation, as applicable) and attends clinical training sessions according to the project specific requirements.
* Provides guidance at the site and project level towards audit readiness standards and supports preparation for audit and required follow\-up actions.
* Maintains a working knowledge of ICH/GCP Guidelines or other applicable guidance, relevant regulations, and company SOPs/processes; completes assigned training as required. For Real World Late Phase, the CRA II will use the business card title of Site Management Associate II. Additional responsibilities include:Site support throughout the study lifecycle from site identification through close\-out. Knowledge of local requirements for real world late phase study designs.Chart abstraction activities and data collection  

Collaboration with Sponsor affiliates, medical science liaisons and local country staff. The SMA II may be requested to train junior staff. Identify and communicate out of scope activities to Lead CRA/Project Manager. Proactively suggest potential sites based on local knowledge of treatment patterns, patient advocacy and Health Care Provider (HCP) associations.


Qualifications:

* Bachelor’s degree or RN in a related field or equivalent combination of education, training and experience
* Knowledge of Good Clinical Practice/ICH Guidelines and other applicable regulatory requirements
* Must demonstrate good computer skills and be able to embrace new technologies
* Excellent communication, presentation and interpersonal skills
* Ability to manage required travel of up to 75% on a regular basis
* US ONLY: As part of your employment with Syneos Health, you may be deployed to Sites that require certain medical and other personal information to gain facility access. Pursuant to our Employee Privacy Notice, Syneos Health can provide the Sites with the information necessary for you to gain such access. Further, a Site may ask you for additional information beyond that which Syneos Health has in its possession. You are required to comply with any such Site requests as a condition of your employment with Syneos Health. Please note that failure to provide requested information may result in a Site barring you from entry, which could put your ongoing employment at risk
The employment relationship shall be governed by the National Collective Labour Agreement (CCNL) for employees of companies operating in the tertiary, distribution and services sectors (""CCNL Commercio""), and all related provisions shall apply, including Article 213, in its version in force from time to time.


The potential annual gross salary for this role will start at EUR 42000\.

**Get to know Syneos Health**

  

Over the past 5 years, we have worked with 94% of all Novel FDA Approved Drugs, 95% of EMA Authorized Products and over 200 Studies across 73,000 Sites and 675,000\+ Trial patients.


No matter what your role is, you’ll take the initiative and challenge the status quo with us in a highly competitive and ever\-changing environment. Learn more about Syneos Health.


http://www.syneoshealth.com

**Additional Information**

  

Tasks, duties, and responsibilities as listed in this job description are not exhaustive. The Company, at its sole discretion and with no prior notice, may assign other tasks, duties, and job responsibilities. Equivalent experience, skills, and/or education will also be considered so qualifications of incumbents may differ from those listed in the Job Description. The Company, at its sole discretion, will determine what constitutes as equivalent to the qualifications described above. Further, nothing contained herein should be construed to create an employment contract. Occasionally, required skills/experiences for jobs are expressed in brief terms. Any language contained herein is intended to fully comply with all obligations imposed by the legislation of each country in which it operates, including the implementation of the EU Equality Directive, in relation to the recruitment and employment of its employees. The Company is committed to compliance with the Americans with Disabilities Act, including the provision of reasonable accommodations, when appropriate, to assist employees or applicants to perform the essential functions of the job.

**Summary**


Roles within Clinical Monitoring/CRA are responsible for overseeing and ensuring the integrity of clinical research studies by monitoring data and processes from a centralized location. This includes conducting remote monitoring of trial sites to verify compliance with regulatory requirements and clinical protocols. Utilizes data analytics and risk\-based monitoring techniques to identify potential issues and trends, ensuring that trials are conducted in accordance with established clinical practices. Collaborates with site teams to develop and implement tools, procedures, and processes that enhance quality monitoring and support the overall success of clinical trials. Impact and Contribution Individual contributors with responsibility in a professional or technical discipline or specialty, but may manage two or fewer employees. May direct the work of lower level professionals or manage processes and programs. The majority of time is spent contributing to the design, implementation or delivery of processes, programs, and policies, using knowledge and skills typically acquired through advanced education. Established and productive individual contributor. May manage defined components of projects or processes within area of responsibility. Requires practical knowledge of a professional area, typically obtained through education combined with experience.","","https://it.indeed.com/cmp/%E3%82%B5%E3%82%A4%E3%83%8D%E3%82%AA%E3%82%B9-%E3%83%98%E3%83%AB%E3%82%B9","","","","","","","","","","","","","regulatory manager"
"in-2c4a758ad01e4a3c","indeed","https://it.indeed.com/viewjob?jk=2c4a758ad01e4a3c","https://jsv3.recruitics.com/redirect?rx_cid=3436&rx_jobId=R-01362111_1006&rx_url=https%3A%2F%2Fjobs.thermofisher.com%2Fglobal%2Fen%2Fjob%2FR-01362111%2FStart-up-Team-Manager-Europe%3Frx_a%3D0%26rx_c%3D%26rx_ch%3Djobp4p%26rx_group%3D123525%26rx_id%3D345dfcae-86d5-11f1-ac89-23443d13cfe2%26rx_job%3DR-01362111_1006%26rx_medium%3Dcpc%26rx_r%3Dnone%26rx_source%3Dindeed%26rx_ts%3D20260730T080408Z%26rx_vp%3Dcpc%26utm_medium%3Dppc%26utm_source%3Drecruitics_indeedorganic","Start-up Team Manager - Europe","Thermo Fisher Scientific","Milano, LOM, IT","2026-07-23","fulltime","","","","","",False,"","","","","**Work Schedule**


Standard (Mon\-Fri)**Environmental Conditions**


Office**Job Description**


Join us as Start\-up Team Manager \- To manage complex site operations, ensure compliance with regulatory standards, support site recruitment and training efforts, and facilitate smooth collaboration between trial sites and internal teams to drive the success of clinical studies.  

  

What You’ll Do:  

* Collaborate with multiple team members in a matrix environment for the effective delivery of site activation within the assigned projects.
* May oversee site activation for assigned projects according to timelines and quality standard.
* Assist with coordination of the flow of information between PPD teams, clients, or functional departments involved in site activation.
* Develop recommended plans/guidelines for project implementation using PPD tools
* Monitor and analyze project status to ensure successful progress and completion of all assigned projects and provide metrics to upper management.
* Perform risk identification and provide contingency planning.
* Collaborate with PPD teams to manage all financial and contractual aspects of studies related to site activation.
* Work within the team to establish appropriate controls to ensure that project resources and expenses are aligned with budgets with accountability to Global


Project Management.  

* Administer the technical and operational aspects of the site activation portion of assigned projects, including coordination of feasibility, site contracts, and


country teams in a matrix environment and manages the assigned scope of work against timelines, costs, and quality.  

* Participating in a functional area leads to identifying and evaluating fundamental issues pertaining to successful site activation, interpreting data on complex issues,


make good business decisions and ensure solutions are implemented.  

* Develop customer relationships in alignment with assigned projects.

  

Education and Experience:  

* Bachelor's degree or equivalent and relevant formal academic / vocational qualification
* Previous experience to provide the knowledge, skills, and abilities to perform the job (comparable to 5\+ years’).

  

In some cases, an equivalency, consisting of a combination of appropriate education, training and/or directly related experience, will be considered sufficient for an individual to meet the requirements of the role.  

  

Knowledge, Skills and Abilities:  

* Able to work well and efficiently with cross\-functional teams
* Consistently demonstrates knowledge of the key principles of cross functional project management
* Demonstrated organizational and multitasking skills
* Demonstrated attention to detail
* Ability to identify and remedy risks related to contractual deliverables and provides appropriate solutions
* Demonstrates sound understanding of cross\-cultural awareness and can adapt appropriately
* Comprehensive understanding and appreciation of clinical research/ development, including medical and therapeutic areas, phases and medical terminology
* Demonstrates ability to lead, liaise and coordinate cross\-functional project teams
* Comprehensive knowledge/understanding of clinical development guidelines and Directives

  

Working Conditions and Environment:  

* Work is performed in an office/ laboratory and/or a clinical environment.
* Exposure to biological fluids with potential exposure to infectious organisms.
* Exposure to electrical office equipment.
* Personal protective equipment is required such as protective eyewear, garments and gloves.
* Occasional travel, up to 20% of the time, includes travel to site locations both domestic and international. May include travel time outside of normal business hours and/or on weekends.

  

Physical Requirements:  

* Ability to work in an upright and /or stationary position for 6\-8 hours per day.
* Repetitive hand movement of both hands with the ability to make fast, simple, repeated movements of the fingers, hands, and wrists.
* Frequent mobility required.
* Occasional crouching, stooping, with frequent bending and twisting of upper body and neck.
* Light to moderate lifting and carrying (or otherwise moves) objects including luggage and laptop computer with a maximum lift of 15\-20 lbs.
* Ability to access and use a variety of computer software developed both in\-house and off\-the\-shelf.
* Ability to communicate information and ideas so others will understand; with the ability to listen to and understand information and ideas presented through spoken words and sentences.
* Frequently interacts with others to obtain or relate information to diverse groups.
* Performs a wide range of variable tasks as dictated by variable demands and changing conditions with little predictability as to the occurrence. Ability to perform under stress. Ability to multi\-task.
* Regular and consistent attendance.

  

Why Join Us?  

When you join Thermo Fisher Scientific, you become part of a global team that values passion, innovation, and a commitment to scientific excellence. You’ll work in an environment where collaboration and development are part of the everyday experience – and where your contributions truly make a difference.  

  

Apply today to help us deliver tomorrow’s breakthrough.","Industrial Manufacturing","https://it.indeed.com/cmp/Thermo-Fisher-Scientific","https://d2q79iu7y748jz.cloudfront.net/s/_squarelogo/256x256/65bd2e4bebb79b1432ac3277ffd57ae7","https://www.thermofisher.com/","168 Third Avenue, Waltham, MA USA 02451","10,000+","more than $10B (USD)","At Thermo Fisher Scientific, our professionals develop critical solutions—and build rewarding careers.","","","","","","","regulatory manager"
"in-d40a727a3d5a6da2","indeed","https://it.indeed.com/viewjob?jk=d40a727a3d5a6da2","https://careers.kering.com/careers/job/563705892525941","BOTTEGA VENETA Sustainability Performance & Engagement Manager","Bottega Veneta","Milano, LOM, IT","2026-07-23","fulltime","","","","","",False,"","","","","**Summary**

About us
  

  

Bottega Veneta \- inspiring individuality with innovative craftmanship since 1966\. Creativity lies at the heart of all that we do. Born in Vicenza the house is rooted in Italian culture yet maintains a truly global outlook. An inclusive brand with exclusive products, Bottega Veneta is as much of a feeling as it is an aesthetic.
**Job Description**

The Sustainability Performance \& Engagement Manager supports Bottega Veneta’s sustainability strategy by leading sustainability reporting, regulatory compliance, stakeholder engagement, and internal awareness initiatives. Partnering closely with senior leadership and business teams, the role translates sustainability requirements into business actions, strengthens sustainability culture, and ensures effective implementation across the organization.


**How will you contribute?**

**Sustainability Reporting \& Impact Disclosure**

* Lead sustainability reporting and ESG disclosure activities, ensuring data accuracy, reporting integrity, and compliance with Kering and regulatory requirements.
* Support Digital Product Passport readiness and related data governance initiatives.
* Drive continuous improvement of sustainability data quality, controls, and reporting processes.

**Sustainability Regulations \& Governance**

* Monitor emerging sustainability regulations and assess their business impact.
* Translate regulatory requirements into governance frameworks and operational processes.
* Identify compliance gaps and coordinate mitigation and implementation actions with key stakeholders.

**Sustainability Engagement \& Capability Building**

* Lead sustainability engagement, awareness, and change management initiatives across the organization.
* Design and deliver onboarding programs, training sessions, and workshops on key sustainability topics, including regulations, Kering Standards, responsible sourcing, traceability, circularity, and social compliance.
* Manage internal sustainability communications, awareness campaigns, and employee engagement activities.
* Promote a strong sustainability culture through learning programs, events, and initiatives that support the House’s sustainability priorities.

**Retail \& Client Engagement**

* Lead sustainability engagement, training, and capability\-building initiatives for retail teams worldwide.
* Develop tools, educational materials, and resources to strengthen sustainability knowledge and client\-facing engagement and communication.
* Support the integration of sustainability into client engagement and customer experiences.
* Gather insights from retail teams and clients to continuously enhance sustainability communication, storytelling, and impact

**Sustainable Events**

* Partner with internal teams and external agencies to embed sustainability into fashion shows and events.
* Provide guidance on sustainable materials, circularity solutions, environmental impact reduction, and responsible end\-of\-life management.
* Measure, monitor, and report event\-related environmental impacts, including greenhouse gas emissions.

**Strategic Partnership \& Leadership Support**

* Represent the Sustainability team in cross\-functional forums and working groups, building strong partnerships and influencing key stakeholders across the organization.
* Support the evolution of the House’s sustainability roadmap, priorities, and capabilities.

**Who you are** ?


* 7\-10 years of experience in sustainability, ESG, environmental management, consulting, or related fields.
* Strong expertise in sustainability reporting, ESG disclosures, and sustainability regulations.
* Excellent analytical, communication, and stakeholder management skills, with the ability to translate complex sustainability requirements into practical business actions.
* Proven track record of leading cross\-functional sustainability initiatives in international environments and driving alignment across diverse stakeholders.
* Comfortable engaging with senior leadership and representing sustainability topics at an executive level.
* Fluent in English; Italian is a plus.

**Why work with us?**

  

This is a fabulous opportunity to join the Kering adventure and to actively contribute to the development of the business by becoming part of a global Luxury Group that offers endless possibilities to learn and grow. Talent development is a managerial principle at Kering and we are committed to fostering internal mobility. Our common vision promotes leadership skills and helps every employee to reach their full potential in a stimulating and fulfilling workplace environment.


*Kering is committed to building a diverse workforce. We believe diversity in all its forms – gender, age, nationality, culture, religious beliefs and sexual orientation – enriches the workplace. It opens up opportunities for people to express their talent, both individually and collectively and it helps foster our ability to adapt to a changing world. As an Equal Opportunity Employer we welcome and consider applications from all qualified candidates, regardless of their background.*

**What we offer:**

CCNL Applied: National Collective Labour Agreement per gli Addetti alle Industrie Manifatturiere delle Pelli e Succedanei e Ombrelli e Ombrelloni.


Indicative Starting Salary: 48\.000€.


Variable pay: Eligibility to a variable annual bonus linked to the achievement of individual and company objectives, in line with current company policies.


Benefit: in addition to those provided by the applicable National Collective Labor Agreement and by law, further benefits and initiatives are provided in accordance with current company policies.


**Job Type**

Regular
**Start Date**

2026\-09\-15
**Schedule**

Full time
**Organization**

Bottega Veneta S.R.L","","https://it.indeed.com/cmp/Bottega-Veneta","","https://www.bottegaveneta.com","Milan","201 to 500","$100M to $500M (USD)","","","","","","","","regulatory manager"
"in-b0812eda17bc5dd1","indeed","https://it.indeed.com/viewjob?jk=b0812eda17bc5dd1","https://ejqe.fa.em2.oraclecloud.com/hcmUI/CandidateExperience/en/sites/CX_1/requisitions/preview/838","ASPP - Safety Prevention and Protection Officer","Canon","Milano, LOM, IT","2026-07-23","fulltime","","","","","",False,"","","","","We are looking for an **Assistant Health \& Safety Prevention and Protection Officer (ASPP)** to support the implementation and continuous improvement of our Health \& Safety management system. In this role, you will work closely with the H\&S Manager (RSPP) to promote a strong safety culture, ensure regulatory compliance, and contribute to creating a safe and healthy workplace for all employees.


  
**Requirements**

* Degree in Engineering, Occupational Health \& Safety, Prevention Techniques or a related technical discipline.
* ASPP qualification in accordance with Italian Legislative Decree 81/2008 (Modules A and B); additional specialist qualifications are considered an advantage.
* Approximately 4\-6 years of experience in Occupational Health \& Safety roles within industrial, manufacturing, logistics or service environments.
* Good knowledge of Italian Occupational Health \& Safety legislation (Legislative Decree 81/2008\).
* Knowledge of Occupational Health \& Safety Management Systems (ISO 45001\); familiarity with ISO 9001 is considered a plus.
* Experience in workplace inspections, internal audits and risk assessment activities.
* Good command of English.
* Proficiency in Microsoft Office applications.
* Strong organizational skills with the ability to manage priorities and deadlines effectively.
* Accuracy and attention to detail in document and administrative management.
* Strong coordination and interpersonal skills, with the ability to interact effectively with both internal and external stakeholders.
* Proactive approach, operational autonomy and problem\-solving mindset.
* Ability to work collaboratively with all parties involved in Occupational Health \& Safety management.
Good communication skills and a practical, hands\-on approach to supporting business operations.  
* 

**What we offer** :


* Permanent Contract
* The position is classified at level 1 or Quadro of the National Collective Labor Agreement (CCNL) for employees of companies in the tertiary sector of distribution and services, CNEL code H011\.
  

The gross annual salary for the role ranges between 40\.000 \- 46\.000 euros.

The determination of the final starting salary within this range will be agreed upon taking into account the company’s organizational context, the provisions of the applicable CCNL, and objective, gender\-neutral criteria such as: professional qualifications and experience, level of knowledge or skills held, as well as the scope and level of responsibility of the position offered.
  

  

Additional benefits and allowances may also be granted in accordance with applicable regulations, the relevant CCNL and the company policies and programs in force at the start date of employment.


  
**Key Responsibilities** :


* Act as the internal operational point of reference for Occupational Health \& Safety matters, working closely with the external Health \& Safety Manager (RSPP) to support the day\-to\-day activities of the Prevention and Protection Service.
* Support the RSPP in implementing and improving occupational health and safety prevention and protection measures, ensuring compliance with applicable legislation.
* Collaborate in the operational management of Health \& Safety activities, maintaining close coordination with the RSPP, Occupational Health Physician, Human Resources, managers, supervisors, Workers' Safety Representatives (RLS), employees and other relevant company functions.
* Support the update and maintenance of the Risk Assessment Document (DVR), specific risk assessments, Health \& Safety procedures and related documentation.
* Conduct workplace inspections, identify hazards and non\-conformities, and monitor the implementation of corrective and improvement actions.
* Manage and maintain compliance calendars for statutory obligations, occupational health surveillance and other Prevention and Protection Service activities, coordinating with the Occupational Health Physician and the relevant departments.
* Support the management of workplace accidents, near misses, incident reporting, emergency management and Health \& Safety training activities, assisting in data collection and the preparation of related documentation.
* Assist in the management of contractors, subcontractors and contractor safety, including the operational and documentary aspects related to interference risks.
* Support coordination with clients, contractors and subcontractors, preparing and managing the required Health \& Safety documentation.
* Assist in the planning and execution of internal and external audits, periodic Health \& Safety meetings and reporting activities, monitoring the implementation of improvement actions.
* Promote a positive safety culture through communication, information and awareness initiatives across the organization.
* Carry out all organizational, administrative and documentary activities necessary to ensure the effective operation of the Prevention and Protection Service.","Computers And Electronics","https://it.indeed.com/cmp/Canon","https://d2q79iu7y748jz.cloudfront.net/s/_squarelogo/256x256/c5d3ad069a5bdcb43f9385377702cd64","http://www.canon-europe.com/careers","","10,000+","more than $10B (USD)","","","","","","","","regulatory manager"
"li-4446323375","linkedin","https://www.linkedin.com/jobs/view/4446323375","","Regulatory Manager - Airports","easyJet","","2026-07-28","","","","","","",False,"","","","","","","https://uk.linkedin.com/company/easyjet","","","","","","","","","","","","","regulatory manager"
"li-4436040335","linkedin","https://www.linkedin.com/jobs/view/4436040335","","Compliance & Regulatory Affairs Manager","ReeVo Cloud & Cyber Security","Vimercate, Lombardy, Italy","2026-07-26","","","","","","",False,"","","","","","","https://it.linkedin.com/company/reevo-cloud","","","","","","","","","","","","","regulatory manager"
"li-4446725418","linkedin","https://www.linkedin.com/jobs/view/4446725418","","CMC Manager","Barrington James","Milan, Lombardy, Italy","","","","","","","",False,"","","","","","","https://uk.linkedin.com/company/barrington-james","","","","","","","","","","","","","regulatory manager"
"in-eb02c41eb115031f","indeed","https://it.indeed.com/viewjob?jk=eb02c41eb115031f","https://careers.nike.com/people-solutions-consultant-ii-emea/job/R-88451","People Solutions Consultant II, EMEA","NIKE","Milano, LOM, IT","2026-07-27","fulltime","","","","","",False,"","","","","Position Type
Full Time
Career area
Human Resources
Location
Milano, Milano 20154, Italy
Job ID
R\-88451* 
Become a Part of the NIKE, Inc. Team


NIKE, Inc. does more than outfit the world’s best athletes. It’s a place where passionate individuals come together to create the future of sport. We are unapologetic about who we are and what we’re after—bringing innovation and inspiration to every athlete\* in the world. We look for athletes who can push boundaries, elevate our potential and continue leading us to greatness. The next tastemakers, playmakers, risk takers and glue players. Are you game?


**WHO YOU WILL WORK WITH**
  

Nike operates in a highly collaborative environment. This role sits within a team of HR professionals and business stakeholders, reporting to the People Solutions Director for the region. The role partners closely with people managers across Italy, supporting both corporate and store\-based teams.
  

  

The individual collaborates with the EMEA HQ People Solutions organization and Centers of Expertise to implement programs, represent local requirements, and leverage specialist knowledge. In addition, the role connects with People Solutions Consulting peers across regions to exchange insights, share best practices, and drive continuous improvement. Strong stakeholder management across retail and corporate teams is critical to ensuring teammate needs and business priorities are clearly understood and effectively represented.
  

  

**WHO WE ARE LOOKING FOR**
  

Nike is looking for an experienced, solutions\-oriented HR professional to support teammates across Italy, based in the Milan office.
  

  

This role plays a critical role in shaping the end\-to\-end team\-mate experience in the region. It delivers expertise across a wide range of HR topics and provides high\-quality, consistent support to both retail and corporate teams in close partnership with business leaders, HR teams, and EMEA Headquarters.
  

  

The successful candidate approaches challenges with curiosity and accountability, translating business needs into scalable, practical solutions. They build strong, trust\-based relationships and use deep HR expertise to elevate the teammate’s experience while identifying opportunities to simplify, improve, and innovate.


You will bring:


* Comprehensive HR generalist knowledge and strong business acumen, especially on retail environment. specially carrying out investigations, Employee Relations or Legal counseling
* Experience in training delivery and participating in HR/Employee relations projects
* Demonstrated experience managing high\-volume HR casework
  

Experience in a dynamic retail environment is an advantage
* Strong understanding of HR processes, policies, and practices, with the ability to apply them effectively
* Knowledge of local regulatory requirements and key employment law principles
* Strong communication and stakeholder engagement skills
* Ability to prioritize effectively while maintaining attention to detail in a fast\-paced environment
* Proven ability to build cross\-functional relationships and collaborate effectively
* Consistently balances speed with accuracy and quality
* Demonstrates a strong teammate\-focused mindset across a diverse business audience
* Demonstrates project management discipline to coordinate with Specialists and functional experts to develop effective delivery.
* Relationship\-building skills with the ability to influence across levels
* Ability to work independently while partnering effectively with senior stakeholders
* High proficiency with Workday and ServiceNow case management systems
* Fluent Italian and English are a must.

**WHAT YOU WILL WORK ON**
  

If this is you, you will play a key role in the Nike Italy team while leveraging strong partnerships across global and EMEA HQ teams. You will be part of an organization grounded in a strong, people\-first culture and contribute to an ongoing HR transformation as Nike evolves its operating model to drive impact at scale.
  

  

On a day\-to\-day basis, you will resolve a broad range of HR matters in partnership with business stakeholders and Nike HR teams. You will provide consultative support and coaching across key HR areas, including employee relations, compensation and benefits, performance management, training, DEI, and legal and regulatory topics.


* You will use technology (ServiceNow and Workday) to manage cases effectively and generate insights that enable informed decision\-making for the teammate population.
* You will deliver integrated People Solutions across the Nike business at\-scale and run offense on complex support needs. This includes guiding teammates through more complex matters, delivering training, managing policies, supporting PSC Leads and functional HRBPs through HR cycles (e.g. APR, performance excellence, etc) and delivery of unique local programs as needed
* Support HR Specialized Services delivery, including resolving moderately complex inquiries and transactions and escalating as needed to leaders on the team
* Guide and coach Teammates and People Managers on key moments that matter, including talent and organizational guidance, ER sensing, and compensation consulting
* Coordinate across the team to ensure services are consistently delivered and well\-managed
* Manage timely and accurate support regarding employee programs and services, HR policy, process, and procedures within Service Level Agreements
* Utilizes knowledge management and case management systems to address, track and resolve teammate inquiries.
* Provide employee data reports to the businesses and functions upon request to improve processes, increase efficiency, and implement best practices.
* Conduct responsibilities in line with PS Consultant R\&Rs.
* Coordinate disciplinary and grievance procedures in line with Italian labor laws.
* Support leader readiness and provide on\-the\-ground support during inspections and audits
* Project/Squads Participation: Contribute to consulting pillar projects by partnering on scope and objectives and executing deliverables.
* Prepare statutory reports.

**Application deadline: 10/August/2026**


The annual base salary for this position generally ranges from €38,400\.00 to €57,600\.000\. Actual compensation will vary based on a candidate’s qualifications, skills, and experience.
NIKE, Inc. is a growth company that looks for team members to grow with it. Nike offers a generous total rewards package, casual work environment, a diverse and inclusive culture, and an electric atmosphere for professional development. No matter the location, or the role, every Nike employee shares one galvanizing mission: To bring inspiration and innovation to every athlete\* in the world.


NIKE, Inc. is an equal opportunity employer. Qualified applicants will receive consideration without regard to race, color, religion, sex, national origin, age, sexual orientation, gender identity, gender expression, veteran status, or disability.

  
* 
* 
What You Can Expect
**OUR HIRING GAME PLAN**
------------------------


### **01 Apply**


Our teams are made up of diverse skillsets, knowledge bases, inputs, ideas and backgrounds. We want you to find your fit – review job descriptions, departments and teams to discover the role for you.


### **02 Meet a Recruiter or Take an Assessment**


If selected for a corporate role, a recruiter will reach out to start your interview process and be your main contact throughout the process. For retail roles, you’ll complete an interactive assessment that includes a chat and quizzes and takes about 10\-20 minutes to complete. No matter the role, we want to learn about you – the whole you – so don’t shy away from how you approach world\-class service and what makes you unique.


### **03 Interview**


Go into this stage confident by doing your research, understanding what we are looking for and being prepared for questions that are set up to learn more about you, and your background.","","https://it.indeed.com/cmp/Nike","https://d2q79iu7y748jz.cloudfront.net/s/_squarelogo/256x256/ad360a3f4ed7004ddb751f230b3558a1","https://jobs.nike.com","Beaverton, OR","10,000+","more than $10B (USD)","NIKE, Inc. is the world’s leading designer, marketer and distributor of authentic athletic footwear, apparel, equipment and accessories for a wide variety of sports and fitness activities.","","","","","","","regulatory specialist"
"in-1c2fa38c6ad0b083","indeed","https://it.indeed.com/viewjob?jk=1c2fa38c6ad0b083","https://fortrea.wd1.myworkdayjobs.com/en-US/Fortrea/job/Milan/Start-up-specialist--FSP-Model---Italy_264236","Start-up specialist- FSP Model - Italy","Fortrea","Milano, LOM, IT","2026-07-27","fulltime","","","","","",False,"","","","","Job Description
**Job Overview:**

At **Fortrea** , we are committed to accelerating clinical trials and ensuring regulatory compliance. As a **Site Start\-Up Specialist** , you will play a pivotal role in coordinating site start\-up activities, managing essential documents, and ensuring regulatory submissions are completed efficiently. Your expertise will help bring life\-changing treatments to patients faster.


**In this role, you will be part of our FSPx team and work directly with one of our renowned key sponsor to advance the development of innovative, life\-changing medications.**

**Key Responsibilities:**

In this role, you will:


* Serve as the **primary contact** for investigative sites during start\-up and maintenance activities.
* Collect, review, and organize essential documents required for regulatory submissions (EC/IRB/Third Body/Regulatory Authority).
* Ensure compliance with ICH/GCP guidelines, regulatory requirements, and sponsor specifications.
* Prepare and submit regulatory documents, including country\-specific application forms and informed consent forms.
* Track submission timelines and proactively address potential delays.
* Collaborate with internal and external stakeholders, including vendors, clinical teams, and regulatory authorities.
* Ensure all documentation is **audit\-ready** and systems are consistently updated.
* Assist in the negotiation of site contracts and budgets, if applicable.
* Provide mentorship and training to new hires and less\-experienced colleagues.

### **Required Qualifications:****To succeed in this role, you should have:*** **University/College degree** **(life sciences preferred) or certification in a related allied health profession.**
* **Minimum 2 years of experience** **in clinical research, regulatory submissions, or site activation.**
* **Strong knowledge of** **ICH/GCP guidelines, RA, IRB/IEC regulations, and start\-up processes** **.**
* **Ability to review and adapt patient** **informed consent forms** **to meet local and protocol\-specific requirements.**
* **Experience interacting with** **regulatory authorities** **and site start\-up teams.**
* **Excellent** **organizational, problem\-solving, and communication skills** **.**
* **Proficiency in** **Microsoft Office and document management systems** **.**
* **Fortrea may consider relevant and equivalent experience in lieu of educational requirements.**

**What We Offer:*** **Competitive salary and performance\-based incentives.**
* **Professional growth opportunities in a collaborative and innovative environment.**
* **The opportunity to work on cutting\-edge clinical research projects.**

**The base salary range for this role is** **EUR 32,200** **– EUR 46,000 gross per year, which may vary as per working schedule (full or part\-time). The final offer will be determined based on objective and job\-related criteria such as experience, qualifications, and scope of responsibilities, in line with our internal job classification framework and the applicable collective labour agreement (CCNL). This role may also be eligible for additional compensation, such as bonus and benefits, in accordance with company policies.**

Learn more about our EEO \& Accommodations request here .","","https://it.indeed.com/cmp/Fortrea","https://d2q79iu7y748jz.cloudfront.net/s/_squarelogo/256x256/de8095ff8e53c24700fa67a6b68de05f","https://careers.fortrea.com","Durham, NC","10,000+","Decline to state","Fortrea (Nasdaq: FTRE) is a leading global provider of clinical development and technology solutions to the life sciences industry. Learn more about us at Fortrea.com.","","","","","","","regulatory specialist"
"in-2a629a4972708bc4","indeed","https://it.indeed.com/viewjob?jk=2a629a4972708bc4","https://JPMorganChase.contacthr.com/152835713","Country Head of Human Resources (Italy, Greece and Malta) - Executive Director","JPMorganChase","Milano, LOM, IT","2026-07-23","fulltime","","","","","",False,"","","","","**JOB DESCRIPTION**  

  

  

Shape and lead a multi\-country people strategy, enabling growth, talent and a strong control culture.You will lead a high\-impact Human Resources agenda across multiple countries, partnering with senior leaders to help the business grow while strengthening culture, controls, and the employee experience. You will collaborate across Human Resources specialist teams to deliver scalable, sustainable solutions—from talent and compensation to mobility and employee relations.


As a Country Head of Human Resources at JP Morgan within our Italy, Greece and Malta country coverage, you will set and deliver the end\-to\-end Human Resources strategy aligned to business priorities and the broader people agenda. You will advise leaders and partner closely with control functions to foster a strong risk and control environment, while proactively managing regulatory implications for people\-related activities.


**Job responsibilities**

* Develop and drive the end\-to\-end Human Resources strategy across Italy, Greece and Malta in line with business priorities and the regional and global people agenda
* Partner closely with the Senior Country Officer, business leaders, and control functions (including Risk, Legal, Compliance, and Global Security and Investigations) to set priorities and deliver solutions
* Provide oversight for Human Resources services end\-to\-end across the covered countries, ensuring a scalable and sustainable operating model
* Collaborate with specialist Human Resources teams (such as talent acquisition, compensation, benefits, mobility, employee relations, and oversight) to deliver effective people processes and solutions
* Lead issue escalation and resolution by reviewing critical Human Resources processes with subject matter experts and driving timely remediation
* Lead and develop a small local team, and provide supervisory coverage for other local Human Resources colleagues as needed
* Consult on employee relations, leadership development, succession planning, recruitment, organizational design, and employee advocacy to support leaders and teams
* Engage and negotiate with employee representative bodies (including works councils and, where required, unions) and manage external vendor relationships
* Represent Human Resources in key local committees and forums, and sponsor change initiatives to improve ways of working and digital adoption

**Required qualifications, capabilities, and skills**

* Demonstrated working knowledge across multiple Human Resources disciplines (for example, talent acquisition, employee relations, compensation, benefits, mobility, and governance)
* Strong knowledge of local employment law and local market practices across the covered countries
* Experience operating effectively in a multinational, matrixed environment
* Deep understanding of risk and controls and the ability to maintain a robust control environment within Human Resources activities
* Proven ability to partner across all levels of leadership and staff, building strong working relationships in complex environments
* Fluency in Italian and English
* Demonstrated consulting, influencing, coaching, negotiating, and conflict management skills
* Strong analytical skills with the ability to assess situations quickly and make sound judgments
* Excellent communication skills, cultural awareness, empathy, and interpersonal effectiveness
* Ability to prioritize, meet deadlines, and manage multiple demands under pressure

**Preferred qualifications, capabilities, and skills**




* Human Resources experience in banking or financial services
* Experience engaging with regulators and advising on regulatory considerations impacting people\-related processes
* Experience partnering with works councils and, where applicable, union representatives
* Track record of leading or overseeing complex, multi\-stakeholder change or transformation initiatives (for example, policy rollouts, operating model improvements, or country\-specific regulatory changes)




**ABOUT US**
  

  

J.P. Morgan is a global leader in financial services, providing strategic advice and products to the world's most prominent corporations, governments, wealthy individuals and institutional investors. Our first\-class business in a first\-class way approach to serving clients drives everything we do. We strive to build trusted, long\-term partnerships to help our clients achieve their business objectives.  

We recognize that our people are our strength and the diverse talents they bring to our global workforce are directly linked to our success. We are an equal opportunity employer and place a high value on diversity and inclusion at our company. We do not discriminate on the basis of any protected attribute, including race, religion, color, national origin, gender, sexual orientation, gender identity, gender expression, age, marital or veteran status, pregnancy or disability, or any other basis protected under applicable law. We also make reasonable accommodations for applicants' and employees' religious practices and beliefs, as well as mental health or physical disability needs. Visit our FAQs for more information about requesting an accommodation.  

  

  

**ABOUT THE TEAM**  

  

  

Our professionals in our Corporate Functions cover a diverse range of areas from finance and risk to human resources and marketing. Our corporate teams are an essential part of our company, ensuring that we're setting our businesses, clients, customers and employees up for success.  

  

Human Resources plays a critical role in driving the employee experience, shaping the firm's culture and building a diverse and inclusive workforce. We are a strategic partner to the business — working with leaders across the firm to hire, develop and retain the best people and help meet business goals. Together, we foster a work environment in which our people are supported, feel like they belong and are able to make an impact through their work. We develop and deliver a suite of products and services that help make JPMorgan Chase an employer of choice and drive our business forward.","","https://it.indeed.com/cmp/Jpmorganchase-2","https://d2q79iu7y748jz.cloudfront.net/s/_squarelogo/256x256/62e186e96c7550325814ef6880fae379","https://www.jpmorganchase.com/","New York, NY","10,000+","more than $10B (USD)","Headquartered in New York City, JPMorgan Chase is the largest bank in the United States.","","","","","","","regulatory specialist"
"in-caed46076b90bc1e","indeed","https://it.indeed.com/viewjob?jk=caed46076b90bc1e","https://www.brydenwood.com/vacancies/senior-architect-milan","Senior Architect - Milan","Bryden Wood","Milano, LOM, IT","2026-07-09","","","","","","",False,"","","","","Team Architecture
  
  

Location Milan
  
  

Job type Permanent
  
  

Posted 09\.07\.2026
  
  

**\#block\-df79ba0926a6f46cb94f { \-accordion\-item\-padding\-top:** 30px; \-accordion\-item\-padding\-bottom: 30px; \-accordion\-item\-padding\-left: 0px; \-accordion\-item\-padding\-right: 0px; \-accordion\-icon\-size: 14px; \-accordion\-icon\-thickness: 2px; \-accordion\-description\-padding\-top: 0px; \-accordion\-description\-padding\-bottom: 30px; \-accordion\-description\-padding\-left: 0px; \-accordion\-description\-padding\-right: 0px; \-accordion\-description\-width: 70%; \-accordion\-divider\-thickness: 1px; \-accordion\-divider\-opacity: 1; } \#block\-df79ba0926a6f46cb94f { \-stroke\-style: none;\-stroke\-thickness: 6px; } \#block\-df79ba0926a6f46cb94f .accordion\-items\-container { \-tweak\-accordion\-block\-padding: 6% 6% 6% 6%; \-tweak\-accordion\-block\-padding: initial; } \#block\-df79ba0926a6f46cb94f { mix\-blend\-mode: var(\-tweak\-accordion\-block\-blend ); border\-radius: var(\-tweak\-accordion\-block\-radius); } \#block\-df79ba0926a6f46cb94f { \-tweak\-accordion\-block\-radius: 0px 0px 0px 0px; } \#block\-df79ba0926a6f46cb94f { }
  
  

**\#block\-2a8872091294074ffd5b { \-sqs\-block\-content\-flex:** 0; } \#block\-2a8872091294074ffd5b { \-opacity: 100%; \-translate\-x: 0px; \-translate\-y: 0px; \-rotation: 0deg; \-scale\-x: 100%; \-scale\-y: 100%; \-skew\-x: 0deg; \-skew\-y: 0deg; \-origin\-x: 50%; \-origin\-y: 50%; \-block\-transform: none; opacity: var(\-opacity, 1\); transform: var(\-block\-transform); transform\-origin: var(\-origin\-x) var(\-origin\-y); }
  
  

At Bryden Wood, we are expanding our Milan team to support the delivery of some of the world's most complex and ambitious projects for leading technology companies, industrial organisations, and global investors.
  
  

We are seeking an experienced Senior Architect to join our growing team and play a leading role in the design and delivery of Data Centres, Advanced Manufacturing, Industrial, and other large\-scale technical facilities across Europe and beyond. Depending on experience, capability, and local requirements, this position may be appointed as either Project Architect or Architectural Associate.
  
  

This is a unique opportunity to work on high\-profile, technically demanding projects within a truly international environment, fully integrated with our UK headquarters and multidisciplinary teams across the business.
  
  

As part of our Milan studio, you will act as a key architectural lead, collaborating closely with colleagues across Architecture, Structures, Civils, MEP, Sustainability, Digital Design, and Project Management to deliver coordinated and innovative design solutions. You will play a critical role in guiding projects from concept through technical delivery, permitting, construction support, and client engagement, ensuring the highest standards of design quality and technical excellence.
  
  

Joining Bryden Wood means becoming part of a practice that is redefining how buildings are designed and delivered through design excellence, digital innovation, modern methods of construction, and industrialised design principles. Our teams work at the forefront of the industry, helping clients solve some of their most complex challenges while delivering projects that are smarter, more sustainable, and more efficient.
  
  

This is an exciting opportunity for ambitious architectural professionals who are looking to take a leadership role on some of the most significant Data Centre and Industrial developments being delivered today.
  
  

The role
  
  

As a Senior Architect, you will act as one of the architectural leads on major European projects while contributing to the successful delivery of international programmes. You will work closely with multidisciplinary design teams, clients, and stakeholders to drive technical excellence, coordination, and project performance.
  
  

Key responsibilities
  
  

* Lead architectural design and technical delivery across all relevant project stages, from concept design through technical design, permitting, tender documentation, and construction support.
* Act as a technical lead for complex projects, ensuring design intent is successfully translated into coordinated and deliverable technical solutions.
* Coordinate and oversee architectural deliverables, ensuring quality, consistency, and compliance with project requirements and client expectations.
* Review and implement project\-specific design strategies that respond to Italian and relevant international building regulations, codes, standards, and client requirements.
* Lead or coordinate statutory approvals, permit applications, and submissions to local authorities and professional bodies, ensuring regulatory compliance throughout the design process.
* Manage multidisciplinary coordination with Structural, Civil, MEP, Sustainability, and specialist consultant teams to achieve fully integrated design solutions.
* Oversee BIM\-led design delivery, spatial coordination, technical detailing, and clash resolution processes across project teams.
* Support project planning, resource allocation, programme management, risk mitigation, and quality assurance processes.
* Provide technical leadership and mentoring to Architects and junior team members, supporting their professional development and technical growth.
* Build and maintain strong relationships with clients, stakeholders, consultants, and project teams throughout project lifecycles.
* Contribute to design reviews, technical workshops, internal knowledge\-sharing initiatives, and continuous improvement activities.


What we're looking for
  
  

* Education: A Master's Degree in Architecture (or equivalent 5\-year professional degree).
* Professional Registration: Registration with a recognised architectural body (e.g. Ordine degli Architetti, ARB, or international equivalent) is required or actively being pursued, subject to local requirements and role level.
* Technical Leadership: Extensive experience leading architectural technical design development, coordination, and delivery across complex projects and multidisciplinary teams.
* Regulatory Expertise: Strong knowledge of Italian building regulations and permitting processes, together with the ability to interpret and apply relevant international codes, standards, and client requirements.
* Experience: Minimum of 6–8\+ years' post\-qualification experience, with appointment level (Project Architect or Architectural Associate) determined by experience, technical capability, and leadership responsibilities.
* Project Experience: Proven track record delivering large\-scale industrial, infrastructure, Data Centre, pharmaceutical, manufacturing, logistics, or other technically complex commercial projects. Previous Data Centre experience is highly advantageous.
* Permitting \& Approvals: Demonstrable experience producing, coordinating, and/or leading permit submissions and official documentation for local authorities and professional bodies.
* Communication Skills: Full professional fluency in written and spoken English and Italian, with strong interpersonal and stakeholder management skills.
* Project \& Team Management: Experience managing project deliverables, coordinating multidisciplinary interfaces, supporting project programmes, and leading design teams.
* Digital Delivery: Strong proficiency in Revit for BIM authoring and technical documentation, alongside experience using Navisworks for coordination, model review, and clash detection.
* Leadership \& Mentoring: A collaborative leader who can guide, support, and develop team members while fostering a positive and high\-performing project environment.
* Problem Solving: Excellent technical, analytical, and organisational skills, with the ability to confidently navigate complex design and delivery challenges.


Why join Bryden Wood?
  
  

At Bryden Wood, you'll have the opportunity to work on some of the most exciting and technically challenging projects in the industry, collaborating with multidisciplinary teams across Europe and beyond. We are committed to creating an environment where talented people can thrive, develop their careers, and enjoy a healthy work\-life balance.
  
  

What we offer
  
  

* Competitive Reward Package – A highly competitive salary and benefits package, tailored to your experience and expertise.
* 9\-Day Fortnight – Enjoy an additional day off every two weeks, with no reduction in salary and no requirement to work additional hours.
* Flexible \& Hybrid Working – Benefit from a hybrid working model that supports collaboration, flexibility, and work\-life balance.
* International Project Exposure – Work on world\-class Data Centre, Industrial, Pharmaceutical, and Advanced Manufacturing projects for some of the world's leading organisations.
* Collaborative Global Team – Be fully integrated with our UK headquarters and international project teams, working alongside experts across Architecture, Engineering, Sustainability, and Digital Design.
* Professional Development – Access to structured career development, regular performance reviews, mentoring, and clear progression opportunities.
* Continuous Learning – Ongoing technical training, CPD programmes, and knowledge\-sharing initiatives to support your professional growth.
* Professional Membership Support – Reimbursement of relevant professional institution memberships.
* People\-First Culture – Join a friendly, inclusive, and supportive team that values innovation, collaboration, and technical excellence.
* Social \& Wellbeing Activities – Regular team events, office gatherings, and social activities that help foster a strong sense of community.


This is a unique opportunity to combine the scale and ambition of a global design consultancy with the culture, agility, and career development opportunities of a growing MIlan\-based team.
  
  

**\#block\-f3f4cf3689da68d1dd49 { \-stroke\-style:** none;\-stroke\-thickness: 2px; \-tweak\-text\-block\-stroke\-color: hsla(var(\-black\-hsl), 1\) ; } \#block\-f3f4cf3689da68d1dd49 .sqs\-html\-content { \-tweak\-text\-block\-padding: 6% 6% 6% 6%; \-tweak\-text\-block\-padding: initial; } \#block\-f3f4cf3689da68d1dd49 { mix\-blend\-mode: var(\-tweak\-text\-block\-blend ); border\-radius: var(\-tweak\-text\-block\-radius); } \#block\-f3f4cf3689da68d1dd49 { \-tweak\-text\-block\-radius: 0px 0px 0px 0px; } \#block\-f3f4cf3689da68d1dd49 { \-tweak\-text\-block\-blend : normal; } \#block\-f3f4cf3689da68d1dd49 { \-blur\-value: blur(15px);} @media screen and (max\-width: 767px) { \#block\-f3f4cf3689da68d1dd49 { } } @media screen and (max\-width: 767px) { \#block\-f3f4cf3689da68d1dd49 .sqs\-html\-content { } } @media screen and (max\-width: 767px) { } \#block\-f3f4cf3689da68d1dd49 { \-opacity: 100%; \-translate\-x: 0px; \-translate\-y: 0px; \-rotation: 0deg; \-scale\-x: 100%; \-scale\-y: 100%; \-skew\-x: 0deg; \-skew\-y: 0deg; \-origin\-x: 50%; \-origin\-y: 50%; \-block\-transform: none; opacity: var(\-opacity, 1\); transform: var(\-block\-transform); transform\-origin: var(\-origin\-x) var(\-origin\-y); }","","https://it.indeed.com/cmp/Bryden-Wood","","https://www.brydenwood.co.uk","London","51 to 200","","","","","","","","","regulatory specialist"
"li-4436528801","linkedin","https://www.linkedin.com/jobs/view/4436528801","","Stage Consulting | Project Governance & Quality Assurance","Lutech","Milan, Lombardy, Italy","2026-07-28","","","","","","",False,"","","","","","","https://it.linkedin.com/company/lutech","","","","","","","","","","","","","regulatory specialist"
"li-4436763988","linkedin","https://www.linkedin.com/jobs/view/4436763988","","Quality Assurance Specialist","Recordati","Milan, Lombardy, Italy","2026-07-25","","","","","","",False,"","","","","","","https://it.linkedin.com/company/recordati","","","","","","","","","","","","","regulatory affairs specialist"
"li-4442826773","linkedin","https://www.linkedin.com/jobs/view/4442826773","","Pharmacovigilance & Quality Assurance Consultant","PQE Group","Milan, Lombardy, Italy","2026-07-27","","","","","","",False,"","","","","","","https://it.linkedin.com/company/pqe-group","","","","","","","","","","","","","quality assurance pharma"
"li-4445466730","linkedin","https://www.linkedin.com/jobs/view/4445466730","","Responsabile Sistema Gestione Qualità  ISO 13485 - FASCICOLI TECNICI","SANITPHARMA S.R.L.","Novara, Piedmont, Italy","2026-07-28","","","","","","",False,"","","","","","","https://www.linkedin.com/company/sanitpharma-s.r.l.","","","","","","","","","","","","","QA manager pharma"
"li-4441521001","linkedin","https://www.linkedin.com/jobs/view/4441521001","","Quality Assurance Manager","MEDSPA Srl","Milan, Lombardy, Italy","2026-07-23","","","","","","",False,"","","","","","","https://it.linkedin.com/company/medspa-srl","","","","","","","","","","","","","QA manager pharma"
"in-cccc489649fac7ef","indeed","https://it.indeed.com/viewjob?jk=cccc489649fac7ef","https://abb.wd3.myworkdayjobs.com/External_Career_Page/job/Dalmine-Bergamo-Italy/Field-Service-Technician---Switchgear_JR00042345-1","Field Service Technician - Switchgear","ABB","Dalmine, LOM, IT","2026-07-29","","","","","","",False,"","","","","At **ABB**, we help industries run leaner and cleaner—and every person here makes that happen. You’ll be empowered to lead, supported to grow, and proud of the impact we create together. Join us and help run what runs the world.

**This position reports to:**


Service Team Leader
\_\_

**Your role and responsibilities**


The primary focus of this role will be on Low and Medium Voltage Switchgear, ensuring the highest standards of service, safety, and technical expertise throughout all field activities.


You will have the opportunity to execute service work as per work instructions and in accordance with ABB quality and safety guidelines. Each day, you will deliver quality customer service planning and execute service work as per customer order and expectation. You will also showcase your expertise by ensuring customer retention by effectively communicating service work timeline and expectations.  

  

The work model for the role is: \#LI\-Onsite.


You will be mainly accountable for:

* Performing maintenance, commissioning, and troubleshooting of low and medium voltage switchgear at customer sites, while applying ABB health and safety standards.
* Conducting inspections and preparing reports, including technical documentation and work summaries to be signed by customer representatives.
* Supervising external service teams and recommending improvements, such as equipment upgrades or procedural changes to enhance performance and customer satisfaction.
* Coordinating with management and customers, ensuring safety planning, documentation flow, and managing on\-site interventions across Italy (70%) and abroad (30%) for approximately 200 days per year.
**Qualifications for the role**

* You have at least 3/5 years of experience in the same field.
* You are qualified in reading schematic, electrical and wiring diagram.
* You work well both independently and as a part of a team. You seek solutions actively, instead of focusing on Problems.
* Technical Diploma or degree in electrical or electronical field.
* You are available to travel frequently and undertake business trips, both within Italy and abroad, according to project and customer requirements.
* You are at ease communicating in Italian and English, both written and spoken.
**Compensation Package**


As part of our commitment to transparency, we want to share the compensation details for this position:


Applicable CBA: Metalmeccanico


Minimum annual salary: € 36\.000,00


Variable Pay: Eligible for Company Productivity Bonus


The offer will be tailored based on your role location, experience, skills and qualifications, internal market positioning and alignment with ABB internal standards.

**Benefits as per policy**


Flexible working hours, hybrid work options, and a strong focus on work\-life integration and Wellbeing support for employees and their families. Welfare plan with a wide range of personalized services, Canteen provided.

**More about us**


Join us. Be part of the team where progress happens, industries transform, and your work shapes the world. Run What Runs the World.


\#ABBCareers \#RunwithABB


Building a cleaner, smarter future takes all kinds of minds: the curious, the courageous, and the creative. That's why we welcome people from all backgrounds and experiences.




Ready to make an impact?


Apply today or visit **https://www.abb.com** to learn more about the impact of our solutions across the globe.","","https://it.indeed.com/cmp/Abb","https://d2q79iu7y748jz.cloudfront.net/s/_squarelogo/256x256/6998783079e0a69c900c56473963cc0c","http://www.global.abb/group/en","Zürich","10,000+","more than $10B (USD)","","","","","","","","qualified person"
"in-6bf0eadbe80281d8","indeed","https://it.indeed.com/viewjob?jk=6bf0eadbe80281d8","https://abb.wd3.myworkdayjobs.com/External_Career_Page/job/Dalmine-Bergamo-Italy/Inside-Service-Sales-Specialist_JR00028576","Inside Service Sales Specialist","ABB","Dalmine, LOM, IT","2026-07-28","","","","","","",False,"","","","","At **ABB**, we help industries run leaner and cleaner—and every person here makes that happen. You’ll be empowered to lead, supported to grow, and proud of the impact we create together. Join us and help run what runs the world.

**This position reports to:**


EL Sales Support Manager \- Configuration \& Quotation
\_\_

**Your role and responsibilities**

You will have the opportunity to support ELSE Service Sales organization and customers during the proposal process and internal sales. You will support the local Sales organization and customers in determining the most technical appropriate and cost\-effective solutions and in the preparation of demanding offers. Coordinate with Local Marketing \& Sales Managers, Regional and Global roles and implement Sales initiatives with local sales organizations in ELSE Italy.


Work Model: \#LI\-Hybrid


In this role, you’ll help run what runs the world by taking on meaningful work that drives real impact, as you will be accountable for:

* Managing sales opportunities through CRM systems, calls, emails, and routing qualified leads to specialists.
* Coordinating technical\-commercial support by preparing offers, analyzing customer needs, and recommending improvements.
* Collaborating cross\-functionally to develop service offerings, generate revenues, and promote strategic programs.
* Managing and developing channel partners by leading relationships, implementing pricing strategies, and driving long\-term growth.

**Qualifications for the role**

* You have substantial experience in service sales and are highly skilled at excelling in the role.
* Demonstrate effective commercial skills and promotional capabilities, with a focus on identifying business opportunities, engaging clients, and expanding market reach.
* You have advanced skills in low/medium voltage systems with a motivated, customer\-oriented approach.
* Degree in electrical engineering (or related technical field).
* You are at ease communicating in Italian and English.
* You are available to travel across the country to support business and events, training.
**Compensation Package**


As part of our commitment to transparency, we want to share the compensation details for this position:


Applicable CBA: Metalmeccanico


Minimum annual salary: € 39\.000,00


Variable Pay: Eligible for Company Productivity Bonus


The offer will be tailored based on your role location, experience, skills and qualifications, internal market positioning and alignment with ABB internal standards.

**Benefits as per policy**


Flexible working hours, hybrid work options, and a strong focus on work\-life integration. Wellbeing support for employees and their families. Welfare plan with a wide range of personalized services, Canteen provided.

**More about us**

ABB's Service Division partners with our customers to improve the availability, reliability, predictability and sustainability of electrical products and installations. The Division’s extensive service portfolio offers product care, modernization, and advisory services to improve performance, extend equipment lifetime and deliver new levels of operational and sustainable efficiency. We help customers keep resources in use for as long as possible, extracting the maximum value from them, and then recovering and regenerating products and materials at the end of their useful life.


Join us. Be part of the team where progress happens, industries transform, and your work shapes the world. Run What Runs the World.


\#ABBCareers \#RunwithABB


Building a cleaner, smarter future takes all kinds of minds: the curious, the courageous, and the creative. That's why we welcome people from all backgrounds and experiences.




Ready to make an impact?


Apply today or visit **https://www.abb.com** to learn more about the impact of our solutions across the globe.","","https://it.indeed.com/cmp/Abb","https://d2q79iu7y748jz.cloudfront.net/s/_squarelogo/256x256/6998783079e0a69c900c56473963cc0c","http://www.global.abb/group/en","Zürich","10,000+","more than $10B (USD)","","","","","","","","qualified person"
"in-ebf36f0b9f17c77c","indeed","https://it.indeed.com/viewjob?jk=ebf36f0b9f17c77c","http://it.indeed.com/job/real-estate-consultant-ebf36f0b9f17c77c","Real Estate Consultant","","Milano, LOM, IT","2026-07-28","parttime, fulltime","","","","","",False,"","","","","**Job Title: Real Estate Consultant**

**Location:** Milan/Lombardy  
**Employment Type:** Full\-Time / Part\-Time  
**Reports To:** Broker of Record / Sales Manager  
**Compensation:** Commission\-Based / Base \+ Commission / Salary

**Position Overview**

We are seeking a driven and knowledgeable **Real Estate Consultant** to join our team. In this role, you will act as a trusted advisor to clients, guiding them through the complexities of buying, selling, and leasing properties. Unlike a traditional agent who solely focuses on transactions, our Consultants focus on building long\-term relationships and providing strategic advice based on deep market analysis and client goals.

**Key ResponsibilitiesClient Representation**

* **Buyer Representation:** Identify client needs, search for properties, arrange showings, and negotiate purchase agreements to secure the best terms for buyers.
* **Seller Representation:** Conduct Comparative Market Analyses (CMAs) to price homes competitively. Develop and execute marketing strategies to attract qualified buyers.
* **Leasing:** Assist landlords and tenants with rental agreements, market analysis, and lease negotiations.

**Business Development**

* Proactively prospect for new clients through networking, referrals, social media, and cold calling.
* Build and maintain a robust database of leads and past clients for repeat business.
* Host open houses and community events to increase brand visibility.

**Market Expertise**

* Stay up\-to\-date on local real estate market trends, property values, and zoning regulations.
* Provide clients with data\-driven insights regarding market conditions, financing options, and investment potential.
* Prepare and present detailed property valuation reports.

**Transaction Management**

* Manage the entire transaction process from contract to closing.
* Coordinate with lenders, home inspectors, appraisers, attorneys, and title companies.
* Ensure all paperwork is accurately completed and compliant with state and federal regulations.

**Marketing \& Technology**

* Utilize the company CRM to manage client interactions and follow\-ups.
* Leverage digital marketing tools (social media, email campaigns, and listing platforms) to market properties effectively.
* Create professional listing presentations and marketing materials.

**QualificationsRequired**

* **Licensing:** Active Real Estate License in the state of \[State].
* **Experience:** \[X] years of proven experience in real estate sales or a related field (e.g., property management, mortgage lending).
* **Education:** High school diploma or equivalent required; Bachelor’s degree in Business, Marketing, or Finance preferred.
* **Transportation:** Valid driver’s license and reliable transportation.

**Preferred**

* Experience with \[Specific software, e.g., MLS, Dotloop, Salesforce, or BoomTown].
* Bilingual proficiency (e.g., English/Spanish) is a plus.
* GRI (Graduate Realtor Institute) or other professional designations are a plus.

**Core Competencies \& Skills**

* **Negotiation:** Strong ability to advocate for clients while maintaining professionalism.
* **Communication:** Excellent verbal and written communication skills; ability to simplify complex jargon.
* **Sales Acumen:** Self\-motivated with a hunter mentality; comfortable with rejection and persistence.
* **Technology:** Proficiency with CRM software and Microsoft Office Suite.
* **Time Management:** Ability to manage multiple clients and deadlines simultaneously.
* **Integrity:** Ethical conduct and transparency in all dealings.

Job Types: Full\-time, Part\-time

Pay: €19,348\.97 \- €46,293\.23 per year

Work Location: In person","","https://it.indeed.comNone","","","","","","","","","","","","","qualified person"
"in-e8ba2f0efed92f1e","indeed","https://it.indeed.com/viewjob?jk=e8ba2f0efed92f1e","https://jobs.smartrecruiters.com/Sobi/744000139246063-msl-manager-metabolic-disorder","MSL Manager - Metabolic Disorder","Sobi","Milano, LOM, IT","2026-07-23","fulltime","","","","","",False,"","","","talentacquisition@sobi.com","**Company Description** ***Statistics show that women and underrepresented groups tend to apply to jobs only if they meet 100% of the qualifications. Sobi encourages you to change that statistic and apply. Rarely do candidates meet 100% of the qualifications. We look forward to your application!***


At Sobi, each person brings their unique talents to work as a team and make a difference. We are dedicated to developing and delivering innovative therapies to improve the lives of people who live with a rare disease. Our edge comes from our team of people and our commitment to patients.


Here at Sobi, our mission and culture get us excited to come to work every day, but here are a few more reasons to join our team:

* Competitive compensation for your work
* Emphasis on work/life balance
* Collaborative and team\-oriented environment
* Opportunities for professional growth
* Diversity and Inclusion
* Making a positive impact to help ultra\-rare disease patients who are in need of life saving treatments

  

**Job Description**  

The Medical Science Liaison Manager (MSLM) is responsible for providing leadership, strategic direction, and day\-to\-day line management and coaching for the assigned MSL team and related activities for a therapeutic area (s) within the Medical department, reporting directly to the Therapeutic Area Medical Lead Metabolic Disease (TAML). The MSL Manager ensures that the MSL team provides high\-quality scientific and clinical information to healthcare professionals and supports the company's medical and business objectives, fostering strong relationships with key external experts (KOLs) and other relevant stakeholders, contributes to the design of the Local Medical Plan (LMP) in close collaboration with the Medical Advisor of the assigned therapeutic area(s), and is accountable for developing the Field Medical plan (FMP) as part of the LMP. Other duties include but are not limited to strategic planning, personnel management, performance management process, data analysis, generation of metrics, people development and training. The MSLs Manager will ensure field medical operation effectiveness and strict medical compliance in MSL daily activities.

**Location**


This role is field\-based, requiring at least 40 % of working time in travels based on local/role need. The MSL Manager can be based everywhere in Italy.

**Key Responsibilities**


Strategic Leadership of the MSL Function

* Provides leadership, strategic direction, and day\-to\-day line management and coaching for the assigned MSL team and related activities for a therapeutic area (s) within the Medical department
* Ensures that the MSL team provides high\-quality scientific and clinical information to healthcare professionals and supports the company's medical and business objectives, fostering strong relationships with key external experts (KOLs) and other relevant stakeholders
* Contributes to the design of the Local Medical Plan (LMP) in close collaboration with the Medical Advisor of the assigned therapeutic area(s), and is accountable for developing the Field Medical plan (FMP) as part of the LMP
* Ensure field medical operation effectiveness and strict medical compliance in MSL daily activities.
* Foster a healthy and psychologically safe team environment, inspiring and motivating strategic mindset, innovation, feedback and open communications while welcoming diversity, respect and inclusion
* Responsible for annual performance management and individual development plans processes, contributing to the organizational talent review process for the MSL team as well as succession planning
* Provides continuous coaching, mentoring and guidance to MSLs regarding their individual performance and self\-leadership development
* Provides regular feedback and coaching based on in\-field observations and feedback from other team and/or cross\-functional team members
* Recruit, hire and on\-board a high performing team of MSLs in conjunction with others, optimizing resources according to the assigned team priorities
* Ensures MSL team members update and maintain all required databases with current and complete information, including the appropriate documentation of responses to unsolicited requests from external stakeholders


Scientific Communication \& Field Excellence, Operational \& Budget Oversight

* Guides and monitor the execution of the FMPs s plans, and ensure the field medical education and scientific engagement plans are tailored to external stakeholders needs in alignment with medical objectives
* Designs the strategic FMP in close collaboration with the Medical Advisor as part of the Local Medical Plan
* Regular monitoring of MSL metrics ensuring adherence in accordance to Sobi’s requirements and guidance provided, while highlighting the field medical value to the business by sharing MSL achievements internally


Insight Generation \& Strategic Contribution

* Coordinates the collection and reporting of consolidated actionable insights from KOL and other relevant stakeholders that may impact Sobi’s strategy and related tactics, conveying the field medical voice at cross\-functional strategic meetings to inform and co\-create the local strategy


KOL Strategy \& External Engagement Oversight

* Ensures high scientific standards for MSLs interactions with key external experts (KOLs) and other relevant stakeholders, reporting of systematic insights gathering projects and facilitating valuable cross\-functional collaborations in the field leading to effective account plans.


Evidence Generation Support

* Contributes in identifying and partnering on potential projects that would enhance organizational impact and/or lead to successful execution of the medical objectives


Team Leadership, Development \& Capability Building

* Build up MSLs capabilities to ensure high quality scientific engagements, ensuring they have the necessary tools, training, and materials to perform effectively.
* Ensure continuous strategic learning and understanding of the therapeutic area(s) and interpretation of analytics to inform and maximize MSL Core Capabilities and the whole medical/company strategy
* Ensure all medical activities implemented strictly adhere to Sobi SOPs/guidance, in full compliance with and local regulations and industry code Cross‑Functional Collaboration
* Interfaces regularly and synergizes effectively with other members of the Medical Team and with different cross\-functional stakeholders to ensure all in\-field teams are collaborating effectively to reach Sobi’s objectives
* Collaborates closely with other MSL Manager(s) regarding standardization and consistency of MSL for a common approach towards field medical excellence, identifying opportunities for cross\-functional integration of MSL roles and activities in the field
* Foster and inspire the MSL team to enhance cross\-functional collaborations and synergies as key scientific partners

  

**Qualifications**  

* Pharma Degree, PhD, MD or other post\-graduate degree in health/life sciences
* A minimum of 5 years clinical, scientific/research, or pharma industry related experience or equivalent with at least two of those years as an MSL
* Demonstrated experience in managing products during launch phases in a cross functional environments
* Proven People Management experience: previous experience managing and developing teams is required, including direct responsibility for performance management, coaching, talent development, and fostering a high\-performance culture
* Excellent communication, interpersonal, and influencing skills
* Results\-oriented, positive, resilient attitude, flexibility in adapting/reacting within the working environment as well as to changing market dynamics and competitive challenges.
* Strong analytical, planning, organizational, and negotiation skills
* Ability to manage multiple priorities and able to identify and analyze the needs of the business, translate problems into business opportunities.
* Ability to organize, prioritize, and work effectively and collaboratively on cross\-functional teams in a dynamic field\-based environment.
* Curious, grow mindset and active listening skills.
* Experience in the relevant therapeutic area is preferred
* Knowledge of the Healthcare System as well as the guidelines relevant to the pharmaceutical industry
* Strong commitment to compliance with rules and procedures, quality and integrity reflected in all actions and behaviors.
* Excellent written and spoken English

  

**Additional Information** **Compensation and Total Rewards at Sobi**


At Sobi, we are dedicated to providing our employees with a comprehensive and industry\-competitive total rewards package. Our compensation philosophy recognizes and rewards talent and ensures that employee contributions are valued and reflected in overall rewards.


Sobi is looking for a resource for the role of **MSL Manager**


For this position, we are offering:

* Permanent employment contract
* Full\-time (39 hours per week)
* The salary range for this role is **€65,000** to **€95,000** gross per year, depending on the candidate’s level of experience, seniority, and demonstrated competencies.
* Short Term Incentive: participation in competitive Sales Incentive Plan program
* Company car
* Applicable collective agreement: Chemical\-Pharmaceutical – Quadro level
* Health insurance: Enrollment in the Faschim industry health fund covering the employee and their family, plus supplementary health insurance for Sobi employee
* Annual welfare plan
* Accident and life insurance policies


Beyond compensation, Sobi offers a variety of benefits designed to support employee wellbeing and professional growth, including:

* The opportunity to make a meaningful impact for people living with rare and severe diseases
* Competitive benefits package
* Emphasis on employee engagement
* Collaborative, inclusive, high\-performance culture
* Work in an environment of entrepreneurial speed and drive
* Opportunities for development through a learning culture in a global growing company


All Sobi employees need to demonstrate behaviors in line with Sobi's core values: Care, Ambition, Urgency, Ownership and Partnership. Are you ready to be on the Sobi team? Come join a culture that empowers every person to be the person that makes a difference for rare disease.

**Why Join Us?**  

  

We are a global company with over 1,900 employees in more than 30 countries and are committed to the societies where we operate. With a deeply skilled management team directing our day\-to\-day wins, and a Board with a stellar track record, we’re ready to take on the world’s diseases, ailments and adversity. Our people believe they have the power to make a positive impact in others’ lives because that’s exactly what we do here. If you’re seeking a career that taps into your talents in a way that makes the world a better, healthier place, we just may have a job for you.  

  

We know our employees are our most valuable asset, and our culture conveys that. We offer a competitive benefits package, to support the health and happiness of our staff.

**Sobi Culture**  

  

At Sobi, we refuse to accept the status quo. This is because we have witnessed first\-hand the challenges facing those affected by rare diseases, and have used this knowledge to shape our business to find new ways of helping them.  

  

As a specialized biopharmaceutical company, we are dedicated to rare diseases. And we see this focus as a strength. By effectively turning our research into ground\-breaking treatments, we help make medicine more accessible and open up more possibilities for patients and more opportunities for those caring for them. This has been our approach since day one, but we know we can’t change the world of rare diseases on our own. Accomplishing this requires strong partnerships with patients, partners and stakeholders across the entire value chain. Together, we define how our business can create solutions that serve the needs of those affected by rare diseases while facilitating sustainable growth.

**An Equal Opportunity Employer**  

  

Sobi is an Equal Opportunity Employer and prohibits discrimination and harassment of any kind. All employment decisions at Sobi are based on business needs, job requirements and individual qualifications, without regard to race, color, religion or belief, national, social or ethnic origin, sex (including pregnancy), age, physical, mental or sensory disability, HIV Status, sexual orientation, gender identity, protected veterans and/or expression, marital, civil union or domestic partnership status, past or present military service, family medical history or genetic information, family or parental status, or any other status or protected groups by the laws or regulations in the locations where we operate.

*Sobi is an affirmative action and equal opportunity employer. Disabled/Veterans. If you are a qualified individual with a disability or a disabled veteran, you may request a reasonable accommodation if you are unable or limited in your ability to use or access this website to apply for a vacancy as a result of your disability. You can request reasonable accommodations by sending an email to talentacquisition@sobi.com.*","","https://it.indeed.com/cmp/Sobi-1","https://d2q79iu7y748jz.cloudfront.net/s/_squarelogo/256x256/5c03515857be73d995b75346957f0445","http://www.sobi.com/","Stockholm, Stockholm","1,001 to 5,000","$1B to $5B (USD)","Our mission here at Sobi is to develop and deliver innovative therapies and services to improve life for people living with rare diseases.","","","","","","","qualified person"
"in-0b72d7ab48935253","indeed","https://it.indeed.com/viewjob?jk=0b72d7ab48935253","https://joblink.allibo.com/ats3/job-offer.aspx?DM=1960&ID=108395&LN=IT&SG=3&FT=10&MD=1","PRODUCT ENGINEER","SEA Vision","LOM, IT","2026-07-29","fulltime","","","","","",True,"","","","","SEA Vision è una innovativa software\-house, leader mondiale nel campo della computer vision applicata all'industria farmaceutica. Per sostenere la crescita aziendale, in prospettiva di una forte espansione e affermazione commerciale sui mercati esteri, siamo alla ricerca di nuove qualificate risorse da inserire nel nostro staff, che ad oggi conta oltre 400 persone nel mondo: entra a far parte di SEA Vision!
  
  

**PRODUCT ENGINEER:**  

Product Engineer \| SEA Vision Italy
  
  

**Luogo di lavoro:** Pavia (on\-site/ibrido)
  
**Orario di lavoro:** full time, dal lunedì al venerdì su giornata (orario flessibile), Smart Working il venerdì \+ flessibilità per esigenze organizzative
  
**Titolo di studio richiesto:** Diploma o Laurea in discipline tecniche o in Ingegneria (Informatica, Elettronica, Biomedica).
  
**Esperienza:** dai 3 ai 5 anni di esperienza nella medesima mansione, in contesti produttivi
  
**Tipologia contrattuale:** Tempo indeterminato CCNL Metalmeccanica Industria, RAL range 35\-40K in base all’esperienza maturata e alle competenze tecniche dimostrate
  
  

Chi siamo
  
  

SEA Vision è un gruppo internazionale leader nelle soluzioni di visione, tracciabilità, digitalizzazione e automazione per l’industria farmaceutica.
  
Dal 1995 supportiamo le aziende del settore con tecnologie avanzate e un team globale di oltre 400 professionisti.
  
Crediamo nell’innovazione, nel dialogo, nel coraggio e nel senso di appartenenza, mettendo sempre le persone al centro.
  
  

Il ruolo e il contesto
  
  

La persona si inserisce in un team cross\-funzionale che lavora sullo sviluppo della suite di prodotti OT dell’azienda. Il team, che riferisce direttamente al Product Owner, opera nel Dipartimento di Sviluppo Prodotto ed applica il framework Scrum per la gestione delle proprie attività.
  
  

Nello specifico, la persona collabora al design di soluzioni di visione, automazione, digitalizzazione e tracciabilità dei processi industriali di confezionamento.
  
  

In cosa consiste la mansione
  
Partecipare attivamente e con approccio critico al design delle funzionalità, pesandone il rapporto beneficio\-costo e focalizzandosi sulla crescita tecnica e commerciale del prodotto;
  
Supportare il Product Owner ed i riferimenti del dipartimento di Business Development nell’identificazione del gap funzionale del prodotto nei confronti delle soluzioni dei competitor;
  
Supportare il Product Owner nell’esecuzione dei test funzionali e nella revisione pre\-rilascio delle features, lavorando con i fornitori dell'azienda per le soluzioni hardware (PC industriali, telecamere, sistemi di illuminazione, ecc.);
  
Contribuire attivamente alla crescita funzionale e commerciale del prodotto, collaborando con il Product Owner, con i team di sviluppo software e con la figura di riferimento del dipartimento di Business Development;
  
Redigere la documentazione di prodotto (Specifiche Funzionali e Manuale Utente). Ha la responsabilità di mantenere aggiornata la documentazione, nel rispetto della funzionalità del software e delle indicazioni del Product Owner;
  
Fornire supporto al reparto Ingegneria nella gestione dei progetti strategici per la crescita delle applicazioni di cui è specializzato;
  
Svolgere in prima persona demo ai clienti o produrre documentazione multimediale per il suo ambito di specializzazione.
  
  

Chi stiamo cercando
  
  

**Sei la persona giusta se:**  

Hai un'ottima conoscenza della lingua inglese parlata e scritta;
  
Hai Laurea in Ingegneria o diploma in discipline tecniche;
  
Hai competenze tecniche maturate nell’ambito dei sistemi informativi industriali (ERP, MES, WMS, DataHistorian, SCADA, macchinari di confezionamento, sistemi di visione e serializzazione), degli strumenti dilavoro di pertinenza e delle principali linee guida, direttive e normative di riferimento;
  
Hai capacità di lavorare in team e di problem solving, proattività e doti di comunicazione;
  
Hai conoscenza della metodologia Agile e del framework Scrum. Conoscenza dei concetti principali del software Jira.
  
  

E se non ti ritrovi al 100% in tutti questi requisiti… nessun problema!
  
Valuteremo la tua motivazione e le tue competenze, accompagnandoti con un percorso di formazione strutturato e il supporto dei nostri trainer.
  
  

Perché ti piacerà lavorare con noi
  
Orario flessibile in entrata, in uscita e in pausa pranzo;
  
Smart working il venerdì, con flessibilità aggiuntiva per esigenze personali e benessere individuale;
  
Bonus Welfare di 1\.000 € all’anno;
  
Servizio catering aziendale con contributo pasto di €8 per ogni giornata in presenza;
  
Frutta fresca disponibile in ufficio, offerta dall’azienda;
  
Assicurazione sanitaria integrativa globale;
  
Fondo Metasalute alla trasformazione a tempo indeterminato;
  
Onboarding strutturato e formazione continua;
  
Percorso di crescita interno e opportunità di job rotation tra funzioni aziendali;
  
Ambiente giovane, dinamico e internazionale;
  
Cultura basata su collaborazione, inclusione e benessere.
  
  

Ready to join?
  
  

Se vuoi far parte di un’azienda internazionale e innovativa, che sviluppa tecnologie a supporto del mondo Pharma, questa è la posizione giusta per te.
  
  

https://seavision\-group.com/","","https://it.indeed.com/cmp/Sea-Vision","https://d2q79iu7y748jz.cloudfront.net/s/_squarelogo/256x256/25957de3608192ecec69d85c5490ca04","https://www.seavision.it","Pavia","51 to 200","","","","","","","","","persona qualificata"
"in-69b908e42fa7cbf4","indeed","https://it.indeed.com/viewjob?jk=69b908e42fa7cbf4","https://zinrec.intervieweb.it/annunci.php?l=inside-sales-professional-143392&lang=it&d=indeed&LAC=gsompolimi","Sales Development Representative","POLIMI Graduate School of Management","Milano, LOM, IT","2026-07-29","","","","","","",False,"","","","","*POLIMI Graduate School of Management è oggi un punto di riferimento nel panorama della formazione manageriale, sia a livello italiano che internazionale. Offriamo un portfolio di oltre 40 master, più di 300 programmi per manager, executive e professionisti/e, oltre a percorsi formativi su misura per le aziende.*

  

  

**Posizione:**
--------------

Siamo alla ricerca di una persona da inserire come Sales Development Representative all’interno della divisione Open Programs.


In questo ruolo potrai avere un impatto concreto nello sviluppo delle attività commerciali e nella promozione dei programmi formativi rivolti alle aziende, contribuendo alla crescita delle relazioni commerciali e alla diffusione dell’offerta formativa di POLIMI GSoM.

 **Come potrai fare la differenza**

**Sales development/Outbound**

* svolgerai attività di recall e sviluppo commerciale outbound, con l’obiettivo di costruire e alimentare una pipeline qualificata, favorendo l’engagement dei prospect, il nurturing delle relazioni e la conversione in nuove opportunità di business.
* supporterai il raggiungimento degli obiettivi commerciali attraverso un approccio consulenziale e orientato al cliente

**Consulenza commerciale \& gestione clienti**

* analizzerai i fabbisogni formativi delle aziende clienti, individuando le soluzioni più adatte alle loro esigenze
* elaborerai offerte commerciali personalizzate sulla base delle opportunità identificate
* gestirai le attività di loyalty e customer retention, contribuendo a consolidare relazioni di lungo periodo con le aziende partner
* accompagnerai i clienti durante il percorso commerciale, garantendo un’esperienza positiva e professionale

**Sales operations \& reporting**

* predisporrai report sull’andamento delle attività commerciali e sulla qualità dei lead generati dal marketing
* gestirai attività amministrative a supporto delle vendite, incluse contrattualistica e registrazione ordini
* aggiornerai i dati cliente all’interno del CRM e dei sistemi aziendali

**Requisiti:**
--------------

**Cosa potrebbe renderti la persona giusta**

* Laurea
* buona conoscenza della lingua inglese
* solida padronanza del pacchetto microsoft office, in particolare excel e powerpoint
* esperienza o interesse per attività commerciali, consulenziali e di sviluppo business b2b
* capacità di negoziazione e approccio consulenziale verso il cliente
* ottime capacità relazionali e predisposizione al lavoro in team
* orientamento al risultato, proattività e flessibilità
* motivazione, entusiasmo e desiderio di contribuire a un ambiente professionale dinamico e collaborativo

**Altre informazioni:**
-----------------------

**Perché lavorare con noi**

**Cosa offriamo**

* Contratto a tempo indeterminato (CCNL Commercio)
* RAL: Indicativamente tra €28\.000\-€38\.000
* Sistema incentivante, welfare aziendale e buoni pasto
* Modalità di lavoro ibrida
* Orari di lavoro flessibili in entrata e in uscita
* 8 ore all’anno di volontariato retribuito
* Employee Resource Groups (ERG) attivi per la promozione di diversità e inclusione
* Possibilità di lavorare in un’organizzazione con un punteggio B‑Impact di 123,3/200
* Sede di lavoro: Milano

 **Cosa rende questa opportunità più di un lavoro**

**Il tuo contributo**


Il tuo lavoro contribuirà direttamente allo sviluppo delle relazioni con il mercato corporate, supportando le aziende nell’individuazione di percorsi formativi ad alto valore aggiunto e favorendo la crescita dell’impatto di POLIMI GSoM nel panorama della formazione manageriale.

 **Il nostro impegno per l’inclusione**


Ci impegniamo a creare un ambiente di lavoro accogliente e inclusivo, in cui ogni persona possa sentirsi valorizzata indipendentemente da genere, età, background, orientamento o abilità. Crediamo che la diversità sia un valore fondamentale e una leva di crescita.","","https://it.indeed.com/cmp/Polimi-Graduate-School-of-Management","","","","","","","","","","","","","persona qualificata"
"in-c30461bdb9788691","indeed","https://it.indeed.com/viewjob?jk=c30461bdb9788691","http://it.indeed.com/job/istruttore-fitness-c30461bdb9788691","istruttore fitness","","Monza, LOM, IT","2026-07-28","","","","","","",False,"","","","","Per ampliamento dello staff, siamo alla ricerca di un/una **istruttore/istruttrice** da inserire nei corsi del **venerdì sera**, dalle **19:00 alle 22:00**.

Cerchiamo una persona qualificata per tenere i seguenti corsi:

FitDance, Total Body e Pilates

**Retribuzione:** €20/ora.

Se sei interessato/a o conosci qualcuno che potrebbe esserlo, contattaci in privato per maggiori informazioni.

Ti aspettiamo nel nostro team!

Retribuzione: €20,00 all'ora

Sede di lavoro: Di persona","","https://it.indeed.comNone","","","","","","","","","","","","","persona qualificata"
"in-9772ef72774def12","indeed","https://it.indeed.com/viewjob?jk=9772ef72774def12","https://app.ncoreplat.com/jobposition/805210/beauty-advisor-cascina-merlata-mi-it/douglas-italia-spa","Beauty Advisor - Cascina Merlata (MI)","DOUGLAS","LOM, IT","2026-07-27","","","","","","",False,"","","","","**Costruisci il tuo futuro con noi**


Il Gruppo Douglas, con oltre 2000 profumerie in 19 paesi europei, è il retailer di riferimento nel mondo della profumeria selettiva. Alla base della crescita e della continua espansione del gruppo ci sono 20\.000 collaboratori qualificati e motivati che amano prendersi cura dei clienti, un assortimento con più di 160\.000 prodotti di bellezza e lifestyle ed un e\-commerce all'avanguardia.


Douglas ispira a vivere la propria **unicità**: la nostra mission è incoraggiare i nostri clienti ad **amarsi** e a celebrare la loro **bellezza** anche attraverso le proprie azioni nel mondo.


Le persone sono il nostro core, ci differenziano e sono l’anima di Douglas.


**Uniti**, rappresentiamo una società **inclusiva**, **diversificata** e **paritaria**. Lavoriamo insieme per un mondo in cui tutti si sentono **visti**, **ascoltati** e **valorizzati**.

Perché in Douglas ognuno di noi è unico: celebriamo **l'individualità**!


Per il nostro punto vendita di **Cascina Merlata**, siamo alla ricerca di un/a **Beauty Avdisor**

**OVERVIEW DEL TUO RUOLO**

* Accogliere, assistere e supportare la clientela durante la fase di acquisto;
* Fornire consulenze personalizzate al fine di garantire il pieno soddisfacimento delle esigenze della clientela;
* Collaborare attivamente con il team al fine di raggiungere gli obiettivi qualitativi e quantitativi prestabiliti dall’Azienda;
* Collaborare con il team per garantire l’allestimento dello store secondo le linee guida definite dai diversi Dipartimenti preposti (Marketing, Visual Merchandising...);
* Gestire e assicurare un’efficiente organizzazione del magazzino.

**IL TUO VALORE AGGIUNTO**


* Hai una precedente esperienza di vendita nel settore beauty e hai orientamento commerciale;
* Hai una conoscenza approfondita delle tecniche di make\-up;
* Sei disponibile a lavorare su turni, anche sabato o domenica;
* Ti piace lavorare in un contesto dinamico e hai un forte spirito di iniziativa, curiosità e self motivation;
* Hai ottime capacità relazionali, predisposizione al problem solving e al lavoro in team.

**PERCHÉ UNIRTI A NOI?**


* Perché aiutiamo i nostri clienti a vivere la loro bellezza in modo divertente e innovativo
* Perché offriamo un percorso formativo completo (on the job, digital e in class) per accompagnare la tua crescita professionale
* Perché vivrai in un ambiente stimolante, dinamico, anticipatore dei trend
* Perché hai la possibilità di entrare in un’Azienda multinazionale leader in Europa

**Pacchetto retributivo:**


* RAL compresa tra € 23\.000,00 e 25\.000,00 ccnl Distribuzione Moderna Organizzata, art. 97 e seguenti.


La retribuzione sarà riproporzionata sulla base dell'orario contrattuale.


* Sistema welfare


* Scontistica per i dipendenti e iniziative di well\-being


**È quello che stai cercando?**


Invia la tua candidatura, non vediamo l’ora di conoscerti!","","https://it.indeed.com/cmp/Douglas-b75307c8","https://d2q79iu7y748jz.cloudfront.net/s/_squarelogo/256x256/0c85ff2ab29127fa6731649f5a8a4731","","","Decline to state","Decline to state","Douglas, der führende europäische Premium-Beauty-Händler","","","","","","","persona qualificata"
"in-bd29beab41de7d95","indeed","https://it.indeed.com/viewjob?jk=bd29beab41de7d95","http://it.indeed.com/job/medico-specializzato-ortopedia-e-traumatologia-bd29beab41de7d95","Medico Specializzato in Ortopedia e Traumatologia","","Rozzano, LOM, IT","2026-07-27","","","","","","",False,"","","","","Il **CTR \- Centro Trattamenti Riabilitativi** seleziona un medico specializzato in Ortopedia e traumatologia a Milano per ampliamento del proprio team di professionisti da inserire nella Sede di Rozzano.

**Chi siamo**

CTR – Centro Trattamenti Riabilitativi è un poliambulatorio specialistico, in convenzione con il Sistema Socio Sanitario, presente sul territorio **da oltre 20 anni** e punto di riferimento per chi cerca percorsi di cura qualificati e personalizzati.

La nostra missione è offrire prestazioni sanitarie di elevata qualità, mettendo a disposizione dei pazienti un'équipe di professionisti altamente specializzati, selezionati per competenza, esperienza e costante aggiornamento nei rispettivi ambiti di attività.

**Cosa offriamo**

* Collaborazione in libera professione in un contesto organizzato ed efficiente
* Accesso a una piattaforma gestionale avanzata per la presa in carico del paziente
* Possibilità di lavorare in un ambiente multidisciplinare, accanto a fisiatri, fisioterapisti e altri specialisti
* Supporto da parte del nostro team organizzativo e amministrativo
* Flessibilità nella definizione degli orari di lavoro

**Requisiti**

* Laurea in Medicina e Chirurgia
* Specializzazione in Ortopedia e Traumatologia
* Iscrizione all’Ordine dei Medici
* Assicurazione professionale
* Partita IVA

Retribuzione: €80,00 \- €200,00 all'ora

Sede di lavoro: Di persona","","https://it.indeed.comNone","","","","","","","","","","","","","persona qualificata"
"in-c26ce0c2852ff84b","indeed","https://it.indeed.com/viewjob?jk=c26ce0c2852ff84b","https://zinrec.intervieweb.it/annunci.php?l=onicotecnicoa-qualificatoa-142901&lang=it&d=indeed&LAC=landoll","Onicotecnico/a qualificato/a","Nashi Argan","Milano, LOM, IT","2026-07-27","","","","","","",False,"","","","","**Fai vivere la bellezza. Cresci con noi.**


Da oltre 15 anni **Nashi Argan** è un brand 100% Made in Italy leader nell’haircare e beauty professionale, riconosciuto per la ricerca della qualità, formulazioni d'eccellenza e un approccio essenziale, sostenibile ed elegante. Con una rete di oltre 40 Nashi Store e Nashi Salon, offriamo un'esperienza premium, inclusiva e su misura per ogni cliente.


Nel nostro **Nashi Salon di Corso Vercelli a Milano**, la bellezza si esprime a 360°: integriamo la cura dei capelli con un’area dedicata ai servizi di manicure, pedicure ed estetica, lavorando esclusivamente con brand professionali di alto livello.


Siamo alla ricerca di una Onicotecnica qualificata e autonoma che desideri entrare a far parte del nostro team e fare la differenza ogni giorno.

  


  

**Posizione:**
--------------

In qualità di Onicotecnica e Beauty Consultant del Nashi Salon:

* eseguirai servizi di manicure e pedicure estetico, applicazione di smalto tradizionale e semipermanente, garantendo la salute dell'unghia naturale e massima attenzione all'igiene;
* ascolterai le esigenze della cliente guidandola nella scelta di colori, forme, tendenze e trattamenti per la cura di mani e piedi;
* accoglierai ogni cliente con attenzione ed eleganza, trasformando la visita in salone in un vero rituale di benessere in linea con i valori del brand;
* contribuirai attivamente allo sviluppo del reparto estetico del salone, mantenendo standard elevati e suggerendo prodotti della routine Nashi per la cura quotidiana.

**Requisiti:**
--------------

Cerchiamo una professionista esperta, precisa e orientata all'eccellenza che abbia:

* esperienza consolidata e comprovata nel settore nails (manicure, pedicure e semipermanente);
* piena autonomia operativa, ottima manualità e grande attenzione al dettaglio e alla precisione;
* passione per il servizio al cliente, attitudine all'ascolto e spiccata proattività;
* ottime capacità relazionali, eleganza nella presenza e propensione al lavoro in team;
* disponibilità a lavorare su turni, inclusi i weekend e giorni festivi.

**Altre informazioni:**
-----------------------

Entrare a far parte del nostro team nel Nashi Salon di Milano (Corso Vercelli) significa lavorare in un contesto stimolante e strutturato, pensato per valorizzare al massimo il tuo talento:

* Location \& Clientela Premium: lavorerai in una delle zone più prestigiose e dinamiche di Milano, al servizio di una clientela di fascia medio\-alta e altamente fidelizzata.
* Organizzazione \& Supporto Operativo: troverai un ambiente di lavoro curato, positivo e ben strutturato: grazie alla presenza di una reception dedicata, potrai concentrarti al 100% sulla qualità del tuo lavoro e sulla cura della cliente.
* Inquadramento \& Bonus: contratto da dipendente (con livello e inquadramento commisurati alla tua effettiva esperienza) affiancato da un sistema di incentivazione/bonus legato ai risultati.
* Formazione Continua \& Crescita: percorso di onboarding dedicato all'ingresso e accesso continuativo ai corsi della nostra esclusiva Nashi ACADEMY (su tecniche, tendenze e rituali di bellezza), con concrete opportunità di crescita professionale all'interno dell'azienda.
* Qualità e Benefit Esclusivi: lavorerai solo con strumenti e prodotti di altissima gamma per trattamenti eccellenti e sicuri, e potrai usufruire di uno sconto dipendenti dedicato su tutti i prodotti e servizi nei Nashi Store e Nashi Salon.

**La bellezza nasce dalle persone.**


Se ti riconosci in questo approccio, credi che la bellezza sia fatta di cura dei dettagli e vuoi far parte dell'universo Nashi Argan, **invia la tua candidatura!**","","https://it.indeed.com/cmp/Nashi-Argan","https://d2q79iu7y748jz.cloudfront.net/s/_squarelogo/256x256/4a0250d0586df812b9d8dd4157eacf1f","https://nashiargan.it/","","","","","","","","","","","persona qualificata"
"in-bd90cfb3a4f5e556","indeed","https://it.indeed.com/viewjob?jk=bd90cfb3a4f5e556","http://it.indeed.com/job/ingegnere-elettrotecnico-bd90cfb3a4f5e556","INGEGNERE ELETTROTECNICO","ELETTROCOMANDI","Villasanta, LOM, IT","2026-07-27","parttime, fulltime","","","","","",False,"","","","","**ELETTROCOMANDI** è un'azienda specializzata nella progettazione e realizzazione di impianti e quadri elettrici per il **settore civile e industriale**. Per il potenziamento del nostro Ufficio Tecnico siamo alla ricerca di un **INGEGNERE ELETTROTECNICO O PERITO ELETTROTECNICO QUALIFICATO – Progettista Elettrico Senior**.

La risorsa entrerà a far parte del nostro team tecnico con un ruolo strategico, diventando un punto di riferimento per l'Ufficio Tecnico e collaborando quotidianamente con progettisti, clienti, fornitori e imprese per garantire lo sviluppo di soluzioni affidabili, innovative e di elevata qualità.

**Principali responsabilità**

* Progettazione elettrica di quadri elettrici in bassa tensione per il **settore civile e industriale**.
* Tipologie quadri: quadri di distribuzione, quadri di automazione, linee elettriche e sistemi di alimentazione.
* Redazione di schemi unifilari, distinte materiali e documentazione tecnica di progetto.
* Supporto nella valutazione tecnica di nuove commesse e nello sviluppo delle migliori soluzioni progettuali.
* Analisi delle specifiche tecniche e delle normative di riferimento.
* Revisione della documentazione tecnica e coordinamento con clienti, progettisti, fornitori e installatori.
* Supporto durante le fasi di installazione, collaudo e messa in servizio degli impianti.
* Preparazione della documentazione **As Built** e dei manuali di uso e manutenzione.
* Analisi di eventuali problematiche tecniche e definizione delle soluzioni più idonee.
* Garantire il rispetto degli standard qualitativi, delle normative vigenti e delle tempistiche di progetto.
* **Essere il punto di riferimento tecnico dell'Ufficio Tecnico**, supportando il team nella gestione delle commesse e mantenendo un rapporto costante con progettisti, clienti e fornitori.

**Requisiti**

* Laurea in Ingegneria Elettrica, Elettrotecnica o titolo equivalente.
* Esperienza di almeno **8 anni** nella progettazione elettrica.
* Esperienza nella progettazione di impianti elettrici per il settore civile e/o industriale.
* Ottima conoscenza di **AutoCAD** e del pacchetto **Microsoft Office** (Excel, Word e PowerPoint).
* Conoscenza delle principali normative elettriche di settore.
* Eccellenti capacità organizzative, relazionali e di problem solving.
* Capacità di lavorare sia in autonomia sia in team.
* Capacità di gestire contemporaneamente più progetti, rispettando scadenze e priorità.

**Cosa offriamo**

* Inserimento in un'azienda solida e in continua crescita.
* Ruolo di responsabilità con possibilità di diventare il riferimento tecnico dell'Ufficio Tecnico.
* Ambiente di lavoro dinamico, collaborativo e orientato all'innovazione.
* Concrete opportunità di crescita professionale.
* Contratto e retribuzione commisurati all'esperienza e alle competenze del candidato.

Benefit:

* Bevande gratis
* Cellulare aziendale
* Computer aziendale
* Distributori automatici di snack e bevande
* Parcheggio libero

Sede di lavoro: Di persona","","https://it.indeed.com/cmp/Elettrocomandi","","","","","","","","","","","","","persona qualificata"
"in-176128664b7c750a","indeed","https://it.indeed.com/viewjob?jk=176128664b7c750a","https://jobs.carrier.com/job/-/-/29289/98231580736","Service Sales Area Leader (Milano/Lombardia)","Carrier","Pero, LOM, IT","2026-07-25","fulltime","","","","","",True,"","","","Carrier.Recruiting@carrier.com","**Informazioni su Carrier**

Carrier Global Corporation, leader globale nelle soluzioni intelligenti per il clima e l’energia, si impegna a sviluppare innovazioni che portano comfort, sicurezza e sostenibilità nella vita quotidiana. Attraverso tecnologie all’avanguardia nelle soluzioni climatiche come il controllo della temperatura, la qualità dell’aria e il trasporto, miglioriamo la vita delle persone, supportiamo settori critici e garantiamo il trasporto sicuro di alimenti, farmaci salvavita e molto altro. Dall’invenzione dell’aria condizionata moderna nel 1902, operiamo con uno scopo preciso: migliorare la vita e il mondo che condividiamo. Continuiamo a essere leader grazie alla nostra forza lavoro globale, inclusiva e di alto livello, che mette il cliente al centro di tutto ciò che facciamo. Per maggiori informazioni, visita corporate.carrier.com o segui Carrier sui social media @Carrier.  



  

* **Job Description: Service Sales Area Leader**

**Home Based: Milano/Lombardia**

  

Carrier is a leading provider of HVAC, refrigeration and building automation technologies. These high\-technology products and services enable modern life by delivering efficiency across several platforms!


As the Service Sales Area Leader, you will be responsible for pursuing opportunities for service agreements, quick turn projects to keep our customers operating effectively and pursuing large opportunities that help our customers modernize their equipment.


This role is a great fit for you if you thrive in a fast\-paced environment, excel at building relationships, and have outstanding customer service. This is the ideal role for those that are results\-oriented and are adept at assessing and understanding both the immediate and future needs of customers.

 **Job responsibilities:**


Sell the full portfolio of Carrier HVAC Service products and solutions (i.e. service agreements, repairs and modernizations)


	+ Create and maintain Sales Territory and Account plans where necessary
	+ Present at customer seminars to develop new and existing customer relationships and opportunities
	+ Promote Carrier value proposition linking customer objectives to Carrier solutions
	+ Utilize CRM to manage customer interactions, activities, and opportunity pipeline
	+ Experienced seller in attracting new customers as well as building share value with existing customers
	+ Ability to seek out and access new service agreement opportunities both with existing customers and new prospect customers
	+ Ability to seek out or respond to repair opportunities
	+ Establishing and building credibility with knowledge of Carrier products/solutions
	+ Strong ability to develop and sustain customer relationships
	+ Clearly articulate the value of Carrier’s value offerings and how they map to the customers’ needs
	+ Ability to detect the Customer’s buying stage and adjust selling accordingly
	+ Effective presentation and communication skills
	+ Prioritize on best opportunities
	+ Responding to the customer requirements in a timely manner
	+ Gaining the booking/order in a timely manner
	+ Ability to consistently achieve sales metrics and Annual Targets
	+ To effectively negotiate service agreement renewals when required **Education / Certifications**


	+ Bachelor's degree in related field preferred, High School Diploma / GED required. **Basic Qualifications**


	+ 5\+ years experience selling within the HVAC industry
	+ Extremely comfortable operating in a technical environment utilizing Microsoft based computer software
	+ Outstanding sales/negotiation skills and goal\-orientated with strong time management and organizational skills
	+ Demonstrated strong written, verbal and presentation skills to effectively develop expectations and relationships with internal and external customers
	+ Ability to sell directly to end user customer
	+ Previous experience in selling service agreements
	+ Demonstrates ability to introduce others to cross sell and upsell within their base of customers
	+ Ability to work in a highly team\-oriented and dynamic environment
	+ Demonstrated ability to introduce others to cross sell and upsell within their base of customers
	+ Demonstrated ability to identify opportunities to proactively sell preventative repair / upgrade packages
	+ Self\-motivated and able to manage many simultaneous projects and responsibilities

 **Fascia retributiva**

  

La retribuzione annuale per questa posizione è compresa tra €41,500\.00\-€82,500\.00 . I fattori che possono influenzare la retribuzione includono, a titolo esemplificativo ma non esaustivo, competenze, istruzione, esperienza e altre qualifiche specifiche del candidato selezionato. **Retribuzione aggiuntiva**


Questa posizione può prevedere incentivi economici a breve termine, soggetti ai requisiti del piano. **Benefit**


Offriamo un pacchetto retributivo competitivo che può includere ulteriori benefit e programmi di benessere. Le offerte variano in base al ruolo e alla sede e sono progettate per supportare la salute, la sicurezza e il successo dei dipendenti.

 **Parità di trattamento e non discriminazione**


Carrier si impegna a garantire pari opportunità e a prevenire ogni forma di discriminazione.Tutti i candidati qualificati saranno presi in considerazione senza distinzione di razza, colore, religione, sesso, orientamento sessuale, identità di genere, origine nazionale, età, disabilità o qualsiasi altra categoria protetta.

  

Se hai bisogno di un accomodamento ragionevole per completare la candidatura o partecipare al processo di selezione, contattaci all’indirizzo Carrier.Recruiting@carrier.com.

 **CLA**


CCNL del Terziaro, della Distribuzione e dei Servizi \- https://www.cnel.it/Archivio\-Contratti\-Collettivi/Entra\-nellarchivio/Contratti\-collettivi\-del\-settore\-privato/Contratti\-nazionali\-di\-settore\-vigenti\-o\-ultrattivi \- CODICE CCNL\- H011 **Scadenza candidatura:**

Le candidature saranno accettate per almeno 14 giorni dalla data di pubblicazione: 24 July 2026 **Informativa sulla privacy per i candidati**

Clicca sul link seguente per consultare l’informativa.  



  

**Uso dell’Intelligenza Artificiale nel Processo di Selezione**

Strumenti basati su tecnologie avanzate possono supportare alcune fasi del processo di selezione, sempre sotto la supervisione umana.","","https://it.indeed.com/cmp/Carrier","https://d2q79iu7y748jz.cloudfront.net/s/_squarelogo/256x256/0c11e24be2a4f0ffb591a56f931970ad","https://corporate.carrier.com","Palm Beach Gardens, FL","10,000+","more than $10B (USD)","Carrier is the world’s leader in high-technology heating, air-conditioning and refrigeration solutions","","","","","","","persona qualificata"
"in-82bcd425fefa5c04","indeed","https://it.indeed.com/viewjob?jk=82bcd425fefa5c04","https://careers.chiesi.com/job/Milano-Manutentore%2C-Neviano/1367664157/","Manutentore, Neviano","Chiesi Farmaceutici S.p.A.","Milano, LOM, IT","2026-07-24","","","","","","",True,"","","","","Data: 24 lug 2026
Dipartimento: Corporate Engineering
Business Area: Industrial Operations \& HSE
Tipo Lavoro: Dipendente
Tipologia Contratto: Tempo indeterminato
Località:
Milano, IT


***Chi siamo***


Chiesi è un gruppo biofarmaceutico internazionale focalizzato sulla ricerca, con 90 anni di esperienza e presente in oltre 30 Paesi, con sede centrale a Parma, Italia. Più di 8\.000 collaboratori in tutto il gruppo sono uniti da un unico obiettivo: promuovere un mondo più sano per le persone, i pazienti e il pianeta. Questo è ciò che ci guida nella ricerca, nello sviluppo e nella commercializzazione di farmaci innovativi nelle nostre principali aree terapeutiche. Scopri di più qui.


In Chiesi pensiamo alle generazioni future, promuovendo un’innovazione sostenibile e orientata allo scopo. Questo alimenta una cultura di affidabilità, trasparenza e comportamento etico a tutti i livelli. In quanto Società Benefit e certificata B Corp, abbiamo integrato la sostenibilità nel nostro statuto e misuriamo costantemente il nostro impatto.


Diversità e inclusione sono al cuore della nostra identità. Crediamo che le nostre differenze ci rendano più forti. Siamo un ecosistema dinamico di persone appassionate e di talento, unite da forti valori, ognuna delle quali porta prospettive uniche che ci aiutano a sfidare continuamente lo status quo in meglio.


***Global Technical Operations \& Supply***


Global Technical Operations \& Supply (Global TechOp\&S) è l’area globale di Chiesi responsabile della produzione e della supply chain, con l’obiettivo di garantire qualità, servizio e valore costanti ed eccellenti lungo l’intera catena di fornitura end\-to\-end. Global TechOp\&S supervisiona l’intero ciclo di vita del farmaco: dall’ottimizzazione dei processi e dall’industrializzazione, alla produzione, all’ingegneria, alla supervisione della qualità e alla gestione della supply chain. Durante tutto questo percorso, l’Operational Excellence guida il miglioramento continuo. Questo modello end\-to\-end è supportato dai nostri quattro siti produttivi \- Parma (Italia), Blois (Francia), Santana de Parnaíba (Brasile) e Nerviano (Italia) \- insieme alla nostra rete di Virtual Plant composta da partner esterni.


**Ecco cosa farai**
-------------------


La risorsa entrerà a far parte della prima squadra di manutenzione che avvierà le attività sul nuovo sito di Nerviano.
  

Dopo un primo periodo di formazione e consolidamento presso lo stabilimento di Parma, sarà coinvolta nelle fasi iniziali di convalida e qualifica degli impianti e dei processi, assumendo un ruolo chiave nella definizione degli standard operativi. Successivamente, contribuirà alla formazione del personale che si unirà al progetto, garantendo la corretta trasmissione delle competenze e delle procedure.


**Sarai responsabile di**
-------------------------


* Eseguire attività di manutenzione predittiva,preventiva e correttiva su apparecchiature di produzione sterile e non, confezionamento primario e secondario ed impianti di processo;
* Condurre impianti di distribuzione di fluidi puri (WFI, clean steam, PW);
* Eseguire i cambi formato;
* Identificare le cause dei guasti e proporre soluzioni tecniche volte al miglioramento continuo dell’affidabilità degli equipment;
* Supportare e assistere i nuovi progetti;
* Supportare le attività di qualifica e convalida degli impianti;
* Supportare le attività in campo svolte da tecnici esterni;
* Supportare attivamente le attività promosse dal gruppo di Operational Excellence;
* Compilare e mantenere aggiornata la documentazione manutentiva (ordini di lavoro, logbook, sistemi CMMS);
* Supportare proattivamente le attività di housekeeping dell’ambiente lavorativo;
**Dovrai avere**
----------------


* Diploma ad indirizzo tecnico (meccanico, elettrico, elettrotecnico o meccatronico)
* Esperienza come tecnico di manutenzione in ambito farmaceutico di almeno 3 anni
* Attitudine al problem solving e approccio metodico e strutturato alle attività
* Conoscenza tecnica di schemi elettrici, meccanici,pneumatici,P\&ID e layout
* Conoscenza dei sistemi di supervisione delle linee (HMI, Scada, BMS)
* Conoscenza dei sistemi di visione e apparecchiature ad essi collegate
* Conoscenza dei principi di funzionamento delle macchine automatiche
* Conoscenza di sistemi CMMS per la gestione delle attività di manutenzione
* Conoscenza delle tecniche di lavoro in ambito asettico
* Disponibilità a lavorare su turni anche in ciclo continuo
* Capacità di lavorare in team
* Buona conoscenza della lingua inglese
**Preferiremmo che tu avessi**
------------------------------


* Conoscenza del sistema CMMS EAM, Beamex
* Esperienza con impianti di produzione polveri/spray inalatori
**Località**
------------


In attesa dell’avvio delle attività di manutenzione sul sito di Nerviano, sarai assunto/a temporaneamente presso la sede di Parma.


**Fascia di Retribuzione**
--------------------------


La retribuzione minima per questa posizione è di € 27\.000, in linea con il nostro schema retributivo. La proposta economica sarà definita in base a competenze, esperienza, qualifiche e criteri di equità interna.


Completano l’offerta un pacchetto di benefit articolato, tra cui fondo pensione, assicurazione sanitaria privata, iniziative di wellbeing e un pacchetto di flexible benefit.


***Cosa offriamo***


Ovunque inizi il tuo percorso in Chiesi, ti porterà a possibilità stimolanti. Il tuo futuro è al centro e ci impegniamo a sostenere il tuo sviluppo in un ambiente dinamico e amichevole, con accesso a risorse e formazione in ogni fase.


Offriamo benefit di alto livello, inclusi programmi completi di assistenza sanitaria, iniziative per l’equilibrio vita\-lavoro e supporto robusto per il trasferimento. Il pacchetto retributivo è competitivo e comprende salario base, bonus di performance e benefit allineati al mercato esterno. Inoltre, offriamo flessibilità lavorativa, opzioni di lavoro da remoto e servizi fiscali per colleghi internazionali, progettati per aiutarti a prosperare.


*Chiesi è un datore di lavoro che offre pari opportunità e si impegna ad assumere una forza lavoro diversificata a tutti i livelli. Tutti i candidati qualificati vengono considerati per l’impiego in base all’attitudine e al merito, senza riguardo a razza, origine nazionale, età, sesso, religione, disabilità, orientamento sessuale, stato civile, stato militare, identità o espressione di genere o qualsiasi altro criterio protetto dalla legge.*


**SCOPRI TUTTE LE NOSTRE POSIZIONI APERTE**
-------------------------------------------


**I lettori schermo non sono in grado di leggere la seguente mappa ricercabile.**
---------------------------------------------------------------------------------


Utilizzare questo collegamento per raggiungere la pagine di Ricerca offerte e cercare le offerte disponibili in formato più accessibile","","https://it.indeed.com/cmp/Chiesi-Farmaceutici-S.p.a.","https://d2q79iu7y748jz.cloudfront.net/s/_squarelogo/256x256/a2bc2e1ac585c7a4dff48e6300f98940","https://www.chiesi.com/","Parma","1,001 to 5,000","","","","","","","","","persona qualificata"
"in-60d58057ab7ed26a","indeed","https://it.indeed.com/viewjob?jk=60d58057ab7ed26a","http://it.indeed.com/job/impiegato-amministrativo-60d58057ab7ed26a","Impiegato amministrativo","","Brugherio, LOM, IT","2026-07-24","fulltime","","","","","",False,"","","","","**Europosa Costruzioni S.r.l.**, azienda operante nel settore delle costruzioni civili e industriali, ricerca una figura qualificata da inserire all'interno del proprio Ufficio Tecnico con funzioni di gestione amministrativa e tecnica degli appalti pubblici e privati.

Principali attività:

* Gestione amministrativa e documentale delle commesse.
* Applicazione della normativa vigente in materia di appalti pubblici e privati.
* Predisposizione e verifica della documentazione amministrativa richiesta per l'accesso e la permanenza nei cantieri.
* Controllo della documentazione di imprese subappaltatrici, fornitori e lavoratori (idoneità tecnico\-professionale, DURC, CCIAA, attestazioni, formazione, ecc.).
* Gestione dei rapporti con Direzioni Lavori, Coordinatori della Sicurezza, Stazioni Appaltanti e Pubbliche Amministrazioni.
* Redazione, aggiornamento e controllo degli **Stati di Avanzamento Lavori (SAL)** e della relativa documentazione contabile.
* Gestione delle richieste documentali provenienti da enti pubblici e clienti privati.
* Supporto alla predisposizione della documentazione di gara e degli adempimenti contrattuali.
* Monitoraggio delle scadenze amministrative e documentali delle commesse.
* Collaborazione con la Direzione Tecnica nella gestione operativa dei cantieri.

Requisiti richiesti:

* Esperienza consolidata nel settore delle costruzioni e degli appalti.
* Ottima conoscenza del **Codice dei Contratti Pubblici (D.Lgs. 36/2023\)** e della normativa collegata.
* Esperienza nella gestione documentale di cantieri pubblici e privati.
* Ottima conoscenza della contabilità lavori e della redazione degli Stati di Avanzamento Lavori (SAL).
* Capacità di interfacciarsi con Enti Pubblici, Stazioni Appaltanti e Direzioni Lavori.
* Ottima padronanza del pacchetto Microsoft Office, in particolare Excel, Word e Outlook.
* Precisione, capacità organizzativa e gestione delle priorità.
* Ottime capacità relazionali e predisposizione al lavoro in team.

Costituiscono titolo preferenziale:

* Esperienza presso imprese di costruzioni operanti in appalti pubblici.
* Conoscenza delle piattaforme telematiche di e\-procurement e dei principali portali utilizzati dalle Pubbliche Amministrazioni.
* Conoscenza dei sistemi di qualificazione SOA e degli adempimenti previsti per le imprese esecutrici.
* Esperienza nella gestione documentale in materia di sicurezza nei cantieri (D.Lgs. 81/2008\).

Offriamo:

* Inserimento diretto in un'azienda in forte crescita.
* Contratto e trattamento economico commisurati all'esperienza e alle competenze del candidato.
* Concrete opportunità di crescita professionale.
* Ambiente di lavoro dinamico, orientato alla qualità e all'innovazione.

**Sede di lavoro:** Brugherio (MB)

**Orario di lavoro:** Full\-time.

I candidati interessati sono invitati a trasmettere il proprio curriculum vitae, autorizzando il trattamento dei dati personali ai sensi del Regolamento UE 2016/679 (GDPR).

**La selezione è rivolta a candidati di entrambi i sessi (L. 903/77 e D.Lgs. 198/2006\).**

Retribuzione: €756,21 \- €1\.959,05 al mese

Sede di lavoro: Di persona","","https://it.indeed.comNone","","","","","","","","","","","","","persona qualificata"
"in-5cbe8706d7fb6e6e","indeed","https://it.indeed.com/viewjob?jk=5cbe8706d7fb6e6e","http://it.indeed.com/job/onicotecnica-full-time-5cbe8706d7fb6e6e","Onicotecnica FULL TIME","Blose beauty","Milano, LOM, IT","2026-07-23","fulltime","","","","","",False,"","","","info@blosebeauty.com","BLOSE BEAUTY

INSERIMENTO 24 AGOSTO

Siamo alla ricerca di una **Onicotecnica** FULL TIME qualificata da inserire nel nostro team. Se hai passione per il mondo della bellezza, una buona manualità e l’abilità di creare manicure impeccabili, questa è l'opportunità che fa per te!

**Requisiti richiesti:**

* Utilizzo della fresa (manicure a secco)
* Esperienza e abilità nella realizzazione di **manicure** e **pedicure**
* Conoscenza delle tecniche di **gel** (dual, cartina) e **smalto semipermanente e rinforzato**
* Professionalità e cura del cliente
* Passione per il settore e aggiornamento sulle nuove tendenze
* Disponibilità a lavorare in team e capacità di relazionarsi con i clienti
* Nail art

**Offriamo:**

* Contratto a tempo determinato con inquadramento come da normativa di legge,
* Ambiente di lavoro dinamico e accogliente
* Formazione continua e opportunità di crescita professionale

**Sede di lavoro:** Corso di porta romana 109 Milano

Se sei una persona motivata e desiderosa di far parte di un team di lavoro professionale, inviaci il tuo CV con allegato portfolio dei lavori e una breve lettera di presentazione all'indirizzo email **info@blosebeauty.com** o contattaci al **351 5718758**

Ti aspettiamo!

Contratto di lavoro: Tempo pieno

Retribuzione: a partire da €1\.500,00 al mese

Benefit:

* Bevande gratis
* Distributori automatici di snack e bevande
* Orario flessibile
* Snack gratis

Esperienza:

* onicotecnica: 2 anni (Obbligatorio)

Sede di lavoro: Di persona","","https://it.indeed.com/cmp/Blose-Beauty","","","","","","","","","","","","","persona qualificata"
"in-de2ec95e25b8f36e","indeed","https://it.indeed.com/viewjob?jk=de2ec95e25b8f36e","https://careers.theheinekencompany.com/job/heineken-italy/italy/dt-trainee","D&T Trainee","The HEINEKEN Company","Sesto San Giovanni, LOM, IT","2026-07-23","fulltime","","","","","",False,"","","","","DIGITAL \& TECHNOLOGY TRAINEE


CHI SIAMO



Da oltre 50 anni HEINEKEN è leader del settore birrario in Italia, con una quota di mercato del 31% e oltre 2\.000 collaboratori su tutto il territorio nazionale. Produciamo più di 6 milioni di ettolitri di birra ogni anno nei nostri quattro birrifici situati a Comun Nuovo (BG), Pollein (AO), Massafra (TA) e Assemini (CA), a cui si aggiunge il contributo fondamentale di Partesa, la nostra rete di distribuzione e servizi dedicata al canale Ho.Re.Ca.


Grazie a una solida identità locale e una presenza globale, HEINEKEN unisce innovazione e tradizione, producendo un impatto positivo sulle comunità in cui opera.



In HEINEKEN promuoviamo un ambiente di lavoro inclusivo, collaborativo e stimolante, valorizzando le persone attraverso percorsi di crescita, formazione, welfare e opportunità di lavoro flessibile.


Abbracciare e celebrare la diversità è fondamentale per il Purpose di HEINEKEN: ""Creare il piacere di stare insieme per ispirare un mondo migliore"". Riteniamo che le persone, diverse come le nostre birre, anche e non solo per genere, etnia, età, orientamento sessuale, credo religioso, nazionalità, estrazione sociale, disabilità e stile di pensiero, arricchiscano le nostre vite e rafforzino la nostra attività. Accogliamo e prendiamo in considerazione le candidature di tutte le persone qualificate, in quanto sosteniamo una cultura di appartenenza che offre opportunità eque e paritarie per tuttə.



LA POSIZIONE E IL TEAM



HEINEKEN Italia è alla ricerca di una risorsa da inserire nell’HQ di Sesto San Giovanni nel team D\&T;



SEDE DI LAVORO: Sesto San Giovanni



FUNZIONE: Digital \& Technology



ATTIVITA’:


* Sarai coinvolto nella mappatura e revisione delle applicazioni aziendali, contribuendo a migliorare la governance e l’allineamento con la Digital Roadmap. Avrai l’opportunità di comprendere come funziona un ecosistema digitale complesso e come si prendono decisioni strategiche in ambito IT
* Affiancherai il team nella gestione della comunicazione e del follow\-up con i diversi reparti aziendali, con l’obiettivo di aumentare efficienza, trasparenza e coinvolgimento. Imparerai a collaborare con funzioni diverse e a strutturare interazioni efficaci con i principali stakeholder.
* Parteciperai a iniziative volte a integrare strumenti digitali e processi aziendali, in particolare nelle aree HR e Supply Chain. Questo ti permetterà di acquisire competenze su user experience digitale, processi organizzativi e strumenti a supporto della produttività.


REQUISITI:


* Laurea magistrale in Ingegneria Gestionale o Economia
* Ottima conoscenza del pacchetto Office, con focus su Excel e PowerPoint
* Buona conoscenza della lingua inglese
* Capacità di lavorare in team, attitudine al problem solving e buone doti comunicative.
* Capacità di organizzare e gestire attività simultanee in modo efficace, assicurando il rispetto delle scadenze e delle priorità operative
* Non è richiesta esperienza pregressa, ma eventuali esperienze di stage o lavori in ambito IT, consulenza o gestione progetti sono considerate un plus.


Perché lavorare con noi?



Entrare in HEINEKEN Italia significa far parte di una realtà dinamica, internazionale e in continua evoluzione, dove ogni persona ha l’opportunità di fare la differenza.  

Crediamo nella libertà di esprimere idee, nel valore della collaborazione e nello sviluppo continuo delle competenze individuali.  

Ci impegniamo ogni giorno per costruire un ambiente inclusivo, sostenibile e appassionante, dove il lavoro ha un impatto reale e ogni giornata è un’occasione per imparare, contribuire e divertirsi.



Segui la stella – scopri HEINEKEN e preparati a brillare ogni giorno, iniziando con energia e terminando con soddisfazione.","","https://it.indeed.com/cmp/The-Heineken-Company-5","https://d2q79iu7y748jz.cloudfront.net/s/_squarelogo/256x256/3f00d496a36de0a21146d627126dffa0","http://www.theheinekencompany.com","Amsterdam","10,000+","more than $10B (USD)","","","","","","","","persona qualificata"
"in-8ae42158c0abe0d1","indeed","https://it.indeed.com/viewjob?jk=8ae42158c0abe0d1","https://joblink.allibo.com/ats9/job-offer.aspx?DM=1800&ID=181985&LN=IT&SG=3&FT=10&MD=1","ERP e ICT Coordinator (Digital Transformation Specialist)","Simki srl a Socio Unico","Bollate, LOM, IT","2026-07-23","","","","","","",False,"","","","","SIMKI, azienda che da oltre trent’anni offre servizi qualificati di ricerca e selezione, in collaborazione con COTRIL SPA, eccellenza italiana nel settore dell’Haircare Professionale, ricerca un/una
  
  

**ERP e ICT Coordinator (Digital Transformation Specialist):**  

COTRIL SPA rappresenta una realtà italiana di alto profilo, specializzata in prodotti per la colorazione dei capelli. Oggi si distingue per essere un marchio iconico affermato nei backstage dello spettacolo e della moda, con respiro internazionale.
  
  

L’ERP e ICT Coordinator, a diretto riporto della funzione Finance, sarà il punto di riferimento per la gestione, ottimizzazione ed evoluzione dei sistemi informatici aziendali. La risorsa farà da ponte tra le esigenze delle diverse aree aziendali e le soluzioni tecnologiche, coordinando al contempo le principali attività ICT. L’obiettivo principale è quello di guidare la digitalizzazione dei processi aziendali.
  
  

**Il profilo si caratterizza per:**  

**Prerequisiti e background tecnico:**  

* Diploma tecnico informatico o Laurea conseguita in uno o più di questi indirizzi: Informatica, Ingegneria informatica, Sistemi informativi, Telecomunicazioni o discipline affini;
* Costituisce titolo preferenziale il conseguimento di certificazioni in ambito Project Management, ITIL, Cybersecurity, Cloud, Networking o sistemi Microsoft;
* Esperienza di almeno 5 anni maturata in ruoli ICT, Help Desk evoluto, System Administration, Application Support, Project Support o gestione di progetti tecnologici;
* Esperienza maturata nella gestione di fornitori ICT e nella raccolta di requisiti funzionali/tecnici;
* Preferibile esperienza maturata in contesti aziendali strutturati o multi\-sede;
* Solide conoscenze dei principali sistemi operativi, ambienti cloud, reti, infrastrutture IT e applicativi aziendali;
* Conoscenze di base dei principi di cybersecurity, data protection e continuità operativa;
* Capacità di analizzare i requisiti e tradurre i bisogni aziendali in specifiche tecniche;
* Conoscenza di strumenti di Ticketing, Project Management e Collaboration;
* Buona padronanza nell’uso del Pacchetto Office, in particolare Excel e Power Point;
* Conoscenza della lingua inglese tecnica.


**Principali responsabilità:**  

* Mappare e analizzare i processi aziendali (produzione, logistica, vendite…) per tradurli in configurazioni digitali ottimali sul sistema ERP aziendale;
* Raccogliere le criticità e le inefficienze dei processi aziendali e creare flussi di lavoro digitali snelli;
* Guidare l’integrazione dell’ERP aziendale con la piattaforma CRM;
* Monitorare e supportare l’infrastruttura IT correlata ai sistemi gestionali (esempio: gestione della configurazione e manutenzione di server aziendali, compliance circa la normativa in tema di protezione dati, compliance circa la normativa in materia di sicurezza ICT, monitoraggio ed esecuzione di test circa il rilascio di soluzioni IT da parte dei fornitori, pianificazione delle attività di manutenzione ordinaria e straordinaria…);
* Collaborare alla creazione di reportistica avanzata per orientare le decisioni strategiche aziendali;
* Supervisionare lo scambio di dati tra l’ERP e gli altri applicativi aziendali;
* Collaborare alla definizione e all'applicazione delle politiche di cybersecurity, protezione dei dati, backup, disaster recovery, etc.;
* Effettuare analisi di fattibilità sulle nuove iniziative ICT;
* Gestire e coordinare i progetti ICT relativi ad implementazioni o nuove funzionalità tecnologiche (definizione di obiettivi, rischi, tempistiche e budget; controllo avanzamento dello stato lavori);
* Capacità di intrattenere i rapporti con fornitori e stakeholder tecnologici, monitorando il rispetto di SLA, tempi e qualità, organizzando le attività di allineamento e facilitando la comunicazione tra ICT, management aziendale e partner esterni;
* Fornire supporto tecnico prestando assistenza agli utilizzatori dei sistemi informatici e promuovere la diffusione della cultura digitale


**Stile personale e capacità relazionali:**  

**Il/la Candidato/a dovrà dimostrare di:**  

* Possedere visione sistemica e un forte orientamento al miglioramento continuo, all'innovazione e alla trasformazione digitale;
* Mostrare spiccate capacità di analisi e problem solving, con approccio strutturato nell’individuazione e risoluzione di problematiche tecniche e operative;
* Prestare attenzione al cliente interno, con interesse alla comprensione delle esigenze aziendali e alla qualità del servizio erogato;
* Pianificare, organizzare e gestire le priorità, operando con metodo, precisione e attenzione al dettaglio;
* Possedere autonomia decisionale e un forte senso di responsabilità nella gestione delle attività e dei progetti assegnati.
* Capacità di gestire e coordinare fornitori e stakeholder, garantendo il rispetto di obiettivi, tempistiche e livelli di servizio;
* Possedere doti relazionali e comunicative, con capacità di interagire efficacemente con interlocutori tecnici e non tecnici e di tradurre concetti complessi in modo chiaro e comprensibile;
* Essere predisposto/a al lavoro per obiettivi e per progetti, coordinando attività, tempi e risorse in contesti trasversali e multidisciplinari;
* Dimostrare elevata affidabilità, precisione e orientamento al risultato.


**Sede di lavoro:** Bollate (MI)
  
  

**Range Retributivo:** tra i € 45\.000,00 e i € 55\.000,00 di RAL (sulla base di esperienze e competenze)
  
  

L’offerta terrà conto delle effettive esperienze, competenze, caratteristiche personali e motivazionali del/la candidato/a.
  
  

Per candidarsi si prega di inviare il curriculum vitae (in formato word o pdf) con data, firma autentica e autorizzazione al trattamento dei dati personali secondo la seguente dicitura: “Autorizzo il trattamento dei miei dati personali e professionali, riportati nel mio curriculum ai sensi del GDPR (Regolamento UE 2016/679\) e del Decreto Legislativo 30 giugno 2003, n. 196 “Codice in materia di protezione dei dati personali” , ai fini di attività di Ricerca e Selezione del Personale e contatti lavorativi.
  
  

Le ricerche si intendono riferite a persone di entrambi i sessi (L. 903/77\).","","https://it.indeed.com/cmp/Simki-Srl-A-Socio-Unico","","https://www.simki.it/","","","","","","","","","","","persona qualificata"
"in-eb2de34f840354c2","indeed","https://it.indeed.com/viewjob?jk=eb2de34f840354c2","https://careers.kering.com/careers/job/563705892525287","MCQUEEN RTW Industrialization Specialist","Alexander McQueen","Novara, PIE, IT","2026-07-23","fulltime","","","","","",False,"","","","","**Summary**

Alexander McQueen è una casa di moda di lusso fondata da Lee Alexander McQueen nel 1992\. A partire dal 2001 Alexander McQueen fa parte del Gruppo Kering e, da Dicembre 2023, è sotto la guida creativa di Seán McGirr.
  

  

Alexander McQueen è sinonimo di espressione, forza sovversiva e potere. Con un team di design ed un atelier basati a Londra, il brand è noto per la qualità senza compromessi e la sua visione creativa.
**Job Description**

In Alexander McQueen, viviamo e respiriamo quotidianamente una cultura guidata dai nostri Key Behaviours:


* **Empowerment** – Generiamo valore sia all’interno del nostro team che nel rapporto con i colleghi, fornendo un supporto costante per garantire il raggiungimento degli obiettivi di ciascuno.
* **Teamwork** – Il lavoro di squadra è fondamentale, lavoriamo insieme con un team per raggiungere obiettivi condivisi.
* **Respect** – Rispetto, dignità e apprezzamento per il lavoro di tutti sono alla base della cultura di Alexander McQueen.
* **Kindness** – La gentilezza è parte integrante di tutto ciò che facciamo, ci relazioniamo con empatia e un approccio orientato al dialogo.

**La tua opportunità**

Inserita all’interno del team dedicato all’industrializzazione dei capi di abbigliamento a marchio Alexander McQueen, la risorsa sarà coinvolta in tutti gli aspetti relativi alla costruzione dei capi di abbigliamento, dalla fase di industrializzazione fino alla messa in produzione dei capi, in sinergia con il team sviluppo prodotto e l’ufficio dedicato alla pianificazione della produzione. La risorsa contribuirà alla supervisione degli aspetti tecnici inerenti alla categoria di prodotto al fine di ottimizzare la realizzazione dei capi e garantirne la conformità agli standard aziendali.


**Come contribuirai**

* Identificherai eventuali modifiche, migliorie e informazioni specifiche tra la fase di sviluppo tecnico di campionario e l’industrializzazione.
* Ti relazionerai con i fornitori esterni, fornendo le informazioni necessarie alla realizzazione dei capi (es. specifiche tecniche, indicazioni di finitura).
* Sulla base delle informazioni ricevute dall’ufficio sviluppo prodotto e dai fornitori esterni, ti occuperai della redazione delle schede tecniche di prodotto.
* Contribuirai all’organizzazione dei fitting di produzione (es. organizzazione dei fitting con gli indossatori, pianificazione della sequenza dei capi).
* Durante i fitting di produzione, ti occuperai della presa delle note di industrializzazione.
* Contribuirai alla rilevazione di eventuali problematiche tecniche in fase di industrializzazione, proponendo eventuali soluzioni correttive.
* Sulla base delle informazioni di produzione, verificherai la correttezza delle schede tecniche (es. materiali, specifiche per taglia) inviate ai fornitori esterni.
* Monitorerai i lanci delle prove di produzione interfacciandoti con i laboratori esterni per garantirne il rientro nelle tempistiche richieste, avendo cura di aggiornare i team interessati.
* Al fine dello sblocco dei capi, verificherai la corretta esecuzione delle prove di produzione e aggiornerai la relativa reportistica.
* Ti occuperai di effettuare reportistica inerente alle attività di industrializzazione.

**Competenze Richieste**

* Sei in grado di dimostrare i **Key Behaviours** richiesti da McQueen
* Hai maturato un’esperienza di almeno 2 anni in ruoli affini o che ti hanno permesso di consolidare la tua conoscenza tecnica relativa al prodotto RTW.
* Conosci i processi di produzione e di costruzione dei capi di abbigliamento.
* Hai una buona conoscenza della lingua inglese, oltre ad una conoscenza fluente dell’italiano.
* Hai una buona conoscenza del pacchetto Office (Excel, Outlook, PowerPoint).
* Possiedi un approccio curioso, orientato al lavoro di squadra, capacità di problem solving nonché abilità a lavorare con scadenze ravvicinate.

**Cosa offriamo**

* **CCNL Applicato: “** Addetti alle Industrie Manifatturiere delle Pelli e Succedanei e Ombrelli e Ombrelloni ” (Codice univoco alfanumerico: D111\)
* **Categoria:** Impiegato
* **Retribuzione iniziale indicativa:** 27\.970€ (salvo diverso accordo, in caso il processo di selezione abbia esito positivo, laddove nel corso dello stesso emergano livelli specifici di esperienza e autonomia e/o competenze particolari, sulla base di criteri oggettivi). Bonus annuale variabile, ove previsto, legato al raggiungimento di obiettivi individuali e aziendali secondo la policy aziendale
* **Benefit:** oltre a quanto previsto dal CCNL applicabile e da legge, sono previsti ulteriori benefit in conformità alle policy aziendali in vigore.

Kering si impegna a favore della diversità e dell'inclusione e a garantire pari opportunità di impiego. Crediamo che la diversità in tutte le sue forme – disabilità, età, colore della pelle, ascendenza, sesso, origine nazionale, orientamento sessuale, cittadinanza, stato civile, identità di genere, religione – arricchisca l'ambiente di lavoro. Essa offre alle persone l'opportunità di esprimere il proprio talento, sia individualmente che collettivamente, e contribuisce a rafforzare la nostra capacità di adattarci a un mondo in continua evoluzione. In qualità di datore di lavoro che promuove le pari opportunità, accogliamo e prendiamo in considerazione le candidature di tutti i candidati qualificati, indipendentemente dal loro background.


Il processo di selezione è aperto a candidati di qualsiasi genere, età, origine, orientamento o provenienza, nel pieno rispetto dei principi di pari opportunità, non discriminazione e trasparenza retributiva.


**Job Type**

Regular
**Start Date**

2026\-09\-01
**Schedule**

Full time
**Organization**

Alexander McQueen Logistica Srl","","https://it.indeed.com/cmp/Alexander-Mcqueen","https://d2q79iu7y748jz.cloudfront.net/s/_squarelogo/256x256/32acabba1fc88483fb704b654888f070","https://www.alexandermcqueen.com","London","2 to 10","less than $1M (USD)","","","","","","","","persona qualificata"
"li-4443298705","linkedin","https://www.linkedin.com/jobs/view/4443298705","","Demand Planner","Wyser","Brescia, Lombardy, Italy","2026-07-28","","","","","","",False,"","","","","","","https://it.linkedin.com/company/wyser","","","","","","","","","","","","","persona qualificata"
"in-a94dd9766ad785c2","indeed","https://it.indeed.com/viewjob?jk=a94dd9766ad785c2","https://careers.grunenthal.com/job/Origgio-%28Varese%29-Q_C_-Micro-Lab-Analyst-Trainee/1419699833/","Q.C. Micro Lab Analyst Trainee","Grünenthal","Varese, LOM, IT","2026-07-28","fulltime, internship","","","","","",False,"","","","","1d9a1869/360b7931\-3501\-495e\-9042\-a.jpg
  
Q.C. Micro Lab Analyst Trainee
  
**Country:** Italy
  
**City:** Origgio (Varese)
  
**Department:** Global Operations \& Production
  
**Job ID:** 45399
  
  

**Pay Range (full\-time):** EUR 750
  
  

Internship \| Temporary \| Full\-time \| Hybrid
  
  

Our people in Manufacturing \& Global Operations share two priorities: getting things done and making things better. If you’re a dynamic person with a positive mindset, you’ll fit in well here. It’s an international team with a powerful spirit of collaboration. Together, we make sure our products meet the highest standards of quality by constantly searching for ways to improve at every stage of our value chain – from the raw materials we buy through to the logistics network that brings our medicines to patients. Join our team and help us make an even bigger contribution to Grünenthal’s future.
  
  

What the job looks like
  
  

**Each day you'll enjoy a variety of challenges, such as:**  

Microbiological analyses of release and/or stability of packaging materials, raw materials, semi\-finished and finished products;
  
Microbiological analyses of environmental monitoring of the plant (water, air, surfaces, etc.);
  
Relevant analyses in compliance with GMP and company SOPs and analytical methods;
  
  

What you'll bring to the table
  
  

To make the most of this role and truly thrive, you should have:
  
  

High School Diploma in Chemistry, Materials and Biotechnology or ITS Diploma in Biotechnology or Bachelor’s Degree in Biology/Biotechnology.
  
English (B2\)
  
  

Grünenthal offers equal employment opportunities. Recruitment will take place without distinction with regard to religion, gender, sexual orientation, age, origin, disability or other relevant categories.
  
  

**.buttontextdc2f1847aa75d7da a{ border:** 1px solid transparent; } .buttontextdc2f1847aa75d7da a: focus{ border: 1px dashed \#00a059 !important; outline: none !important; }
  
**.buttontext14bc11c21d8422f5 a{ border:** 1px solid transparent; } .buttontext14bc11c21d8422f5 a: focus{ border: 1px dashed \#00a059 !important; outline: none !important; }
  
About Grünenthal
  
  

Grünenthal is a global leader in pain management and related diseases. As a science\-based, privately\-owned pharmaceutical company, we have a long track record of bringing innovative treatments and state\-of\-the\-art technologies to patients worldwide. Our purpose is to change lives for the better – and innovation is our passion. We are focussing all of our activities and efforts on working towards our vision of a world free of pain.
  
  

Grünenthal is headquartered in Aachen, Germany, and has affiliates in 28 countries across Europe, Latin America and the US. Our products are available in more than 100 countries. In 2024, Grünenthal employed around 4,300 people and achieved sales of € 1\.8 billion.
  
  

1d9a1869/d52ef896\-436c\-4dbd\-abea\-c.jpg
  
**.buttontextea38bd357f9054cd a{ border:** 1px solid transparent; } .buttontextea38bd357f9054cd a: focus{ border: 1px dashed \#00a059 !important; outline: none !important; }
  
  

**Your HR contact:**  

Luigi Uccella
  
**.buttontext2a71d45bd19b6a36 a{ border:** 1px solid transparent; } .buttontext2a71d45bd19b6a36 a: focus{ border: 1px dashed \#00a059 !important; outline: none !important; }
  
1d9a1869/8ff16129\-b6c0\-4b04\-b20c\-a.jpg
  
**.buttontexteb0df105e4293206 a{ border:** 1px solid transparent; } .buttontexteb0df105e4293206 a: focus{ border: 1px dashed \#00a059 !important; outline: none !important; }
  
  

Meet our teams
  
**Website:** www.grunenthal.com
  
**LinkedIn:** Grunenthal Group
  
**Instagram:** @grunenthal","","https://it.indeed.com/cmp/Gr%C3%BCnenthal-2","https://d2q79iu7y748jz.cloudfront.net/s/_squarelogo/256x256/423ff0ad6429a17d296248ba52b9f1a1","https://www.grunenthal.com","","","","","","","","","","","GMP compliance"
"in-fc9183ec74e9ee7e","indeed","https://it.indeed.com/viewjob?jk=fc9183ec74e9ee7e","https://inrecruiting.intervieweb.it/annunci.php?l=senior-project-manager-cqnerviano-698553&lang=it&d=indeed&LAC=tcfirenze","Senior Project Manager C&Q_Nerviano","Techniconsult Group","Nerviano, LOM, IT","2026-07-27","","","","","","",False,"","","","","***Il Gruppo Techniconsult*** *è uno dei pochi gruppi italiani in grado di supportare i propri clienti* ***durante l'intero ciclo di vita di un progetto****: dalla consulenza, alla progettazione, alla gestione del sito, alla costruzione, avviamento, messa in servizio, qualificazione e manutenzione degli impianti.*

  



*Con oltre* ***35 anni di esperienza*** *nel settore* ***Life Science****, gestiamo e sviluppiamo progetti sia greenfield che brownfield per le principali aziende farmaceutiche.*

  



*La* ***passione*** *e la* ***flessibilità*** *del Gruppo sono ciò che crea veramente* ***fiducia*** *con i nostri clienti, creando partnership a lungo termine.*

  



  

**Posizione:**
--------------

Il Senior Project Manager – Commissioning \& Qualification (C\&Q) è responsabile della gestione e del coordinamento di tutte le attività di messa in servizio, qualifica e avvio operativo di grandi progetti in settori regolamentati come farmaceutico, biotech e life sciences.


Il ruolo garantisce che impianti, utilities, macchinari e sistemi siano commissionati e qualificati secondo le normative GMP, rispettando tempi, budget e standard di sicurezza.

 **Responsabilità principali**


Gestione del progetto

* Definire la strategia globale delle attività C\&Q dal completamento della costruzione fino alla piena operatività.
* Pianificare e gestire cronoprogrammi e team di 7/8 risorse.
* Monitorare performance, rischi e avanzamento del progetto.


Supervisione Commissioning \& Qualification

* Coordinare le attività di Commissioning e Qualification (IQ, OQ, PQ).
* Garantire l’allineamento tra Engineering, Automation, Validation e Quality.
* Gestire il trasferimento dei sistemi e il passaggio operativo agli Operations.


Gestione stakeholder

* Funzionare da punto di contatto principale tra cliente, contractor EPC e team interni.
* Condurre meeting di progetto, report e aggiornamenti al management.
* Coordinare fornitori, subappaltatori e service provider esterni.


Compliance e qualità

* Garantire la conformità alle norme GMP e alle linee guida regolatorie globali.
* Supportare audit e readiness regolatorie.
* Revisionare e approvare protocolli e report finali di C\&Q.


Gestione del team

* Coordinare team multidisciplinari C\&Q su più aree di progetto.
* Fornire mentorship e supporto tecnico ai C\&Q Lead e agli ingegneri.
* Promuovere una cultura di sicurezza e qualità.

**Requisiti:**
--------------

* Laurea in Ingegneria o disciplina tecnica affine.
* Esperienza di almeno 5 anni in Commissioning, Qualification o Validation in settori regolamentati.
* Comprovata esperienza nella gestione di grandi progetti capitali.
* Conoscenza approfondita di ambienti GMP e dei principi di lifecycle validation.
* Capacità di leadership e gestione stakeholder.

**Altre informazioni:**
-----------------------

Sede di lavoro: Nerviano (MI)


RAL €50\.000","","https://it.indeed.com/cmp/Techniconsult-Group","","","","","","","","","","","","","GMP compliance"
"in-e2dca3996510619b","indeed","https://it.indeed.com/viewjob?jk=e2dca3996510619b","https://careers.chiesi.com/job/Milano-Secondary-Packaging-pMDI-Supervisor/1367604357/","Secondary Packaging pMDI Supervisor","Chiesi Farmaceutici S.p.A.","Milano, LOM, IT","2026-07-24","","","","","","",True,"","","","","Date: 24 Jul 2026
Department: Plant Operations Italy, Nerviano Site
Business Area: Industrial Operations \& HSE
Job Type: Direct Employee
Contract Type: Permanent
Location:
Milano, IT


***About us***


Chiesi is an international research\-focused biopharmaceutical group with 90 years’ experience, operating in more than 30 countries, with its Headquarter in Parma, Italy. More than 8,000 employees across the group are united by a singular purpose: promoting a healthier world for our people, patients, and the planet. This is what drives us as we research, develop, and market innovative drugs across our main therapeutic areas. Discover more here.


At Chiesi we are thinking generations ahead, driving sustainable innovation with purpose. This fosters a culture of reliability, transparency, and ethical behaviour at every level. As a Benefit Corporation and a certified B Corp, we have embedded sustainability in our bylaws and continuously measure our impact.


Diversity and inclusion are at the heart of who we are. We believe our differences make us stronger. We are a vibrant ecosystem of passionate, talented individuals united by strong values, each bringing unique perspectives that help us to continuously challenge the status quo for the better.

  

***Global Technical Operations \& Supply***


Global Technical Operations \& Supply (Global TechOp\&S) is Chiesi’s global manufacturing and supply area, responsible for ensuring consistent, outstanding quality, service and value across our end‑to‑end supply chain. Global TechOp\&S oversees the entire lifecycle of the drug: from process optimization and industrialization, to manufacturing, engineering, quality oversight, and supply chain management. Throughout this journey, Operational Excellence drives continuous improvement. This end‑to‑end model is powered by our four manufacturing sites \- Parma (IT), Blois (FR), Santana de Parnaíba (BR), and Nerviano (IT) \- together with our Virtual Plant network of external partners.


**This is what you will do**
----------------------------


We are seeking an experienced and highly motivated Secondary packaging Production Supervisor to join a uniquegreenfield project focused on biologics manufacturing
  

This role offers the opportunity to contribute not only to daily manufacturing operations, but also to the design,implementation, and start\-up of a cutting\-edge secondary packaging production departmentproduction department
  

The successful candidate will play a key role in shaping processes, supporting equipment and facility designdecisions, and establishing operational standards for a biologics manufacturing environment.
  

This is a rare opportunity to be part of a site built from the ground up, contributing to technical excellence,compliance, and long\-term operational success.


**You will be responsible for**
-------------------------------


**Project \& Start\-up Phase**


* Contribute to process and facility design discussions, ensuring manufacturability and GMPcompliance.
* Support layout review, equipment URS definition, and operational input during design andprocurement phases.
* Participate in FAT/SAT, commissioning, and qualification activities for packaging manufacturing lines.
* Collaborate with MS\&T, Engineering, QA, and Validation teams to define robust operational workflows.
* Contribute to the development of SOPs, batch records, training programs.

**Operational Phase**


* Supervise day\-to\-day manufacturing operations related to secondary packaging
* Ensure compliance with internal EHS and quality requirements
* Lead and coach operators in GMP behaviour and ALCOA\+ principles.
* Monitor production performance, deviations, and investigations; drive timely resolution and continuousimprovement.
* Support inspection readiness activities.
* Promote a strong quality and safety culture within the department.
**You will need to have**
-------------------------


* Degree in Biotechnology, Pharmacy, Biology, Chemical Engineering, or related scientific disciplines
* Minimum 3–5 years of experience in secondary packaging manufacturing.
* Knowledge of GMP, GDP and regulatory requirements applicable to pharmaceutical packaging.
* Familiarity with process validation and equipment qualification
* Strong documentation and deviation management capabilities
**We would prefer for you to have**
-----------------------------------


* Experience in secondary packaging operations is a strong advantage
* Previous experience supervising or leading production teams.
* Strong leadership, communication and problem\-solving skills.
* Experience managing KPIs such as OEE, productivity, quality and schedule adherence.
**Location**
------------


Nerviano, Milan


**Compensation Range**
----------------------

The minimum salary for this role is € 39\.000, aligned to our established salary framework. The final offer will reflect the candidate’s skills, experience, qualifications and internal equity considerations.


In addition, we offer a comprehensive benefits package including pension, private medical insurance, wellbeing programme, flexible benefits programme.


**What we offer**


No matter where your path starts at Chiesi, it leads to inspiring possibilities. Your future is our focus, and we are committed to nurturing your development in our dynamic, friendly environment with access to resources and training every step of the way.


We provide top\-class benefits, including comprehensive healthcare programs, work\-life balance initiatives, and robust relocation support. Our salary package is competitive, comprising a basic salary, performance bonuses, and benefits benchmarked against the external market. Additionally, we offer flexible working arrangements, remote work options, and tax assistance services for foreign colleagues, all designed to help you thrive.

  

*Chiesi is an equal opportunity employer committed to hiring a diverse workforce at all levels of our business. All qualified applicants receive consideration for employment based on attitude and merit, without regard to race, national origin, age, sex, religion, disability, sexual orientation, marital status, military status, gender identity or expression, or any other basis protected by applicable laws. This policy applies to all aspects of employment, including hiring, transfer, promotion, compensation, eligibility for benefits, and termination.*","","https://it.indeed.com/cmp/Chiesi-Farmaceutici-S.p.a.","https://d2q79iu7y748jz.cloudfront.net/s/_squarelogo/256x256/a2bc2e1ac585c7a4dff48e6300f98940","https://www.chiesi.com/","Parma","1,001 to 5,000","","","","","","","","","GMP compliance"
"li-4445129685","linkedin","https://www.linkedin.com/jobs/view/4445129685","","Addetto/a supporto vendita in sistema di negozi coordinati","Giucas","Pavia, Lombardy, Italy","2026-07-27","","","","","","",False,"","","","","","","https://www.linkedin.com/company/giucas","","","","","","","","","","","","","GMP compliance"
"li-4444996362","linkedin","https://www.linkedin.com/jobs/view/4444996362","","Stage Quality Assurance","Sentinel Diagnostics","Milan, Lombardy, Italy","2026-07-24","","","","","","",False,"","","","","","","https://it.linkedin.com/company/sentineldiagnostics","","","","","","","","","","","","","GMP compliance"
"in-40936943d377ec7e","indeed","https://it.indeed.com/viewjob?jk=40936943d377ec7e","https://jp.syneoshealth.com/careers/jobs/18048089-cra-i","CRA I","サイネオス・ヘルス","LOM, IT","2026-07-29","","","","","","",True,"","","","","**Updated:** Yesterday  

**Location:** Remote, MI, Italy  

**Job ID:** 25109299


Not ready to apply?  

Join our Talent Network
**Description**


CRA I
Syneos Health® is a leading fully\-integrated life sciences services organization built to accelerate customer success. We partner with innovators at every point across the drug development and commercialization continuum, helping them navigate complexity, anticipate change and accelerate progress.  

  

Our Clinical Solutions team members act with a drug development mindset, applying their years of experience and deep expertise to truly understand customer needs and represent those in the solutions we shape.
  

  

Whether you join us in a Functional Service Provider partnership or a Full\-Service environment, you’ll collaborate with passionate problem solvers, innovating as a team to help our customers achieve their goals. We are agile and driven to deliver – for one another, our customers, and, most importantly, for those in need.
  

  

Discover what your 25,000 future colleagues already know:
  

  

Why Syneos Health  

* We are passionate about developing our people, through career development and progression; supportive and engaged line management; technical and therapeutic area training; peer recognition and total rewards program.
* We are committed to building an inclusive culture – where you can authentically be yourself. Central to this is our purpose – Driven to Deliver – which captures the passion of our colleagues to show up each day and shape solutions that have the ability to dramatically impact someone’s life.
* We are continuously building the company we all want to work for and our customers want to work with. Why? Because we know that when we bring together smart colleagues from across the world, we can shape the future of healthcare, driving impact for customers and defining the pace of patient progress.
**Job Responsibilities**

* Performs site qualification, site initiation, interim monitoring, site management activities and close\-out visits (performed on\-site or remotely) ensuring regulatory, ICH\-GCP and/or Good Pharmacoepidemiological Practices (GPP) and protocol compliance. Uses judgment and experience to evaluate overall performance of site and site staff and to provide recommendations regarding site\-specific actions; immediately communicates/escalates serious issues to the project team and with guidance develops action plans. Maintains a working knowledge of ICH/GCP Guidelines or other applicable guidance, relevant regulations, and company SOPs/processes.
* Verifies the process of obtaining informed consent has been adequately performed and documented for each subject/patient, as required/appropriate. Demonstrates diligence in protecting the confidentiality of each subject/patient. Assesses factors that might affect subject/patient’s safety and clinical data integrity at an investigator/physician site such as protocol deviation/violations and pharmacovigilance issues.
* For the Clinical Monitoring/Site Management Plan (CMP/SMP): Assesses site processes  

Conducts Source Document Review of appropriate site source documents and medical records  

Verifies required clinical data entered in the case report form (CRF) is accurate and complete  

Applies query resolution techniques remotely and on site, and provides guidance to site staff as necessary, driving query resolution to closure within agreed timelines  

Utilizes available hardware and software to support the effective conduct of the clinical project data review and capture  

Verifies site compliance with electronic data capture requirements
* May perform investigational product (IP) inventory, reconciliation and reviews storage and security. Verifies the IP has been dispensed and administered to subjects/patients according to the protocol. Verifies issues or risks associated with blinded or randomized information related to IP. Applies knowledge of GCP/local regulations and organizational procedures to ensure IP is appropriately (re)labelled, imported and released/returned.
* Routinely reviews the Investigator Site File (ISF) for accuracy, timeliness and completeness. Reconciles contents of the ISF with the Trial Master File (TMF). Ensures the investigator/physician site is aware of the requirement of archiving essential documents in accordance with local guidelines and regulations
* Documents activities via confirmation letters, follow\-up letters, trip reports, communication logs, and other required project documents as per SOPs and Clinical Monitoring Plan/Site Management Plan. Supports subject/patient recruitment, retention and awareness strategies. Enters data into tracking systems as required to track all observations, ongoing status and assigned action items to resolution.
* For assigned activities, understands project scope, budgets, and timelines; manages site\-level activities / communication to ensure project objectives, deliverables and timelines are met. Must be able to quickly adapt, with the oversight of the Lead CRA, to changing priorities to achieve goals / targets.
* May act as primary liaison with project site personnel, or in collaboration with another CRA or Central Monitoring Associate (CMA). Ensures all assigned sites and project\-specific site team members are trained and compliant with applicable requirements.
* Prepares for and attends Investigator Meetings and/or sponsor face to face meetings. Participates in global clinical monitoring/project staff meetings (inclusive of Sponsor representation, as applicable) and attends clinical training sessions according to the project specific requirements.
* Provides guidance at the site and project level towards audit readiness standards and supports preparation for audit and required follow\-up actions.
* For Real World Late Phase, the CRA I will use the business card title of Site Management Associate I. Additional responsibilities include:  

Site support throughout the study lifecycle from site identification through close\-out  

Knowledge of local requirements for real world late phase study designs  

Chart Abstraction activities and data collection  

Collaboration with Sponsor affiliates, medical science liaisons and local country staff


Qualifications:

* Bachelor’s degree or RN in a related field or equivalent combination of education, training and experience
* Knowledge of Good Clinical Practice/ICH Guidelines and other applicable regulatory requirements
* Must demonstrate good computer skills and be able to embrace new technologies
* Excellent communication, presentation and interpersonal skills
* Ability to manage required travel of up to 75% on a regular basis
* US ONLY: As part of your employment with Syneos Health, you may be deployed to Sites that require certain medical and other personal information to gain facility access. Pursuant to our Employee Privacy Notice, Syneos Health can provide the Sites with the information necessary for you to gain such access. Further, a Site may ask you for additional information beyond that which Syneos Health has in its possession. You are required to comply with any such Site requests as a condition of your employment with Syneos Health. Please note that failure to provide requested information may result in a Site barring you from entry, which could put your ongoing employment at risk.


The employment relationship shall be governed by the National Collective Labour Agreement (CCNL) for employees of companies operating in the tertiary, distribution and services sectors (""CCNL Commercio""), and all related provisions shall apply, including Article 213, in its version in force from time to time.


The potential annual gross salary for this role will start at EUR 29095

**Get to know Syneos Health**

  

Over the past 5 years, we have worked with 94% of all Novel FDA Approved Drugs, 95% of EMA Authorized Products and over 200 Studies across 73,000 Sites and 675,000\+ Trial patients.


No matter what your role is, you’ll take the initiative and challenge the status quo with us in a highly competitive and ever\-changing environment. Learn more about Syneos Health.


http://www.syneoshealth.com

**Additional Information**

  

Tasks, duties, and responsibilities as listed in this job description are not exhaustive. The Company, at its sole discretion and with no prior notice, may assign other tasks, duties, and job responsibilities. Equivalent experience, skills, and/or education will also be considered so qualifications of incumbents may differ from those listed in the Job Description. The Company, at its sole discretion, will determine what constitutes as equivalent to the qualifications described above. Further, nothing contained herein should be construed to create an employment contract. Occasionally, required skills/experiences for jobs are expressed in brief terms. Any language contained herein is intended to fully comply with all obligations imposed by the legislation of each country in which it operates, including the implementation of the EU Equality Directive, in relation to the recruitment and employment of its employees. The Company is committed to compliance with the Americans with Disabilities Act, including the provision of reasonable accommodations, when appropriate, to assist employees or applicants to perform the essential functions of the job.

**Summary**


Roles within Clinical Monitoring/CRA are responsible for overseeing and ensuring the integrity of clinical research studies by monitoring data and processes from a centralized location. This includes conducting remote monitoring of trial sites to verify compliance with regulatory requirements and clinical protocols. Utilizes data analytics and risk\-based monitoring techniques to identify potential issues and trends, ensuring that trials are conducted in accordance with established clinical practices. Collaborates with site teams to develop and implement tools, procedures, and processes that enhance quality monitoring and support the overall success of clinical trials. Impact and Contribution Individual contributors with responsibility in a professional or technical discipline or specialty, but may manage two or fewer employees. May direct the work of lower level professionals or manage processes and programs. The majority of time is spent contributing to the design, implementation or delivery of processes, programs, and policies, using knowledge and skills typically acquired through advanced education. Entry to developing individual contributor. Delivers work of limited scope, typically smaller, less complex projects. Requires theoretical knowledge of a professional area, typically obtained through education and/or prior experience.","","https://it.indeed.com/cmp/%E3%82%B5%E3%82%A4%E3%83%8D%E3%82%AA%E3%82%B9-%E3%83%98%E3%83%AB%E3%82%B9","","","","","","","","","","","","","clinical regulatory"
"in-6c955ea13a8cef8f","indeed","https://it.indeed.com/viewjob?jk=6c955ea13a8cef8f","https://www.jmc-aviation.com/jobs/quality-inspector-21980/","Quality Inspector","JMC Recruitment Solutions (Canada) Limited","Vergiate, LOM, IT","2026-07-29","internship","","","","","",False,"","","","","Job Title: Quality Inspector  

Location: Vergiate, Italy  

Rate: Competitive Pay  

Employment Type: Contract  

Start Date: Immediate



Role Conditions:


* Contract Length: Ongoing
* Shift Pattern: Monday – Friday, 06:00–16:00 / 12:00–22:00
* Approximately 50 hours per week
* Overtime available if required
* Up to €250 travel expenses at the start/end of the contract
* No accommodation provided


About the Role



JMC Aviation is recruiting Quality Inspectors to support ongoing helicopter production activities in Vergiate, Italy. This role offers the opportunity to ensure that manufacturing, assembly, maintenance, modification and repair activities are completed to the highest quality and airworthiness standards.



Key Responsibilities


* Inspect completed job cards within work packs completed by production staff.
* Verify all manufacturing, assembly, maintenance, modification and repair activities comply with approved engineering data and quality procedures.
* Carry out detailed inspections of aircraft structures, mechanical systems, hydraulic systems and electrical installations.
* Provide independent verification that all work meets the required standards of airworthiness, safety and quality before progressing to the next production stage.
* Ensure compliance with customer requirements, regulatory standards and company quality procedures.


Candidate Requirements



Essential:


* EASA Part\-66 Category A, B1 or B2 Licence, or Lufthansa Level 2 Certification.
* Previous aircraft inspection or quality assurance experience.
* English and Italian language skills.
* Right to work in the EU.


Desirable:


* Rotary\-wing experience preferred.
* Fixed\-wing experience will also be considered.
* Strong attention to detail and ability to work to high quality standards.


Why Work with JMC Aviation?



At JMC Aviation, we specialise in aviation recruitment across engineering services and training to airlines, MROs and OEMs, leasing and asset management companies, and component overhaul organisations. With deep industry knowledge and a global network, we match the right talent to the right roles — contract or permanent.


* Industry\-leading compliance support
* Fast onboarding and documentation assistance
* Dedicated recruitment consultant
* Placements across the globe
* Extensive experience and knowledge of the aviation sector


How to Apply



Submit your up\-to\-date CV, along with copies of your right to work documents, to biancam@jmc\-aviation.com.



Compliance \& Equal Opportunities



JMC Aviation is committed to equal opportunity and diversity in the workplace. All applicants will be considered based on merit, qualification and business need, regardless of age, gender, nationality or background. We operate in full compliance with global aviation recruitment regulations.



GDPR



In applying for the above position and sharing your personal data with JMC Aviation Limited, you acknowledge that your personal data will be processed in accordance with our Privacy Policy (found on our website).","","https://it.indeed.com/cmp/Jmc-Recruitment-Solutions-(canada)-Limited-1","https://d2q79iu7y748jz.cloudfront.net/s/_squarelogo/256x256/666fc59c2fa7468d1c15108d999a2657","http://jmc-aviation.com","1155 Metcalfe Street, Suite 1528, Quebec, Montreal, H3B 2V6","51 to 200","","We are a trusted provider of global aviation workforce and engineering solutions. Aviation professionals rely on us to support them in taking the next steps in their aviation career.","","","","","","","regulatory compliance"
"in-6152ca0f30ad71dd","indeed","https://it.indeed.com/viewjob?jk=6152ca0f30ad71dd","https://careers.societegenerale.com/en/job-offers/senior-legal-counsel-global-markets-26000GLX-en","Senior Legal Counsel – Global Markets","Société Générale","Milano, LOM, IT","2026-07-28","","","","","","",False,"","","","","**Responsibilities**
--------------------

**Mission:**

We are looking for a highly experienced Senior Legal Counsel to join our Legal team in SG Milan Branch, reporting directly to the Head of Legal. The candidate will provide senior legal support to Global Markets Italy with responsibility for structured products, derivatives (with particular focus on certificates), and regulatory engagement, ensuring legal integrity, regulatory compliance, and effective risk management.


**Tasks and responsibilities:**

**Business Advisory**

* Legal support to MARK and other business lines
* Structuring and execution of derivative transactions, with a specific focus on the structuring and issuance of certificates in Italy pursuant to the domestic prospectus regime
* Product governance and innovation

**Regulatory \& Documentation**

* Ownership of prospectus documentation lifecycle
* Oversight of MiFID II / PRIIPs requirements
* Listing and market compliance processes

**Regulatory Engagement**

* Direct relationship management with CONSOB and Bank of Italy
* Italian Prospectus approvals and regulatory interpretation

**Risk \& Litigation**

* Legal risk identification and mitigation
* Complaints handling and litigation management

**Cross\-functional Leadership**

* Coordination with Compliance, FO, DFIN, Tax
* Cross\-border collaboration (Italy–France)
**Profile required**
--------------------

**Experience:**

* 10–15\+ years of relevant experience

**Language skills:**

* Italian: C1 level
* English: C1 level

**Technical, operational \& Soft skills:**

* Technical expertise: Advanced (structured products, derivatives, EU regulation)
* Regulatory influence: High (direct regulator interaction)
* Complexity: Very high (cross\-border, innovative products
* Leadership: Functional leadership (no direct reports required)
**Why join us**
---------------

Société Générale Italy is a multi\-category bank offering every employee the possibility to have several careers in a professional career path. Internal mobility and training are two core areas we focus on, in a dynamic, prosperous and evolving context.


**Business insight**
--------------------

At Societe Generale, we are convinced that people are drivers of change, and that the world of tomorrow will be shaped by all their initiatives, from the smallest to the most ambitious.


Whether you’re joining us for a period of months, years or your entire career, together we can have a positive impact on the future. Creating, daring, innovating and taking action are part of our DNA.


If you too want to be directly involved, grow in a stimulating and caring environment, feel useful on a daily basis and develop or strengthen your expertise, you will feel right at home with us!


Still hesitating?


You should know that our employees can dedicate several days per year to solidarity actions during their working hours, including sponsoring people struggling with their orientation or professional integration, participating in the financial education of young apprentices, and sharing their skills with charities. There are many ways to get involved.


**Diversity and Inclusion**
---------------------------

We are an **equal opportunities employer** and we are proud to make diversity a strength for our company. Societe Generale is committed to recognizing and **promoting all talents** , regardless of their beliefs, age, disability, parental status, ethnic origin, nationality, gender identity, sexual orientation, membership of a political, religious, trade union or minority organisation, or any other characteristic that could be subject to discrimination.","","https://it.indeed.com/cmp/Soci%C3%A9t%C3%A9-G%C3%A9n%C3%A9rale-1","https://d2q79iu7y748jz.cloudfront.net/s/_squarelogo/256x256/483cc26bfe74d62f7a22445374db1384","http://www.societegenerale.com","Paris","10,000+","more than $10B (USD)","Societe Generale is one of Europe's leading financial services groups and a major player in the economy for over 160 years, supports 26 million clients every day. Join us!","","","","","","","regulatory compliance"
"in-424a5301e495c99d","indeed","https://it.indeed.com/viewjob?jk=424a5301e495c99d","http://it.indeed.com/job/rd-director-424a5301e495c99d","R&D Director","","Inveruno, LOM, IT","2026-07-28","parttime, fulltime","","","","","",False,"","","","","**R\&D Director Job Description**

**Position Overview**

The R\&D Director is a senior leadership role responsible for setting the strategic direction for an organization's research and development function. This position oversees the entire innovation lifecycle—from identifying emerging technologies and market trends to commercializing new products and solutions. The R\&D Director leads multidisciplinary technical teams, manages complex project portfolios, and collaborates closely with executive leadership and cross\-functional partners to drive business growth and maintain competitive advantage.

**Key Responsibilities**

**Strategic Leadership \& Innovation**

* Develop and execute the organization's R\&D strategy and technology roadmap in alignment with corporate objectives and long\-term business goals
* Identify emerging technology trends, market opportunities, and customer insights to guide future product and technology strategies
* Translate scientific and technical complexity into commercially viable, scalable solutions
* Present research findings, innovation roadmaps, and strategic recommendations to senior management and executive stakeholders

**Product Development \& Project Management**

* Lead cross\-functional teams to develop new products and processes, ensuring projects meet quality standards, budgets, and timelines
* Oversee the entire product lifecycle—from concept evaluation through design, testing, validation, and commercialization
* Establish project governance, prioritization frameworks, and delivery standards across R\&D initiatives
* Drive continuous improvement in product development methodologies, engineering processes, and innovation practices

**Team Leadership \& Organizational Development**

* Build, lead, and mentor R\&D teams, managing recruitment, training, performance management, and professional development
* Foster a culture of innovation, collaboration, accountability, and technical excellence
* Develop succession pipelines and ensure strong technical capability across the organization

**Financial \& Portfolio Management**

* Manage departmental budgets, resource allocation, and project portfolios
* Prioritize initiatives based on strategic fit, financial return, and resource availability
* Develop and monitor R\&D KPIs, project milestones, and performance metrics

**External Partnerships \& Compliance**

* Represent the company at industry conferences, exhibitions, and academic forums
* Establish innovation partnerships with universities, research institutions, technology providers, and industry bodies
* Ensure all R\&D processes and products meet relevant quality standards, regulatory compliance, and industry norms
* Manage relationships with external research partners, suppliers, and consultants

**QualificationsEducation**

* Bachelor's degree in a relevant technical or scientific discipline (e.g., Engineering, Chemistry, Materials Science, Physics, Life Sciences, Computer Science)
* Master's degree or Ph.D. preferred

**Experience**

* **8\+ years** of progressive R\&D experience, including leadership responsibility for multidisciplinary teams
* **10\+ years** often required for more senior roles
* **5\+ years** of managerial experience
* Proven track record of successful technical strategy planning, product development, and team management
* Experience managing complex development programs from concept to execution

**Technical \& Professional Skills**

* Deep knowledge of relevant technical domain and product development processes
* Strong project management capabilities with experience managing multiple projects in fast\-paced environments
* Solid understanding of quality systems, regulatory compliance, and product stewardship
* Experience with Product Lifecycle Management (PLM) systems and project management platforms
* Strategic thinking with strong analytical and problem\-solving capabilities
* Experience managing R\&D budgets and project portfolios
* Familiarity with grant funding and external research collaboration

**Leadership \& Soft Skills**

* Proven ability to lead and develop high\-performing technical teams in multinational or complex environments
* Excellent communication, stakeholder management, and cross\-functional collaboration skills
* Ability to balance innovation initiatives with operational priorities
* Influential leader comfortable operating in complex environments
* Business acumen with ability to connect technical initiatives to commercial outcomes

Job Types: Full\-time, Part\-time

Pay: €25,663\.34 \- €61,990\.01 per year

Work Location: In person","","https://it.indeed.comNone","","","","","","","","","","","","","regulatory compliance"
"in-14caf586d4d645d1","indeed","https://it.indeed.com/viewjob?jk=14caf586d4d645d1","https://jobs.lever.co/ion/fab01d52-b2c5-4e5f-b685-50a6d6adc309","Security Governance Analyst","ION Group","Milano, LOM, IT","2026-07-28","fulltime","","","","","",False,"","","","","**About us:**



We are a community of visionary innovators, dedicated to providing pioneering software and consultancy services to financial institutions, trading firms, central banks, governments, and corporations around the world. We strive to simplify the way people work. We do that by providing workflow and process automation software, as well as providing real\-time data and business intelligence to help people make better decisions. We are 13,000\+ employees, we operate globally with 80\+ global offices, and we serve over 4,800\+ customers worldwide.



For the strengthening of the Chief Information Security Office (CISO) function within Cedacri’s companies, part of ION Group, we are looking for talented professionals to grow their career as **Security Governance Analyst**. This position is targeted at candidates with **2–5 years of relevant experience** in Information Security Governance, Cybersecurity Risk Management, or ICT Compliance. Selected candidates will be placed in a dynamic and innovative environment and will collaborate with cross\-functional teams to support cybersecurity governance initiatives across the organization.



Learn more at www.iongroup.com.

  

**Your role**


**Your key duties and responsibilities**


* Support the implementation and continuous improvement of the Information Security Governance framework
* Support the implementation, maintenance, and continuous improvement of the Information Security Governance framework across the organization.
* Develop, maintain, and review cybersecurity policies, standards, procedures, and governance documentation.
* Support cybersecurity risk management activities, including risk assessments, remediation tracking, exception management, and risk treatment planning.
* Monitor the effectiveness and maturity of security controls and ensure governance activities remain aligned with organizational objectives and regulatory requirements.
* Maintain governance evidence, action plans, ownership records, dependencies, and remediation initiatives to support audit readiness and effective reporting.
* Prepare KPI/KRI dashboards for management on coverage, timeliness and effectiveness of controls, including asset/API inventories, SBOM/SCA coverage, patching performance, exception aging and action\-plan closure.
* Collaborate with Technology, Risk, Compliance, Legal, and Business stakeholders to ensure alignment with security governance requirements.
* Support internal audits, external audits, regulatory assessments, and client due diligence activities.
* Contribute to the implementation of regulatory and industry frameworks, including DORA, NIS2, ISO 27001, NIST CSF, and related standards.
* Support governance transformation initiatives and continuous improvement programs aimed at strengthening cybersecurity oversight capabilities.

  

  

**Other duties**



We might ask you to perform other tasks and duties as your role expands.


**Your skills, experience, and qualifications required**


* Master's degree in Cybersecurity, Computer Science, Computer Engineering, Information Technology, Law, Management Engineering, or a related field (with honors).
* At least 2\-5 years of experience in Information Security Governance, ICT Risk Management, Cybersecurity Compliance, Internal Audit, or related functions.
* Good understanding of cybersecurity governance principles, governance requirements for vulnerability management, patch management, incident response, secure SDLC, third\-party risk and operational resilience.
* Knowledge of international standards and frameworks such as ISO 27001, NIST CSF, COBIT, CIS Controls, DORA, and NIS2\.
* Experience supporting audit activities, compliance assessments, regulatory initiatives, or governance reporting processes.
* Ability to translate complex technical topics into clear governance, risk, and management reporting outputs.
* Strong analytical, organizational, and stakeholder management skills.
* Advanced knowledge of Microsoft Excel and PowerPoint.
* Excellent knowledge of Italian and English.
* Professional certifications such as ISO 27001, CISA, CRISC, Security\+, or equivalent would be considered a plus.

  

  

**What we offer:**


* Permanent employment contract
* Italian National Collective Labour Agreement for the Metalworking Industry (CCNL Metalmeccanico)
* Gross Annual Salary (RAL) ranging from **€40,000 to €50,000**, depending on experience, skills, and qualifications
* Job grade to be determined upon completion of the selection process, with final assessment between B2 and B3 level
* Opportunity to join a leading international technology group operating in the financial services industry
* Exposure to enterprise\-wide cybersecurity governance activities in a dynamic and international environment
  


**Location:**



Milan.


**Important notes:**



According to the Italian Law (L.68/99\), candidates belonging to the protected categories list will be given priority.



We may use artificial intelligence (AI) tools to support parts of the hiring process, such as reviewing applications, analyzing resumes, or assessing responses and identifying potential inconsistencies or verification signals in application materials based on available information. These tools assist our recruitment team but do not replace human judgment. Final hiring decisions are ultimately made by humans. If you would like more information about how your data is processed, please contact us.","","https://it.indeed.com/cmp/Ion-Group-2","https://d2q79iu7y748jz.cloudfront.net/s/_squarelogo/256x256/c0fdc8d9968247a6d0a96c39e7983367","https://www.iongroup.com","Dublin","1,001 to 5,000","$1B to $5B (USD)","Automation positively transforms the lives of people and business. ION software helps you improve decision-making, increase efficiency, simplify complex processes and empower your people.","","","","","","","regulatory compliance"
"in-b155439bbd058dc0","indeed","https://it.indeed.com/viewjob?jk=b155439bbd058dc0","https://jobs.lever.co/ion/4f1a6cbb-7245-4a85-bcdd-fcbf47a62592","Security Architect","ION Group","Milano, LOM, IT","2026-07-28","fulltime","","","","","",False,"","","","","**About us:**



We are a community of visionary innovators, dedicated to providing pioneering software and consultancy services to financial institutions, trading firms, central banks, governments, and corporations around the world. We strive to simplify the way people work. We do that by providing workflow and process automation software, as well as providing real\-time data and business intelligence to help people make better decisions. We are 13,000\+ employees, we operate globally with 80\+ global offices, and we serve over 4,800\+ customers worldwide.



For the strengthening of the Chief Information Security Office (CISO) function within Cedacri’s companies, part of ION Group, we are looking for talented professionals to grow their career as **Security Architect**. This position is targeted at candidates with **at least 5 years of relevant experience** in Information Security, Security Architecture, or Cybersecurity Governance. Selected candidates will be placed in a dynamic and innovative environment and will collaborate with cross\-functional teams to design, implement, and continuously improve the organization's security architecture and cybersecurity controls.



Learn more at www.iongroup.com.


**Your role**


**Your key duties and responsibilities**


* Define, review, and evolve the organization's security architecture strategy in alignment with business needs, technology roadmaps, and regulatory expectations.
* Contribute to the design and validate secure architectures for enterprise platforms, cloud services, applications, APIs, networks, and infrastructure environments.
* Define security requirements, architectural standards, patterns, and security\-by\-design principles to be adopted across projects and initiatives.
* Conduct security architecture reviews and risk assessments to identify control gaps and define appropriate mitigation strategies.
* Design and govern security controls related to Identity \& Access Management (IAM), Privileged Access Management (PAM), PKI, encryption, authentication, and network security.
* Contribute to threat modeling activities for critical applications, business services, and enterprise platforms.
* Support the implementation of architectures aimed at reducing attack surface, improving resilience, and strengthening segregation and tenant isolation controls.
* Collaborate with Development, Infrastructure, Cloud, DevSecOps, Security Operations, Risk, and Compliance teams to ensure security requirements are embedded throughout the technology lifecycle.
* Evaluate emerging technologies, cybersecurity threats, and industry trends to continuously improve the organization's security posture.
* Contribute to the development of security standards, reference architectures, and strategic cybersecurity initiatives.
  


**Other duties**



We might ask you to perform other tasks and duties as your role expands.


**Your skills, experience, and qualifications required**


* Master's degree in Computer Science, Computer Engineering, Cybersecurity, Information Technology, or a related field (with honors preferred).
* At least 5 years of experience in Security Architecture, Cybersecurity Engineering, Information Security, or related disciplines.
* Strong knowledge of enterprise security architecture principles and industry frameworks.
* Proven experience designing secure architectures across cloud, infrastructure, network, application, and hybrid environments.
* Strong knowledge of IAM, PAM, PKI, encryption technologies, authentication protocols, and Zero Trust principles.
* Familiarity with security architecture concepts related to cloud\-native environments, APIs, containers, Kubernetes, DevSecOps practices and SBOM/SCA processes.
* Experience conducting threat modeling and security risk assessments.
* Knowledge of ISO 27001, NIST, CIS Controls, DORA, NIS2, and operational resilience requirements applicable to regulated environments.
* Strong analytical skills with the ability to translate business and technical requirements into pragmatic security solutions.
* Excellent communication skills and ability to engage effectively with both technical and non\-technical stakeholders.
* Certifications such as CISSP, CCSP, SABSA, TOGAF, ISO 27001 Lead Implementer, or equivalent would be considered a strong plus.


**What we offer:**


* Permanent employment contract
* Italian National Collective Labour Agreement for the Metalworking Industry (CCNL Metalmeccanico)
* Gross Annual Salary (RAL) ranging from **€50,000 to €60,000**, depending on experience, skills, and qualifications
* Job grade to be determined upon completion of the selection process, with final assessment between B3 and A1 level
* Opportunity to join a leading international technology group operating in the financial services industry
* Exposure to enterprise\-wide cybersecurity initiatives in a dynamic, international, and highly innovative environment
  


**Location:**



Milano.


**Important notes:**



According to the Italian Law (L.68/99\), candidates belonging to the protected categories list will be given priority.



We may use artificial intelligence (AI) tools to support parts of the hiring process, such as reviewing applications, analyzing resumes, or assessing responses and identifying potential inconsistencies or verification signals in application materials based on available information. These tools assist our recruitment team but do not replace human judgment. Final hiring decisions are ultimately made by humans. If you would like more information about how your data is processed, please contact us.","","https://it.indeed.com/cmp/Ion-Group-2","https://d2q79iu7y748jz.cloudfront.net/s/_squarelogo/256x256/c0fdc8d9968247a6d0a96c39e7983367","https://www.iongroup.com","Dublin","1,001 to 5,000","$1B to $5B (USD)","Automation positively transforms the lives of people and business. ION software helps you improve decision-making, increase efficiency, simplify complex processes and empower your people.","","","","","","","regulatory compliance"
"in-c492beff2aec2daf","indeed","https://it.indeed.com/viewjob?jk=c492beff2aec2daf","https://careers.allianz.com/global/en/job/101739","Risk Analyst - Investment Pricing","Allianz","Milano, LOM, IT","2026-07-27","fulltime","","","","","",False,"","","","","The Pricing Monitoring Unit is part of the Risk Management Department of Allianz S.p.A. and operates as a second line of control function. The function is part of the Market Credit Risk PMU team, and is responsible for the independent oversight and validation of pricing methodologies applied to financial instruments and alternative assets, ensuring consistency with market practice and regulatory expectations. The unit plays a key role in supporting sound risk governance by liaising with the investment department, external asset valuators, and relevant internal Committees, and by providing robust analytical evidence to senior stakeholders.
  
  

KEY RESPONSIBILITIES
  
  

* Extrapolate and critically assess financial data and methodology documentation to support independent pricing oversight
* Validate the consistency of pricing methodologies with current market practice and internal standards
* Verify the correctness of financial data used within the pricing process
* Formulate alternative approaches to pricing methodologies and independently source market parameters
* Evaluate pricing correctness through reperforming and independent repricing exercises
* Assess the economic impact of independent repricing outcomes
* Monitor the first line of control in its pricing activities, ensuring compliance with applicable frameworks
* Liaise with the Investment Department and external entities responsible for asset valuation
* Report controls evidence, results, and independent validation findings to relevant internal Committees
* Support investment and risk assessment activities across the department


EDUCATION / EXPERIENCE / SKILLS
  
  

* Master's Degree in Finance, Physics, Mathematics, Statistics, or a related quantitative field
* 1\-3 years of experience in investments, risk management, pricing, quantitative development, or an equivalent background with strong quantitative and analytical skills
* Programming skills in Python and VBA, as well as familiarity with statistical software and databases
* Solid technical expertise in pricing methodologies for both financial instruments and alternative assets (Corporate Bonds, Real Estate, Private Equity, etc.)
* Knowledge of financial information providers, in particular Bloomberg
* Strong attention to detail, problem\-solving mindset, and ability to work effectively in analytical and data\-driven environments
* Fluent in Italian and English (written and spoken)


Pursuant to Article 5(1\) of Legislative Decree No. 96 of 7 May 2026, as amended and supplemented from time to time, the range applicable to the position offered is between € 35\.000,00 gross and € 45\.000,00 gross. Employment will be subject to the terms and conditions set forth in the National Collective Labor Agreement for Insurance Companies and the applicable Company Agreement. The final determination of the starting remuneration will be based on an evaluation of the candidate's qualifications, skills, and relevant experience in relation to the requirements of the role.
  
  

101739 \| Risk Management \| Professional \| Non\-Executive \| Allianz Italy \| Full\-Time \| Permanent
  
  

Allianz Group is one of the most trusted insurance and asset management companies in the world. Caring for our employees, their ambitions, dreams and challenges is what makes us a unique employer.
  
**We are united by a shared commitment:** to put our customers first and at the centre of everything we do. Their needs inspire our thinking and guide our actions.Together, we can build an environment where everyone feels empowered and confident to explore, grow and shape a better future – for our customers and for the world around us.
  
**At Allianz, we stand for unity:** we believe that a united world is a more prosperous world, and we are dedicated to consistently advocating for equal opportunities for all. The foundation for this is our inclusive workplace, where people and performance both matter, and where integrity, fairness, inclusion and trust are at the heart of our culture.
  
We therefore welcome applications regardless of ethnicity or cultural background, age, gender, nationality, religion, social class, disability or sexual orientation, or any other characteristics protected under applicable local laws and regulations.
  
Join us.Let's care for tomorrow.
  
Both genders may apply in accordance with the L. 903/77 (s.m.i).","Insurance","https://it.indeed.com/cmp/Allianz","https://d2q79iu7y748jz.cloudfront.net/s/_squarelogo/256x256/cac0d52cae46ffd6568ad1a01ea48cfb","https://www.allianz.com/en.html","Königinstrasse 2880802 Munich Germany","5,001 to 10,000","more than $10B (USD)","The Allianz Australia Group operates across Australia and NZ and have a wide range of opportunities to help you take the next step.","","","","","","","regulatory compliance"
"in-49be131053f302b3","indeed","https://it.indeed.com/viewjob?jk=49be131053f302b3","https://higher.gs.com/roles/179875","Wealth Management, Sales Management, Vice President - Milan","Goldman Sachs","Milano, LOM, IT","2026-07-24","fulltime, internship","","","","","",False,"","","","","**Wealth Management – Europe Sales Management, VP, Milan**


Goldman Sachs Private Wealth Management (PWM) specializes in creating comprehensive wealth management plans for ultra\-high net worth individuals and families, as well as select institutions, including foundations and endowments. PWM Teams work one\-on\-one with clients to advise and deliver customized strategies drawn from our deep investment experience, diverse wealth management capabilities and global reach. Our Private Wealth Advisors (PWAs) deliver an unparalleled investment platform inclusive of the full product and service offerings of Goldman Sachs and beyond, which may include tax and estate planning, philanthropic planning and private banking and lending services. As client needs evolve, this close relationship allows the team to offer complementary services and new opportunities by leveraging the resources of Goldman Sachs and beyond.


As the **Vice President of PWM Sales Management in Continental Europe**, you will play a pivotal role in driving the growth, efficiency, and strategic direction of our sales organization within the region. This position focuses on sales enablement, advisor coaching, business development strategy, and the optimization of sales processes and technology (including CRM and AI\-driven workflows). You will partner closely with PWM regional leadership, Private Wealth Advisors (PWAs), and cross\-divisional teams (including Asset Management, Investment Banking, and Technology) to accelerate client acquisition, enhance advisor productivity, and deliver an exceptional client experience.


**Key Responsibilities**


1\.Sales Strategy \& Enablement


* Drive Growth Initiatives: Develop and execute strategic sales plans to accelerate asset gathering, client acquisition, and market share expansion across regional offices.
* CRM \& Tool Optimization: Partner with Sales Enablement and Engineering teams to design, implement, and continuously improve CRM workflows, pipeline management tools, and AI\-powered prospecting capabilities.
* Performance Analytics: Collaborate with quantitative strategists and data teams to analyze sales metrics, identify productivity gaps, and deliver actionable insights to sales leadership focused on Continental Europe.

2\. Advisor Coaching \& Support


* PWA Enablement: Act as a strategic coach to new and early stage Private Wealth Advisors (PWAs) and Business Development Professionals (BDPs), ensuring their continuous development towards successful advisors.
* Best Practice Sharing: Facilitate forums and workshops to share successful sales strategies, client engagement techniques, and market insights across advisor teams.

3\. Client Acquisition \& Referrals


* Pipeline Management: Support and drive accountability of pipeline by liaising with team leaders and regional sales leadership to monitor and track pipeline progress
* Prospecting \& Onboarding: Coordinate prospecting allocation between PWAs as well as drive prioritisation of account onboarding through objective review
* Referrals: Direct cross\-border client referrals coming into Continental Europe.

4\. Risk Management \& Compliance


* Suitability \& Oversight: Ensure all sales activities, marketing materials, and advisor communications adhere to strict regulatory standards and internal compliance policies.
* Supervisory Controls: Monitor sales practices and pipeline activities to mitigate operational, reputational, and regulatory risks.

**Skills \& Experience We Are Looking For**


* Bachelor’s Degree required; advanced degree (MBA) or professional designation (CFA, CFP) is highly preferred.
* 7\+ years of experience in wealth management, financial services sales, or sales management.
* European languages (Italian, German and / or French)
* Proven track record of coaching, and motivating high\-performing sales or advisory teams.
* Deep familiarity with CRM platforms and modern sales enablement technology, including AI.
* Strong understanding of the UHNW landscape
* Exceptional interpersonal, presentation, and writing skills, with the ability to influence senior stakeholders and advisors.
* Ability to synthesize complex sales data into clear, actionable business strategies.

**Salary Range**
  

The expected base salary for this Milan, Lombardia, Italy\-based position is 0\-0\. In addition, you may be eligible for a discretionary bonus if you are an active employee as of fiscal year\-end.


We Offer Best\-In\-Class Benefits
Healthcare \& Medical Insurance
We offer a wide range of health and welfare programs that vary depending on office location. These generally include medical, dental, short\-term disability, long\-term disability, life, accidental death, labor accident and business travel accident insurance.
Holiday \& Vacation Policies
We offer competitive vacation policies based on employee level and office location. We promote time off from work to recharge by providing generous vacation entitlements and a minimum of three weeks expected vacation usage each year.
Financial Wellness \& Retirement
We assist employees in saving and planning for retirement, offer financial support for higher education, and provide a number of benefits to help employees prepare for the unexpected. We offer live financial education and content on a variety of topics to address the spectrum of employees’ priorities.
Health Services
We offer a medical advocacy service for employees and family members facing critical health situations, and counseling and referral services through the Employee Assistance Program (EAP). We provide Global Medical, Security and Travel Assistance and a Workplace Ergonomics Program. We also offer state\-of\-the\-art on\-site health centers in certain offices.
Fitness
To encourage employees to live a healthy and active lifestyle, some of our offices feature on\-site fitness centers. For eligible employees we typically reimburse fees paid for a fitness club membership or activity (up to a pre\-approved amount).
Child Care \& Family Care
We offer on\-site child care centers that provide full\-time and emergency back\-up care, as well as mother and baby rooms and homework rooms. In every office, we provide advice and counseling services, expectant parent resources and transitional programs for parents returning from parental leave. Adoption, surrogacy, egg donation and egg retrieval stipends are also available.
Benefits at Goldman Sachs
Read more about the full suite of class\-leading benefits our firm has to offer.
  
Opportunity Overview
CORPORATE TITLEVice President
OFFICE LOCATION(S)Milan
JOB FUNCTIONSales
DIVISIONAsset \& Wealth Management","Banks And Financial Services, Banks And Financial Services","https://it.indeed.com/cmp/Goldman-Sachs","https://d2q79iu7y748jz.cloudfront.net/s/_squarelogo/256x256/b7ac5861c1a32f420ae39e799363674d","http://www.goldmansachs.com","200 West St.
New York NY, United States 10282","10,000+","more than $10B (USD)","Founded in 1869, the firm is headquartered in New York and maintains offices in all major financial centers around the world.","","","","","","","regulatory compliance"
"in-1fc12fd5fe10e1eb","indeed","https://it.indeed.com/viewjob?jk=1fc12fd5fe10e1eb","http://app.eightfold.ai/careers/job/687238057342?domain=eaton.com","Specification Engineer - Emergency Lighting Key Accounts","Eaton","Segrate, LOM, IT","2026-07-23","internship","","","","","",False,"","","","","Within Eaton’s Electrical business, the **Life Safety Division (LSD)** plays a critical role in protecting people and buildings during emergency situations. The division is globally recognized for its expertise in **emergency lighting** , fire detection, alarm, notification, and mass notification systems—enabling safe evacuation and supporting regulatory compliance across demanding commercial and institutional environments.


To support our continued growth, we are seeking a **Specification Engineer – Emergency Lighting Key Accounts** for the Lombardy and Northern Italy region.


In this strategic role, the Specification Engineer – Emergency Lighting Key Accounts is responsible for developing and strengthening a robust network of key specification stakeholders within an assigned territory, with a particular focus on **emergency lighting solutions** for commercial and institutional building projects. These stakeholders typically include engineering consultancies, design authorities, and major end‑users managing standardized portfolios or high‑value developments.


**What you’ll do:**
-------------------

* Secure early\-stage visibility of projects and proactively influence planning to embed Eaton solutions into specifications
* Identify, track, and manage projects where Eaton is not yet specified, ensuring accurate capture in Salesforce
* Share project intelligence across internal stakeholders to enable effective collaboration with Project Sales Engineers, agents, back\-office teams, and other departments
* Prioritise high\-impact opportunities using a growth mindset and data\-driven decision\-making to accelerate project conversion
* Mobilise Eaton’s internal capabilities with agility to drive rapid progression across the project pipeline
* Expand the application of Eaton’s Solution Spaces, ensuring alignment with customer needs and long\-term business objectives
* Manage the role across Northern Italy, with a particular focus on the Lombardy region
**Qualifications:**
-------------------

* Professional technician with a bachelor’s or master’s degree in Electrical Engineering, or a justifiable equivalent qualification
* Minimum 3 years of experience in Commercial \& Institutional (C\&I) building projects
* Proven experience in electrical design and/or project management for large C\&I projects, particularly in Emergency Lighting and/or Fire Systems, or justifiable equivalent experience
* Strong knowledge of best‑in‑class consultants, designers, and contractors within the C\&I sector
**Skills:**
-----------

* Lead qualification and opportunity assessment
* Territory, account, and pipeline management
* Relationship management with consultants and key specifiers
* Discovery, needs analysis, and project qualification
* Specification concept development and technical transfer
* Opportunity, bid/no‑bid, and quote management
* Cross‑functional collaboration and sales enablementCRM (Salesforce), process optimization, and continuous improvement
* Italian and English fluent knowledge
**We Offer:**
-------------

* Competitive compensation and a comprehensive benefits package.
* The opportunity to work on challenging projects within a dynamic and collaborative team, in an international environment.
* Career development and internal mobility opportunities—Eaton actively encourages internal promotion whenever possible.
* A strong focus on professional growth, with continuous learning and development opportunities supported through Eaton University and other global training programs.
* The chance to make a meaningful impact—reliability, safety, efficiency, and sustainability are at the heart of our mission to improve quality of life and protect the environment through innovative power management technologies.
* A strong commitment to employee wellbeing, with health and safety as a top priority. At Eaton, wellness goes beyond programs, providing tools and an environment that empower employees to thrive.

\#LI\-EC1


Eaton provides a competitive total rewards package based on applicable skills, knowledge and experience, and aligned with internal and external market practices. The annual salary range (including base salary and Sales Incentive Plan) for this role is EUR 55\.200– EUR 80\.960 gross per year.


All positions may require participation in video and in\-person interviews as part of the hiring process. All candidates will be evaluated based on job\-related competencies, and all candidates’ privacy rights and data security will be protected in accordance with applicable laws.


We are committed to ensuring equal employment opportunities for job applicants and employees. Our recruitment processes use balanced selection criteria and avoid unlawful discrimination against applicants on the basis of their age, colour, disability, marital status, national origin, gender, gender identity, genetic information, race or racial origin, religion, sexual orientation or any other status protected or required by law.","","https://it.indeed.com/cmp/Eaton","https://d2q79iu7y748jz.cloudfront.net/s/_squarelogo/256x256/dfdcb91595169d7f84efe086c65c7cdd","http://www.eaton.com/","Dublin, Dublin","10,000+","more than $10B (USD)","Eaton is dedicated to improving the quality of life and the environment through the use of power management technologies and services.","","","","","","","regulatory compliance"
"in-948f8eb4c764fe06","indeed","https://it.indeed.com/viewjob?jk=948f8eb4c764fe06","https://career.technoprobe.com/job/Cernusco-Lombardone-FWC-Designer-LC/1361889555/","FWC Designer","Technoprobe","Cernusco Lombardone, LOM, IT","2026-07-23","","","","","","",False,"","","","","### **Responsabilità**

  

The MLC/MLO Designer is responsible for the design, development, and optimization of circuit layouts in compliance with the electrical, mechanical, and manufacturing specifications of the product.


**Main Responsibilities**


* Layout design starting from customer\-provided specifications;
* Component placement and routing optimized for electrical performance;
* Signal assignment to meet customer requirements and optimize performance;
* Design Rule Check (DRC) verification and compliance with company and regulatory standards;
* Collaboration with the mechanical team to ensure design integration;
* Design optimization for manufacturing (DFM – Design for Manufacturing) and assembly (DFA);
* Preparation of technical documentation (Gerber files, BOM, stack\-up, fabrication drawings);
* Support during the debugging phase;
* Interface with MLC/MLO suppliers and manufacturers.
### **Requisiti**

  

* Knowledge of PCB design CAD tools (Cadence Allegro);
* Knowledge of PCB/MLO Technologies;
* Familiarity with signal integrity (SI) and power integrity (PI) issues;
* Ability to read and understand electrical schematics;
* Accuracy, attention to detail, and ability to work in multidisciplinary teams;
* Good knowledge of technical English.
  

**Preferred Qualifications**


* Experience in high\-speed design (memory, high\-speed links);
* Experience with IPC standards.
  

**Annual salary**: 35\.000€ \- 45\.000€","","https://it.indeed.com/cmp/Technoprobe","https://d2q79iu7y748jz.cloudfront.net/s/_squarelogo/256x256/4051aa73bf7622c70e673648111ac67a","https://www.technoprobe.com/","Cernusco Lombardone","201 to 500","","","","","","","","","regulatory compliance"
"in-2d69968486beaaa4","indeed","https://it.indeed.com/viewjob?jk=2d69968486beaaa4","https://nadara.wd3.myworkdayjobs.com/it-IT/External/job/Milano---Martesana/TA-Project-Engineer---Intern-_R0001555-1","TA Project Engineer ( Intern)","","Milano, LOM, IT","2026-07-23","fulltime","","","","","",False,"","","","","R0001555 TA Project Engineer ( Intern) (Open)
*We’re Nadara. We work harmoniously with the power of nature and the communities around us to power lifetimes to come. We call our approach ‘living energy’.*

*We don’t just produce renewable energy, we live it – recognising our relationship with the people touched by our business and supporting social, educational, cultural, and environmental initiatives that contribute to the development of the communities we work alongside.*

*Discover more about our business here:* *https://nadara.com/about/*

*Nadara is an innovative place to work. We work in a stimulating and challenging environment, where every day we explore the unknown with curiosity, make decisions with quality and take action and deliver with courage. For us diversity is a real value, and we encourage in connecting different perspectives with respect.*

*Discover more about our culture and approach here:* *https://nadara.com/living\-the\-company/*

**Job Description Summary:**
----------------------------

Vector Renewables is looking for a highly motivated trainee in the renewable energy industry, to be joining the Technical Advisory team in Italy.
  

  

The Italy Technical Advisory team supports investors, lenders, developers and asset owners across the full lifecycle of renewable energy projects, providing technical advisory services for wind, solar PV and battery energy storage systems (BESS). Our work spans transaction\-related assignments, such as Technical Due Diligence for M\&A and Project Finance processes, as well as technical assessments for projects under development, repowering and operation.
**Job Description:**
--------------------

As part of the Italy Technical Advisory team, the successful candidate will support the delivery of independent technical advisory services for utility\-scale renewable energy projects. Working under the guidance of experienced engineers and technical advisors, the candidate will contribute to projects at different stages of their lifecycle, from development and financing through construction and operation. The role will provide exposure to multidisciplinary engineering activities, project finance transactions and technical assessments for international clients.


Typical responsibilities and activities will include:


* Supporting the review of technical documentation, including project design packages, engineering reports, permits and contractual documentation.
* Assisting in Technical Due Diligence assignments for Project Finance and M\&A transactions by reviewing project documentation, identifying technical risks and preparing technical summaries.
* Supporting energy yield assessments through the review of wind and solar resource data, production estimates and associated technical assumptions.
* Assisting in the technical review of civil, electrical and mechanical project design, verifying compliance with applicable standards, industry best practices and employer's requirements.
* Supporting the assessment of renewable energy technologies, including wind turbines, PV modules, inverters, transformers and battery energy storage systems.
* Contributing to the review of grid connection solutions, construction progress, commissioning documentation and operational performance, where applicable.
* Performing engineering calculations, technical analyses and desktop studies under the supervision of senior engineers.
* Preparing technical reports, presentations and client deliverables in both Italian and English.
* Carrying out technical research on emerging technologies, regulatory developments and market trends affecting the renewable energy sector.
* Collaborating with multidisciplinary teams across Vector Renewables' international offices to support the successful delivery of advisory projects.

The position will be based in our Milan office and will mainly involve desktop analysis and technical reporting for customers and collaboration within multidisciplinary project teams.


**Requested qualifications:**

* Bachelor’s degree in engineering. MSc Degree will be considered a plus.
* Fluency in Italian and English language, additional languages spoken are considered as a plus.
* Excellent written and verbal communications skills, including the ability to write clear and detailed technical reports, presentations, and emails both in Italian and English.
* Good analytical skills, attention to detail and a proactive attitude towards problem solving.
* Strong interest in the renewable energy sector and motivation to develop a career in technical advisory.
* Proficiency in Microsoft Word, Excel, and Outlook.
* Valid driving license and availability to travel occasionally within Italy, if required.

**Desired qualifications:**

* Charter Engineer qualifications will be considered a plus.
* Electrical background or familiarity with grid\-related aspects of renewable energy projects will be considered a plus.
* Mechanical background with technology\-related aspects of renewable energy projects will be considered a plus.
* Technical knowledge of Wind, PV and BESS projects will be considered a plus.
* Familiarity with Technical Due Diligence or broader technical advisory activities in the renewable energy sector.
* Knowledge and interest in data centre market will be considered a plus.
* Interest in the development of hybrid renewable projects and energy storage applications
* Knowledge of specialized software, especially WindPro, WindSim, WAsP and PVsyst.
* Perform energy yield assessments of wind and PV projects will be considered a plus.

**What do we expect from you?**

We are looking for someone with curiosity, commitment, strong willingness to learn and ability to frame technical work within the broader project, transaction and stakeholders context. The role requires a collaborative mindset, a solid technical attitude and the ability to work across different technologies and project stages in a fast\-moving advisory environment.


At Vector Renewables, you will have the opportunity to work on a wide range of renewable energy projects and to develop your skills alongside experienced professionals in a growing international technical advisory business. We always look for enablers of growth!


**Location:**

Milano \- Martesana
**Time Type:**

Full time
**Worker Subtype:**

Intern (Fixed Term)","","","","","","","","","","","","","","","regulatory compliance"
"in-fcac221f0659f162","indeed","https://it.indeed.com/viewjob?jk=fcac221f0659f162","https://abb.wd3.myworkdayjobs.com/External_Career_Page/job/Sesto-San-Giovanni-Milano-Italy/Legal-Counsel-Digital--AI-and-Cyber-Law--Robotics_JR00012770","Legal Counsel Digital, AI and Cyber Law, Robotics","ABB","Sesto San Giovanni, LOM, IT","2026-07-23","","","","","","",False,"","","","","At ABB, we help industries outrun \- leaner and cleaner. Here, progress is an expectation \- for you, your team, and the world. As a global market leader, we’ll give you what you need to make it happen. It won’t always be easy, growing takes grit. But at ABB, you’ll never run alone. Run what runs the world.


This role sits within ABB's Robotics business, a leading global robotics company. We're entering an exciting new chapter as we’ve announced the plan for SoftBank Group to acquire ABB Robotics. SoftBank is a globally recognized technology group and investor/operator focused on AI, robotics, and next\-generation computing. By joining us now, you’ll be part of a pioneering team shaping the future of robotics—working alongside world\-class experts in a fast\-moving, innovation\-driven environment.


This Position reports to:


Global Head of IP and Digital, Robotics  

As **Lead Counsel Digital, AI, \& Cyber Law**, you will play a pivotal role in supporting the company’s digital business and transformation initiatives reporting directly to the Head of IP. You will partner with business leaders, technology teams, and group functions to provide practical legal and compliance guidance, ensuring that innovation and growth in digital solutions are underpinned by sound legal frameworks and integrity standards.  

  

The work model for the role is: hybrid \#LI\-hybrid  

The location for the role is flexible in Europe and US.

 **Your responsibilities:**

* Provide legal advice and support on digital business initiatives, including AI, cloud services, datacentre, software, licensing, and technology\-driven solutions.
* Responsible for guiding the company’s digital strategy, leveraging AI and emerging technologies.
* Draft, review, and negotiate a wide range of digital and technology\-related agreements with global customers, partners, and suppliers.
* Support digital transformation projects, ensuring compliance with applicable laws, regulations, and internal policies.
* Advise on intellectual property, cybersecurity, and related regulatory issues impacting digital business.
* Collaborate with global and local Legal \& Integrity colleagues to ensure consistency of approach across jurisdictions.
* Monitor legal and regulatory trends in digital and technology markets, proactively identifying risks and opportunities.
* Protect the company’s reputation by ensuring operations meet ethical and compliance standards.
* Provide training and guidance to business stakeholders on legal issues relevant to digital offerings.
 **Your qualifications:**

* Qualified lawyer with 10–15 years of experience in commercial/technology law, preferably gained in a multinational corporate or top\-tier law firm environment.
* Strong expertise in digital, AI, IT, cyber law, software licensing, cloud, data centre, and data protection law.
* Previous experience in Robotics sector is preferred but not required.
* Proven track record in negotiating complex technology agreements across international markets.
* Excellent communication and collaboration skills, able to engage effectively with senior business stakeholders.
* Pragmatic, solution\-oriented, and commercially minded, with the ability to balance innovation and risk.
* Fluency in English required; additional European languages are a strong asset.

We value people from different backgrounds. Could this be your story? Apply today or visit www.abb.com to read more about us and learn about the impact of our solutions across the globe.","","https://it.indeed.com/cmp/Abb","https://d2q79iu7y748jz.cloudfront.net/s/_squarelogo/256x256/6998783079e0a69c900c56473963cc0c","http://www.global.abb/group/en","Zürich","10,000+","more than $10B (USD)","","","","","","","","regulatory compliance"
"in-dac9350ef0459bfc","indeed","https://it.indeed.com/viewjob?jk=dac9350ef0459bfc","https://careers.hsfkramer.com/global/en/job/R-102995/Associate-Employment-Team-Milan","Associate – Employment Team, Milan","Herbert Smith Freehills","Milano, LOM, IT","2026-07-23","fulltime","","","","","",False,"","","","","**Herbert Smith Freehills Kramer is a world\-leading global law firm, where our ambition is to help you achieve your goals.**

Exceptional client service and the pursuit of excellence are at our core. We invest in and care about our client relationships, which is why so many are longstanding. We enjoy breaking new ground, as we have for over 170 years.

  



As a fully integrated transatlantic and transpacific firm, we are where you need us to be. Our footprint is extensive and committed across the world’s largest markets, key financial centres and major growth hubs.

  



At our best tackling complexity and navigating change, we work alongside you on demanding litigation, exacting regulatory work and complex public and private market transactions. We are recognised as leading in these areas.

  



We are immersed in the sectors and challenges that impact you. We are recognised as standing apart in energy, infrastructure and resources. And we’re focused on areas of growth that affect every business across the world.

  



All of this is achieved by supporting the growth of our people, who help us deliver on our ambition – which is to help you achieve yours.

Herbert Smith Freehills Kramer: Your goals. Our ambition


**The Opportunity**


Il team Employment, Pensions and Incentives di Herbert Smith Freehills Kramer ricerca un Associate (2\-5 anni PQE) per la sede di Milano.


Cerchiamo avvocati che abbiano maturato una solida esperienza in diritto del lavoro presso primari studi legali, con particolare riferimento a riorganizzazioni aziendali, gestione dei rapporti con il top management, piani di incentivazione e remunerazione, investigazioni interne, operazioni straordinarie domestiche e cross\-border e contenzioso complesso.


La posizione offre l'opportunità di entrare a far parte di una practice in crescita all'interno di uno dei principali studi legali internazionali e di assistere clienti italiani e multinazionali su questioni strategiche e complesse in materia giuslavoristica.


**REQUISITI:**


* 2–5 anni di esercizio della professione forense in qualità di avvocato italiano in primari studi legali
* consolidata esperienza in diritto del lavoro, sia in ambito stragiudiziale che giudiziale
* inglese fluente
* laurea in giurisprudenza con percorso accademico di eccellenza

**Our Milan Office**

  

  

**Work at the heart of an international, sector focused team.**
  

Our Milan office brings together lawyers qualified in Italy and in foreign jurisdictions (including England \& Wales, the Republic of Ireland and India), offering a genuinely global perspective. Our professionals are highly experienced, industry focused and consistently recognised among the best in their fields by leading legal directories.


**What we do**
  

We support domestic and international clients on complex, innovative and high value matters, with a particular emphasis on Energy, Infrastructure, Life Sciences, and Digital/Technology, Media \& Telecommunications. Our reputation is built on an innovative mindset, deep sector knowledge and uncompromising quality.


**How we work**
  

Our teams combine rigorous technical advice with a commercial, pragmatic approach. We deliver top tier counsel in both contentious and non contentious work across: Corporate \& M\&A, Corporate Crime \& Investigations, Equity Capital Markets, Compliance, Restructuring and Distressed M\&A, Disputes, Intellectual Property, Banking \& Finance, Competition \& Regulatory, Employment Law and Administrative Law.


**A global platform**
  

By joining our Italian practice, you gain access to the firm’s worldwide network and capabilities. For cross border matters, we design and coordinate bespoke, multidisciplinary teams so you achieve the best results, wherever your work takes you.


**Why join us**
  

You’ll work alongside market leading practitioners, tackle high profile mandates and develop in a collaborative culture that values initiative, curiosity and growth. If you’re looking to build your career on a truly international platform, Milan is the place to do it.  

  



**Team**


Corporate
**Working Pattern**


Full time
**Location**


Milan
**Contract type**


Self Employed Lawyers \- Permanent
**Diversity \& Inclusion**


We are committed to attracting people from all backgrounds and creating a respectful and inclusive culture where everyone thrives. We see this as essential to our success, including our ability to innovate and achieve sustained high performance. This is a key part of our Values—Human, Bold, and Outstanding.","","https://it.indeed.com/cmp/Herbert-Smith-Freehills","https://d2q79iu7y748jz.cloudfront.net/s/_squarelogo/256x256/6898209e1cc4ac35330967ca3a65916d","https://www.herbertsmithfreehills.com","London","1,001 to 5,000","$100M to $500M (USD)","","","","","","","","regulatory compliance"
"in-acaa7e2b00adc308","indeed","https://it.indeed.com/viewjob?jk=acaa7e2b00adc308","https://www.amazon.jobs/jobs/10484634/senior-business-partner--operations-central-functions--employee-experience--relations-?cmpid=DA_INAD200785B","Senior Business Partner — Operations Central Functions , Employee Experience & Relations","Amazon.com","Milano, LOM, IT","2026-07-01","fulltime","","","","","",False,"","","","","**DESCRIPTION**
---------------


This role can be performed from the following countries: Luxembourg, UK/IE, France, Germany, Italy, Spain. There will be travel required up to 30% of the time, mostly within the EU.  

  

About the Role  

Join Amazon's Employee Experience \& Relations (EXR) team in Europe and play a decisive role in shaping how 12 countries navigate one of the most complex labor relations environments in the world.  

  

As the EU EXR Business Partner (BP) for OPS Central Functions \& RME Tech field, you will develop and own end\-to\-end employee and labor relations strategies for the business populations you cover across the EU. You will serve as a direct strategic advisor to the most senior EU Operations leaders \- including the VPs who run mission\-critical functions \- counselling them on employee experience, regulatory compliance and labor relations risk so they can make informed, confident decisions with significant business impact.  

  

Reporting into the EU Business Partners and Project, Compliance \& Risk ER Director, you will cover OPS Central Functions \& RME Tech field across Europe — primarily IT Ops \& RME, 3P Transportation \& Scaling, and Supply Chain Transformation Planning \& Ops Excellence. Each function reports to distinct VPs and presents unique employee experience dynamics \- from highly specialized technical teams with outsized operational leverage to scaling organizations navigating rapid transformation, along with field team living day\-to\-day at the pace of the miles \- requiring a Business Partner who can diagnose distinct needs, develop proportionate strategies, and deliver pragmatic counsel while maintaining strategic coherence and Amazon's EXR standards.  

  

As the EXR Business Partner for those VPs, you will act as a trusted advisor who translates business priorities and challenges to EXR plans and outcomes. You will look closely after the employee experience in scope, and partner with PXT to build convincing improvement strategies. You will support organizational changes and respond to emerging business and risk opportunities at EU level. You will work in close collaboration with other EXR Business Partners, Country Field ER teams, and respective Head of Country ER Leadership to deliver specific country insights and ensure that fair, consistent, and transparent employee experience processes are applied across all operations.  

  

  

  

The applicable collective agreement for this role is CCNL per i Dirigenti di aziende del Settore Industriale. The position is classified at level Dirigente or above, depending on the candidate’s skills, competences and experience.  

  

The minimum gross annual base salary for this position is listed below. The base salary listed corresponds to working on a full\-time basis. For part\-time hours, the salary will be pro\-rated.  

  

Amazon reserves the right to offer a higher salary and/or level, depending on the candidate's skills, competencies, and experience. Amazon's package may include a sign on payment. In addition, the candidate may be eligible to participate in a restricted stock unit scheme operated independently by Amazon.com Inc. in USA.  

  

Your recruiting team will share final salary and any restricted stock unit scheme if applicable, depending on skills and requirements.  

  

In addition to statutory benefits, and those applicable to the relevant CBA, company supplementary benefits may apply subject to further terms.  

  

Italy \- 98,800 EUR gross annually.
  

  

Key job responsibilities  

As an EXR Business Partner, you will be the trusted strategic advisor who translates complex business priorities into actionable employee and labor relations strategies. This role is a strategic advisory and relationship\-driven role where your primary impact comes from:  

* The quality of counsel you provide to senior leaders navigating ambiguous, high\-stakes situations
* Your ability to connect regulatory, operational, and human dynamics into coherent strategies
* The trust you build as the go\-to partner whom VPs seek out before making workforce decisions
* Your judgment in balancing business agility with employee experience and compliance imperatives


Specifically, you will:  

* Develop end\-to\-end ELR strategies for the business populations you serve, ensuring each strategy is grounded in local regulatory context, business operating models, and workforce dynamics across the EU;


\- Advise VPs and senior leaders directly on labor relations risk exposure, regulatory compliance obligations, and employee experience opportunities \- providing clear, data\-backed recommendations that enable timely decision\-making;  

* Identify, assess, and mitigate pan\-EU employee relations risk by leveraging risk frameworks, employee listening mechanisms, site assessments, and workforce analytics to surface trends before they escalate;
* Shape the employee experience across your customer groups by designing targeted interventions, visiting site to get employee’s experience feedback firsthand, testing solutions through local ER partnerships, and scaling what works across the network;
* Navigate regulatory complexity by maintaining deep awareness of evolving EU labor legislation and advising business leaders on compliance implications about strategic projects, mitigation options, and strategic positioning;


\- Lead through influence during critical moments \- including organizational change, workforce restructuring, and crisis situations \- partnering with ER Country Leaders to ensure coordinated, legally sound, and employee\-centric responses;  

* Drive strategic coherence across diverse populations by developing tailored approaches for each business function while maintaining a unified pan\-EU framework that delivers consistency, fairness, and transparency;
* Partner cross\-functionally with PxT, Legal, L\&D, GOLD, and Operations Corporate teams to build leader capability and deliver cohesive employee experience across all touchpoints.

  

A day in the life  

Operational Excellence:  

* Use operational data, EXR metrics, and business KPIs to develop persuasive narratives and evidence\-based recommendations
* Lead and deliver complex, cross\-functional strategy at pan\-EU scale from scoping through execution and measurement of impact
* Deliver innovative solutions that challenge the status quo and drive measurable improvements in employee experience
* Define and track success metrics for EXR initiatives, ensuring accountability and continuous improvement

  

Leadership Capabilities:
  

* Navigate high ambiguity and competing priorities across multiple stakeholder groups with minimal direction, exercising sound judgment to drive outcomes
* Influence senior leaders through data\-driven insights, pragmatic solutions, and deep understanding of their respective business challenges
* Build and sustain constructive, trusted advisory relationships with senior leaders and multiple stakeholders across functions and geographies
* Produce high\-quality written communications that analyse problems, present data\-backed options, and recommend clear paths forward

  

Self Development:
  

* Seek learning opportunities and champion new ideas within the EXR function
* Reflect on strengths and growth areas, actively seeking feedback from peers and stakeholders
* Lead authentically through self\-awareness and transparency
* Build a diverse network of leaders across the organization
* Develop strong working relationships with VPs, along with internal and external partners

  

About the team  

The EU Employee Experience \& Relations team is a high\-performing, pan\-European function supporting all Amazon Operations business lines to drive employee experience and manage labor relations strategies across the EU Region. Acting as a Center of Expertise, we are committed to building capability, ensuring regulatory compliance, and fostering positive employee relations \& constructive labor relations at scale. Our team operates at the intersection of strategy and execution \- partnering closely with Operations, Legal, Public Relations, and Global EXR to advise on critical initiatives and deliver solutions that matter for our employees and customers.**BASIC QUALIFICATIONS**
------------------------

* Bachelor's degree
* Experience in Employee Experience / Labor Relations roles, with demonstrated multi\-country EU exposure
* Fluency in written and spoken English (Common European Framework of Reference C2\)
* Proven track record of building trusted advisory relationships with executive stakeholders (Director level and above)
* Experience leading organizational change initiatives across multiple countries in a complex, matrixed organization
* Demonstrated ability to use data and business metrics to inform EXR strategy and recommendations

**PREFERRED QUALIFICATIONS**
----------------------------

* Relevant postgraduate education in human resources or employee/labor relations
* Fluency in an additional European language (Common European Framework of Reference C2\)
* Experience supporting corporate/central functions or specialized technical populations (as distinct from high\-volume frontline operations)
* Proven ability to design, pilot, and scale employee experience programs from concept to measurable impact
* Strong project management skills with experience leading cross\-functional initiatives across multiple business lines simultaneously
* Demonstrated ability to influence without authority across senior, cross\-functional leaders
* High judgment and fast comprehension in complex, ambiguous environments

  

Amazon is an equal opportunities employer. We believe passionately that employing a diverse workforce is central to our success. We make recruiting decisions based on your experience and skills. We value your passion to discover, invent, simplify and build. Protecting your privacy and the security of your data is a longstanding top priority for Amazon. Please consult our Privacy Notice (https://www.amazon.jobs/en/privacy\_page) to know more about how we collect, use and transfer the personal data of our candidates.  

  

Our inclusive culture empowers Amazonians to deliver the best results for our customers. If you have a disability and need a workplace accommodation or adjustment during the application and hiring process, including support for the interview or onboarding process, please visit https://amazon.jobs/content/en/how\-we\-hire/accommodations for more information. If the country/region you’re applying in isn’t listed, please contact your Recruiting Partner.  

The minimum gross base salary for this position is listed below. The base salary listed corresponds to working on a full\-time basis. For part\-time hours, the salary will be pro\-rated.


Amazon reserves the right to offer a higher salary and/or level, depending on the candidate's skills, competencies, and experience.Amazon's package may include a sign on payment. In addition, the candidate may be eligible to participate in a restricted stock unit scheme operated independently by Amazon.com Inc. in USA.


Your recruiting team will share final salary and any restricted stock unit scheme if applicable, depending on skills and requirements.


In addition to statutory benefits, and those applicable to the relevant CBA, company supplementary benefits may apply subject to further terms.

  

Milan, ITA \- 98,800\.00 EUR Annually","Internet And Software","https://it.indeed.com/cmp/Amazon.com","https://d2q79iu7y748jz.cloudfront.net/s/_squarelogo/256x256/3e9d43f5c277de169808abdcaf49ba2c","https://www.amazon.jobs","440 Terry Ave N, Seattle, WA, United States, Washington","10,000+","more than $10B (USD)","Our mission is to be Earth's most customer-centric company.","","","","","","","regulatory compliance"
"in-0a0e04457b30a49c","indeed","https://it.indeed.com/viewjob?jk=0a0e04457b30a49c","https://careers.richemont.com/en/jobs/jr130414/boutique-operations-specialist/","Boutique Operations Specialist","Richemont","Milano, LOM, IT","2026-06-23","fulltime","","","","","",False,"","","","","Richemont, one of the world leaders in the luxury sector, has various Houses specializing in jewelry, watches and high\-end accessories. Each Maison proudly embodies a tradition of style, quality and craftsmanship and Richemont strives to preserve the heritage and identity specific to each of them. At the same time, we are committed to innovating and designing new products in line with the values of our Houses, through a process of permanent creativity.


YOUR MISSION:


As an Ambassador of the Maison, this role is pivotal in ensuring the seamless and efficient execution of daily operational activities. The individual will contribute significantly to optimal back\-office performance and maintain organizational security, collaborating closely with the Manager and various departments to uphold the Maison's high standards.
  

  

HOW WILL YOU MAKE AN IMPACT?


**Boutique Operational Excellence:**

· Ensure strict adherence to all brand and boutique operational policies and procedures.


· Actively participate in boutique opening and closing procedures, including setup and breakdown activities.


· Manage and maintain optimal stock levels for all boutique facilities, including packaging, office supplies, and general consumables, initiating orders and addressing shortages proactively.


· Execute timely replenishment of proximity stock on the sales floor to support continuous sales operations.


· Act as a primary point of contact for IT\-related issues within the boutique, liaising effectively with the central IT department to ensure prompt resolution and minimal operational disruption.  



**Back\-Office \& Administrative Support:**

· Provide essential support to back\-office staff in the reception, processing, and loading of goods.


· Maintain and update records, ensuring the accuracy and integrity of all information.


· Organize and manage the secure archiving of confidential files and documents.


· Perform professional receptionist duties, managing communications and visitor interactions effectively.  



**Inventory \& Data Management:**

· Participate actively in all inventory counts and contribute to stock reconciliation processes.


· Accurately perform price labeling for merchandise.  



  

  

HOW WILL YOU EXPERIENCE SUCCESS WITH US?


We are looking for candidates with previous experience hospitality sector or in luxury Retail with a focus on operations; good interpersonal and communication skills are required as well strong attention to detail and customer needs. Team\-Player approach and Fluent in English and Italian.


CCNL Commercio


Salary Range 30K – 35KEUR


Commission Scheme


8 EUR Meal Voucher per working day


Welfare


\#Richemont \#WeCraftTheFuture","","https://it.indeed.com/cmp/Richemont","https://d2q79iu7y748jz.cloudfront.net/s/_squarelogo/256x256/289cf9c928510324c2a75904282b4c28","http://www.richemont.com/en/home","Bellevue","10,000+","more than $10B (USD)","With some +40,000 colleagues worldwide, Richemont is the owner of 23 reputable Maisons, recognised for their excellence in jewellery, watches, fashion and accessories.","","","","","","","labeling specialist"
