"id","site","job_url","job_url_direct","title","company","location","date_posted","job_type","salary_source","interval","min_amount","max_amount","currency","is_remote","job_level","job_function","listing_type","emails","description","company_industry","company_url","company_logo","company_url_direct","company_addresses","company_num_employees","company_revenue","company_description","skills","experience_range","company_rating","company_reviews_count","vacancy_count","work_from_home_type","search_term"
"in-9e52bd4eb75e2ee6","indeed","https://it.indeed.com/viewjob?jk=9e52bd4eb75e2ee6","https://inrec.intervieweb.it/annunci.php?l=regulatory-affairs-specialist-250395&lang=it&d=indeed&LAC=ntw","Regulatory Affairs Specialist","NTWK","Lodi, LOM, IT","2026-09-04","","","","","","",False,"","","","","NTWK, azienda italiana operante nella ricerca e selezione del personale, si occupa di soddisfare le necessità dei clienti offrendo servizi personalizzati.

  


  

**Posizione:**
--------------

Siamo alla ricerca di un/una **Regulatory Affairs Specialist** da inserire nel nostro organico.


Il candidato, sotto la supervisione del Direttore Tecnico e QP, si dovrà occupare delle seguenti attività:

* Gestione regolatoria del fascicolo tecnico dei Medical Devices e IVD di cui è titolare Federfarmaco;
* Approvazioni grafiche, notifica agli enti di competenza, richiesta autorizzazione pubblicità, capitolati e contratti fornitori di Dispositivi medici e IVD di cui è titolare/distributore Federfarmaco;
* Interfaccia con le diverse funzioni aziendali per la gestione del ciclo di vita dei prodotti;
* Stesura, revisione ed aggiornamento del MdQ e delle SOP;
* Gestione delle specialità medicinali di Farmakopea S.p.A. per tutto quanto inerente all’area affari regolatori (a titolo esemplificativo e non esaustivo: variazioni, rinnovi, revoche, capitolati e contratti con i fornitori);
* Elaborazione e verifica dei testi da sottomettere e/o approvati dall’Agenzia Italiana del Farmaco relativi alle specialità medicinali Farmakopea;
* Gestione Sunset Clause, pubblicazioni in GU, contatti con fornitori, gestione ordini bollini farmaceutici;
* Mantenimento del modulo 3 CTD e relativa conversione in e\-CTD.

**Requisiti:**
--------------

Requisiti e competenze necessari:

* Laurea in materie scientifiche: farmacia, CTF, chimica o chimica industriale.
* Esperienza di almeno un anno nell’area regolatoria di un’azienda chimico/farmaceutica o in società di consulenza.
* Conoscenza della normativa e dei regolamenti relativi a farmaci, dispositivi medici e parafarmaci.
* Capacità comunicative, di relazione e di lavoro in gruppo.
* Buona conoscenza dell’inglese, soprattutto tecnico.
* Autonomia.

**Altre informazioni:**
-----------------------

Il contratto offerto è a tempo indeterminato.","","https://it.indeed.com/cmp/Ntwk","","","","","","","","","","","","","regulatory affairs"
"in-7dfd2aea291c9650","indeed","https://it.indeed.com/viewjob?jk=7dfd2aea291c9650","https://jobs.alfasigma.com/job/Milano-Director%2C-Technical-Operations-Strategy%2C-Execution-&-Transformation/1434117933/","Director, Technical Operations Strategy, Execution & Transformation","Alfasigma group","Milano, LOM, IT","2026-09-04","","","","","","",False,"","","","","**.buttontext6ff3b9177bc58513 a{ border:** 1px solid transparent; } .buttontext6ff3b9177bc58513 a: focus{ border: 1px dashed \#000000 !important; outline: none !important; }
  
**Publish Date:** Sep 4, 2026
  
  

Milano, IT
  
  

**\#job\-location.job\-location\-inline { display:** inline; }
  
Director, Technical Operations Strategy, Execution \& Transformation
  
  

Alfasigma is a privately held global healthcare company founded over 75 years ago in Italy, where it remains headquartered today in Bologna and Milan. The Group operates in over 100 markets spanning Europe, North and South America, Asia, and Africa.
  
  

Over three years ago, we embarked on a transformative journey to become a truly global innovative healthcare company with a leading focus on Gastrointestinal (GI) health. We have experienced remarkable growth, nearly doubled our revenues, expanding geographically, and integrating several key acquisitions. We have also evolved our portfolio, expanded into rare and specialty segments, and strengthened our pipeline and people's capabilities.
  
  

But our journey is far from complete! In fact, this is just the beginning of a bold new chapter in Alfasigma's history. We are committed to advancing innovation and leveraging our deep expertise to provide better health and a better quality of life for patients and consumers worldwide and expand our reach across diverse markets.
  
  

Scope of the role
  
  

The Technical Operations (TechOps) Strategy, Execution \& Transformation Director is responsible for leading the governance and execution of the Technical Operations strategic portfolio, ensuring alignment between corporate strategy and operational delivery across a complex global manufacturing network.
  
  

Reporting directly to the Chief Technical Operations Officer, the role oversees a portfolio of transformation, operational excellence, network optimization, capacity expansion, product launch, and integration initiatives across internal manufacturing sites and external partners (CDMOs). The incumbent drives portfolio governance, resource prioritization, investment planning, and cross\-functional coordination to ensure the successful delivery of strategic objectives while maximizing business value.
  
  

As a key advisor to the CTOO and Executive Leadership Team, the Director provides visibility into portfolio performance, risks, dependencies, and investment decisions, while leading a team of Project Managers and fostering a culture of excellence, accountability, and continuous improvement. The role may also directly manage selected critical strategic projects when required.
  
  

Success in this position requires strong leadership, stakeholder management, financial acumen, and a deep understanding of pharmaceutical operations, combined with expertise in Lean principles and transformation methodologies.
  
  

Your Role
  
Program \& Portfolio Management
  
Manage strategic or highly complex projects directly when required.
  
Partner with business leaders to support organizational readiness, stakeholder engagement, and adoption of strategic initiatives.
  
Ensure project deliverables meet business objectives, compliance requirements, and operational expectations.
  
Drive measurable business outcomes through the successful delivery of strategic initiatives.
  
Identify, evaluate, and prioritize projects within the portfolio in alignment with corporate strategy and stakeholder expectations.
  
Continuously assess and optimize the portfolio to reflect changing business priorities, risks, opportunities, and operational needs.
  
Define program roadmaps, governance structures, KPIs, and reporting mechanisms.
  
Ensure effective allocation and optimization of resources and investment expenditures.
  
Coordinate execution across multiple manufacturing and technical sites.
  
Identify, monitor, and proactively manage dependencies across programs, sites, and functions to minimize delivery risks.
  
Maintain an integrated portfolio view, highlighting interdependencies, cumulative impacts, resource constraints, and opportunities for synergy.
  
Facilitate trade\-off decisions when priorities, timelines, or resource requirements compete.
  
Project Governance \& Execution
  
Maintain, enhance, and standardize project and program management practices across the organization.
  
Ensure all projects are supported by robust feasibility assessments and business cases before approval.
  
Implement governance frameworks that enable timely and informed decision\-making while maintaining quality, compliance, and oversight.
  
Monitor and report business benefits throughout the program lifecycle to ensure strategic investments achieve intended outcomes.
  
Provide regular updates to executive leadership on project progress, financial performance, risks, and mitigation plans.
  
Ensure project management tools, methodologies, and systems are effectively deployed and continuously improved.
  
Drive continuous improvement initiatives related to governance, project execution, and portfolio management processes.
  
Partner with Finance to assess investment requirements, monitor portfolio expenditures, and provide financial analyses to support prioritization and strategic decisions.
  
Who You Are
  
Education
  
Master's degree in Engineering, Pharmaceutical Sciences, Business Administration, or a related discipline.
  
Project Management and/or Program Management certification is preferred.
  
Experience
  
Minimum of 10 years of experience in Program and Project Management.
  
Proven track record of leading complex, international, and cross\-functional portfolios.
  
Demonstrated experience managing interdependencies, competing priorities, and resource conflicts across organizational boundaries.
  
Experience acting as a trusted advisor to senior leadership and executive stakeholders.
  
Proven leadership experience managing Project Managers and multidisciplinary teams.
  
Experience within the pharmaceutical, biotech, healthcare, manufacturing, or similarly regulated industries is highly desirable.
  
Technical \& Professional Skills
  
Strong knowledge of Program and Portfolio Management methodologies.
  
Advanced financial acumen, including portfolio budgeting, investment evaluation, forecasting, cost management, and financial impact assessment.
  
Demonstrated ability to identify, integrate, and manage dependencies across programs, functions, sites, and external partners.
  
Strong analytical, organizational, and problem\-solving capabilities.
  
Excellent stakeholder management and executive communication skills.
  
Ability to leverage digital portfolio management tools, data analytics, and emerging technologies to enhance reporting, visibility, and decision\-making.
  
Ability to manage multiple priorities in a fast\-paced and international environment.
  
Solid understanding of Lean Management principles and continuous improvement methodologies.
  
Leadership Competencies
  
Strategic thinking and business alignment.
  
Cross\-functional collaboration and partnership building.
  
Influencing and stakeholder engagement.
  
Consensus building and negotiation across competing priorities.
  
Team leadership and talent development.
  
Decision\-making and accountability.
  
Continuous improvement mindset.
  
Results orientation.
  
Change management and organizational agility.
  
Key Relationships
  
  

Build effective delivery partnerships across Engineering, Manufacturing, Quality, Regulatory Affairs, Supply Chain, Procurement, Finance, Facilities \& EHS, CDMOs, and other relevant functions to align dependencies, resolve competing priorities, and drive successful end\-to\-end program delivery.
  
  

Pay range 95\.000€ \- 120\.000€
  
  

The compensation range indicated in this job posting represents an estimated average range for the position. The final remuneration will be determined based on the selected candidate’s experience, skills, and qualifications, in accordance with applicable EU pay transparency and pay equity requirements
  
  

**Why Join Alfasigma:**  

At Alfasigma, we foster a culture where the courage to innovate is key to our success.
  
We offer a competitive salary, comprehensive benefits, and extensive opportunities for professional growth and development.
  
  

Our commitment to people and patients is at the heart of everything we do. We value diversity and welcome individuals with unique perspectives and experiences. We believe that open\-mindedness, collaboration, and a shared passion for innovation are essential to achieving meaningful progress.
  
  

Join Alfasigma and become part of a forward\-thinking team dedicated to shaping the future of the pharmaceutical industry.
  
  

**.buttontextfaae22f704d4ef6e a{ border:** 1px solid transparent; } .buttontextfaae22f704d4ef6e a: focus{ border: 1px dashed \#000000 !important; outline: none !important; }","","https://it.indeed.com/cmp/Alfasigma-Group","","","","","","","","","","","","","regulatory affairs"
"in-88e1b59394440467","indeed","https://it.indeed.com/viewjob?jk=88e1b59394440467","https://jobs.ericsson.com/careers/job/563121776847830?domain=ericsson.com","Group Legal Counsel","Ericsson","Milano, LOM, IT","2026-07-15","","","","","","",False,"","","","","**Grow with us**
----------------


**Group Legal Counsel – Switzerland \& Italy**

 **About This Opportunity**  

Group Function Legal Affairs EMEA Customer Unit South Europe \& Eurasia is seeking a Legal Counsel to join our dynamic team. This is an exciting opportunity to provide professional legal expertise across Switzerland and Italy, supporting our organization's strategic objectives in contract drafting and negotiations, regulatory compliance, intellectual property rights, and dispute resolution. You will work in a collaborative environment where your legal acumen directly impacts business success across Italy and Switzerland.

 **What You Will Do**  

As our Legal Counsel, your responsibilities will include:  

* Draft, review, and negotiate agreements and legal documents
* Provide legal advice on regulatory and intellectual property
* Lead and drive defined areas of legal expertise and specialized projects
* Ensure ongoing compliance with laws, regulations, and internal policies and directives
* Design and deliver legal training programs
* Manage and drive dispute resolution effectively
 **Key Qualifications**  

* Education: Master of Law
* Minimum Experience: 4 years
* Languages: English (C1 level); German (B1 level)
* Business Acumen: Strong business interest, knowledge, and understanding
* Excellent presentation, communication, drafting, and negotiation skills
* Proven experience in drafting, reviewing, and negotiating agreements
* Knowledge of intellectual property rights (IPR) commercialization and protection
* Knowledge of data protection legislation
* Strong commercial acumen and business judgment
* Ability to work effectively under pressure
  

The position will be based in Milan or Rome, Italy.

**Why join Ericsson?**At Ericsson, you´ll have an outstanding opportunity. The chance to use your skills and imagination to push the boundaries of what´s possible. To build solutions never seen before to some of the world’s toughest problems. You´ll be challenged, but you won’t be alone. You´ll be joining a team of diverse innovators, all driven to go beyond the status quo to craft what comes next.  

  

**What happens once you apply?**Click Here to find all you need to know about what our typical hiring process looks like.Encouraging a diverse and inclusive organization is core to our values at Ericsson, that's why we champion it in everything we do. We truly believe that by collaborating with people with different experiences we drive innovation, which is essential for our future growth. We encourage people from all backgrounds to apply and realize their full potential as part of our Ericsson team. Ericsson is proud to be an Equal Opportunity Employer. learn more.

 **Primary country and city:** Italy (IT) \|\| Roma

**Req ID:** 788067

  



Starting Salary in Primary Location: EUR 55440\.0  

  

The position includes benefits and employment conditions in accordance with the Telecomunications National Collective Labour Agreement and Company\-Union Agreements.  

  

We believe in rewarding talent fairly and transparently. We remain flexible to ensure we attract and retain exceptional people. Final offers may vary depending on experience, skill and other factors aligned with our Total Rewards philosophy.","","https://it.indeed.com/cmp/Ericsson","https://d2q79iu7y748jz.cloudfront.net/s/_squarelogo/256x256/14954b1dc7a89a4721337eb2145894a1","http://www.ericsson.com/careers","Stockholm, Stockholm","10,000+","Decline to state","Do you want to be part of shaping the future? From making connectivity more accessible to the latest IoT solutions, you have an opportunity to be where it begins.","","","","","","","regulatory affairs"
"li-4464471827","linkedin","https://www.linkedin.com/jobs/view/4464471827","","Regulatory Affairs Specialist - settore cosmetico","Res Novare s.r.l.","Busnago, Lombardy, Italy","2026-09-08","","","","","","",False,"","","","","","","https://it.linkedin.com/company/res-novare-s-r-l","","","","","","","","","","","","","regulatory affairs"
"li-4455846651","linkedin","https://www.linkedin.com/jobs/view/4455846651","","Specialista di schema di certificazione volontaria","CSI S.p.A.","Bollate, Lombardy, Italy","2026-09-08","","","","","","",False,"","","","","","","https://it.linkedin.com/company/csi-s-p-a","","","","","","","","","","","","","regulatory affairs"
"li-4343985374","linkedin","https://www.linkedin.com/jobs/view/4343985374","","Regulatory Affairs | Brescia","Biopharmed","","2026-09-06","","","","","","",False,"","","","","","","https://it.linkedin.com/company/biopharmed-life-sciences-recruiting","","","","","","","","","","","","","regulatory affairs"
"li-4444957902","linkedin","https://www.linkedin.com/jobs/view/4444957902","","Regulatory Specialist","Sobi - Swedish Orphan Biovitrum AB (publ)","Milan, Lombardy, Italy","2026-09-04","","","","","","",False,"","","","","","","https://se.linkedin.com/company/sobi","","","","","","","","","","","","","regulatory affairs"
"li-4459962918","linkedin","https://www.linkedin.com/jobs/view/4459962918","","Regulatory Affairs Manager","Regulatory Pharma Net - RPN","Milan, Lombardy, Italy","2026-09-02","","","","","","",False,"","","","","","","https://it.linkedin.com/company/regulatory-pharma-net-srl","","","","","","","","","","","","","regulatory affairs"
"li-4462403440","linkedin","https://www.linkedin.com/jobs/view/4462403440","","Regulatory Affairs Specialist | REACH, CLP","Mynameis","Milan, Lombardy, Italy","2026-09-02","","","","","","",False,"","","","","","","https://it.linkedin.com/company/mynameis","","","","","","","","","","","","","regulatory affairs"
"li-4463523954","linkedin","https://www.linkedin.com/jobs/view/4463523954","","Senior Regulatory Specialist | Food & Beverage","desmo®","Milan, Lombardy, Italy","","","","","","","",False,"","","","","","","https://it.linkedin.com/company/desmo-hr","","","","","","","","","","","","","regulatory affairs"
"li-4463292918","linkedin","https://www.linkedin.com/jobs/view/4463292918","","Regulatory Affair Dept","Italmatch Chemicals","Arese, Lombardy, Italy","","","","","","","",False,"","","","","","","https://it.linkedin.com/company/italmatch-chemicals-spa","","","","","","","","","","","","","regulatory affairs"
"li-4436040335","linkedin","https://www.linkedin.com/jobs/view/4436040335","","Compliance & Regulatory Affairs Manager","ReeVo Cloud & Cyber Security","Vimercate, Lombardy, Italy","","","","","","","",False,"","","","","","","https://it.linkedin.com/company/reevo-cloud","","","","","","","","","","","","","regulatory affairs"
"in-39490526f108a35a","indeed","https://it.indeed.com/viewjob?jk=39490526f108a35a","https://jp.syneoshealth.com/careers/jobs/18216436-sponsor-dedicated-cra-ii-slash-sr-cra-home-based-ita","Sponsor Dedicated CRA II/ Sr CRA - Home Based ITA","サイネオス・ヘルス","LOM, IT","2026-09-08","","","","","","",True,"","","","","**Updated:** Today  

**Location:** Remote, MI, Italy  

**Job ID:** 25111058


Not ready to apply?  

Join our Talent Network
**Description**


Sponsor Dedicated CRA II/ Sr CRA \- Home Based ITA
Syneos Health® is a leading fully\-integrated life sciences services organization built to accelerate customer success. We partner with innovators at every point across the drug development and commercialization continuum, helping them navigate complexity, anticipate change and accelerate progress.  

  

Our Clinical Solutions team members act with a drug development mindset, applying their years of experience and deep expertise to truly understand customer needs and represent those in the solutions we shape.
  

  

Whether you join us in a Functional Service Provider partnership or a Full\-Service environment, you’ll collaborate with passionate problem solvers, innovating as a team to help our customers achieve their goals. We are agile and driven to deliver – for one another, our customers, and, most importantly, for those in need.
  

  

Discover what your 25,000 future colleagues already know:
  

  

Why Syneos Health  

* We are passionate about developing our people, through career development and progression; supportive and engaged line management; technical and therapeutic area training; peer recognition and total rewards program.
* We are committed to building an inclusive culture – where you can authentically be yourself. Central to this is our purpose – Driven to Deliver – which captures the passion of our colleagues to show up each day and shape solutions that have the ability to dramatically impact someone’s life.
* We are continuously building the company we all want to work for and our customers want to work with. Why? Because we know that when we bring together smart colleagues from across the world, we can shape the future of healthcare, driving impact for customers and defining the pace of patient progress.
**Job Responsibilities**

* Performs site qualification, site initiation, interim monitoring, site management activities and close\-out visits (performed on\-site or remotely) ensuring regulatory, ICH\-GCP and/or Good Pharmacoepidemiology Practice (GPP) and protocol compliance. Uses judgment and experience to evaluate overall performance of site and site staff and to provide recommendations regarding site\-specific actions; immediately communicates/escalates serious issues to the project team and develops action plans. Maintains a working knowledge of ICH/GCP Guidelines or other applicable guidance, relevant regulations, and company SOPs/processes.
* Verifies the process of obtaining informed consent has been adequately performed and documented for each subject/patient, as required/appropriate. Demonstrates diligence in protecting the confidentiality of each subject/patient. Assesses factors that might affect subject/patient’s safety and clinical data integrity at an investigator/physician site such as protocol deviation/violations and pharmacovigilance issues.
* Per the Clinical Monitoring/Site Management Plan (CMP/SMP): Assesses site processes. Conducts Source Document Review of appropriate site source documents and medical records. Verifies required clinical data entered in the case report form (CRF) is accurate and complete. Applies query resolution techniques remotely and on site, and provides guidance to site staff as necessary, driving query resolution to closure within agreed timelines. Utilizes available hardware and software to support the effective conduct of the clinical study data review and capture. Verifies site compliance with electronic data capture requirements.
* May perform investigational product (IP) inventory, reconciliation and reviews storage and security. Verifies the IP has been dispensed and administered to subjects/patients according to the protocol. Verifies issues or risks associated with blinded or randomized information related to IP. Applies knowledge of GCP/local regulations and organizational procedures to ensure IP is appropriately (re)labelled, imported and released/returned.
* Routinely reviews the Investigator Site File (ISF) for accuracy, timeliness and completeness. Reconciles contents of the ISF with the Trial Master File (TMF). Ensures the investigator/physician site is aware of the requirement of archiving essential documents in accordance with local guidelines and regulations.
* Documents activities via confirmation letters, follow\-up letters, trip reports, communication logs, and other required project documents as per SOPs and Clinical Monitoring Plan/Site Management Plan. Supports subject/patient recruitment, retention and awareness strategies. Enters data into tracking systems as required to track all observations, ongoing status and assigned action items to resolution.
* For assigned activities, understands project scope, budgets, and timelines; manages site\-level activities / communication to ensure project objectives, deliverables and timelines are met. Must be able to quickly adapt to changing priorities to achieve goals / targets.
* May act as primary liaison with study site personnel, or in collaboration with Central Monitoring Associate. Ensures all assigned sites and project\-specific site team members are trained and compliant with applicable requirements
* Prepares for and attends Investigator Meetings and/or sponsor face to face meetings. Participates in global clinical monitoring/project staff meetings (inclusive of Sponsor representation, as applicable) and attends clinical training sessions according to the project specific requirements.
* Provides guidance at the site and project level towards audit readiness standards and supports preparation for audit and required follow\-up actions.
* Maintains a working knowledge of ICH/GCP Guidelines or other applicable guidance, relevant regulations, and company SOPs/processes; completes assigned training as required. For Real World Late Phase, the CRA II will use the business card title of Site Management Associate II. Additional responsibilities include:Site support throughout the study lifecycle from site identification through close\-out. Knowledge of local requirements for real world late phase study designs.Chart abstraction activities and data collection  

Collaboration with Sponsor affiliates, medical science liaisons and local country staff. The SMA II may be requested to train junior staff. Identify and communicate out of scope activities to Lead CRA/Project Manager. Proactively suggest potential sites based on local knowledge of treatment patterns, patient advocacy and Health Care Provider (HCP) associations.


Qualifications:

* At least 2,5\+ years of experience as Certified CRA according to M.D. 15 Nov 2011
* Experience with Risk Based Monitoring is required
* Knowledge of Good Clinical Practice/ICH Guidelines and other applicable regulatory requirements
* Must demonstrate good computer skills and be able to embrace new technologies
* Excellent communication, presentation and interpersonal skills
* Ability to manage required travel as per monitoring plan needs


The employment relationship shall be governed by the National Collective Labour Agreement (CCNL) for employees of companies operating in the tertiary, distribution and services sectors (""CCNL Commercio""), and all related provisions shall apply, including Article 213, in its version in force from time to time.


The potential annual gross salary range for this role will be 40,000\.00 EUR \- 62,000\.00 EUR, excluding any additional benefits and allowances.

**Get to know Syneos Health**

  

Over the past 5 years, we have worked with 94% of all Novel FDA Approved Drugs, 95% of EMA Authorized Products and over 200 Studies across 73,000 Sites and 675,000\+ Trial patients.


No matter what your role is, you’ll take the initiative and challenge the status quo with us in a highly competitive and ever\-changing environment. Learn more about Syneos Health.


http://www.syneoshealth.com

**Additional Information**

  

Tasks, duties, and responsibilities as listed in this job description are not exhaustive. The Company, at its sole discretion and with no prior notice, may assign other tasks, duties, and job responsibilities. Equivalent experience, skills, and/or education will also be considered so qualifications of incumbents may differ from those listed in the Job Description. The Company, at its sole discretion, will determine what constitutes as equivalent to the qualifications described above. Further, nothing contained herein should be construed to create an employment contract. Occasionally, required skills/experiences for jobs are expressed in brief terms. Any language contained herein is intended to fully comply with all obligations imposed by the legislation of each country in which it operates, including the implementation of the EU Equality Directive, in relation to the recruitment and employment of its employees. The Company is committed to compliance with the Americans with Disabilities Act, including the provision of reasonable accommodations, when appropriate, to assist employees or applicants to perform the essential functions of the job.

**Summary**


Roles within Clinical Monitoring/CRA are responsible for overseeing and ensuring the integrity of clinical research studies by monitoring data and processes from a centralized location. This includes conducting remote monitoring of trial sites to verify compliance with regulatory requirements and clinical protocols. Utilizes data analytics and risk\-based monitoring techniques to identify potential issues and trends, ensuring that trials are conducted in accordance with established clinical practices. Collaborates with site teams to develop and implement tools, procedures, and processes that enhance quality monitoring and support the overall success of clinical trials. Impact and Contribution Individual contributors with responsibility in a professional or technical discipline or specialty, but may manage two or fewer employees. May direct the work of lower level professionals or manage processes and programs. The majority of time is spent contributing to the design, implementation or delivery of processes, programs, and policies, using knowledge and skills typically acquired through advanced education. Established and productive individual contributor. May manage defined components of projects or processes within area of responsibility. Requires practical knowledge of a professional area, typically obtained through education combined with experience.","","https://it.indeed.com/cmp/%E3%82%B5%E3%82%A4%E3%83%8D%E3%82%AA%E3%82%B9-%E3%83%98%E3%83%AB%E3%82%B9","","","","","","","","","","","","","regulatory manager"
"in-51a714500a215142","indeed","https://it.indeed.com/viewjob?jk=51a714500a215142","https://jobs.danaher.com/global/en/job/DANAGLOBALR1315302EXTERNALENGLOBAL/Senior-Manager-Field-Service?utm_source=indeed&utm_medium=phenom-feeds","Senior Manager Field Service","Beckman Coulter Diagnostics","Milano, LOM, IT","2026-09-07","fulltime","","","","","",True,"","","","","Are you ready to accelerate your potential and make a real difference within life sciences, diagnostics and biotechnology?

  

At Beckman Coulter Diagnostics, one of Danaher’s 15\+ operating companies, our work saves lives—and we’re all united by a shared commitment to innovate for tangible impact.

  

You’ll thrive in a culture of belonging where you and your unique viewpoint matter. And by harnessing Danaher’s system of continuous improvement, you help turn ideas into impact – innovating at the speed of life.

  

As a global leader in clinical diagnostics, Beckman Coulter Diagnostics has challenged convention to elevate the diagnostic laboratory’s role in improving patient health for more than 90 years. Our diagnostic solutions are used in routine and complex clinical testing, and are used in hospitals, reference and research laboratories, and physician offices around the world. Every hour around the world, more than one million tests are run on Beckman Coulter Diagnostics systems, impacting 1\.2 billion patients and more than three million clinicians per year. From uncovering the next clinical breakthrough, to rapid and reliable sample analysis, to more rigorous decision making—we are enabling clinicians to deliver the best possible care to their patients with improved efficiency, clinical confidence, adaptive collaboration, and accelerated intelligence.


Learn about the Danaher Business System which makes everything possible.


The **Senior Manager Field Service** is responsible for leading the overall Service and Field Applications organization in Italy, ensuring the delivery of exceptional customer support while driving operational excellence, business growth, profitability, and customer satisfaction.


Reporting directly to the Managing Director Italy, this senior leadership role oversees all Field Service, Field Applications, and service performance activities across the country. The successful candidate will lead a team of Field Service Area Managers and Field Application Managers, with overall responsibility for a nationwide organization of more than 100 people.


This role plays a critical part in supporting business objectives by defining and executing the national service strategy, optimizing service delivery, developing high\-performing teams, and ensuring compliance with quality, regulatory, and safety standards. The position is also expected to shape the future service organization in Italy, ensuring alignment with Beckman Coulter's business priorities, customer needs, and long\-term growth objectives.

**In this role, she/he will have the opportunity to:**

* Lead and develop the national Service and Field Applications organization, managing and coaching a team of Field Service Area Managers and Field Application Managers to ensure consistent execution, engagement, and operational excellence across all regions.
* Drive customer satisfaction, service quality, and base business retention, partnering closely with Commercial and Sales leadership to support sustainable growth and strengthen long\-term customer relationships.
* Define and execute the national service strategy, ensuring contractual commitments, operational KPIs, productivity targets, and customer expectations are consistently achieved.
* Build organizational capabilities and technical excellence, developing talent, succession planning, leadership capabilities, and continuous improvement initiatives while fostering a high\-performance, customer\-centric culture.
* Act as a key member of the Italy Leadership Team, influencing business strategy, leading transformational initiatives, optimizing resource allocation, and driving cross\-functional collaboration to deliver a best\-in\-class customer experience.

**The essential requirements of the job include**:

* Bachelor's Degree in Engineering, Chemistry, Biology, Life Sciences, or a related technical/scientific discipline.
* 10\+ years of experience within the Medical Diagnostics, Healthcare, Medical Device, or Life Sciences industry, including significant leadership responsibility in Field Service and/or Field Applications organizations.
* Proven track record in leading managers and geographically dispersed teams, with demonstrated success in driving operational performance, organizational transformation, and talent development.
* Strong leadership, strategic thinking, stakeholder management, and business acumen, with the ability to influence senior leaders and translate service excellence into customer satisfaction and business growth.
* Excellent communication and problem\-solving skills, fluency in English, willingness to travel nationally up to 50% of the time, and a valid driver's license.


Beckman Coulter Diagnostics, a Danaher operating company, offers a broad array of comprehensive, competitive benefit programs that add value to our lives. Whether it’s a health care program or paid time off, our programs contribute to life beyond the job. Check out our benefits at Danaher Benefits Info.


At Beckman Coulter Diagnostics we believe in designing a better, more sustainable workforce. We recognize the benefits of flexible, remote working arrangements for eligible roles and are committed to providing enriching careers, no matter the work arrangement. This position is eligible for a remote work arrangement in which you can work remotely from your home. Additional information about this remote work arrangement will be provided by your interview team. Explore the flexibility and challenge that working for Beckman Coulter Diagnostics can provide.


This role is classified under the applicable as Dirigente CCNL per i Dirigenti di aziende del Terziario, della Distribuzione e dei Servizi, which defines minimum terms, job classification, and baseline progression frameworks. https://www.confcommercio.it/\-/ccnl\-dirigenti\-terziario\-parte\-economica


The expected gross annual salary range for this role is \<87\.000\-135\.000 euros\>, determined based on objective criteria such as experience, skills, and role\-related competencies.


Bonus / Incentive Pay


20% of annual base salary


This job is also eligible for bonus / incentive pay. This is the target earnings as % of base annual salary, subject to objective eligibility criteria and performance conditions as set out in the applicable scheme terms and conditions.


This job is also eligible for a comprehensive package of benefits and specifically \[company car, ticket restaurant, pension Fund Mario Negri \+ Prev.int funds 2% by the Company, medical funds Fasdac\+ Previass, insurance Pastore, training CFMT, Welfare Negri 1500 euros per year]. Details regarding these benefits will be provided separately.


Join our winning team today. Together, we’ll accelerate the real\-life impact of tomorrow’s science and technology. We partner with customers across the globe to help them solve their most complex challenges, architecting solutions that bring the power of science to life.


For more information, visit www.danaher.com.","","https://it.indeed.com/cmp/Beckman-Coulter-Diagnostics","https://d2q79iu7y748jz.cloudfront.net/s/_squarelogo/256x256/9316fef4010d6c58c252f6854c082539","http://www.beckmancoulter.com","Brea, CA","10,000+","$1B to $5B (USD)","Beckman Coulter develops, manufactures and markets products that simplify, automate and innovate complex biomedical testing.","","","","","","","regulatory manager"
"in-0e77f0986f443142","indeed","https://it.indeed.com/viewjob?jk=0e77f0986f443142","https://www.alpiq.com/career/open-jobs/your-application/17","Asset Manager Thermal","Alpiq","Milano, LOM, IT","2026-09-07","fulltime","","","","","",False,"","","","melissa.magagnato@alpiq.com","Milano, IT \- 100% \| Full time


About the Role


Role type: Permanent \| Location: Italy \| Model: Hybrid \| Level of travels: 10\-20%


**Send us your** **application**
--------------------------------

Are you looking to make an impact in the energy sector? Become part of Alpiq \- your energy matters!

  

**Our Company**


Alpiq è uno dei principali produttori di energia elettrica della Svizzera e un importante fornitore di servizi energetici in Europa. Con sede a Losanna e supportata da un solido portafoglio di fonti idroelettriche, nucleari e rinnovabili, lavoriamo ogni giorno per generare un impatto positivo: per il clima, per le persone e per la sicurezza dell'approvvigionamento energetico.


Oltre 1\.300 collaboratrici e collaboratori, provenienti da quasi 60 nazionalità, mettono la propria energia al servizio di uno scopo comune: insieme per un clima migliore e una maggiore sicurezza dell'approvvigionamento energetico.


Promuoviamo una cultura aziendale fondata su fiducia, curiosità e rispetto. I nostri quattro valori aziendali sono stati co\-creati insieme ai nostri dipendenti e guidano ogni nostra azione e decisione quotidiana:


“We are ALP1Q “\- riflette il nostro spirito di squadra


“We learn and grow together” \- affrontiamo le sfide con coraggio


“We share the steering wheel” \- ci assumiamo la responsabilità delle nostre azioni


“We focus on the outcome” \- il tuo contributo fa la differenza


In Alpiq, la tua energia conta!


**Mission**


**Supportare la gestione delle attività di Asset Management degli assets thermal in Italia con particolare riferimento agli aspetti contrattuali, alle performances tecnico\-economiche ed ai rapporti con le controparti interne ed esterne in ottica di gestione ottimale degli impianti esistenti e sviluppo di nuove iniziative.**


**Your main responsibilities**


**CONTRACT MANAGEMENT**


* Supportare la gestione degli aspetti contrattuali ed economici delle Asset Companies, in particolare nei contratti di *Tolling Agreement, LTSA, O\&M Agreement, Facility Agreement* e convenzioni in essere, in accordo alle linee guida aziendali ed alla strategia di gruppo;
* Supportare il responsabile dell’Asset Management Thermal per le attività correlate alle assicurazioni delle Asset Companies relativamente a rinnovi di polizza e sinistri occorsi;
* Supportare la funzione Asset Management nelle prima fasi valutative di nuove iniziative da sviluppare o potenzialmente acquisire in ambito progetti termici.

**P\&L MANAGEMENT**


* Verificare e consuntivare periodicamente i dati di produzione e le *performance* degli impianti supervisionando e gestendo i processi di fatturazione attiva al fine di garantire il regolare flusso dei ricavi alle società;
* Interfacciarsi con gli *O\&M Operators* delle centrali thermal per il supporto nella gestione di aspetti tecnici ed operativi;
* Verificare, in collaborazione con le aree tecniche coinvolte, l'impatto di nuovi progetti di miglioramento e proporne la relativa implementazione sulla base di business case e valutazione dei rischi.

**ASSET PERFORMANCE \& BUSINESS DEVELOPMENT**


* Assicurare il collegamento e lo scambio informativo tra le funzioni *Energy Trading, Asset Management, O\&M Operator* su tematiche relative a sbilanciamenti, report *di daily dispatch*, analisi di mercato, analisi delle performance degli impianti ed evoluzioni normative;
* Supportare e/o predisporre la reportistica periodica richiesta dal dipartimento Asset Management e/o dagli altri dipartimenti coinvolti;
* Preparazione documentale e supporto alla valutazione di nuove iniziative termiche in ambito di flessibilità.

**RELAZIONI ISTITUZIONALI E STAKEHOLDERS**


* Mantenere i rapporti e l’interfaccia con i principali stakeholders su adempimenti, convenzioni in essere, portali, scadenze periodiche e tematiche tecniche relative (a titolo esemplificativo GSE, Autorità per l’Energia Elettrica e il Gas, Terna, Agenzia Dogane);
* Monitorare la normativa in vigore e sue evoluzioni in riferimento a incentivazioni, aggiornamenti regolatori e adempimenti applicabili agli impianti assegnati, coordinandosi con il dipartimento *regulatory*.

**Your impact**


In questo ruolo contribuirai a garantire una gestione efficace e sostenibile degli asset Thermal in Italia, supportandone la valorizzazione e l’ottimizzazione delle performance tecniche, operative ed economiche.


Attraverso il coordinamento con le diverse funzioni aziendali e la gestione delle relazioni con stakeholder chiave, quali istituti finanziari, pubbliche amministrazioni, enti regolatori e compagnie assicurative, favorirai un approccio integrato alla gestione degli asset.


Il tuo contributo sarà determinante per assicurare una supervisione strutturata delle principali iniziative, garantendo il corretto presidio degli aspetti tecnici, economici, legali, normativi e finanziari e supportando la creazione di valore nel lungo termine per l’azienda.


**Your profile**


* Laurea in uno dei seguenti ambiti: ingegneria, economia dei mercati finanziari, economia e commercio;
* Esperienza di almeno 2/3 anni in aziende operanti nel settore dell’energia;
* Conoscenza delle norme che regolano il mercato dell’energia;
* Ottima capacità di analisi ed interpretazione dei dati;
* Ottima padronanza delle tecniche di asset allocation e risk management;
* Ottime capacità relazionali e di networking;
* Buona attenzione e capacità di lettura degli aspetti normativi regolamentati;
* Predisposizione al lavoro in team ed alla relazione con i diversi referenti interni ed esterni;
* Buona capacità di problem solving;
* Ottima conoscenza dei sistemi operativi (Office, Sap);
* Buona conoscenza della lingua inglese (livello B2 minimo).

**Salary and benefits**


* CCNL Terziario, Distribuzione e Servizi, inquadramento commisurato all’esperienza (livello 3, range ral 45\-50\)
* Retribuzione variabile con % su total cash
* Ticket Edenred di € 12,00 sia in presenza sia in smart working
* Welfare Edenred di € 1\.000 spendibile in beni e servizi
* Smart working 2 gg a settimana
* Assicurazione sanitaria ON TOP al superamento del periodo di prova

Disclaimer: Please note that applications submitted by agencies or third\-party recruiters will not be considered unless the agency is part of our Preferred Supplier List (PSL).


**Your benefits**
-----------------


**Competitive salary package**
------------------------------


Market\-oriented salary


**Training and development**
----------------------------


Diverse opportunities for career growth


**Flexible work models**
------------------------


Various flexible work models


**Contact**
-----------

Melissa Magagnato
  

melissa.magagnato@alpiq.com

  

**Consent required**
--------------------


In order to show you the content of YouTube, you must consent to the use of third\-party cookies (e.g. YouTube).


Please note that by giving consent, personal data will be transmitted to third parties. You can adjust your consent at any time.


Unlock YouTube once

 Cookie settings
**Inclusion is at the heart of Alpiq**
--------------------------------------


At Alpiq, we are committed to creating an inclusive work environment, where everyone can bring their ‘whole selves’ to work and feel valued, respected, and heard. This principle is central to our company’s purpose, values, and leadership approach. We strongly believe that organizations thrive through the inclusion of diversity. Everyone’s energy matters regardless of characteristics, such as age, gender, nationality, language, sexual orientation and identity, religion, social or ethnic background or any other personal traits.

  

**Data protection**


At Alpiq, data privacy is an important topic. Please therefore take note of the corresponding Privacy Notice that appears in the online application form and explains in detail the purpose for which we process your personal data. It is of great concern to us to inform you as transparently as possible and process your data only in a fair manner.","","https://it.indeed.com/cmp/Alpiq","https://d2q79iu7y748jz.cloudfront.net/s/_squarelogo/256x256/a1713f1da7ad36b36d4ecc936e492a23","https://www.alpiq.com","Olten","5,001 to 10,000","$5B to $10B (USD)","","","","","","","","regulatory manager"
"in-0532ac440a182a51","indeed","https://it.indeed.com/viewjob?jk=0532ac440a182a51","https://jobdetails.nestle.com/job/Assago-Nestl%C3%A9-Purina-Project-Health%2C-Safety-&-Environment-Manager-Mantova/1391128933/?feedId=392933&utm_source=Indeed","Nestlé Purina - Project Health, Safety & Environment Manager - Mantova","Nestlé","Assago, LOM, IT","2026-09-04","fulltime","","","","","",False,"","","","","At Nestlé Purina we are committed to creating richer lives for pets and the people who love them, providing high quality nutrition for cats and dogs and doing more of what matters for pets, people and planet.  

We are looking for passionate technical talents who will support the installation, start\-up and operation of modern and highly automated production systems during the launch of a new manufacturing site.  

You will contribute to a project within a global organization committed to quality, safety and continuous improvement.

 **Mandatory:** Proven experience managing HSE activities in active worksite environments, with responsibility for site safety, contractor oversight, regulatory compliance, and operational risk management.

  

  

**Position Snapshot**  

* Nestlé Purina Italy, Greenfield Project Mantova
* Permanent role, full\-time
* Nestlé welcomes people with disabilities
* University Degree in technical studies. Engineering background would be preferred.
* Previous experience in complex construction sites
* Previous HSE management in multi\-contractor environments
* Experience in translating policies and standards into operational plans
* Development and implementation of Project / Site HSE Management Plans
* Specific training in Health \& Safety or relevant certifications
* Fluency in Italian and English is required
* Compensation Package: CCNL Industria Alimentare, Quadro, Gross Annual Base Salary: €75\.000,00\.
  

  

**Position Summary**  

Ensure excellence in safety, health and environmental sustainability during construction. Develop and communicate the Project HSE Management Plan and ensure its effective implementation. Monitor site standards, recognise good performance and challenge and address poor performance. Communicate with local authorities and communities as well as Nestlé management.

 **A Day in the Life of the Project HSE Manager:**

* Ensure Compliance: Ensure compliance with local HSE legislation and Nestlé HSE standards and principles by ensuring HSE is integrated into project planning, operational reviews, design\-for\-construction, and contractor management.
* Create HSE Management Plan: Develop the site HSE Management Plan and communicate to project management and contractors. Ensure the plan includes effective risk management procedures for worker orientation \& training, risk assessment, method statements, lifting plans, permit to work, emergency planning, etc. Modify the Plan as required during the project to reflect changes in risk.
* Ensure Safe \& Healthy Site: Ensure the site is under control with secure access, safe access and egress routes, correct signage and with relevant risks effectively managed. Ensure high standards of health \& hygiene conditions for workers, with appropriate emergency medical response.
* Ensure Safe \& Healthy Work Practices: Ensure implementation of site risk management procedures. Ensure that specific safe working practices are in place with a focus on high frequency risks (eg slips, trips, falls, injuries from sharp points and edges) and high hazard tasks (eg work at height, critical lifting, hot work).
* Develop Capability of Managers: Ensure training and coaching is provided to managers and team leaders to develop their knowledge of risk management, legislation and duties. Provide personal coaching and support to the Site Management Team.
* Provide Guidance \& Support: Ensure managers receive trusted guidance \& support on HSE matters.


Identify and leverage expertise and good practices from inside and outside Nestlé. Co\-ordinate internal \& external resources to deliver high quality and efficient SHE supports, e.g. exposure monitoring, health promotion, health surveillance, training.  

* Audit \& Review: Ensure compliance is regularly audited and performance assessed, and the results used to drive further improvement. Promote effective communication of successes and learnings, and recognition for strong performers and contributors.
* Engagement: Engage with stakeholders (e.g. contractor representatives, trades unions, local regulators, local communities, and local NGOs) on HSE topics to build positive relationships.

  

  

**What will make you successful?**  

* Taking ownership of HSE and drove change through personal leadership.
* Previous experience in leading HSE in a multiple contractor environment.


• Previous experience in working in senior HSE role on significant construction site.• Translated policies \& standards into practical action plans.  

* Coached individuals and teams in different environments.
* Held one or more line (or project) management positions.
* Communicated effectively with different organisational levels.
* Developed site HSE Management Plans and implemented on site.
  

  

**What does it mean working at Purina?**  

At Purina, we’ve worked hard to create a high\-performing and caring environment where everyone belongs, and where everyone can push themselves. When you join our mission to create richer lives for pets, the people who love them and the planet we share, you’ll find lots of opportunities to develop your skills, knowledge and expertise, both at Purina and across the wider Nestlé community.  

You’ll become part of a passionate and successful international team who, as industry pioneers and leaders in their field, are continually striving for better, who feel safe and supported to challenge, to experiment, to drive change and to be their true selves at work.  

We’re committed to ensuring the whole team can experience the power of Purina, pushing their limits and realising their full potential.  

That’s the Power of Purina.  

Are you ready to discover what’s possible?  

Purina is part of Nestlé Group.

 ***Kindly submit your CV in English to be considered for this position.***","","https://it.indeed.com/cmp/Nestl%C3%A9-1","https://d2q79iu7y748jz.cloudfront.net/s/_squarelogo/256x256/7f8c934833cb98ed1c5893a0ee0c9387","http://www.nestle.com","Vevey","Decline to state","more than $10B (USD)","","","","","","","","regulatory manager"
"in-3f5b5dbfe3f4b504","indeed","https://it.indeed.com/viewjob?jk=3f5b5dbfe3f4b504","https://apply.workable.com/j/93284A0765","Accounting and Tax Manager - Fixed term contract 6/9 months","Moneyfarm","Milano, LOM, IT","2026-09-04","parttime","","","","","",False,"","","","","We are a rapidly growing pan\-European digital wealth manager, serving over175,000 active investors with more than £7\.5 billion invested on our platform. We began in Milan in 2011 with the purpose to help more people improve their financial well\-being by making personal investing simple and accessible through technology. Fast forward to today, and we are recognised as one of the most innovative fintechs, headquartered in the heart of London.


With a team of 250\+ people across 4 offices in Italy and the UK, we are proudly backed and funded by major partners including Poste Italiane, Cabot Square Capital, United Ventures, and Allianz.

**Our vision**


Our vision is to combine passion, expertise, and technology to provide best\-in\-class investment solutions and advice that protects and grows client wealth over time.

**Our Core Values:**


We’ve built our business on three Principles:

* Relationships are our first asset: We’re one team, built on trust, honesty, and transparency. We value our relationships above all else.
* Trust drives success: We give each other the space to grow. We empower our employees to succeed, so they can make a real impact.
* Our customers dream big, just like us: We see the bigger picture and we make sure our customers see it, too. We’re always focused on the best outcomes for our clients and for each other, no matter what the goal, or how big the dream

**What this means in practice:**


At Moneyfarm, our success comes from the impact each of us makes. We move with purpose, urgency, and ambition, focused on delivering outcomes that matter for our clients and our business. Everyone is empowered to take ownership, challenge the status quo, and turn bold ideas into results. As we evolve, we embrace AI as a catalyst for sharper thinking, smarter decisions, and even greater impact.


Our diversity makes this possible. Different perspectives, backgrounds, and experiences fuel our creativity and drive better decisions — it’s our competitive edge. We value people for who they are and their unique strengths: that's why we offer flexible ways of working to support them in doing their best work.

**About the role**


Moneyfarm is seeking a proactive and experienced Italian Accounting and Tax Manager to take full ownership of our accounting, tax, and regulatory financial reporting functions in Italy for a period of 6\-9 months.


Reporting directly to the Group Financial Controller, you will oversee end\-to\-end local financial operations for our Italian legal entities:

* MFM Investment Ltd (Italian Branch / MFM Italy): Authorised and supervised by CONSOB and the Bank of Italy (BOI).
* MFM Future SRL: Registered insurance broking entity regulated by IVASS.


In this position, you will lead a local team of 2 finance professionals in Milan, collaborate closely with Group Finance and FP\&A, and manage key relationships with external advisers and audit partners.

 **Responsibilities**:


Core focus (essential)


1\. Financial Reporting \& Accounting Operations

* + Lead end\-to\-end accounting for the Italian entities, ensuring the general ledger in NetSuite is accurate, complete and up to date.
	+ Direct all statutory, management, and general ledger accounting operations for MFM Italy and MFM Future SRL in accordance with local Italian accounting standards (OIC) and IFRS.
	+ Oversee and optimise our core ERP platform (NetSuite), driving accuracy, ledger maintenance, and process automation.
	+ Lead month\-end, quarter\-end, and year\-end close processes, ensuring accurate local statutory account preparation and timely financial consolidation into Group reporting.


2\. Tax Management \& Intercompany Operations

* + Oversee Italian direct and indirect tax compliance (IRES, IRAP, withholding taxes, clients’ capital gains taxes, and VAT).
	+ Manage calculations and reporting for local partial VAT exemption (pro\-rata VAT) applicable to our regulated financial and insurance services.
	+ Lead local Transfer Pricing (TP) documentation for intercompany transactions between UK and Italian entities, working closely with external tax advisers for specialist support.
	+ Partner with the FP\&A team (who execute the TP calculations) to ensure intercompany charges are accurately documented and reflected across entity accounts.
	+ Monitor changes in Italian tax and financial services regulation, assessing and communicating impact on the business.

**Additional Responsibilities**


3\. Regulatory Compliance Support \& Governance

* + Oversee the financial data preparation and timely submission of local financial regulatory reports across both entities:
	+ - Bank of Italy (BOI) and CONSOB filings for the Italian Branch.
		- IVASS regulatory reporting for MFM Future SRL.
	+ Work closely with internal compliance teams, regulatory advisers, and external audit teams to ensure full financial regulatory compliance in Italy.


4\. Leadership \& Stakeholder Management

* + Report regularly to the Group Financial Controller on local entity performance, regulatory updates, and balance sheet integrity.
	+ Manage, mentor, and develop a local finance team of two people in Italy.
	+ Maintain effective cross\-functional relationships internally, as well as with external banking partners, advisers, and tax consultants.

  

**Requirements**  

* + Education \& Qualification: Master's Degree (Laurea Magistrale) in Economics, Finance, or Accounting. Professional accounting/auditing qualification (Dottore Commercialista or Revisore Legale) is strongly preferred.
	+ Experience: 8/10\+ years of relevant accounting and financial control experience, ideally (but not limited to) within regulated Financial Services, Wealth Management, Asset Management, or Fintech in Italy.
	+ Experience in accounting firms will be highly regarded.
	+ Tax \& Transfer Pricing Knowledge: Practical experience with Italian corporate tax and partial VAT exemption (pro\-rata VAT). Understanding of cross\-border intercompany transactions and Transfer Pricing documentation is highly desirable.
	+ Systems: Experience with NetSuite (or similar cloud\-based ERP systems) and strong Excel capabilities.
	+ Languages: Business fluency in both Italian and English (written and spoken) is required for cross\-border collaboration.
	+ Leadership: Proven experience coaching direct reports.


Nice to have:

* + Regulatory Knowledge: Solid working understanding of financial regulatory reporting structures (Bank of Italy, CONSOB, and/or IVASS).


Location \& Working Pattern
Full or part\-time, requirement of spending 3 days per week in the office, based in Milan (near Central Station).


The contract will be fixed\-term, and depending on the candidate's experience, the target budget for the gross annual salary (RAL) is between €32k and €50k. We can potentially evaluate more senior candidates who are a perfect fit for our job description, offering a higher salary but on a part\-time basis of 3 to 4 days a week.


For this role, please upload your CV in English.","","https://it.indeed.com/cmp/Moneyfarm","","https://www.moneyfarm.com/it/","","","","","","","","","","","regulatory manager"
"in-a1d45cb39273990b","indeed","https://it.indeed.com/viewjob?jk=a1d45cb39273990b","https://unobravointernational.teamtailor.com/jobs/8314757-vp-of-technology-product","VP of Technology & Product","Unobravo International","Milano, LOM, IT","2026-09-03","","","","","","",False,"","","","","From day one at Unobravo, we’ve been **on a mission to make mental health support truly accessible to everyone** by normalizing therapy, fostering openness, and breaking down the stigma that still surrounds it.  

Our success is driven by an exceptional team dedicated to providing high\-quality, accessible care, anytime, anywhere. With over 9,500 qualified therapists and more than 10 million therapy sessions delivered, **we’re proud to have made a meaningful difference in countless lives.**


To take our company to the next level, we're looking for a **VP of Technology \& Product** to lead the next chapter of our Technology \& Product organisation.


We're looking for a **technically credible, product\-minded leader** who combines strategic thinking with pragmatic execution and leads with **trust, strong leadership and low ego**.

**Reporting to the COO**, you'll lead **Engineering, Product and Design** across an organisation of \~**50 people**, bringing these disciplines together around a shared strategy while empowering their respective leaders.


You'll also play a **key role in driving Unobravo's responsible adoption of AI and emerging technologies**, identifying opportunities to create meaningful value while ensuring innovation remains grounded in **clinical integrity, user trust, safety and regulatory requirements**.


Unobravo is first and foremost a **mental health company**. Technology enables our mission; this role will ensure Product and Technology can deliver it **responsibly and at scale**.

### **The Essentials**

* **Preferred Location:** Milan\-based. As a senior leadership role, we expect regular in\-person presence in our Milan office (2/3 days/week) recognising the value of face\-to\-face collaboration at this level.
* **Salary range:** Starting from €100,000 gross annual base salary, with the final package determined based on experience and scope, in line with our commitment to transparent and equitable compensation practices.

### **What You'll Do**

* **Strategy \& Prioritisation**: Driving an integrated technology strategy that serves both patients and therapists, translates company priorities into clear direction and roadmaps and balances user needs, clinical impact, business value, scalability and long\-term sustainability.
* **Cross\-Functional Leadership**: Creating the conditions for Engineering, Product and Design to operate as a cohesive, outcome\-oriented organisation.
* **Executive Communication \& Influence**: Representing Technology and Product at leadership level, translating complex trade\-offs, constraints and risks into clear business implications and advocating for the investments needed to support the company over the long term.
* **Technology Scalability \& Reliability**: Ensuring Unobravo operates a scalable, secure and reliable technology platform capable of supporting our long\-term ambitions.
* **Pragmatic Engineering Culture**: Fostering a pragmatic engineering culture that values simplicity, maintainability and impact over unnecessary complexity or hype\-driven technology decisions.
* **Technical Sustainability**: Balancing speed and innovation with technical sustainability, including the effective management of technical debt, architecture and platform evolution.
* **AI Strategy \& Governance**: Shaping and championing the organisation’s AI strategy and culture, influencing how teams adopt, experiment with and embed AI into their ways of working, while establishing appropriate governance and ensuring alignment with clinical, ethical, security and regulatory standards.
* **Leadership \& Talent Development**: Leading, coaching and developing senior leaders across Engineering, Product and Design, creating strong functional leadership while fostering collaboration across disciplines.
* **Low\-Ego Culture \& Ownership**: Building a low\-ego culture where teams have meaningful ownership, people can challenge decisions openly and the best ideas win regardless of hierarchy.
* **Customer\-Centred Delivery**: Ensuring teams deliver meaningful value through customer insight, experimentation, data\-informed iteration and high\-quality execution.

### **️ YOU WILL BE THE PERFECT FIT IF YOU HAVE:**

### **Technology \& Product Leadership**

* Significant **leadership experience within Engineering or Technology**, with meaningful responsibility for Product and cross\-functional product development organisations.
* A **strong technical foundation** and credibility, with the ability to **understand architecture, challenge technical decisions** and evaluate technology trade\-offs without undermining team ownership.
* Strong **product judgement** and the ability to balance customer value, business priorities, engineering sustainability and speed of execution.
* A track record of **delivering successful digital products** and **scaling technology organisations** in high\-growth environments.
* Experience in **regulated or highly trust\-sensitive environments** such as healthcare, fintech or other data\-sensitive platforms is highly valued.

### **Organisational \& People Leadership**

* Proven experience **leading and developing leaders**, building high\-performing teams and evolving organisations as they scale.
* A l**ow\-ego leadership style** characterised by intellectual humility, curiosity, direct communication and a genuine commitment to **enabling others to succeed**.
* The ability to **create clarity and accountability** while giving leaders and teams meaningful autonomy.

### **Business \& Executive Leadership**

* Strong **business acumen** and the ability to connect **Technology** and **Product** decisions to broader company outcomes.
* Demonstrated **ability to influence senior stakeholders**, communicate complexity simply and advocate for **long\-term technology needs** in business terms.
* The confidence to **challenge decisions** constructively and stand behind Product and Technology needs when they serve the company's long\-term interests.
* Strong **strategic thinking** combined with the **pragmatism** to know when good enough is better than perfect.

### **AI \& Responsible Innovation**

* Strong u**nderstanding of AI** and **emerging technologies** and the ability to identify where they can create **meaningful value** for users and the business.
* Experience navigating the **ethical, security, governance or regulatory considerations** associated with technology and AI adoption.
* A **thoughtful approach** to innovation that balances opportunity with **Unobravo's responsibility towards patients, therapists and their data.**

### **Power\-Ups**

* Experience leading or partnering closely with **Design** and **Research** functions.
* Experience operating in a **European regulatory environment**.
* Experience **scaling** organisations across **multiple markets.**

***Not everyone checks every box, and that’s okay. If this role inspires you and you’re passionate about making an impact in our mission, we’d love to hear from you***

### **What we offer**

 **Scaling with purpose**  

Step into a work environment that's in **constant motion**, and **ever\-evolving**. Be part of a company that's on the rise!  

  

**Everyone Needs Unobravo**  

Your mental health matters. Get access to **exclusive discounts on psychotherapy sessions** with our professionals: your well\-being comes first.

 **Moments That Matter**  

Enjoy unforgettable**company retreats**,**team\-building**experiences, nationwide **aperitivo parties**and more.. Because we love celebrating milestones together!

 **Free Online Language Training ️**  

We speak your language, and want you to speak ours! Enjoy a **free membership and conversation courses** on our language platform to grow personally and professionally.

**Birthday Off**  

Celebrating the passing of time is also fun at Unobravo! All employees can enjoy a **day off** on the month of their **birthday**.

 **World Mental Health Day, Our Way ‍️**  

On World Mental Health Day, we step back together, giving each of us **an additional day off** to rest, reflect and recharge.

 **Inclusive Parental Leave**  

Enjoy **extra days off** to celebrate the arrival of your little ones. Available for **all parents**, including biological fathers, same\-sex parents, adoptive, and foster parents. Because every family deserves time to connect.

### **To Fit in Our Culture**

  

At Unobravo, what truly connects us isn’t just *what* we do — it’s *how* we do it.  

If you’re curious to discover the values and behaviors that guide us every day, take a look at our **Culture Page** and see what being part of Unobravo really means.

### **Come as you are**

  

At Unobravo, everyone is welcome. We value individuality and believe that diverse perspectives make us stronger.  

We’re proud to be an equal\-opportunity employer and to provide reasonable accommodations to ensure a fair and accessible hiring process for all.  

If you require any support or adjustments during the application or interview process, please let us know, we’ll do our best to make sure you have a positive experience.

### **️ Selection Process**

  

Every application is carefully reviewed by our Talent team. If your profile matches the role, we’ll reach out to schedule an introductory call.  

Our selection journey may vary depending on the position, but it’s always designed to be clear, engaging, and meaningful. You might be invited to complete a case study and will meet your future manager and key team members along the way, so you can get a real sense of what it’s like to work with us, because finding the right fit goes both ways.  

And don’t worry! You’ll always have a dedicated point of contact from our Talent team to guide you through each step and make sure you have the best possible experience.","","https://it.indeed.com/cmp/Unobravo-International","","","","","","","","","","","","","regulatory manager"
"in-df56aee77838f47e","indeed","https://it.indeed.com/viewjob?jk=df56aee77838f47e","https://gsknch.wd3.myworkdayjobs.com/en-US/GSKCareers/job/Milan-via-Monte-Rosa/Expert-Activation-Specialist_543721-1","Expert Activation Specialist","Haleon","Milano, LOM, IT","2026-09-03","fulltime","","","","","",False,"","","","","Welcome to Haleon. We’re a purpose\-driven, world\-class consumer company putting everyday health in the hands of millions. In just three years since our launch, we’ve grown, evolved and are now entering an exciting new chapter – one filled with bold ambitions and enormous opportunity.
  

  

Our trusted portfolio of brands – including Sensodyne®, Panadol®, Advil®, Voltaren®, Theraflu®, Otrivin®, and Centrum® – lead in resilient and growing categories. What sets us apart is our unique blend of deep human understanding and trusted science.
  

  

Now it’s time to fully realise the full potential of our business and our people. We do this through our Win as One strategy. It puts our purpose – to deliver better everyday health with humanity – at the heart of everything we do. It unites us, inspires us, and challenges us to be better every day, driven by our agile, performance\-focused culture.


**About the role**

The Expert Marketing function aims to increase both the number of touchpoints (multichannel reach) and frequency of engagement with meaningful Healthcare Professionals (HCPs) across Haleon product categories, leveraging a progressively omnichannel approach.


The **Expert Activation Specialist** plays a pivotal role in driving the effectiveness of this ecosystem, ensuring the design and brilliant execution of impactful Expert activation plans across channels.


This role is responsible for defining and implementing local omnichannel strategies, maximizing HCP engagement and business impact.


A key focus is on performance monitoring and continuous optimization, leveraging data, insights, and advanced analytics to refine activation strategies and improve ROI.


The role collaborates closely with Categories and Media, Medical, Regulatory functions to ensure consistency, execution excellence, and the evolution toward a fully data\-driven operating model.


**Role Responsibilities**  



* **Leverage a multi‑ and omnichannel approach for maximum impact** , building new business opportunities by defining and executing strategic initiatives across emerging and existing channels (e.g. WhatsApp, Spotify, YouTube, 1st‑ and 3rd‑party database email), tracking performance KPIs and leveraging Global and European best‑practice learnings.
* **Define and implement the Italian Expert multichannel strategy** , with the Haleon Health Partner (HHP) digital platform at its core, ensuring clear media reach, conversion and engagement plans, as well as robust tracking and optimization of HHP performance KPIs.
* Collaborate closely with the Expert Marketing Manager to ensure effective omnichannel implementation and activation of category‑level content, maximizing consistency, impact and execution excellence across touchpoints.
* **Partner with the Medical function to execute the external Key Expert Engagement (KEE) strategy** , influencing key professional organizations and opinion leaders to strengthen Haleon’s corporate reputation among external stakeholders. Manage end‑to‑end KEE engagement (from business opportunity definition to contracting, execution and follow‑up) based on business needs, to drive condition awareness and brand relevance.
* **Prepare and deliver periodic performance reports** on omnichannel activities, in close collaboration with the Expert Multichannel Manager.
* **Translate data into clear, actionable insights** to inform and strengthen digital strategy development, with particular focus on NCOs.
* Support the evaluation of campaign and Expert initiative effectiveness, partnering with IPSOS, or sellout data providers as NewLine, Circana, and internal CBIA and SFE teams to build multi‑level, actionable reporting frameworks.
* **Collaborate with CBIA and Global Expert teams** to ensure correct execution and adoption of **MMM/Prometheus and MORE** as the “one source of truth”, embedding these tools into daily decision‑making for Expert activity performance assessment.
* Synthesize, present and share insights from analytics and research internally, enabling cross‑functional understanding and fostering the evolution toward an increasingly data‑driven omnichannel operating model.

***Why you?***

**Basic Qualifications:**  



* Strong analytical mindset, with the ability to interpret Expert, Marketing and Commercial KPIs.
* Solid experience in Expert, Marketing and Digital KPI measurement.
* Proven ability to use data to assess brand performance, Expert activity ROI and support strategic decision‑making.
* Strong capability to translate data into concrete actions.
* Deep understanding of Expert omnichannel engagement models.
* Ability to orchestrate multiple touchpoints (events, digital media, social, training, etc.) in a coherent and effective way.
* Experience ensuring alignment between strategy, execution and activation timing.
* High level of confidence in reporting and analytics tools (Excel, PowerPoint, Power BI).
* Proven experience in building and managing performance dashboards.
* Ability to convert data into actionable insights to continuously optimize strategies.
* Excellent cross‑functional collaboration skills.
* Strong ownership and result\-driven attitude.
* Structured thinking and problem‑solving capability.
* Strong attention to detail combined with a strategic, end‑to‑end perspective.
* Flexibility, proactivity and a continuous improvement mindset.
* High levels of learning agility and change agility.

\&\#xa;EUR 41,664\.00 \- EUR 57,288\.00\&\#xa;\&\#xa;The salary range for this position is indicative and provided as a guide. The final offer may vary depending on factors including relevant experience, skills, qualifications, and internal equity considerations. Further details regarding the total reward and benefits package will be shared during the recruitment process. Salary ranges may vary by location in line with local market conditions and applicable pay transparency regulations.\&\#xa;\&\#xa;Compensation information is shared for the primary location of this role. Where the position is advertised with additional locations the compensation range will be discussed during the recruiting process.  

**Job Posting End Date**

2026\-10\-02  

**Equal Opportunities**
-----------------------

Haleon are committed to mobilising our purpose in a way that represents the diverse consumers and communities who rely on our brands every day. It guides us in creating an inclusive culture, where different backgrounds and views are valued and respected – all in support of understanding and best serving the needs of our consumers and unleashing the full potential of our people. It’s important to us that Haleon is a place where all our employees feel they truly belong.
  

  

During the application process, we may ask you to share some personal information, which is entirely voluntary. This information ensures we meet certain regulatory and reporting obligations and supports the development, refinement, and execution of our inclusion and belonging programmes that are open to all Haleon employees.
  

  

The personal information you provide will be kept confidential, used only for legitimate business purposes, and will never be used in making any employment decisions, including hiring decisions.  



**Adjustment or Accommodations Request**
----------------------------------------

If you require a reasonable adjustment or accommodation or other assistance to apply for a job at Haleon at any stage of the application process, please let your recruiter know by providing them with a description of specific adjustments you are requesting. We’ll provide all reasonable adjustments to support you throughout the recruitment process and treat all information you provide us in confidence.  



**Note to candidates**
----------------------

The Haleon recruitment team will contact you using a Haleon email account (@haleon.com). If you are not sure whether the email you received is from Haleon, please get in touch.","","https://it.indeed.com/cmp/Haleon","https://d2q79iu7y748jz.cloudfront.net/s/_squarelogo/256x256/2d041011da7c631d4376b9431eb60375","https://www.haleon.com/","","10,000+","","A health company that puts people first, we exist to deliver better everyday health with humanity.","","","","","","","regulatory manager"
"in-4c82c3011e63cd5e","indeed","https://it.indeed.com/viewjob?jk=4c82c3011e63cd5e","https://careers.cencora.com/us/en/job/CHKCENUSR2612746EXTERNALENUS/Quality-Coordinator?utm_source=indeed&utm_medium=phenom-feeds","Quality Coordinator","Cencora","Milano, LOM, IT","2026-09-03","fulltime","","","","","",False,"","","","hrsc@cencora.com","Our team members are at the heart of everything we do. At Cencora, we are united in our responsibility to create healthier futures, and every person here is essential to us being able to deliver on that purpose. If you want to make a difference at the center of health, come join our innovative company and help us improve the lives of people and animals everywhere. Apply today!

**Job Details**
===============

World Courier, a Cencora company, is a global leader in specialty logistics, delivering time\-critical, temperature\-sensitive, and high\-value shipments that support healthcare and life sciences worldwide.

**About the Role**


We are looking for a Quality Coordinator to join World Courier in Lainate, Milan, Italy. In this role, you will help ensure that local transport operations are aligned with World Courier quality standards, internal procedures, and applicable regulatory requirements.


Working closely with local teams, management, suppliers, and regional and global quality stakeholders, you will play an important part in maintaining and improving the local Quality Management System. This is a great opportunity for a quality professional who enjoys working in a fast\-paced, regulated environment and wants to contribute to service excellence, compliance, and continuous improvement.

**Salary:** €50,000 \- €56,000 per year

**Key Responsibilities**

* Support the implementation, maintenance, and continuous improvement of the local Quality Management System (QMS).
* Act as a key local contact for quality and compliance matters, supporting the Country Manager and wider local team.
* Ensure transport quality topics are represented in local and global meetings, projects, and initiatives.
* Organize and support management review meetings in line with applicable SOPs.
* Manage and support the supplier qualification and evaluation process, including approvals, performance monitoring, audits, and corrective actions.
* Review and support the negotiation of Quality Agreements and Confidentiality Disclosure Agreements (CDAs/NDAs).
* Coordinate internal audits, external audits, inspections, and certification audits, acting as the main local quality contact and ensuring timely follow\-up on findings and action plans.
* Review and manage quality incidents, deviations, investigations, root cause analysis, and CAPA activities, escalating issues where appropriate.
* Support the effective handling of relevant customer complaints in accordance with internal procedures.
* Participate in risk management and change control processes, including communication with clients when required.
* Ensure pest control, cleaning programs, and other site quality processes are implemented and documented appropriately.
* Provide support for technical quality activities, including change controls, calibration, maintenance, qualification, validation, and temperature review processes where applicable.
* Maintain accurate and up\-to\-date quality documentation, including SOPs, work instructions, audit records, and related quality records.
* Support the review and maintenance of local SOPs and work instructions to ensure alignment with service, quality, and regulatory requirements.
* Use quality systems and tools such as MasterControl, SharePoint, and other applicable platforms to manage records, actions, and workflow requirements.
* Support self\-inspections, quality checks, and compliance monitoring activities.
* Help ensure compliance with local regulations, GDP, ISO standards, relevant GxP requirements, customer expectations, and company policies.
* Support the maintenance of licenses and regulatory documentation to ensure local compliance.
* Coordinate and monitor quality training activities, including training matrices, local job codes, and training compliance.
* Identify opportunities for process improvement and support continuous improvement initiatives.
* Participate in client meetings and contribute to enhancing customer satisfaction and service quality.
* Carry out additional quality responsibilities as required in support of local, regional, or global quality objectives.


.

**Skills and Experience**

* Experience in a quality\-related role within logistics, pharmaceuticals, healthcare, or another regulated environment is preferred.
* Good understanding of quality systems, compliance requirements, and regulated operations.
* Knowledge of or exposure to GDP, GxP, ISO standards, and local regulatory requirements would be advantageous.
* Proficient English is essential.
* Italian language skills are preferred, or a willingness to learn Italian.
* Strong communication skills, with the ability to engage effectively with internal teams, clients, suppliers, and external stakeholders.
* Strong interpersonal skills and the ability to build positive working relationships across all levels of the business.
* High standards of integrity, accountability, and attention to detail.
* Well\-organized, able to manage multiple priorities, and comfortable working to deadlines.
* Self\-motivated, proactive, and able to work independently as well as collaboratively within a team.
* Good awareness of customer needs and business priorities.
* Strong Microsoft Office skills, particularly in Excel, Word, and PowerPoint.
* Experience using systems such as MasterControl and SharePoint would be beneficial.

**What Cencora offers**
=======================


Benefit offerings outside the US may vary by country and will be aligned to local market practice. The eligibility and effective date may differ for some benefits and for team members covered under collective bargaining agreements.


Full time**Affiliated Companies**
========================


Affiliated Companies: World Courier Italia srl**Equal Employment Opportunity**
================================


Cencora is committed to providing equal employment opportunity without regard to race, color, religion, sex, sexual orientation, gender identity, genetic information, national origin, age, disability, veteran status or membership in any other class protected by federal, state or local law.


The company’s continued success depends on the full and effective utilization of qualified individuals. Therefore, harassment is prohibited and all matters related to recruiting, training, compensation, benefits, promotions and transfers comply with equal opportunity principles and are non\-discriminatory.


Cencora is committed to providing reasonable accommodations to individuals with disabilities during the employment process which are consistent with legal requirements. If you wish to request an accommodation while seeking employment, please call 888\.692\.2272 or email hrsc@cencora.com. We will make accommodation determinations on a request\-by\-request basis. Messages and emails regarding anything other than accommodations requests will not be returned","","https://it.indeed.com/cmp/Cencora","https://d2q79iu7y748jz.cloudfront.net/s/_squarelogo/256x256/6940a214bfd57eb4556ed84959e3a363","https://www.cencora.com","Conshohocken, PA","10,000+","more than $10B (USD)","We are united in our responsibility to create healthier futures","","","","","","","regulatory manager"
"in-1a26078820fe21cc","indeed","https://it.indeed.com/viewjob?jk=1a26078820fe21cc","https://apply.workable.com/j/3266E32964","FP&A Analyst","Moneyfarm","Milano, LOM, IT","2026-09-03","fulltime","","","","","",True,"","","","","**Who we are**


We are a rapidly growing pan\-European digital wealth manager, serving over 167,000 active investors with over £6\.5 billion invested on our platform. We began in Milan in 2011 with the purpose to help more people improve their financial well\-being by making personal investing simple and accessible through technology. Fast forward to today, and we are recognised as one of the most innovative fintechs, headquartered in the heart of London.


With a team of 220\+ people across 4 offices in Italy and the UK, we are proudly backed and funded by major partners including Poste Italiane, Cabot Square Capital, United Ventures, and Allianz.

**Our vision**


Our vision is to combine passion, expertise, and technology to provide best\-in\-class investment solutions and advice that protects and grows client wealth over time.

**Our Core Values:**


We’ve built our business on three Principles:

* Relationships are our first asset: We’re one team, built on trust, honesty, and transparency. We value our relationships above all else.
* Trust drives success: We give each other the space to grow. We empower our employees to succeed, so they can make a real impact.
* Our customers dream big, just like us: We see the bigger picture and we make sure our customers see it, too. We’re always focused on the best outcomes for our clients and for each other, no matter what the goal, or how big the dream

**What this means in practice:**


At Moneyfarm, our success comes from the impact each of us makes. We move with purpose, urgency, and ambition, focused on delivering outcomes that matter for our clients and our business. Everyone is empowered to take ownership, challenge the status quo, and turn bold ideas into results. As we evolve, we embrace AI as a catalyst for sharper thinking, smarter decisions, and even greater impact.


Our diversity makes this possible. Different perspectives, backgrounds, and experiences fuel our creativity and drive better decisions — it’s our competitive edge. We value people for who they are and their unique strengths: that's why we offer flexible ways of working to support them in doing their best work.

**About the role**


Moneyfarm is looking to reinforce its growing FP\&A team with an FP\&A Analyst who will be actively involved in shaping the direction of Finance at Moneyfarm. Reporting to the Head of FP\&A and liaising with numerous departments across the business, you will become an integral part of the Finance team owning the month\-end reporting and our FP\&A models, driving the forecast cycle, and delivering the financial insight that underpins company\-wide decision\-making. It's a coveted position at a company disrupting the wealth industry and undergoing tremendous growth.

**Key Responsibilityes**

* Assist in the preparation of the annual Budget.
* Deliver deep\-dive analyses on business performance, identifying and interpreting key trends, risks and opportunities to provide actionable recommendations.
* Develop, maintain and enhance complex financial models to support scenario planning, sensitivity analysis and strategic decision\-making.
* Support monthly closing activities by providing sharp, insightful analysis and commentary for the management reporting package.
* Act as a strategic finance partner to commercial teams, providing data\-driven insights to support new initiatives and drive profitable growth.
* Proactively identify and lead initiatives to improve processes, automate tasks and implement new systems to scale the Finance function effectively.
* Support capital planning and contribute to the monitoring, analysis and reporting of the firm's regulatory capital position, partnering with Finance and Risk teams.

  

**Requirements**  

Essential

* A Bachelor's degree in Accounting, Finance, Economics or a related field.
* 2–5 years of experience in FP\&A or Finance Controlling.
* Strategic thinking combined with strong attention to detail.
* Strong financial and analytical modelling skills, with a proven ability to build complex models.
* Excellent command of Microsoft Excel and the ability to manage and interpret large volumes of data.
* Excellent communication skills, with fluency in both spoken and written English.
* Confidence and experience presenting complex financial analyses to senior management.
* A proactive and adaptable individual who thrives in a fast\-paced environment.


Desirable

* Previous experience within a “Big 4” accounting firm.
* Experience in, or a sound understanding of, regulatory capital issues and/or capital planning within a financial services firm.
* Working knowledge of SQL.
* Familiarity with AI tools and automation.

**Location \& working pattern**


Full\-time and hybrid, based in either our Milan or London office. The role requires approximately 3–4 days per week in the office, with the remainder worked remotely.

**Level \& Compensation:**


We apply CCNL Credito and the salary range for this role is from **€35\.000** to **€40\.000** gross per year

 **Benefits**  

  

What We Offer* Competitive salary package with discretionary bonus.
* Private healthcare insurance.
* Meal vouchers (Ticket Restaurant) of €7\.
* Zero\-fee investments on the Moneyfarm platform for all employees.
* A vibrant, supportive and international workplace culture.","","https://it.indeed.com/cmp/Moneyfarm","","https://www.moneyfarm.com/it/","","","","","","","","","","","regulatory manager"
"in-51880989f17eeb70","indeed","https://it.indeed.com/viewjob?jk=51880989f17eeb70","https://jsv3.recruitics.com/redirect?rx_cid=3436&rx_jobId=R-01366991_1002&rx_url=https%3A%2F%2Fjobs.thermofisher.com%2Fglobal%2Fen%2Fjob%2FR-01366991%2FStart-up-Team-Manager-EMEA-Clinical-Trial-Start-Up-Lead-FSP%3Frx_a%3D0%26rx_c%3D%26rx_ch%3Djobp4p%26rx_group%3D123525%26rx_id%3D3013dcc3-a70d-11f1-a8bb-9f6db3d013bc%26rx_job%3DR-01366991_1002%26rx_medium%3Dcpc%26rx_r%3Dnone%26rx_source%3Dindeed%26rx_ts%3D20260909T100426Z%26rx_vp%3Dcpc%26utm_medium%3Dppc%26utm_source%3Drecruitics_indeedorganic","Start-up Team Manager – EMEA Clinical Trial Start-Up Lead - FSP","Thermo Fisher Scientific","Milano, LOM, IT","2026-09-02","fulltime","","","","","",False,"","","","","**Work Schedule**


Standard (Mon\-Fri)**Environmental Conditions**


Office**Job Description**

**Start\-up Team Manager – EU Clinical Trial Start\-Up**
========================================================


Join Thermo Fisher Scientific as a Start\-up Team Manager, taking a leadership role in the delivery of complex clinical trial start\-up activities across Europe.


This position requires demonstrated regional EU study start\-up leadership, with direct operational responsibility across multiple EU countries. The successful candidate will bring hands\-on knowledge of EU Clinical Trials Regulation (EU\-CTR) requirements, country\-specific start\-up pathways, and the practical differences that must be managed when activating studies across European markets.

 **Please note:** Experience leading start\-up activities within a single country, even when combined with broader exposure to EU studies, is not sufficient for this position. Candidates must be able to demonstrate direct oversight and accountability for start\-up delivery across multiple EU countries.

**What You’ll Do**
------------------


As Start\-up Team Manager, you will provide operational leadership and oversight for site and country activation activities, working across functions and geographies to ensure studies progress according to agreed timelines, quality standards, regulatory requirements, and budgets.

  

Key responsibilities include:

* Lead and oversee start\-up activities across multiple EU countries, coordinating country teams and cross\-functional stakeholders within a matrix environment.
* Provide regional oversight of site activation activities, ensuring delivery against project timelines, quality expectations, and contractual commitments.
* Navigate EU\-CTR requirements alongside country\-specific regulatory and start\-up requirements, recognising and proactively managing variations between European markets.
* Understand and manage country\-specific documentation requirements, including variations or additional documentation associated with EU\-CTR submissions.
* Identify and coordinate additional national or local committee approvals and requirements that sit outside the EU\-CTR process, where applicable.
* Coordinate the flow of information between project teams, clients, country teams, functional departments, and other stakeholders involved in site activation.
* Develop and implement start\-up plans and guidelines using established PPD/Thermo Fisher Scientific tools and processes.
* Monitor and analyse project and country\-level start\-up status, providing meaningful metrics, escalation, and recommendations to senior management.
* Proactively identify operational, regulatory, contractual, and timeline risks and develop effective mitigation and contingency plans.
* Manage competing priorities, dependencies, and timelines across multiple countries while maintaining visibility of critical\-path activities.
* Coordinate feasibility, site contracts, country teams, and other activities within the assigned scope of work.
* Collaborate with project teams to manage financial and contractual aspects of studies relating to site activation.
* Establish appropriate controls to ensure project resources and expenses remain aligned with agreed budgets and Global Project Management expectations.
* Evaluate complex start\-up issues, interpret available information, make sound business decisions, and ensure agreed solutions are implemented.
* Build effective relationships with customers and internal stakeholders throughout project delivery.

**What We’re Looking For**
--------------------------


We are particularly interested in candidates who can demonstrate substantive, hands\-on leadership of EU study start\-up activities at a regional level.


Successful candidates should be able to clearly demonstrate:

* Direct SSU/Study Start\-Up leadership and oversight across multiple EU countries, including the specific countries for which they have held operational responsibility.
* Practical knowledge of EU\-CTR and its application to multi\-country clinical trial start\-up.
* Understanding of how EU\-CTR implementation and documentation requirements can vary between countries, with concrete examples from previous studies.
* Knowledge of countries where additional national, local, institutional, or committee approvals may be required outside the EU\-CTR process, and experience managing those requirements.
* A structured approach to identifying, assessing, escalating, mitigating, and monitoring start\-up risks and issues.
* Proven ability to manage competing priorities across multiple countries, balancing regulatory requirements, site dependencies, resources, timelines, and stakeholder expectations.
* Ability to lead, influence, liaise with, and coordinate cross\-functional and geographically dispersed project teams.
* Strong cross\-cultural awareness and the ability to adapt communication and leadership approaches across different countries and stakeholders.
* Strong organisational, project management, and multitasking capabilities with excellent attention to detail.
* Ability to identify risks relating to contractual and operational deliverables and develop appropriate solutions.
* Comprehensive understanding of clinical research and clinical development, including applicable guidelines, directives, study phases, therapeutic areas, and medical terminology.

**Education \& Experience**
---------------------------

* Bachelor’s degree or equivalent relevant academic/vocational qualification.
* Typically 5\+ years of relevant clinical research experience, or an equivalent combination of education, training, and directly related experience.
* Demonstrated experience in clinical trial study start\-up/site activation.
* Demonstrated regional EU start\-up leadership with direct operational responsibility across multiple EU countries is essential.

**Working Conditions \& Environment**
-------------------------------------

* Work may be performed in an office, laboratory, and/or clinical environment.
* Role may involve exposure to biological fluids and infectious organisms, with appropriate personal protective equipment required where applicable.
* Regular use of electrical office equipment and computer software developed both internally and externally.
* Occasional domestic and international travel of up to approximately 20%, which may include travel outside normal business hours or at weekends.
* Ability to work effectively in a fast\-paced environment, manage changing priorities, communicate with diverse stakeholder groups, and perform under pressure.

**Why Join Us?**
----------------


When you join Thermo Fisher Scientific, you become part of a global team united by a shared commitment to scientific excellence and helping our customers make the world healthier, cleaner and safer.


You’ll work in a collaborative environment where your expertise in European clinical trial start\-up can directly contribute to the successful delivery of clinical studies and, ultimately, tomorrow’s scientific breakthroughs.","Industrial Manufacturing","https://it.indeed.com/cmp/Thermo-Fisher-Scientific","https://d2q79iu7y748jz.cloudfront.net/s/_squarelogo/256x256/65bd2e4bebb79b1432ac3277ffd57ae7","https://www.thermofisher.com/","168 Third Avenue, Waltham, MA USA 02451","10,000+","more than $10B (USD)","At Thermo Fisher Scientific, our professionals develop critical solutions—and build rewarding careers.","","","","","","","regulatory manager"
"in-da95522bbefd5b06","indeed","https://it.indeed.com/viewjob?jk=da95522bbefd5b06","https://haier.wd3.myworkdayjobs.com/en-US/HaierEurope_Professional_Careers/job/Brugherio-MB/IoT-Technology---Senior-Manager_REQ-26604","IoT Technology – Senior Manager","Haier Europe","Brugherio, LOM, IT","2026-09-02","fulltime","","","","","",True,"","","","","**Job Posting Title**


IoT Technology – Senior Manager**The challenge**


We are looking for an IoT Technology Senior Manager to lead the European technology delivery of our international connected platform.  

This is a pivotal role within our digital leadership team — responsible for ensuring our connected ecosystem delivers secure, scalable and seamless experiences across millions of connected appliances throughout Europe.  

You'll combine strong technical leadership with international collaboration, ensuring our global platform is successfully delivered across European markets while championing regional business and consumer requirements. Working closely with international engineering teams, you'll help shape the evolution of the platform, ensuring new capabilities are delivered quickly, reliably and with the highest standards of quality, security and compliance.  

We're looking for someone technically strong, commercially aware and confident working across multiple countries and functions — a leader who enjoys solving complex engineering challenges while always keeping the consumer experience at the centre of every decision.**What you will do**

**Key Responsibilities**

* Own the European technology delivery of our international connected platform, ensuring reliable, scalable and secure connected experiences across all brands and markets.
* Represent European business and consumer requirements within the international platform organisation, working closely with global engineering teams to influence priorities, capabilities and platform evolution.
* Lead the delivery of mobile applications, cloud services, APIs, device onboarding, connectivity services, firmware integration and over\-the\-air updates.
* Ensure successful delivery of new product introductions (NPI), platform enhancements and technical improvements through effective planning, governance and release management.
* Champion engineering excellence through platform reliability, performance optimisation, technical quality, operational monitoring and continuous reduction of technical debt.
* Ensure compliance with all relevant regulatory, security and privacy requirements, including GDPR, RED and other applicable European standards.
* Partner with UX, Product, Service, Digital and Marketing teams to ensure global platform capabilities become simple, intuitive and valuable consumer experiences.
* Lead, coach and develop a high\-performing IoT technology team, creating a culture of ownership, collaboration and continuous improvement.
* Manage our strategic third\-party engineering partner, ensuring strong delivery, effective planning, high technical standards and successful day\-to\-day collaboration across a distributed development organisation.
* Enable the integration of emerging technologies, including AI capabilities, ensuring the connected platform remains scalable, secure and future\-ready.
* Define and track platform KPIs linked to engineering and consumer outcomes, including delivery speed, platform stability, app ratings, connectivity performance, compliance and technical quality.
* Stay ahead of emerging technologies including AI, connected ecosystems, cloud services, security and industry standards — ensuring our connected platform continues to evolve while remaining secure, scalable and future\-ready.

**What you need to succeed**

**About You**

* 5\+ years' experience leading IoT, connected platform or software engineering teams, ideally within consumer technology, connected devices or digital products.
* Proven record of delivering secure, scalable and high\-quality connected platforms across multiple products and markets.
* Experienced in leading cross\-functional engineering teams and collaborating across international organisations.
* Strong technical understanding of cloud platforms, APIs, mobile applications, connected devices, firmware integration and modern software architecture.
* Experienced in Agile software delivery, CI/CD, release management, quality assurance and platform operations.
* Strong knowledge of regulatory compliance, security and privacy requirements including GDPR, RED and related European standards.
* Proven experience managing external technology partners and outsourced engineering organisations.
* Skilled at influencing without authority — able to align engineering, product and business teams around shared priorities across multiple geographies.
* You are an engineering\-led technology leader who enjoys solving complex technical problems while never losing sight of the consumer. You are equally comfortable discussing platform architecture with engineers, negotiating priorities with international stakeholders and helping business leaders understand technical trade\-offs.
* Curious, confident and comfortable working in fast\-changing international environments.
* Fluent in English (Italian or other European languages are a plus).

**What We Offer**

* A defining opportunity to shape the European delivery of one of the world's largest connected appliance platforms.
* A place on a transformational journey within one of Europe's most ambitious digital organisations.
* The opportunity to work across Europe and internationally, influencing the future evolution of our connected platform.
* The autonomy to modernise technology, drive engineering excellence and deliver visible consumer impact.
* A talented team, strategic technology partners and the opportunity to help build one of the strongest connected technology organisations in the industry.

**Employment Type:** Permanent Contract; Full\-Time

**National Collective Bargaining Agreement (CCNL):** Metalmeccanici Privati

**Minimum Gross Annual Salary:** € 60\.000


The position includes access to an **individual or collective variable incentive scheme** based on the achievement of predefined performance objectives (KPIs); alternatively, any additional variable compensation components or benefits will be governed by the applicable company policies.

**Benefits**:

* Free Canteen
* Smart Working


The Company may offer a different compensation package than the one indicated above, based on objective criteria identified during the selection process (such as experience, skills or changes in the scope and responsibilities of the role). Any such variation is in no way based on previous salary levels or on personal or discriminatory factors.


All decisions are made in compliance with the principle of equal pay, the applicable National Collective Bargaining Agreement (CCNL) and EU Directive 2023/970, as well as the relevant national implementing legislation.


Haier Europe is an Equal Opportunity Employer. Employment decisions are made without regard to race, color, religion, national or ethnic origin, sex, sexual orientation, gender identity or expression, age, disability, or other characteristics protected by law.","","https://it.indeed.com/cmp/Haier-Europe","https://d2q79iu7y748jz.cloudfront.net/s/_squarelogo/256x256/86755e6424a44c820ab125910cfa053a","https://corporate.haier-europe.com/en-gb/careers/","Comolli, 16 - 20861 Brugherio (MB) – Italy","501 to 1,000","$100M to $500M (USD)","In your hands, our three superbrands – Candy, Hoover, Haier – are the innovative power behind our determination to be the number one home appliance business in the UK & Ireland.","","","","","","","regulatory manager"
"in-7a0270afe01be16c","indeed","https://it.indeed.com/viewjob?jk=7a0270afe01be16c","https://careers.glovoapp.com/job/operations-manager-in-milan-italy-jid-744000146981929/","Operations Manager","Glovo","Milano, LOM, IT","2026-09-02","fulltime","","","","","",True,"","","","","Milan, Italy


Full\-time


Operations


  
**Who we are**
--------------


Glovo is part of the Delivery Hero Group, the world’s pioneering local delivery platform, our mission is to deliver an amazing experience—fast, easy, and to your door. We operate in around 70 countries worldwide. Headquartered in Berlin, Germany. Delivery Hero has been listed on the Frankfurt Stock Exchange since 2017 and is part of the MDAX stock market index.


### **Job Description**


Job Ref ID: JR0074606  

  

**Disclaimer: Only CVs in English will be considered.**

  

As the Operational Compliance \& Rider Operations Lead in Italy, your mission is to shape and safeguard Glovo's local operational framework while elevating the rider experience during a period of rapid growth. Reporting directly to the Head of Operations, you will take full ownership of navigating complex union relations, local regulatory compliance, and seamless rider support processes over the next 12–18 months. By driving high standards of operational compliance and efficiency, you will build a sustainable foundation for our delivery network across the market.

  

**THE JOURNEY**

* **Lead \& Support a High\-Performing Team:** Manage, mentor, and develop a team of 4 direct reports across rider acquisition, rider experience/support, billing \& cash management, union relations, and legal/authorities support.
* **Ensure 100% Operational \& Legal Compliance:** Define, deploy, and monitor robust local processes to guarantee strict compliance with Italian regulations, local laws, and authorities' guidelines.
* **Manage Industrial \& Union Relations:** Establish and maintain a constructive, highly productive framework for union dialogue and external institutional relationships to navigate complex local frameworks smoothly.
* **Optimize Rider Support \& Billing Operations:** Drive continuous improvement in rider experience, ensuring seamless onboarding, responsive support, and accurate, automated billing and cash management processes.
* **Cross\-Functional Collaboration:** Partner closely with Global Operations Teams, Legal, and Finance departments to align local operations with global strategies and implement best practices.
* **Drive Process Efficiency \& Automation:** Leverage operational data and analytical tools to streamline workflows, reduce friction in rider operations, and scale processes efficiently.


### **Qualifications**


**Must\-Haves:**

* **People Leadership:** Proven experience in managing, coaching, and developing direct reports (managing a team of 4\+) with a strong track record of operational leadership.
* **Analytical \& Data\-Driven Mindset:** Hands\-on proficiency with Excel and analytical platforms (e.g., Looker), combined with a mindset for process automation and data\-informed decision\-making.
* **Project \& Stakeholder Management:** Strong ability to execute complex projects and navigate diverse internal/external relationships, from global cross\-functional leadership to local authorities and external partners.
* **Language Fluency:** Professional native/bilingual proficiency in both Italian and English (both written and spoken).

**Nice\-to\-Haves:**

* **Industry \& Regulatory Experience:** Previous background in operations within heavily regulated sectors, delivery platforms, or fast\-paced logistics environments.
* **Legal \& Industrial Relations Expertise:** Familiarity with Italian labor laws, industrial relations, or legal framework negotiations.


Individuals representing diverse profiles, **and abilities,** encompassing various genders, ethnicities, and backgrounds, are less likely to apply for this role if they do not possess solid experience in 100% of these areas. Even if it seems you don't meet our musts don't let it stop you, we are all about finding the best talent out there! **Skills can be learned, and embracing diversity is invaluable.**

**We believe driven talent deserves:**

* An enticing equity plan that lets you own a piece of the action.
* Top\-notch private health insurance to keep you at your peak.
* Monthly Glovo credit to satisfy your cravings!
* Discounts on transportation, food, and even kindergarten expenses.
* ️ Extra time off, the freedom to work from home two days a week, and the opportunity to work from anywhere for up to three weeks a year!
* Enhanced parental leave.
* Online therapy and wellbeing benefits to ensure your mental well\-being.


Here at Glovo, we thrive on diversity, we believe it enhances our teams, products, and culture. We know that the best ideas come from a mashup of brilliant diverse minds. This is why we are committed to providing equal opportunities to talent from all backgrounds \- all genders, racial/diverse backgrounds, abilities, ages, sexual orientations and all other unique characteristics that make you YOU. We will encourage you to bring your authentic self to work, fostering an inclusive environment where everyone feels heard.


Feel free to note your pronouns in your application (e.g., she/her/hers, he/him/his, they/them/theirs, etc).

**So, ready to take the wheel and make this the ride of your life?**


### **Additional Information**


EUR 69\.000 \- EUR 73\.000 \- Yearly  

On top, your total compensation may include other benefits described above and equity for pre\-defined roles. This is the initial hiring range for this role and level. If at any point during the process we determine your experience and scope better align with a different hiring range, we'll be happy to review \& share it with you, before moving forward to the next stage of the process!


At Glovo, your success is defined by both results and behaviors. We hire for excellence in craft and for the Leadership Principles that shape how we think, decide, and collaborate. What you achieve matters and how you achieve it defines us. Together, they move the business forward and deliver great experiences. **Learn more about our Leadership Principles** **here****.**


Here at Glovo, we thrive on diversity, we believe it enhances our teams, products, and culture. We know that the best ideas come from a mashup of brilliant diverse minds. This is why we are committed to providing equal opportunities to talent from all backgrounds – all genders, racial/diverse backgrounds, abilities, ages, sexual orientations and all other unique characteristics that make you YOU. We will encourage you to bring your authentic self to work, fostering an inclusive environment where everyone feels heard.


Feel free to note your pronouns in your application (e.g., she/her/hers, he/him/his, they/them/theirs, etc).

**So, ready to take the wheel and make this the ride of your life?**  

  

Delve into our culture by taking a peek at our Instagram and check out our LinkedIn and website!


### **Base hiring range**


EUR 69,000 \- EUR 73,000 \- Yearly


On top, your total compensation may include other benefits described above and equity and/or variable bonuses for pre\-defined roles.  

This is the initial hiring range for this role and level. If at any point during the process we determine your experience and scope better align with a different role, we'll be happy to review \& share it with you, before moving forward to the next stage of the process!","","https://it.indeed.com/cmp/Glovo","https://d2q79iu7y748jz.cloudfront.net/s/_squarelogo/256x256/4bb89f0ad6a1ed58b76adab298ce81c7","https://jobs.glovoapp.com/","Barcelona","1,001 to 5,000","Decline to state","Glovo is an on-demand delivery app that's transforming the way consumers access local goods, enabling anyone to get almost any product delivered in minutes.","","","","","","","regulatory manager"
"in-45686a0efe240555","indeed","https://it.indeed.com/viewjob?jk=45686a0efe240555","https://careers.allianz.com/global/en/job/105580","Enterprise Project Manager (f/m/d)","Allianz","Milano, LOM, IT","2026-09-02","fulltime","","","","","",False,"","","","torecruiting@allianzgi.com","Enterprise Project Management (EPM) acts as AllianzGI's in\-house consulting unit, covering global and functional projects across the asset management value chain. Operating within a fast\-paced, agile environment, the global team plays a critical role in driving the successful delivery of strategic initiatives and contributing to the firm's overall success.
  
  

EPM combines strong project management expertise with deep market and product knowledge, supported by a broad stakeholder network and functional capabilities across key areas such as Investments and Operations. This unique setup positions the team as a trusted and value\-adding partner for complex transformation and change initiatives across AllianzGI.
  
  

The Enterprise Project Manager will be responsible for analysing, designing and implementing operating model changes across AllianzGI's fund management and investment operations landscape. The role supports strategic transformation initiatives, fund launches, target operating model (TOM) development, service provider onboarding and data integration projects across internal functions and external partners.
  
  

The successful candidate will work closely with Operations, Technology, Investment Teams, Product, Fund Registration, Risk, Compliance and third\-party providers to define business requirements, optimise processes and deliver scalable operating solutions that support AllianzGI's evolving product platform and regulatory environment.
  
  

What you will do
  
  

* Gather, document and validate business requirements for strategic initiatives and operational change programmes.
* Design and maintain Target Operating Models (TOMs) across fund operations, investment operations and outsourced service provider environments.
* Support the onboarding of new products, including UCITS, AIFs, ETFs and other investment vehicles.
* Define business requirements for data feeds, interfaces and workflow enhancements.
* Work with technology teams and vendors to implement data integrations across investment management and operational platforms.
* Act as a key liaison between business stakeholders, technology teams and external service providers.
* Maintain project documentation, process inventories and implementation records.
* Support audit, compliance and regulatory review activities.
* Ensure operational procedures and controls are appropriately documented and maintained.
* Support local Italian BAU investment and operational processes.
* Ensure a stable local Italian application environment, coordinating with Allianz Technology SpA, Allianz Technology SE, and AllianzGI technical and business teams to resolve issues and implement required changes.


What you bring
  
  

* Excellent university degree in Business Administration, Economics, IT, Engineering or related field of study
* Ideally at least 5 years’ experience in consulting or working in relevant departments of an Investment Management company
* Solid understanding of the Investment Management business and value chain of front\-, middle and back\-office functions
* Solid understanding of the regulatory framework for investment managers, insurance investors and funds domiciled in Europe
* Ability to build, influence and, negotiate relationships with stakeholders at all levels and across multiple jurisdictions
* Excellent analytical and problem\-solving ability
* Hands\-on, social, diplomatic team player with leadership skills
* Ability to work well in an international, diverse and highly interdisciplinary environment
* Strong communication skills, both written and speaking.
* Fluent in Italian and English, additional language skills are a plus
* Professional knowledge of Microsoft Office programs, in particular MS PowerPoint and MS Excel
* Experience in using Bloomberg order management system.
* Experience in a programming language, e.g. Python or SQL would be useful.
* Experience with Microsoft CoPilot and Prompt Engineering.


What we offer
  
  

* We empower our employees by ensuring flexible work arrangements that maintain a balance between performance, productivity, career development and personal priorities (e.g., hybrid model/ flexible working hours)
* Securing your future: Access to company pension/savings plans
* Shared success: Company share purchasing plan
* Support for what matters: Mental health and wellbeing programs
* Investments in your career: Career opportunities within the entire Allianz Group
* Investments in your skills: Comprehensive learning and development offerings, including certifications and professional qualifications
* Pursuant to Article 5(1\) of Legislative Decree No. 96 of 7 May 2026, as amended and supplemented from time to time, the range applicable to the position offered is between €60\.000 gross and €75\.000 gross. Employment will be subject to the terms and conditions set forth in the National Collective Labor Agreement for credit, financial and holding companies and the applicable Company Agreement. The final determination of the starting remuneration will be based on an evaluation of the candidate's qualifications, skills, and relevant experience in relation to the requirements of the role.
* … and so much more!


About Allianz Global Investors
  
  

Allianz Global Investors is a leading active asset manager, managing assets for individuals, families, and institutions worldwide. Our shared goal to shape a future of opportunity for our clients is foundational to our culture and our values. We look to attract, and actively nurture, individuals with the drive to achieve excellence at every stage of the investment experience.
  
  

We believe an inclusive culture is key to a flourishing workforce. Not only do we celebrate the broad range of experiences, backgrounds, and attributes that our workforce brings, but we support our people to live and work in a way that promotes their own wellbeing.
  
  

Allianz Group is one of the most trusted insurance and asset management companies in the world. Caring for our employees, their ambitions, dreams and challenges is what makes us a unique employer.  
  
  

**We are united by a shared commitment:** to put our clients first and at the centre of everything we do. Their needs inspire our thinking and guide our actions.  
  
  

Together, we can build an environment where everyone feels empowered and confident to explore, grow and shape a better future – for our clients and for the world around us. At Allianz, we stand for unity: we believe that a united world is a more prosperous world, and we are dedicated to consistently advocating for equal opportunities for all. The foundation for this is our inclusive workplace, where people and performance both matter, and where integrity, fairness, inclusion and trust are at the heart of our culture.  
  
  

We therefore welcome applications regardless of ethnicity or cultural background, age, gender, nationality, religion, social class, disability or sexual orientation, or any other characteristics protected under applicable local laws and regulations. 
  
  

If you feel inspired to promote the active asset management experience, this is the place for you. Join our international, technology\-enabled, and agile environment. Simply upload your CV in English to apply for this position.  If you need support to navigate our websites or at any stage during your application, please send an email with your request torecruiting@allianzgi.com. 
  
  

**To Recruitment Agencies:**  

Allianz Global Investors has an in\-house recruitment team that sources great candidates directly. Therefore, Allianz Global Investors does not accept unsolicited resumes from agency or search firm recruiters.
  
  

When we do work with recruitment agencies, that engagement is formalized by a contract. Fees will only be paid when there is a contract in place.
  
  

Without a contract in place, we will not accept invoices on unsolicited resumes, even if the candidate was ultimately employed by Allianz Global Investors.
  
  

Finally, please do not contact hiring managers directly.
  
  

Join us. Let’s care for tomorrow.
  
  

**How to Apply:** Applying is quick and easy. Simply upload your CV, complete your personal details, confirm your consent for AI support in the “Additional Information” section, and submit your application.
  
  

To support our recruiters, we use Fit Score—an AI‑powered tool that highlights how closely your profile aligns with the role. This helps us review applications more efficiently and focus on what matters most: your skills and experience.
  
  

**Good to know:** The Fit Score is a support tool only. At Allianz, technology never replaces human judgment. Every application is carefully reviewed by our recruiting teams, ensuring a fair, thoughtful, and personal hiring process.
  
  

105580 \| Project Management \| Professional \| n.a. \| Allianz Global Investors \| Full\-Time \| Permanent","Insurance","https://it.indeed.com/cmp/Allianz","https://d2q79iu7y748jz.cloudfront.net/s/_squarelogo/256x256/cac0d52cae46ffd6568ad1a01ea48cfb","https://www.allianz.com/en.html","Königinstrasse 2880802 Munich Germany","5,001 to 10,000","more than $10B (USD)","The Allianz Australia Group operates across Australia and NZ and have a wide range of opportunities to help you take the next step.","","","","","","","regulatory manager"
"in-73d23eb2d1e47278","indeed","https://it.indeed.com/viewjob?jk=73d23eb2d1e47278","https://careers.getmurphy.ai/jobs/8309879-debt-collections-advisor-italy","Debt Collections Advisor - Italy","Murphy AI","Milano, LOM, IT","2026-09-02","","","","","","",True,"","","","","**Murphy AI** is a next\-generation **debt collection platform powered by artificial intelligence**, designed to optimize recovery rates while maintaining respectful and personalized communication. Our advanced automation streamlines the process of collecting overdue invoices for businesses, **providing a seamless and effective solution**.


At Murphy AI, we’re tackling one of the toughest challenges in fintech: **making debt recovery more efficient, autonomous and scalable.** Our AI\-powered agents adapt instantly, engaging with debtors across channels like voice, email and sms to maximize results while preserving trust. By combining advanced artificial intelligence with powerful automation, **we’re setting a new standard for how businesses recover payments**.


As a fast\-growing startup that has already made an impact within less than a year in the market, **we are building a talented team to scale our operations and drive our vision forward**

#### **About the Role**


Murphy is building the AI agents that will run real collections conversations for banks, lenders and collection agencies across Italy — and we need people who've actually done the job to make sure our AI does it right. We're recruiting **Debt\-Collection Experts** to join our advisor network in a **consultant/advisor capacity**: no full\-time commitment, just your judgment and experience, paid by the hour (roughly **5–20 hours per month**).


You'll work directly with Murphy's product and AI teams to pressure\-test how our voice agents negotiate, escalate, and stay compliant — bringing the floor\-level and strategic reality of the Italian collections into how we design and train our technology.

#### **Responsibilities**

**Domain Review \& AI Validation**

* Review call flows, scripts and negotiation logic used by Murphy's AI agents and flag anything that doesn't match how a real collections desk would handle it.
* Validate cadence, cure\-rate assumptions, settlement/negotiation ranges, and escalation paths against real\-world practice.
* Stress\-test edge cases: disputes, renegotiation, hardship, repeat promises\-to\-pay, and regulatory triggers.

**Compliance \& Local Nuance**

* Flag anything that could create compliance risk under British consumer\-protection rules.
* Advise on tone, channel mix and contact\-frequency norms considered acceptable vs. abusive in the Italian market.

**Knowledge Transfer**

* Join periodic working sessions (calls/async review) with Murphy's product and engineering teams.
* Share real examples, scripts and playbooks from your own collections experience (anonymized, no client data).

#### **What We're Looking For**


We're recruiting across two profiles:

* **Bank in\-house collections leaders** — you've owned the creditor\-side process: placement strategy, make\-vs\-buy decisions, and portfolio oversight.
* **DCA / servicer / BPO collections \& contact\-centre managers** — you've run the floor: cadence, scripts, cure rates, and agent incentives.


And you likely also have:

* **5\+ years** of experience in collections.
* Current or recent ( 2 years) experience at a named bank, DCA, servicer or BPO.
* A title of **Manager, Team Lead, Head, Director or VP** (front\-line agent/officer/advisor titles only qualify if you've since moved into managing a team).

#### **️ The Engagement**

* Format: consultant/advisor, paid hourly.
* Time commitment: approx. **5–20 hours/month**, flexible around your schedule.
* Fully remote.

#### **Why Join**

* Shape how AI actually collects debt at some of the world's top banks
* Flexible, low\-commitment engagement that fits around your current job.
* Work directly with a founding product/AI team backed by Northzone, ElevenLabs and Lakestar.
* Competitive hourly consulting fee.","","https://it.indeed.com/cmp/Murphy-Ai","","","","","","","","","","","","","regulatory manager"
"in-3b665b9ae65020c8","indeed","https://it.indeed.com/viewjob?jk=3b665b9ae65020c8","https://jobdetails.nestle.com/job/Assago-Stage-Business-Quality-&-Continuous-improvement-Nespresso/1432007133/?feedId=392933&utm_source=Indeed","Stage Business Quality & Continuous improvement Nespresso","Nespresso","Assago, LOM, IT","2026-08-31","fulltime, internship","","","","","",False,"","","","","**Position Snapshot*** Nespresso Italy, Milan Assago
* Undergraduate or graduate degree in Food Science, Food Technology, Economics, Engineering or related fields
* Nestlé welcomes people with disabilities
* Full\-time internship (6 months) – We offer a monthly allowance of €900, free access to the company canteen, free access to a partner gym near the office, and a company laptop.
* Dynamic and international environment, with opportunities to learn from cross\-functional teams and global stakeholders
* Start date: September 2026

 **Position Summary**
The candidate will have the opportunity to join the Nespresso Service Excellence team and work closely with the Business Quality Expert.  

You will support the team in day\-to\-day Quality activities, contributing to the management and optimization of quality processes, and to ensure product \& process compliance. The role is designed to support the Quality Expert in ensuring product quality, and regulatory compliance across local operations. **A day in the life of...*** Support the team with a proactive approach in daily operational activities related to Quality and Continuous Improvement.
* Contribute to the monitoring and analysis of quality KPIs, customer complaints, audit findings and recurring issues, helping to identify trends and improvement opportunities
* Support the management of quality documentation, including technical data sheets, declarations of compliance, supplier documents and internal procedures
* Support audit preparation and follow\-up activities for boutiques, customer service and operational partners, ensuring proper tracking of actions and evidence
* Collaborate and coordinate with internal and external stakeholders, such as Customer Care, Boutiques, Supply Chain, Marketing, suppliers and service partners, to ensure a timely response to quality topics, incidents and documentation requests

 **What will make you successful*** Curiosity and interest in Corporate Quality, Compliance and Continuous improvement initiatives
* Strong problem\-solving skills and agile mindset,
* Good communication and collaboration skills, with the ability to interact with different stakeholders
* Positive, forward\-looking mindset, ownership and team spirit
* Fluency in English
* Good knowledge of Microsoft Office, especially Excel, PowerPoint and Word
* Knowledge of BI and reporting tools such as Power BI is considered a plus

 **What You Will Learn**
During this internship, you will gain hands\-on experience in Business Quality within a premium FMCG environment. You will support activities related to quality, compliance and continuous improvement, while developing problem\-solving and stakeholder management skills. **About Nestlé \& Nespresso**
Nespresso is part of the Nestlé Group, the world's largest food and beverage company.
We are committed to fostering a diverse, equitable and inclusive workplace. We encourage applications from all backgrounds and are proud to be an equal opportunity employer. **Our Selection Process** **Step 1:****Meeting with HR – Talent Acquisition Motivational and Attitudinal Assessment**
An introductory conversation focused on your motivations, academic experiences and interest in Quality, Compliance and Continuous Improvement. We will explore your analytical mindset, communication skills and willingness to learn in a dynamic and cross\-functional environment. **Step 2:****Meeting with the Line Manager / Tutor Quality \& Continuous Improvement Discussion**
An interview focused on Business Quality, compliance and continuous improvement. You may be asked to discuss academic projects or experiences related to quality management, process optimization, data analysis or problem solving, demonstrating your ability to identify improvement opportunities and work with different stakeholders. **Step 3:****Feedback**
You will receive feedback at the end of the process, regardless of the outcome. **Who we are, What we Believe in**
We are Nestlé. We are the ***Good food, Good life*** company.  

*Good food, Good life* is our promise, it is a daily commitment. It is only thanks to our people that we can make a difference and realize this belief: we call them ***Good People***.  

At Nestlé, we believe that **recognition, inclusion and valorization of diversity** can make us grow both as individuals and as a company. This is why we promote a work environment, a business culture and a leadership model that guarantee equal opportunities for everyone and at all organizational levels. We believe **diversity is a winning factor** and we always encourage our people to share ideas and collaborate.  

  

Here at Nestlé you will also be able to be part of the **Emotional Communities**, groups of colleagues of different functions and seniorities who come together with the aim of spreading a corporate culture that allows everyone to freely express their passions and identities. **LGBT \+, Gender Balance, Young, Disability, Volunteering, Green, Multiculturalism** are just some of the communities that you can be part of.  

  

**Diversity is a fact, inclusion is a choice and we have chosen to be inclusive.**","","https://it.indeed.com/cmp/Nespresso-47fe2ab2","https://d2q79iu7y748jz.cloudfront.net/s/_squarelogo/256x256/1d7ae35e58eec6badf60946871a77cf8","https://nestle-nespresso.com/careers","Vevey","10,000+","$5B to $10B (USD)","Mission: Our singular focus is on delivering highest quality coffees and ultimate coffee experiences to our consumers cup after cup.","","","","","","","regulatory manager"
"in-0c99759f4ffc84ce","indeed","https://it.indeed.com/viewjob?jk=0c99759f4ffc84ce","https://jobs.whirlpool.com/careers/job/34403344467?utm_source=indeed&domain=whirlpool.com","Finance Manager","Whirlpool Corporation","Mercallo, LOM, IT","2026-07-30","","","","","","",False,"","","","","**Requisition ID:** 72615

**About Whirlpool Corporation**

  

Whirlpool Corporation (NYSE: WHR) is a leading home appliance company, in constant  

pursuit of improving life at home. As the only major U.S.\-based manufacturer of kitchen  

and laundry appliances, the company is driving meaningful innovation to meet the evolving  

needs of consumers through its iconic brand portfolio, including Whirlpool, KitchenAid,  

JennAir, Maytag, Amana, Brastemp, Consul, and InSinkErator. In 2025, the company reported  

approximately $16 billion in annual net sales \- close to 90% of which were in the Americas \-  

41,000 employees, and 35 manufacturing and technology research centers. Additional  

information about the company can be found at WhirlpoolCorp.com.

**The team you will be a part of**
----------------------------------


The Accounting team establishes and maintains accounting policies and controls, fiscal controls, preparing financial reports and safeguarding the organization's assets. Maintains accounting and financial records and reports, including general ledger, financial statements, regulatory and management reports.**This role in summary**
------------------------



The Finance Manager will take 100% independent ownership of all day\-to\-day accounting, statutory, fiscal, and regulatory tasks for our Italian legal entity at our Mercallo site. As the entity navigates its next strategic lifecycle phase, this professional will ensure local compliance, manage regulatory filings, oversee the transition of operational activities, and maintain robust financial governance.


This role reports directly to Luxembourg\-based finance leadership and offers an excellent opportunity to manage complex corporate compliance and entity restructuring processes.


**Your responsibilities will include**
--------------------------------------



More specifically, the main tasks and responsibilities will include:

* *Entity Governance \& Compliance:* Manage the end\-to\-end statutory, regulatory, and fiscal lifecycle obligations of the Italian legal entity, ensuring full compliance with local authorities during transitional phases.
* *Financial \& Statutory Accounting*: Lead day\-to\-day accounting, review accruals, and supervise corporate financial records. Prepare annual financial statements under Italian GAAP.
* *Global Reporting Alignment:* Deliver accurate monthly and quarterly financial reporting inputs to the US parent company, adapting local financial data to group requirements.
* *Tax \& Treasury Oversight:* Coordinate annual tax return compliance (in partnership with our outsourced tax provider). Oversee the preparation and submission of VAT returns, statistical returns, and serve as the final monthly reviewer for F24 forms (vendors and remaining payroll allocations).
* *Audit \& Closure Readiness:* Coordinate external audit processes, prepare comprehensive external audit deliverables, and systematically archive financial records to support long\-term compliance requirements.
* *Cash Flow Management:* Coordinate entity cash flow availability, weekly forecasting, intercompany cost rebills, and intercompany reconciliations. Provide financial projections and interim accounts for group\-wide entity management projects.
**Minimum requirements**
------------------------


* More specifically, the main tasks and responsibilities will include:
* Entity Governance \& Compliance: Manage the end\-to\-end statutory, regulatory, and fiscal lifecycle obligations of the Italian legal entity, ensuring full compliance with local authorities during transitional phases.
* Financial \& Statutory Accounting: Lead day\-to\-day accounting, review accruals, and supervise corporate financial records. Prepare annual financial statements under Italian GAAP.
* Global Reporting Alignment: Deliver accurate monthly and quarterly financial reporting inputs to the US parent company, adapting local financial data to group requirements.
* Tax \& Treasury Oversight: Coordinate annual tax return compliance (in partnership with our outsourced tax provider). Oversee the preparation and submission of VAT returns, statistical returns, and serve as the final monthly reviewer for F24 forms (vendors and remaining payroll allocations).
* Audit \& Closure Readiness: Coordinate external audit processes, prepare comprehensive external audit deliverables, and systematically archive financial records to support long\-term compliance requirements.
* Cash Flow Management: Coordinate entity cash flow availability, weekly forecasting, intercompany cost rebills, and intercompany reconciliations. Provide financial projections and interim accounts for group\-wide entity management projects.
**Preferred skills and experiences**
------------------------------------


* *Experience \& Profile:* We are seeking candidates with 3–5 years of experience at the finance or accounting manager level, with at least five years of total relevant accounting experience.
* *Italian GAAP Expertise:* A profound understanding of Italian GAAP statutory regulations, local tax compliance, and legal entity requirements is mandatory.
* *US GAAP \& Training:* Prior experience with US GAAP is not required. The group will provide the necessary training and support to help the successful candidate adapt local records to corporate US reporting structures.
* *Language Skills:* Fluency in both Italian and English is mandatory. The hiring manager is based in Luxembourg; therefore, your CV must be submitted in English, and all interviews will be conducted in English.
* *Autonomy \& Resilience:* A proven self\-starter who can operate with minimal local supervision, manage tight institutional deadlines.
* *Location \& Contract:* Ability to work on\-site out of our Mercallo (VA) location under a 1\-year fixed\-term structure.
* *Tech Proficiency:* Advanced knowledge of SAP, or other ERP system, and Microsoft Office (Excel) is required.
**What we offer**
-----------------



Join our well\-structured and consolidated team, where collaboration and excellence are deeply valued. You'll thrive in an international environment offering global career opportunities. Enjoy a supportive team spirit and positive atmosphere that fosters growth and innovation.


The anticipated salary range for this position is €58000 \- € 70\.000\. Final compensation within this range will be determined based on several factors, including the candidate’s relevant skills, professional experience, and specific educational background and certifications.

  

Connect with us and learn more about Whirlpool Corporation


See what it's like to work at Whirlpool by visiting Whirlpool Careers. Additional information about the company can be found on Facebook, Twitter, LinkedIn, Instagram and YouTube.


Whirlpool Corporation is committed to equal employment opportunity and prohibits any discrimination on the basis of race or ethnicity, religion, sex, pregnancy, gender expression or identity, sexual orientation, age, physical or mental disability, veteran status, or any other category protected by applicable law.","","https://it.indeed.com/cmp/Whirlpool-Corporation","https://d2q79iu7y748jz.cloudfront.net/s/_squarelogo/256x256/b37ce9a096efd4efccdd23c0ac96d36a","https://whirlpoolcorp.com/","Benton Harbor, MI","10,000+","more than $10B (USD)","Whirlpool Corporation is committed to being the best global kitchen and laundry company, in constant pursuit of improving life at home.","","","","","","","regulatory manager"
"in-7e0e543bfd6ed07f","indeed","https://it.indeed.com/viewjob?jk=7e0e543bfd6ed07f","https://gsknch.wd3.myworkdayjobs.com/en-US/GSKCareers/job/Milan-via-Monte-Rosa/Trade-Marketing-Direct-Pharma---Internship_547903","Trade Marketing Direct Pharma - Internship","Haleon","Milano, LOM, IT","2026-09-08","fulltime","","","","","",False,"","","","","Welcome to Haleon. We’re a purpose\-driven, world\-class consumer company putting everyday health in the hands of millions. In just three years since our launch, we’ve grown, evolved and are now entering an exciting new chapter – one filled with bold ambitions and enormous opportunity.
  

  

Our trusted portfolio of brands – including Sensodyne®, Panadol®, Advil®, Voltaren®, Theraflu®, Otrivin®, and Centrum® – lead in resilient and growing categories. What sets us apart is our unique blend of deep human understanding and trusted science.
  

  

Now it’s time to fully realise the full potential of our business and our people. We do this through our Win as One strategy. It puts our purpose – to deliver better everyday health with humanity – at the heart of everything we do. It unites us, inspires us, and challenges us to be better every day, driven by our agile, performance\-focused culture.


**Trade Marketing Direct Pharma – Internship**

**About the role**

We are looking for a Trade Marketing Intern, who can develop new commercial opportunities within Direct Pharma channel.


In this internship role you will support to all Trade Marketing Team in the creation and implementation of commercial strategy in Direct Pharma channel through POS materials, selling stories for the salesforce and promo development.


**Key responsibilities**

* Support in implementation of sell\-out activation and canvass executions.
* Monitoring commercial strategies execution in order to leverage good performance and suggest corrective actions if needed.
* Analysis of competitors’ plans and strategies through the analysis of market data and collecting insight from field.
* Direct Pharma Channel performance and KPI Tracking (sell\-in and sell\-out)
* Support in managing relation with external partner and agency (merchandising, pos materials developer, creative agencies, etc...).
* Collaborate with Sales and Sellout specialist field forces to ensure brilliant execution and deployment of the strategy in the Point of sale.

**Qualifications and skills Essential**

* University Degree in Economics and Management / Marketing
* Fluency in English
* Use of all Office package (with focus on powerpoint and excel)
* Smart approach with dashboards and databases to monitor performance
* Market data analysis and understanding
* Enthusiastic, creative person who thinks in terms of solutions, curiosity and passion for his job
* Analytical skills
* Effective communication skills
* Good Business acumen
* Details orientation
* Ability to work in fast paced environment
* Ability to work with the data
* Well organized and disciplined
* Proactive in problem solving

**Preferred**

* Young talent who is interested in pharmacy business or in commercial functions
* Previous experience in Trade Marketing, Marketing or Analyst position is a plus
* Person who enjoys interacting with cross\-functional team and learning from interactions with different people

**Job Posting End Date**

2026\-09\-20  

**Equal Opportunities**
-----------------------

Haleon are committed to mobilising our purpose in a way that represents the diverse consumers and communities who rely on our brands every day. It guides us in creating an inclusive culture, where different backgrounds and views are valued and respected – all in support of understanding and best serving the needs of our consumers and unleashing the full potential of our people. It’s important to us that Haleon is a place where all our employees feel they truly belong.
  

  

During the application process, we may ask you to share some personal information, which is entirely voluntary. This information ensures we meet certain regulatory and reporting obligations and supports the development, refinement, and execution of our inclusion and belonging programmes that are open to all Haleon employees.
  

  

The personal information you provide will be kept confidential, used only for legitimate business purposes, and will never be used in making any employment decisions, including hiring decisions.  



**Adjustment or Accommodations Request**
----------------------------------------

If you require a reasonable adjustment or accommodation or other assistance to apply for a job at Haleon at any stage of the application process, please let your recruiter know by providing them with a description of specific adjustments you are requesting. We’ll provide all reasonable adjustments to support you throughout the recruitment process and treat all information you provide us in confidence.  



**Note to candidates**
----------------------

The Haleon recruitment team will contact you using a Haleon email account (@haleon.com). If you are not sure whether the email you received is from Haleon, please get in touch.","","https://it.indeed.com/cmp/Haleon","https://d2q79iu7y748jz.cloudfront.net/s/_squarelogo/256x256/2d041011da7c631d4376b9431eb60375","https://www.haleon.com/","","10,000+","","A health company that puts people first, we exist to deliver better everyday health with humanity.","","","","","","","regulatory specialist"
"in-72e5455a8e5e0cee","indeed","https://it.indeed.com/viewjob?jk=72e5455a8e5e0cee","https://data4.bamboohr.com/careers/337?source=indeed&src=indeed&postedDate=2026-09-08","CSA Lead","Data4 Group","Cornaredo, LOM, IT","2026-09-07","fulltime","","","","","",False,"","","","","**DATA4'S MISSION**



DATA4 creates Smart \& Scalable digital facilities for our customers. Our network of highly connected, resilient and sustainable data center campuses underpins our customers’ digital growth in Europe.



DATA4 Group finances, designs, constructs and operates its own data centers. Delivered through our data center campus model, we provide our customers with secure, scalable and high\-performance data hosting solutions.

  


**DATA4 VALUES**



At DATA4 we are driven by our values. These are the core of everything we do – from the proactivity we show in delivering great outcomes for our clients, to the responsibility we show as a key contributor to the digital economy. Our three values are:



* **To be entrepreneurial** – we are teams of doers who make things happen \- with autonomy, energy and a sense of responsibility


* **To always take responsibility** – for our impact on the people we work with, the society we are part of, and the environment in which we operate


* **To constantly be adaptable** – our business is designed to adapt, answering not only today’s challenges, but also anticipating what’s coming next.
  


**ABOUT THE ROLE**



We are seeking a highly motivated and experienced Data Center Civils, Structural and Architectural (CSA) Lead to join our Engineering department. This transversal role focuses on leading all CSA aspects of data center design and construction projects. You will provide technical expertise, develop conceptual designs, oversee handover processes, represent the company in project meetings, and ensure the smooth implementation of CSA. The role will also focus on developing Global CSA standards and ensuring these are implemented on projects. This will also involve significant amount of work with Key internal and external stakeholders (including Clients) to develop CSA solutions.

 **RESPONSIBILITIES**


**Design Leadership \& Product Ownership**

  

* Act as the discipline owner for CSA engineering within the Engineering organisation.
* Lead the development and continuous improvement of DATA4 CSA design standards across all European campuses.
* Define and maintain design principles, technical specifications, standard details and approved solutions for data centre developments.
* Provide technical leadership during feasibility studies, due diligence activities and campus master planning exercises.
* Support the development of scalable and repeatable data centre products while driving consistency across projects and geographies.
* Ensure CSA designs align with operational, commercial, sustainability and customer requirements.

  


**Conceptual \& Detailed Design**


* Lead CSA design development for new campuses, expansions and retrofit projects.
* Review and approve conceptual, schematic, developed and detailed designs prepared by external consultants.
* Ensure designs achieve the required levels of resilience, safety, functionality, flexibility and operational efficiency.
* Evaluate structural systems, building envelopes, site development strategies, road networks, utilities interfaces and underground infrastructure.
* Coordinate interfaces between architectural, civil, structural, mechanical, electrical, controls and commissioning disciplines.

  


**Technical Governance \& Assurance**


* Serve as the company's internal expert for all CSA engineering matters.
* Establish and manage design governance processes, technical reviews and design assurance activities.
* Review consultant submissions and verify compliance with company standards, project requirements and applicable regulations.
* Ensure consistency of engineering solutions across multiple projects and countries.
* Support risk identification, mitigation and resolution related to CSA systems.

  


**Construction \& Project Support**


* Provide technical support during construction activities across multiple projects.
* Support project teams in resolving complex design, site and construction challenges.
* Review contractor proposals, value engineering initiatives and technical deviations.
* Participate in site inspections, quality audits and progress reviews.

  


**Stakeholder Management \& Representation**


* Act as the primary CSA engineering representative within the organisation.
* Collaborate with internal departments including Development, Construction, Operations, Procurement, Sustainability and Commercial teams.
* Manage relationships with external engineering consultants, architects, contractors and specialist suppliers.
* Represent DATA4 during technical meetings, design workshops, regulatory discussions and customer engagements.
* Communicate complex technical matters clearly to both technical and non\-technical stakeholders.

  


**Continuous Improvement \& Innovation**


* Monitor industry trends, technologies, materials and construction methodologies relevant to data centre development.
* Identify opportunities to optimise cost, programme, sustainability, scalability and operational performance.
* Lead the implementation of innovative design approaches and best practices.
* Analyse project feedback and lessons learned to continuously improve standards and processes.
* Contribute to sustainability initiatives, embodied carbon reduction strategies and circular economy objectives.

  


**RESPONSIBILITES IN TERMS OF IMS CERTIFICATIONS**


**Respect and enforce certification policies in terms of:**


* **H\&S:** Respect and enforce health and safety rules.
* **Environment:** Respect and enforce environmental policies.
* **Information security:** Respect and enforce information security policies
* **Energy:** Respect and enforce the policy of reducing energy consumption.

  


**REQUIREMENTS**


**Education and experience**

  

* Bachelor's or Master's degree in Architecture, Civil Engineering, Structural Engineering or a related discipline.
* Minimum 10 years of experience in design and construction of mission\-critical facilities, large industrial developments, commercial developments or data centres.
* Proven experience leading multidisciplinary design teams and managing external consultants.
* Demonstrated experience in CSA design governance and technical assurance.
* Experience supporting projects throughout the full development and construction lifecycle.
* English: Fluent.

  


**Technical skills**


* Strong experience in architectural design, building planning and building envelope systems.
* Strong knowledge of structural and civil engineering
* Understanding of geotechnical engineering principles and site development constraints.
* Knowledge of European building codes, structural standards and construction regulations.
* Experience with multidisciplinary coordination within mission\-critical facilities.
* Experience reviewing engineering consultant deliverables and managing design reviews.
* Knowledge of BIM methodologies and digital design coordination processes.
* Understanding of sustainability principles and low\-carbon construction strategies.
* Experience supporting construction activities and resolving field engineering issues.

  


**Preferred**:


* Chartered Engineer (CEng), Chartered Structural Engineer (MIStructE) or equivalent professional accreditation.
* Registered Architect or equivalent professional qualification.
* Experience in hyperscale or colocation data centre developments.
* Experience in design standardisation and product development.
* Experience with BIM, Revit and common design collaboration platforms.

  


**Soft skills**


* Excellent communication, interpersonal, and leadership skills.
* Strong analytical and problem\-solving skills.
* Proactive: Takes initiative and ownership of tasks without needing constant direction.
* Accountable: Admits mistakes, learns from them, and delivers on commitments.
* Agile: Learns quickly and applies new knowledge in practical situations.
* Collaborative: Works effectively with diverse teams and adapts communication styles accordingly.
* Resilient: Maintains a positive attitude and composure under pressure.
* Independent: Works autonomously and takes calculated risks.
* Data\-driven: Makes decisions based on evidence and analysis.","","https://it.indeed.com/cmp/Data4-Group-1","https://d2q79iu7y748jz.cloudfront.net/s/_squarelogo/256x256/bb6c70de9db61291868dfa9010c1c10d","https://www.data4group.com/","6 rue de la Trémoille 
75008 Paris 
France","","","DATA4 est un opérateur et investisseur européen majeur sur le marché de data centers. Le Groupe finance, conçoit, construit et opère ses propres data centers.","","","","","","","regulatory specialist"
"in-bd4ea5205c77e059","indeed","https://it.indeed.com/viewjob?jk=bd4ea5205c77e059","http://it.indeed.com/job/product-specialist-bd4ea5205c77e059","Product Specialist","Matica Group SA","Galliate, PIE, IT","2026-09-03","fulltime","","","","","",False,"","","","","**Identis** is a global leader in the design, development, and production of advanced technological systems for financial card and secure government ID card personalization.

Through innovative hardware, software, and service solutions, we support banking institutions, government organizations, and businesses worldwide, ensuring high standards of quality, reliability, security, and precision.

**About the Role**

Identis/Matica is seeking a motivated and detail\-oriented **Product Specialist** to support the Product Management team in the execution and maintenance of product\-related processes across hardware, consumables, spare parts, laminates, and customized customer solutions.

This is an excellent opportunity for an early\-career professional who enjoys working at the intersection of product management, operations, technical support, and commercial activities. The role will play a key part in maintaining product data integrity, supporting quoting activities, coordinating custom product requests, and ensuring efficient execution of product lifecycle processes within SAP and related systems.

**Key Responsibilities**

* Coordinate the end\-to\-end hologram/laminate generation process for customer\-specific projects.
* Support the creation and management of custom activation labels.
* Coordinate the development and manufacture of custom embossing character sets, particularly for metal plate embosser projects.
* Support passport printer quotation activities and product configuration requirements.
* Create and maintain ribbon part numbers and identification tags.
* Support ribbon encoding activities and related code management.
* Maintain spare parts pricing information and support updates of Recommended Spare Parts Lists (RSPL).
* Collaborate with Technical Support, R\&D, and TCC teams to ensure spare parts information remains accurate and up to date.
* Define and manage part numbers (P/Ns) for products and configurations.
* Support the insertion and maintenance of spare part codes in SAP.
* Prepare pricing and quotations for products not included in the standard price book.

**Qualifications Required**

* Bachelor’s degree in Business, Engineering, Operations Management, or a related field, or equivalent professional experience.
* Strong attention to detail and ability to manage multiple activities simultaneously.
* Good analytical and organizational skills.
* Proficiency in Microsoft Office, particularly Excel.
* Experience working with ERP systems (SAP preferred) or willingness to learn quickly.
* Good communication skills in English.

**Preferred**

* Experience in manufacturing, industrial products, hardware, consumables, or technical product environments.
* Understanding of quoting, pricing, or commercial support processes.
* Basic knowledge of technical documentation, certifications, or regulatory documentation.

Range: € 32\.000 \- € 36\.000

Retribuzione: €32\.000,00 \- €36\.000,00 all'anno

Benefit:

* Assicurazione sanitaria
* Buoni pasto
* Cellulare aziendale
* Computer aziendale
* Fondo pensione
* Orario flessibile
* Parcheggio libero

Sede di lavoro: Di persona","","https://it.indeed.com/cmp/Matica-Group-Sa","","","","","","","","","","","","","regulatory specialist"
"li-4463007618","linkedin","https://www.linkedin.com/jobs/view/4463007618","","responsabile sistema di gestione sicurezza","Randstad Professional Italia","Desenzano del Garda, Lombardy, Italy","","","","","","","",False,"","","","","","","https://it.linkedin.com/company/randstad-professional-italia","","","","","","","","","","","","","regulatory affairs manager"
"li-4462218877","linkedin","https://www.linkedin.com/jobs/view/4462218877","","Addetto al Sistema di Gestione Qualità e Ambiente (M/F/NB)","Randstad Italia","Brescia, Lombardy, Italy","2026-09-07","","","","","","",False,"","","","","","","https://it.linkedin.com/company/randstad-italia","","","","","","","","","","","","","specialista affari regolatori"
"li-4443232912","linkedin","https://www.linkedin.com/jobs/view/4443232912","","Energy Efficiency & Demand Response Consultant","Energy Team S.p.A.","Trezzano sul Naviglio, Lombardy, Italy","2026-09-07","","","","","","",False,"","","","","","","https://it.linkedin.com/company/energyteam","","","","","","","","","","","","","specialista affari regolatori"
"li-4461881486","linkedin","https://www.linkedin.com/jobs/view/4461881486","","Demand Lead Europe","CHEP","","2026-09-07","","","","","","",False,"","","","","","","https://uk.linkedin.com/company/chep","","","","","","","","","","","","","specialista affari regolatori"
"li-4461917930","linkedin","https://www.linkedin.com/jobs/view/4461917930","","Lead Auditor Multischema","Bureau Veritas","Milan, Lombardy, Italy","2026-09-03","","","","","","",False,"","","","","","","https://fr.linkedin.com/company/bureau-veritas-group","","","","","","","","","","","","","specialista affari regolatori"
"li-4462296282","linkedin","https://www.linkedin.com/jobs/view/4462296282","","Quality Assurance Specialist","Curia","Rozzano, Lombardy, Italy","2026-09-08","","","","","","",False,"","","","","","","https://www.linkedin.com/company/curia-cdmo","","","","","","","","","","","","","quality assurance pharma"
"li-4464384228","linkedin","https://www.linkedin.com/jobs/view/4464384228","","Quality Assurance Manager","Valcolatte S.p.a.","Pontenure, Emilia-Romagna, Italy","2026-09-07","","","","","","",False,"","","","","","","https://it.linkedin.com/company/valcolatte","","","","","","","","","","","","","quality assurance pharma"
"li-4461166565","linkedin","https://www.linkedin.com/jobs/view/4461166565","","QUALITY ASSURANCE","Samsic HR Italia","Costa di Mezzate, Lombardy, Italy","2026-09-04","","","","","","",False,"","","","","","","https://it.linkedin.com/company/samsic-hr","","","","","","","","","","","","","quality assurance pharma"
"li-4463569443","linkedin","https://www.linkedin.com/jobs/view/4463569443","","Officer, Quality Assurance","Hikma Pharmaceuticals","Pavia, Lombardy, Italy","","","","","","","",False,"","","","","","","https://uk.linkedin.com/company/hikma-pharmaceuticals","","","","","","","","","","","","","quality assurance pharma"
"in-b68e874b62f7b824","indeed","https://it.indeed.com/viewjob?jk=b68e874b62f7b824","https://grnh.se/4wul19o61us","Market Associate","Airbnb","Milano, LOM, IT","2026-09-08","","","","","","",False,"","","","","Airbnb was born in 2007 when two hosts welcomed three guests to their San Francisco home, and has since grown to over 5 million hosts who have welcomed over 2 billion guest arrivals in almost every country across the globe. Every day, hosts offer unique stays and experiences that make it possible for guests to connect with communities in a more authentic way.

***Please note this is a hybrid position from our Milan office.***


**The Community you will join:**



Our Supply Team is growing, and we want you to be part of it! As a Market Associate, you will play a crucial role in the retention, growth, and optimization of host entrepreneurs and rising hosts in your assigned territory. These hosts are individuals who manage their own property or support owners by hosting on their behalf. You will focus on building strong relationships with these hosts, helping them optimize their listings, improve pricing strategies, and enhance their overall success on Airbnb.


**The difference you will make:**



As a Market Associate, you will be responsible for the retention and growth of long\-tail Hosts in an assigned territory. You will establish and nurture business relationships with emerging entrepreneurs by suggesting and supporting strategic initiatives that drive their success on Airbnb. These initiatives will include supply optimization, pricing optimization, host recruitment, and platform education. In addition, as these Hosts successfully grow on the platform, it will be essential that you support them in delivering authentic, high\-quality hosting that creates memorable guest experiences. Beyond one\-to\-one account management responsibilities, you'll also support Market Managers on your team to deliver one\-to\-many education programs, such as webinars and scaled e\-mail communication. Ultimately, this team will be responsible for helping long\-tail Hosts thrive on Airbnb.


**A typical day:**


* Manage a book of business consisting of host entrepreneurs and rising hosts, ensuring their retention, growth, and optimization on Airbnb.
* Conduct one\-on\-one optimization and onboarding conversations, providing strategic recommendations on pricing, availability, and listing quality.
* Secure availability over high compression dates, ensuring hosts maximize their revenue potential.
* Educate hosts on product updates and policy changes, while channeling their feedback to internal teams.
* Respond to host inquiries and provide timely, high\-quality support to improve their experience on the platform.
* Analyze performance data to identify trends and take action on opportunities that drive increased bookings and host success.
* Develop long\-lasting relationships with hosts, ensuring they receive ongoing support tailored to their needs.


**Your expertise:**


* 3\+ years of experience in new sales, account management, or partner support.
* 2\+ years of hospitality/travel industry experience (nice to have).
* Strong time management and prioritization skills, with the ability to manage multiple accounts effectively.
* Proven experience working a book of business, driving engagement and growth through proactive account management.
* Highly goal\-driven, with a strong bias for action and persistence in the face of challenges.
* Excellent communication and presentation skills, with the ability to engage effectively via phone, email, and in\-person.
* Proficiency in CRM tools, particularly working with leads and opportunities (Salesforce experience is a plus).
* **Fluency in Italian \& English.**


**Our Commitment To Inclusion \& Belonging:**



Airbnb is committed to working with the broadest talent pool possible. We believe diverse ideas foster innovation and engagement, and allow us to attract creatively\-led people, and to develop the best products, services and solutions. All qualified individuals are encouraged to apply.","Internet And Software","https://it.indeed.com/cmp/Airbnb","https://d2q79iu7y748jz.cloudfront.net/s/_squarelogo/256x256/b35a06a64b6d3522e431c31f79fc2532","https://www.airbnb.com","888 Brannan Street, San Francisco, CA 94103, United States
","1,001 to 5,000","$100M to $500M (USD)","Airbnb is a global travel community that offers magical end-to-end trips, including where you stay, what you do and the people you meet.","","","","","","","qualified person"
"in-f7b92552153a35a8","indeed","https://it.indeed.com/viewjob?jk=f7b92552153a35a8","https://abb.wd3.myworkdayjobs.com/External_Career_Page/job/Quartino-Ticino-Switzerland/Global-Supplier-Quality-Engineer---PCBA-Cables_JR00045934","Global Supplier Quality Engineer – PCBA&Cables","ABB","Bergamo, LOM, IT","2026-09-07","","","","","","",True,"","","","","At **ABB**, we help industries run leaner and cleaner—and every person here makes that happen. You’ll be empowered to lead, supported to grow, and proud of the impact we create together. Join us and help run what runs the world.

**This position reports to:**


Global Quality \& Continuous Imp Manager
\_\_


We are looking for a **Global Supplier Quality Engineer (SQE)** – **Commodity PCBA \& Cable**, who will be responsible for leading the qualification, development, and performance management of a panel of approximately **10–15 global EMS suppliers** located across different regions worldwide.


This position plays a key role within the rapidly growing **Critical Power business**, driven by the strong expansion of the data center market.


The work model for the role is: Hybrid / remote.  

  

**Roles and Responsibilities:**

* Ensures the execution of the supplier qualification process and that the relevant suppliers are fully qualified and remain compliant with the required standards.
* Leads improvement projects in collaboration with the on\-site Supplier team (Supplier Development)
* Uses supplier quality management tools and systems for collaboration, reporting, monitoring and disposition of quality, delivery, cost, and compliance metrics
* Ensure consistency in the process/product controls performed on the different parts purchased from different ABB Manufacturing Units/ Local Sales Unit (LSOs).
* Leads in promptly addressing supply issues related to quality, deliveries, non\-compliant products, or project services.
* Promotes early supplier involvement in product development activities to maximize capture of supplier innovation and drive improvements in quality, delivery, cost, and risk management.

**Preferred Qualifications:**

* Bachelor’s or master’s degree in electronic or electrical engineering
* **10\+ years of experience in Quality Management roles** within **a EMS (Electronic Manufacturing Services) Industry**
* Deep product knowledge of **IPC Standard.** Being an IPC\-A\-610/IPC\-A\-620 trainer is considered a plus
* Proven experience in cross\-functional and cross\-site Quality management, including **RCA methodologies, CAPA processes, and KPI\-driven performance management**
* **Green Belt of Black belt** certifications
* Strong communication and stakeholder management skills, with the ability to influence and align global teams across different cultures and organizational levels


Building a cleaner, smarter future takes all kinds of minds: the curious, the courageous, and the creative. That's why we welcome people from all backgrounds and experiences.




Ready to make an impact?


Apply today or visit **https://www.abb.com** to learn more about the impact of our solutions across the globe.","","https://it.indeed.com/cmp/Abb","https://d2q79iu7y748jz.cloudfront.net/s/_squarelogo/256x256/6998783079e0a69c900c56473963cc0c","http://www.global.abb/group/en","Zürich","10,000+","more than $10B (USD)","","","","","","","","qualified person"
"in-8b771066aa858057","indeed","https://it.indeed.com/viewjob?jk=8b771066aa858057","https://JPMorganChase.contacthr.com/153371853","2027 Global Private Bank - Advisor Summer Internship Program - Milan","JPMorganChase","Milano, LOM, IT","2026-09-03","fulltime","","","","","",False,"","","","","**JOB DESCRIPTION**  

  

  

If you enjoy building relationships and helping develop innovative solutions while working in a fast\-paced environment, then we have the role for you. Our advisors help clients achieve their financial goals by delivering the right solutions and services across our industry leading investments, credit, banking and Trust \& Estates practices. This individualized attention supports our clients' unique goals and helps build, preserve and manage their wealth over time.


As an Advisor Summer Intern in the Global Private Bank, you will have what you need to succeed – from training and mentorship from senior executives to projects that engage all your skills. As a future Advisor, you'll work with our team of advisors and specialists to bring in new clients and to serve existing ones. We deliver highly customized and comprehensive solutions to help protect, manage and grow wealth. No client has identical goals, so understanding their unique needs and tailoring our approach to exceed expectations requires work across teams and the firm to provide first\-class service.




Our nine\-week program kicks off with a week of induction, where you'll have training and orientation to our businesses and gain the technical and practical knowledge you'll need to start contributing to our teams. Joining our Summer Internship Program means you will be joining a team committed to building client relationships and making meaningful contributions to our business with customized wealth management solutions. Working here means joining a collaborative, supportive team. We want your diverse perspective to help us innovate the next wave of products and solutions for our clients. Top performers may receive a full\-time offer at the end of the summer.


**Job responsibilities**

* Work with our teams to understand client needs and examine market activities to develop and execute strategies that help clients meet their financial goals
* Work with a team of bankers, investment specialists, wealth advisors, and lending specialists. Throughout the summer, you'll learn about our business and our clients while building your own expertise
* Continuously learn through one\-on\-one mentorship, learning sessions and ongoing events to grow your professional network

**Required capabilities, qualifications and skills**

* Expected graduation year January 2028 and July 2028\.
* In your penultimate year of study
* Highly driven person who enjoys working in teams to develop complex solutions
* Exceptional interpersonal, communication, logical thinking and problem\-solving skills
* Excellent organizational skills and ability to multitask
* Genuine interest in financial markets and macro\-level economic trends
* Desire to ultimately work with external clients in a relationship building and sales capacity
* Ability to thrive in a fast\-paced, collaborative environment
* Highly inquisitive, focused and considerate
* Good judgment and discretion when working with confidential information
* Fluency in Italian may be required




**Preferred qualifications**

* A second EU language is preferable but not essential.




**Application Deadline**


1 November, 2026

*We will be filling our classes on a rolling basis. We strongly encourage you to submit your application as early as possible before job postings close.*




**Join Us**

At JPMorgan Chase, we're creating positive change for the diverse communities we serve. We do this by championing your innovative ideas through a supportive culture that helps you every step of the way as you build your career. If you're passionate, curious and ready to make an impact, we're looking for you. For more than 200 years, we have been working with innovators, entrepreneurs, industry leaders and their families to help them achieve their unique ambitions, secure their legacies and make a difference in the world. That means providing meaningful, tailored advice now and across generations. The Private Bank helps clients plan, invest, borrow and bank to create the life and legacy they envision.


We located in more than 17 offices across 11 countries in the Europe, Middle East and North Africa (EMEA) region. Guided by industry leaders, our teams deliver best\-in\-class ideas and insights for our clients around the world. J.P. Morgan was named 2021's “Best Private Bank in the World” by Global Finance magazine and captured multiple EMEA awards by Euromoney, including “Best Private Banking Services Overall” in the United Kingdom, Italy, Egypt and Saudi Arabia” and “Best Private Banking Services for Mega High Net Worth Clients” in France, Italy, Israel, and the Middle East.


See the Asset \& Wealth Management CEO Letter here.




**What's next?**

Help us learn about you by submitting a complete and thoughtful application, which includes your resume. Your application and resume is a way for us to initially get to know you, so it's important to complete all relevant application questions so we have as much information about you as possible.


* To start the application, you will be prompted to enter your email address. Your email address will be used to create and maintain your profile so make sure it is one you will have long term access to.
	+ Do not use an email address with “.edu” extension as doing so could result in delays receiving updates regarding your candidacy.
* After you confirm your application, we will review it to figure out whether you meet certain required qualifications.

JPMorgan Chase is committed to creating an inclusive work environment that respects all people for their unique skills, backgrounds and professional experiences. We strive to hire qualified, diverse candidates, and we will provide reasonable accommodations for known disabilities.


Visit jpmorganchase.com/careers for upcoming events, career advice, our locations and more.


**ABOUT US**
  

  

J.P. Morgan is a global leader in financial services, providing strategic advice and products to the world's most prominent corporations, governments, wealthy individuals and institutional investors. Our first\-class business in a first\-class way approach to serving clients drives everything we do. We strive to build trusted, long\-term partnerships to help our clients achieve their business objectives.  

We recognize that our people are our strength and the diverse talents they bring to our global workforce are directly linked to our success. We are an equal opportunity employer and place a high value on diversity and inclusion at our company. We do not discriminate on the basis of any protected attribute, including race, religion, color, national origin, gender, sexual orientation, gender identity, gender expression, age, marital or veteran status, pregnancy or disability, or any other basis protected under applicable law. We also make reasonable accommodations for applicants' and employees' religious practices and beliefs, as well as mental health or physical disability needs. Visit our FAQs for more information about requesting an accommodation.","","https://it.indeed.com/cmp/Jpmorganchase-2","https://d2q79iu7y748jz.cloudfront.net/s/_squarelogo/256x256/62e186e96c7550325814ef6880fae379","https://www.jpmorganchase.com/","New York, NY","10,000+","more than $10B (USD)","Headquartered in New York City, JPMorgan Chase is the largest bank in the United States.","","","","","","","qualified person"
"in-1aaeae4fa07e30fc","indeed","https://it.indeed.com/viewjob?jk=1aaeae4fa07e30fc","https://essers.wd103.myworkdayjobs.com/Careersite_External/job/City/RP_JR-033162-2","RP","H.Essers","Siziano, LOM, IT","2026-09-03","","","","","","",False,"","","","","Are you ready to harness your passion for finance in the dynamic role of Responsible Person? Discover below the challenges and rewards that come with this role at H.Essers.

**YOUR CHALLENGES**

As Responsible Person, you are responsible for the financial follow\-up of a portfolio of companies in Belgium and abroad.


What does this mean specifically:

* Ensure compliance with:
	+ GDP regulations for human and veterinary medicinal products
	+ Legislative Decree 219/2006
	+ EU GDP Guidelines (2013/C 343/01\)
	+ Ministerial Decree 6 July 1999
	+ Legislative Decree 218/2023
	+ EU Regulation 2021/1248
* Support Responsible Person (RP) obligations for wholesale distribution activities.
* Participate in audits, inspections and regulatory interactions.

**Quality Management**

* Investigate quality issues and regulatory questions.
* Perform risk assessments and Quality Risk Management activities.
* Analyze data and propose corrective and preventive actions.
* Prepare and maintain quality documentation.

**Reporting \& Management Support**

* Prepare reports, analyses and recommendations.
* Present findings to management.
* Contribute to Management Reviews and quality performance monitoring.

**Project Management**

* Support quality and compliance projects.
* Define project scope and timelines.
* Participate in project meetings and implementation activities.

**Training \& Continuous Improvement**

* Deliver GDP/GxP training to employees.
* Keep up to date with regulatory developments.
* Support continuous improvement initiatives.
* Review and improve quality processes and procedures.

**Stakeholder Management**

* Act as the main quality reference point for internal departments.
* Interface with customers, suppliers and regulatory authorities (e.g. Ministry of Health, AIFA).
* Support business operations with quality and regulatory advice.

**YOUR TALENTS**

* Analytical thinking
* Problem\-solving mindset
* Collaboration and teamwork
* Advisory and influencing skills
* Continuous learning attitude
* Strong communication skills

**Education Requirements**


Mandatory degree in:

* Pharmacy
* Pharmaceutical Chemistry and Technology (CTF)
* Chemistry
* Industrial Chemistry

**Additionally:**

* Eligible for registration with the relevant professional body.
* Eligibility and willingness to become a Qualified Person (QP) is considered an advantage.

**YOUR REWARD**

* Competitive salary package with a target RAL starting from approximately €40,000\.
* Meal vouchers for each working day through the Edenred platform.
* Employment conditions in line with the CCNL Logistics, Transport and Freight Forwarding Sector.
* Company smartphone and laptop provided to support your daily activities.

**7500 REASONS TO CHOOSE H.ESSERS**

* Family values: have provided a strong foundation of trust and commitment for both employees and customers since 1928
* Job security: in a rapidly changing world
* Ambitious team: with 7500 dedicated colleagues, we strive for excellence and have an abundance of ambition and opportunity
* Innovation: in our processes and services, enabling us to serve our customers ever more efficiently and sustainably
* Sustainable international growth: recognizing our social, economic, and environmental responsibilities as an organization to have a positive impact on society as a whole
* Diversity and inclusion: are crucial to a healthy and productive work environment and are actively embraced within H.Essers

**These are just a few reasons why H.Essers is an attractive choice, we are eager to discover your reason(s).**","Transport And Freight","https://it.indeed.com/cmp/H.essers-2","https://d2q79iu7y748jz.cloudfront.net/s/_squarelogo/256x256/de2e2ac78b088853a0f35ebf47340278","https://jobs.essers.com/en/","Genk, BE","5,001 to 10,000","$100M to $500M (USD)","H.Essers is a place where our 7,500 ambitious colleagues dare to be entrepreneurial, grab opportunities and make a difference every day. Because sustainable growth is something we do together.","","","","","","","qualified person"
"in-df34134574a0b70a","indeed","https://it.indeed.com/viewjob?jk=df34134574a0b70a","http://it.indeed.com/job/technical-marketing-specialist-df34134574a0b70a","Technical Marketing Specialist","Meccanotecnica SpA","Torre de' Roveri, LOM, IT","2026-09-09","fulltime","","","","","",True,"","","","","La società Meccanotecnica SPA è gruppo internazionale con sede a Bergamo (Italia) e filiali in tre continenti. Sviluppiamo e commercializziamo soluzioni per la finitura di libri in tutto il mondo.  
Cerchiamo persone di talento con una mentalità curiosa e flessibile e con un forte spirito di gioco di squadra. Il nostro obbiettivo è migliorare continuamente la prestazione delle nostre macchine e ricercare continuamente soluzioni tecniche avanzate che possano contraddistinguere il nostro prodotto e accrescere la qualità del servizio fornito al cliente.

Per inserimento all’interno del nostro ufficio commerciale della sede di Torre De’ Roveri, in provincia di Bergamo, con diretto riporto al Direttore Commerciale ricerchiamo la figura di **Technical Marketing specialist.**

**RESPONSABILITA' E ATTIVITA' PRINCIPALI**

**1\. Marketing \& Content Management**

* Sviluppo Materiale Tecnico\-Commerciale: Redazione e aggiornamento di cataloghi, video, casi di successo, schede tecniche e presentazioni aziendali, traducendo le specifiche ingegneristiche in benefici per il cliente.
* Lead Generation \& Digital Presence: Gestione dei canali digitali (LinkedIn B2B, sito web) con focus sulla generazione di contatti qualificati e monitoraggio delle campagne promozionali.
* Brand Identity: Supporto nell'ideazione di contenuti grafici e coordinamento dell'immagine coordinata aziendale.

**2\. Sales Support \& Trade Fairs**

* Sales Support \& Trade Fairs:Eventi e Fiere: Organizzazione logistica e operativa delle fiere di settore internazionali; gestione del layout dello stand e attività di follow\-up post\-fiera sui lead raccolti.
* Accoglienza Clienti: Supporto tecnico\-linguistico durante le visite dei clienti in azienda e preparazione della documentazione necessaria per i meeting commerciali.
* CRM e Piano di marketing alimentazione del CRM e profilazione dei lead.
* Market Intelligence: Analisi periodica dei competitor per identificare rischi e opportunità nei mercati esteri; aggiornamento mensile del Piano di Marketing.

**REQUISITI E COMPETENZE RICHIESTE**

Il profilo ideale possiede 3–5 anni di esperienza ed è in possesso di una laurea in uno dei seguenti ambiti:

* Laurea Comunicazione, Informazione, Editoria
* Laurea in Marketing
* Laurea indirizzo Tecnico/Gestionale *(con forte orientamento al prodotto industriale e esperienza in ambito marketing)*

*Avrà titolo preferenziale la frequenza di un Master di specializzazione e la provenienza dal settore industriale e dell'automazione*

* Competenze Linguistiche: Padronanza fluente della lingua Inglese (C1\). Costituirà titolo preferenziale la conoscenza di una seconda lingua tra Tedesco, Francese o Spagnolo.
* Strumenti Informatici: Ottima conoscenza del pacchetto Microsoft Office (in particolare Excel per l'analisi dati e PowerPoint per le presentazioni).
* Digital Tools: Conoscenza base di software di grafica (Adobe Suite: InDesign/Illustrator) e delle logiche di Email Marketing/SEO.
* Analisi di Mercato: Capacità di interpretare dinamiche economiche e geopolitiche per il supporto all’export.
* Sintesi Tecnica: Capacità di comprendere e comunicare concetti meccanici complessi in modo chiaro.
* Orientamento al Problem Solving: Approccio proattivo nella gestione delle urgenze.
* Relazione Interpersonale: Doti comunicative efficaci per interfacciarsi con stakeholder a diversi livelli (colleghi tecnici, manager, partner esteri).
* Organizzazione: Eccellente gestione del tempo e delle priorità in contesti multi\-tasking.

**\- COSA OFFRIAMO**

\- Contratto a tempo indeterminato secondo CCNL Metalmeccanico Industria comprensivo di 13esima e 14esima.

\- Lavoro dal lunedì al venerdì in full\-time con flessibilità oraria

\- Smart Working (5 giorni al mese)

\- Ticket restaurant di 8€

\- Percorso di formazione dedicato

\- Assicurazione sanitaria integrativa

\-parcheggio privato

Luogo di lavoro: Torre De’ Roveri (BG)

La ricerca si rivolge a candidati ambosessi (D.lgs. n.198/2006\); I dati fornitici saranno trattati per la ricerca e selezione di personale ai sensi del Regolamento UE 679/2016 (GDPR).

Contratto di lavoro: Tempo pieno, Tempo indeterminato

Retribuzione: €25\.000,00 \- €40\.000,00 all'anno

Benefit:

* Assicurazione sanitaria
* Assistenza sanitaria integrativa
* Buoni pasto
* Congedo parentale
* Lavoro da casa
* Orario flessibile
* Parcheggio libero
* Supporto allo sviluppo professionale

Lingua:

* Inglese (Obbligatorio)
* una seconda lingua (Obbligatorio)

Disponibilità a viaggiare:

* 25% (Obbligatorio)

Sede di lavoro: Di persona","","https://it.indeed.com/cmp/Meccanotecnica-Spa","","","","","","","","","","","","","persona qualificata"
"in-9d075a0136d8746f","indeed","https://it.indeed.com/viewjob?jk=9d075a0136d8746f","http://it.indeed.com/job/junior-sdr-b2b-e-b2g-9d075a0136d8746f","Junior SDR – B2B e B2G","","Milano, LOM, IT","2026-09-08","fulltime, internship","","","","","",True,"","","","","**Il ruolo**

Cerchiamo una persona curiosa, motivata e orientata alla relazione da inserire come **S\***tage Curricolare \*che ci aiuti ad aprire nuove conversazioni con aziende, HR e decision maker.

Ti occuperai in particolare di mappare il tessuto imprenditoriale italiano, con focus su PMI e medie imprese, identificando aziende potenzialmente interessate a Empethy Care come strumento di employer branding, sostenibilità e impatto sociale.

Lavorerai a stretto contatto con founder, team Sales e Marketing per costruire pipeline, avviare conversazioni outbound, qualificare opportunità e contribuire alla crescita B2B di Empethy.

In pratica: potrai essere tra le prime persone a portare Empethy Care sul mercato corporate, contribuendo a un progetto che unisce business, impatto sociale e cultura pet\-friendly.

**Cosa farai**

* Scoprirai nuove aziende, mercati e opportunità commerciali, con focus su PMI e medie imprese italiane
* Identificherai HR, CSR manager, People manager, founder e decision maker rilevanti
* Avvierai conversazioni tramite email, LinkedIn e telefonate outbound
* Farai attività di cold calling e cold mailing con approccio professionale, rispettoso e orientato al valore
* Contribuirai a fissare meeting qualificati per il team Sales e Account Executive
* Gestirai lead, follow\-up e aggiornamenti nel CRM, usando strumenti come HubSpot e Crono per tracciare attività, priorità e prossimi step in modo preciso
* Collaborerai con il Marketing per capire quali messaggi, canali e leve commerciali funzionano meglio sui diversi segmenti di aziende
* Aiuterai a preparare meeting, pitch e materiali commerciali
* Analizzerai competitor, trend e nuove opportunità B2B
* Porterai idee, feedback e insight dal mercato al team
* Contribuirai a costruire relazioni commerciali rispettose, inclusive e orientate al valore

**Chi cerchiamo**

* Una persona comunicativa, curiosa e con voglia di imparare sul campo
* Capacità di prendere iniziativa e proporre idee
* Interesse per startup, sales, innovazione, impatto sociale, employer branding e welfare aziendale
* Buona capacità di scrittura e relazione
* Buona conoscenza dell’inglese scritto e parlato, idealmente a livello B2/C1
* Precisione nel seguire contatti, dati e attività
* Costanza nel follow\-up, con educazione, metodo e attenzione alla relazione
* Capacità di accogliere feedback e risposte negative come occasioni per migliorare approccio, messaggio e metodo
* Attenzione al linguaggio, all’ascolto e alla costruzione di relazioni inclusive
* Nessuna esperienza richiesta: conta di più il mindset, la motivazione e la voglia di crescere

Job Types: Full\-time, Internship

Pay: €600\.00 per month

Work Location: Hybrid remote in Milano, Lombardia","","https://it.indeed.comNone","","","","","","","","","","","","","persona qualificata"
"in-9d2d7858ebe20cfa","indeed","https://it.indeed.com/viewjob?jk=9d2d7858ebe20cfa","https://careers.gevernova.com/senior-project-manager/job/R5049220","Senior Project Manager","GE Vernova","Milano, LOM, IT","2026-09-08","fulltime","","","","","",True,"","","","","This role is responsible for leading the end\-to\-end delivery of complex power\-generation service projects across Europe, including equipment conversions, modifications, upgrades, rehabilitations and relocations on existing customer sites. The Senior Project Manager acts as the main customer contact and coordinates engineering, sourcing, manufacturing, logistics and site teams to ensure each project is delivered safely, on schedule, within budget and in line with contractual requirements. They also own the project’s financial and commercial performance, including cost, margin, forecasting, change control, risk and claims.
**Job Description**
===================


**Senior Project Manager – Power Services**
===========================================


**United Kingdom \| Additional locations: Belgium, Czech Republic, Ireland, the Netherlands, Poland and Switzerland**
---------------------------------------------------------------------------------------------------------------------


Do you want to lead technically complex projects that improve and extend the performance of power\-generation equipment across Europe?


GE Vernova is looking for an experienced Senior Project Manager to join our Power Services team. You can be based in the United Kingdom or one of our locations in Belgium, the Czech Republic, Ireland, the Netherlands, Poland or Switzerland.


**\-**
------


**GE Vernova – The Energy to Change the World**
-----------------------------------------------


With over 130 years of experience and proven innovation, GE Vernova is leading a new era of energy. We are electrifying the world while working to decarbonize it. Our name reflects our mission. “GE” carries a legacy of quality and ingenuity. “Ver” signals Earth’s lush ecosystems, while “Nova” nods to a new era of lower\-carbon energy we are helping to deliver.


Focused on the future, GE Vernova is accelerating the shift to reliable, affordable and sustainable energy. We help customers power economies and deliver electricity vital to health, safety and quality of life.


**\-**
------


**Power**
---------


Our Power portfolio provides sustainable, more efficient energy solutions. With expertise across Gas, Hydro, Nuclear and Steam Power, we help customers deliver electricity to homes, industries and communities worldwide.


**\-**
------


**Let’s Talk About the Role**
-----------------------------


As Senior Project Manager, you will lead the delivery of complex aftermarket projects within our Power Services organisation, acting as GE Vernova’s principal representative and the customer’s main point of contact throughout the project lifecycle.


The projects will typically involve Conversions, Modifications and Upgrades (CM\&Us), rehabilitation or relocation activities on existing brownfield power\-generation sites. They may cover industrial heavy\-duty and aero\-derivative gas turbines, steam turbines, generators, Heat Recovery Steam Generators and associated balance\-of\-plant equipment.


You will take ownership of project execution, bringing together engineering, sourcing, manufacturing, logistics, planning and site teams to deliver safely, contractually and profitably. These projects can require extensive design work, full technical integration and, in some cases, the introduction of new products or solutions. Strong scope, change, cost and design control will therefore be essential.


Depending on their size and complexity, you may manage several projects concurrently in a fast\-paced, highly visible international environment.


**\-**
------


**How You Will Make a Difference**
----------------------------------


* **Leading** the execution of complex conversion, modification, upgrade, rehabilitation and relocation projects, ensuring that contractual, cost, schedule, quality and EHS commitments are achieved.
* **Acting** as GE Vernova’s principal representative and focal point for the customer, building trusted relationships and driving the resolution of customer issues.
* **Supporting** the offer and tendering phase by contributing execution experience, identifying gaps and helping to ensure that the proposed fulfilment strategy is practical and robust.
* **Defining and implementing** the project execution strategy, challenging assumptions and ensuring that projects are set up for successful delivery.
* **Coordinating** cross\-functional teams across engineering, sourcing, manufacturing, logistics, planning and site execution.
* **Driving** project schedules in partnership with project planners, maintaining visibility of milestones, dependencies and recovery actions.
* **Managing** project financial performance, including cost, forecasts, margin, invoicing, receivables and risk provisions.
* **Interpreting and applying** contractual terms and conditions throughout project execution.
* **Managing** project scope, changes, risks, opportunities and claims, escalating matters when necessary while maintaining ownership of the resolution.
* **Providing** clear project\-status updates and leading project reviews with customers, regional teams, the PMO and senior management.
* **Capturing and sharing** lessons learned, best practices and Cost of Poor Quality cases to improve future project delivery.
* **Following** the relevant Power Services and CM\&U project\-management processes.

**\-**
------


**Special Role Requirements**
-----------------------------


* Willingness and ability to travel approximately 20%, predominantly within Europe.
* Ability to work effectively across different countries, cultures and time zones.

**\-**


**Skills for Success**
----------------------


You will be an experienced project leader with a strong record of delivering complex, customer\-facing projects within power generation, energy services or a closely related technical environment.


You will bring:


* Substantial experience managing complex, large\-scale turnkey or service projects, ideally within power generation.
* Experience delivering projects involving upgrades, conversions, modifications, rehabilitation, outages or comparable brownfield activities.
* Sufficient technical understanding to work effectively with engineering teams and understand the equipment and solutions being delivered at customer sites.
* Strong customer\-management skills and the confidence to resolve complex issues and escalations.
* Experience coordinating cross\-functional and international teams across engineering, sourcing, manufacturing, logistics and site execution.
* Understanding of project financials, including cost, margin, forecasting, invoicing and cash.
* Experience interpreting and applying contracts, managing scope changes and supporting claims or commercial negotiations.
* Strong organisational and analytical skills, with the ability to manage several active priorities and maintain momentum in a demanding environment.
* The ability to influence stakeholders and lead matrix teams without relying on direct authority.
* Cultural awareness and the ability to build effective relationships across an international organisation.
* A commitment to continuous improvement and sharing lessons learned.

**\-**
------


**Qualifications**
------------------


* A bachelor’s degree in Engineering, Business or another relevant technical or business\-related discipline.
* PMP, PMLP or another recognised project\-management qualification is preferred.
* Strong candidates who do not currently hold the required project\-management certification may be supported in obtaining it within an agreed period following appointment.
* Willingness to complete the ongoing training and recertification required to maintain the appropriate PMO Project Manager qualification status.

**\-**
------


**Where and How You’ll Work**
-----------------------------


This is a permanent position with the United Kingdom as the primary location. The successful candidate may alternatively be based in Belgium, the Czech Republic, Ireland, the Netherlands, Poland or Switzerland.


Working arrangements will depend on the selected location. Where a suitable GE Vernova office is available, a flexible hybrid arrangement can be agreed. Where there is no nearby office, home\-based working may be considered.


**\-**
------


**Our Culture**
---------------


Every action shapes our future. That's why our north star is a culture of impact, where everyone is empowered to thrive and achieve.


Addressing the urgent need to build a more sustainable electric power system while improving the trajectory of climate change emissions are global priorities, and we take our responsibility seriously. That is our mission at GE Vernova: continuing to electrify to thrive and decarbonize the world. We play a significant role in leading a new era of energy.


Our technology helps generate approximately twenty\-five percent of the world's electricity today, and we are working to power the rest. If we want the future of energy to be different, then join us and be the difference. Together, we are the Energy of Change!


**\-**
------


**We're Determined to Be the Best Place to Grow**
-------------------------------------------------


We believe that strong careers are built on a variety of experiences, strong connections, and continuous development. We're committed to providing you the tools to navigate and shape a strong career journey that aligns with a healthy work\-life balance. No two careers are the same, and yours should reflect your personal and professional goals. Your people leader and trusted mentors will support you through navigating your journey.


We also prioritize fair pay, performance\-based rewards, and wellbeing programs for you and your family. With opportunities to move across teams and functions, your career can keep evolving while sustainability stays at the core of everything we do.


**\-**
------


**Inclusion \& Diversity**
--------------------------


We are passionate about creating an inclusive work environment. By valuing the ideas and contributions of a diverse workforce, we help inspire others to grow, succeed, and raise the bar for everyone.


As an equal opportunity and affirmative action employer, GE Vernova is committed to supporting disadvantaged groups while providing equal opportunities for both GE Vernova associates and applicants alike.


*Join us at GE Vernova, where results are achieved by embracing a community of belonging.*


*\-*


Questa posizione prevede la responsabilità di guidare l’intero ciclo di realizzazione di progetti complessi di servizi per la generazione elettrica in tutta Europa, inclusi interventi di conversione, modifica, ammodernamento, riqualificazione e ricollocazione di apparecchiature presso siti esistenti dei clienti. Il Senior Project Manager funge da principale interlocutore del cliente e coordina i team di ingegneria, approvvigionamenti, produzione, logistica e cantiere, assicurando che ogni progetto venga realizzato in sicurezza, nel rispetto delle tempistiche, del budget e dei requisiti contrattuali. È inoltre responsabile dei risultati economico\-finanziari e commerciali del progetto, inclusi costi, margini, previsioni, controllo delle modifiche, rischi e gestione delle rivendicazioni contrattuali.


**Senior Project Manager – Power Services**
-------------------------------------------


**Italia \| Altre sedi: Regno Unito, Belgio, Repubblica Ceca, Irlanda, Paesi Bassi, Polonia e Svizzera**


Vuoi guidare progetti tecnicamente complessi che migliorano le prestazioni e prolungano la vita utile delle apparecchiature per la generazione elettrica in tutta Europa?


GE Vernova ricerca un Senior Project Manager con consolidata esperienza per il team Power Services. La posizione può avere sede nel Regno Unito oppure presso una delle nostre sedi in Belgio, Repubblica Ceca, Irlanda, Paesi Bassi, Polonia o Svizzera.


**GE Vernova – L’energia per cambiare il mondo**
------------------------------------------------


Con oltre 130 anni di esperienza e una comprovata capacità di innovazione, GE Vernova guida una nuova era dell’energia. Portiamo avanti l’elettrificazione del mondo, contribuendo al contempo alla sua decarbonizzazione. Il nostro nome riflette la nostra missione. “GE” racchiude un patrimonio di qualità e ingegno. “Ver” richiama i rigogliosi ecosistemi della Terra, mentre “Nova” evoca la nuova era dell’energia a minori emissioni di carbonio che stiamo contribuendo a realizzare.


Con lo sguardo rivolto al futuro, GE Vernova accelera la transizione verso un’energia affidabile, accessibile e sostenibile. Aiutiamo i clienti a sostenere le economie e a fornire l’elettricità essenziale per la salute, la sicurezza e la qualità della vita.


**Power**
---------


Il nostro portafoglio Power offre soluzioni energetiche sostenibili e più efficienti. Grazie alle nostre competenze nella generazione elettrica a gas, idroelettrica, nucleare e a vapore, aiutiamo i clienti a fornire elettricità ad abitazioni, industrie e comunità in tutto il mondo.


**Il ruolo**
------------


In qualità di Senior Project Manager, guiderai la realizzazione di progetti complessi di servizi post\-vendita all’interno della nostra organizzazione Power Services, agendo come principale rappresentante di GE Vernova e punto di riferimento del cliente durante l’intero ciclo di vita del progetto.


I progetti riguarderanno generalmente conversioni, modifiche e ammodernamenti (Conversions, Modifications and Upgrades – CM\&U), nonché interventi di riqualificazione o ricollocazione presso siti di generazione elettrica esistenti (brownfield). Potranno interessare turbine a gas industriali heavy\-duty e aeroderivate, turbine a vapore, generatori, generatori di vapore a recupero (HRSG) e le relative apparecchiature ausiliarie d’impianto (balance of plant).


Avrai la responsabilità dell’esecuzione dei progetti, coordinando i team di ingegneria, approvvigionamenti, produzione, logistica, pianificazione e cantiere per garantire una realizzazione sicura, conforme agli obblighi contrattuali e redditizia. Questi progetti possono richiedere un’intensa attività di progettazione, la piena integrazione tecnica e, in alcuni casi, l’introduzione di nuovi prodotti o soluzioni. Sarà quindi essenziale assicurare un rigoroso controllo dell’ambito di progetto, delle modifiche, dei costi e della progettazione.


A seconda delle dimensioni e della complessità, potrai gestire più progetti contemporaneamente in un contesto internazionale dinamico e caratterizzato da un’elevata visibilità organizzativa.


**Come farai la differenza**
----------------------------


* Guiderai l’esecuzione di progetti complessi di conversione, modifica, ammodernamento, riqualificazione e ricollocazione, garantendo il rispetto degli impegni contrattuali, dei costi, delle tempistiche, della qualità e dei requisiti in materia di ambiente, salute e sicurezza (EHS).
* Agirai come principale rappresentante di GE Vernova e interlocutore di riferimento per il cliente, costruendo rapporti di fiducia e promuovendo la risoluzione delle problematiche.
* Supporterai la fase di offerta e di gara, mettendo a disposizione la tua esperienza nell’esecuzione dei progetti, individuando eventuali lacune e contribuendo a garantire che la strategia di realizzazione proposta sia attuabile e solida.
* Definirai e attuerai la strategia di esecuzione del progetto, valutando criticamente le ipotesi di partenza e assicurando che siano create le condizioni per una realizzazione efficace.
* Coordinerai team interfunzionali di ingegneria, approvvigionamenti, produzione, logistica, pianificazione ed esecuzione in cantiere.
* Guiderai l’avanzamento dei programmi di progetto in collaborazione con i responsabili della pianificazione, mantenendo una chiara visibilità sulle milestone, sulle interdipendenze e sulle azioni di recupero.
* Gestirai i risultati economico\-finanziari dei progetti, inclusi costi, previsioni, margini, fatturazione, crediti verso clienti e accantonamenti per rischi.
* Interpreterai e applicherai i termini e le condizioni contrattuali durante l’intera esecuzione del progetto.
* Gestirai l’ambito di progetto, le modifiche, i rischi, le opportunità e le rivendicazioni contrattuali, coinvolgendo i livelli decisionali appropriati quando necessario e mantenendo la responsabilità della risoluzione.
* Fornirai aggiornamenti chiari sullo stato dei progetti e guiderai le riunioni di riesame con clienti, team regionali, PMO e alta direzione.
* Raccoglierai e condividerai lezioni apprese, buone pratiche e casi relativi ai costi della non qualità (Cost of Poor Quality), per migliorare la realizzazione dei progetti futuri.
* Seguirai i processi di project management applicabili a Power Services e ai progetti CM\&U.

**Requisiti specifici del ruolo**
---------------------------------


* Disponibilità e possibilità di effettuare trasferte per circa il 20% del tempo lavorativo, prevalentemente in Europa.
* Capacità di lavorare efficacemente con interlocutori di diversi Paesi, culture e fusi orari.

**Competenze per avere successo**
---------------------------------


Hai una consolidata esperienza nella guida di progetti e un percorso comprovato nella realizzazione di progetti complessi a diretto contatto con il cliente, nel settore della generazione elettrica, dei servizi energetici o in un ambito tecnico strettamente correlato.


Per questo ruolo sono richieste:


* Solida esperienza nella gestione di progetti complessi e di grandi dimensioni, chiavi in mano o di servizi, preferibilmente nel settore della generazione elettrica.
* Esperienza nella realizzazione di progetti di ammodernamento, conversione, modifica, riqualificazione, fermata impianto o attività analoghe su impianti esistenti.
* Conoscenze tecniche adeguate a collaborare efficacemente con i team di ingegneria e a comprendere le apparecchiature e le soluzioni oggetto degli interventi presso i siti dei clienti.
* Spiccate capacità di gestione delle relazioni con i clienti e sicurezza nell’affrontare problematiche complesse e situazioni che richiedono un’escalation.
* Esperienza nel coordinamento di team interfunzionali e internazionali di ingegneria, approvvigionamenti, produzione, logistica ed esecuzione in cantiere.
* Comprensione degli aspetti economico\-finanziari dei progetti, inclusi costi, margini, previsioni, fatturazione e flussi di cassa.
* Esperienza nell’interpretazione e nell’applicazione dei contratti, nella gestione delle variazioni dell’ambito di progetto e nel supporto a rivendicazioni contrattuali o negoziazioni commerciali.
* Spiccate capacità organizzative e analitiche, con attitudine a gestire più priorità contemporaneamente e a mantenere l’avanzamento delle attività in un contesto impegnativo.
* Capacità di influenzare gli stakeholder e guidare team in un’organizzazione a matrice, anche in assenza di autorità gerarchica diretta.
* Sensibilità interculturale e capacità di costruire relazioni efficaci all’interno di un’organizzazione internazionale.
* Impegno nel miglioramento continuo e nella condivisione delle lezioni apprese.

**Qualifiche**
--------------


* Laurea di primo livello in Ingegneria, discipline economico\-aziendali o altra disciplina tecnica o economica pertinente.
* È preferibile una certificazione PMP, PMLP o un’altra qualifica riconosciuta in project management.
* Le persone con un profilo particolarmente qualificato che non possiedono ancora la certificazione di project management richiesta potranno ricevere supporto per conseguirla entro un periodo concordato successivo all’assunzione.
* Disponibilità a completare la formazione continua e i rinnovi della certificazione necessari per mantenere il livello di qualifica di Project Manager previsto dal PMO.

**Sede e modalità di lavoro**
-----------------------------


Si tratta di una posizione a tempo indeterminato con sede principale nel Regno Unito. In alternativa, la persona selezionata potrà avere sede in Belgio, Repubblica Ceca, Irlanda, Paesi Bassi, Polonia o Svizzera.


Le modalità di lavoro dipenderanno dalla sede prescelta. Qualora sia disponibile un ufficio GE Vernova idoneo, sarà possibile concordare una modalità di lavoro ibrida e flessibile. In assenza di un ufficio nelle vicinanze, potrà essere valutata la possibilità di lavorare da casa.


**La nostra cultura**
---------------------


Ogni azione contribuisce a plasmare il nostro futuro. Per questo ci guida una cultura orientata all’impatto positivo, in cui ogni persona è messa nelle condizioni di crescere e raggiungere i propri obiettivi.


Rispondere all’urgente necessità di costruire un sistema elettrico più sostenibile e, al contempo, ridurre le emissioni che contribuiscono al cambiamento climatico sono priorità globali. Prendiamo seriamente la nostra responsabilità. Questa è la missione di GE Vernova: continuare a elettrificare il mondo per favorirne la prosperità e contribuire alla sua decarbonizzazione. Svolgiamo un ruolo significativo nel guidare una nuova era dell’energia.


Oggi la nostra tecnologia contribuisce a generare circa il 25% dell’elettricità mondiale e stiamo lavorando per contribuire anche alla parte restante. Se vogliamo un futuro energetico diverso, unisciti a noi e fai la differenza. Insieme, siamo l’Energia del Cambiamento!


**Vogliamo essere il posto migliore in cui crescere**
-----------------------------------------------------


Crediamo che una carriera solida si costruisca attraverso esperienze diversificate, relazioni di valore e sviluppo continuo. Ci impegniamo a fornirti gli strumenti per orientare e costruire un percorso professionale solido, in armonia con un sano equilibrio tra vita privata e lavoro. Ogni carriera è unica e la tua dovrebbe riflettere i tuoi obiettivi personali e professionali. Il tuo responsabile e mentor di fiducia ti accompagneranno lungo questo percorso.


Diamo inoltre priorità a una retribuzione equa, a riconoscimenti legati ai risultati e a programmi per il benessere tuo e della tua famiglia. Grazie alle opportunità di mobilità tra team e funzioni, la tua carriera potrà continuare a evolversi, mentre la sostenibilità rimarrà al centro di tutto ciò che facciamo.


**Inclusione e diversità**
--------------------------


Ci impegpegniamo con passione a creare un ambiente di lavoro inclusivo. Valorizzando le idee e il contributo di persone con esperienze e prospettive diverse, contribuiamo a ispirare la crescita, il successo e il raggiungimento di standard sempre più elevati per tutti.


In qualità di datore di lavoro che promuove le pari opportunità e adotta azioni positive, GE Vernova si impegna a sostenere i gruppi svantaggiati, garantendo pari opportunità sia al proprio personale sia alle persone che si candidano.


*Unisciti a GE Vernova, dove raggiungiamo i risultati promuovendo una comunità in cui ogni persona si sente parte integrante.*


**Additional Information**
==========================


**Relocation Assistance Provided:** No


\#LI\-Remote \- This is a remote position","","https://it.indeed.com/cmp/GE-Vernova-1","https://d2q79iu7y748jz.cloudfront.net/s/_squarelogo/256x256/4129b3d773aceb0b24560c6e6e6f5832","https://jobs.gecareers.com/vernova/","Cambridge, MA","10,000+","$25M to $100M (USD)","GE Vernova is a purpose-built company, focused on our mission to electrify and decarbonize the world.","","","","","","","persona qualificata"
"in-7ef1eee0da6d9f5b","indeed","https://it.indeed.com/viewjob?jk=7ef1eee0da6d9f5b","https://dover.wd103.myworkdayjobs.com/en-US/Dover/job/Assago-MI-Milano-Italy/Tecnico-di-Assistenza_JR100359","Tecnico di Assistenza","Dover Corporation","Milano, LOM, IT","2026-09-08","fulltime","","","","","",True,"","","","","Dover Imaging \& Identification (DII) is a segment of Dover Corporation that includes the following brands: Markem\-Imaje, Blue Bite, Solaris Laser, Systech, MS Printing Solutions and JK Group. We design, manufacture and deliver industrial equipment, consumables, software and services solutions for the marking \& coding, consumer engagement, product traceability, authentication, and digital textile printing markets.


With more than 40 offices and over 3,000 employees worldwide, DII has a presence in \+28 countries and offers numerous job opportunities globally. If you're looking for an international, multidisciplinary and collaborative environment that offers a world of opportunities, come join us at DII.


**Localizzazione:** Province di Piacenza, Pavia, Cremona.


**Il ruolo**

In qualità di Tecnico di Assistenza sul campo, entrerai a far parte del nostro team di assistenza tecnica nella tua area di competenza in Italia, fornendo supporto tecnico ai nostri clienti locali nelle zone di Piacenza, Pavia e Cremona. Avrai l'opportunità di sviluppare la tua carriera professionale in un ambiente altamente qualificato e con attrezzature innovative.


**Attività principali:**

* Eseguire attività di preinstallazione, installazione e manutenzione.
* Erogare formazione, sia internamente che esternamente, ove necessario.
* Compilare accuratamente i report di assistenza, annotando conferma oraria, utilizzo di pezzi di ricambio, attività svolte, prodotto di assistenza, codici di guasto/soluzione, gestione dei dati della base installata (numero di serie, inchiostro, valore del contatore, posizione funzionale), flusso inverso, codice di blocco di fatturazione, conferma della richiesta di fatturazione.
* Promuovere e vendere attivamente i prodotti di assistenza M\-I ai nostri clienti, migliorando il tempo di attività dell'applicazione e massimizzando i risultati di vendita M\-I, oltre a garantire il massimo livello di soddisfazione del cliente.
* Collaborare con i team di vendita per contribuire al raggiungimento degli obiettivi di fatturato e alla crescita del fatturato. Instaurare una solida relazione con il reparto vendite.
* Recarsi presso le sedi dei clienti nell'area assegnata, con occasionali trasferte a livello nazionale per partecipare a eventi di formazione e riunioni.

**Requisiti:**

* Ottime capacità comunicative.
* Capacità di gestire più attività contemporaneamente.
* Italiano fluente e conoscenza intermedia dell'inglese.
* Capacità di seguire le procedure e di pianificare il tempo in modo efficace.
* Almeno 5 anni di esperienza come tecnico di assistenza sul campo.
* Capacità di valutare tecnicamente situazioni e problematiche e di proporre soluzioni in modo proattivo.

**Competenze:**

* Certificazioni relative a formazione meccanica, elettrotecnica/elettronica, reti, sistemi di visione artificiale o software.
* Conoscenza approfondita di prodotti tecnici, idealmente della gamma di prodotti Markem\-Imaje.

**Sarai il candidato ideale solo se condividi i nostri valori e la nostra cultura:**

* Spirito imprenditoriale e collaborativo.
* Avere successo attraverso i clienti.
* Elevati standard etici, trasparenza e fiducia.
* Aspettative orientate ai risultati.
* Rispetto e valorizzazione delle persone.

Se ritieni di condividere i nostri valori e di possedere l'esperienza che stiamo cercando, candidati subito! Non vediamo l'ora di conoscerti.


Tutti i candidati qualificati saranno presi in considerazione per l'assunzione senza discriminazioni basate su razza, colore, religione, sesso, orientamento sessuale, identità di genere, origine nazionale, disabilità, età e informazioni genetiche.


La RAL per questa posizione si colloca tra € 36\.000 ed € 42\.000 ed è determinata in base all’effettiva seniority e competenze del candidato che sarà inquadrato nel 2° livello del CCNL Terziario, Distribuzione e Servizi con qualifica di Impiegato. L'offerta include inoltre la partecipazione al bonus annuale del 6% calcolato sull’andamento economico aziendale e su obiettivi personali, auto aziendale anche ad uso promiscuo, carta di credito aziendale e ticket restaurant elettronici pari ad € 10,00 netti.


\#LI\-JN1 LI\-Remote


All qualified applicants will receive consideration for employment without discrimination on the basis of race, color, religion, sex, sexual orientation, gender identity, national origin, protected veteran status, disability, age, genetic information, or any other factors prohibited by law.


Fraudulent Recruiting Disclaimer: Dover Corporation and our affiliated operating companies want to alert applicants to internet job posting fraud, where parties posing as Dover employees, recruiters, or other agents, try to engage with online candidates in an attempt to steal personal and/or financial information. We do not endorse or engage in any recruitment practices that involve payment or personal information outside of our official application and hiring process. Please verify the authenticity of an invitation to apply for a job, or for a job offer by contacting us directly through our Dover and affiliated operating company websites at https://careers.dovercorporation.com/ . To learn how you can protect yourself, review our Recruitment Fraud Notice on our careers site.","Agriculture And Extraction","https://it.indeed.com/cmp/Dover-Corporation","https://d2q79iu7y748jz.cloudfront.net/s/_squarelogo/256x256/25900b3a3995cd7b6f9c04df16bf8d0c","http://www.dovercorporation.com","Downers Grove, Illinois","10,000+","$5B to $10B (USD)","We are Dover, a diversified global manufacturer providing innovative products & services for over 65 years. NYSE: DOV","","","","","","","persona qualificata"
"in-c2f952896a4c400f","indeed","https://it.indeed.com/viewjob?jk=c2f952896a4c400f","https://jobs.intesasanpaolo.com/job/Milano-Project-&-Process-Management-Specialist-Categorie-Tutelate/1434692333/","Project & Process Management Specialist Categorie Tutelate","Intesa Sanpaolo","Milano, LOM, IT","2026-09-08","","","","","","",False,"","","","","**Data:** 8 set 2026
  
  

**Località:**  

Milano, IT
  
  

**\#job\-location.job\-location\-inline { display:** inline; }
  
**Società:** Intesa Sanpaolo Assicurazioni S.p.A.
  
  

\-
  
  

Overview
  
  

Entrerai nella struttura di Organizzazione e Processi Digitali con l'obiettivo di supportare l'evoluzione dei processi e del modello operativo aziendale partecipando attivamente a progetti di business, strategici e di trasformazione, identificando opportunità di miglioramento.
  
  

Quali saranno le tue attività
  
Analizzare e mappare i processi aziendali end\-to\-end individuando opportunità di semplificazione, efficientamento e automazione.
  
Disegnare e implementare modelli operativi innovativi in coerenza con gli obiettivi di business.
  
Identificare opportunità di innovazione per migliorare efficacia ed efficienza dei processi.
  
Partecipare a programmi strategici e gestire progetti con impatti cross\-funzionali.
  
Coordinare stakeholder business, IT, Operations, Risk, Compliance.
  
Pianificare roadmap, milestone e identificare possibile rischi e interdipendenze progettuali.
  
Predisporre documentazione progettuale, steering committee e reportistica direzionale.
  
Monitorare avanzamento lavori, benefici attesi e risultati conseguiti.
  
Chi stiamo cercando
  
  

**Se hai le seguenti caratteristiche, ti stiamo aspettando:**  

almeno 3 anni di esperienza preferibilmente in società di consulenza o start up innovative o gruppi finanziari o assicurativi, in ruoli di Process Management, Organizational Transformation, Project Management.
  
laurea triennale o magistrale in Ingegneria Gestionale, Economia, Management, Informatica o discipline affini.
  
conoscenza della gestione di progetti in contesti assicurativi, finanziari.
  
conoscenze di Process Mapping e Business Process Management (BPM), Program e Project Management, Business Analysis e Change Management.
  
conoscenza di metodologie Agile e Waterfall.
  
ottima conoscenza della suite Microsoft 365 (power Point, Excel, Teams, Word, etc)
  
conoscenza di Power BI.
  
conoscenza della lingua inglese (almeno B1\).
  
Cosa ti offriamo
  
  

Retribuzione annua lorda a partire da 39\.000 €
  
Il Gruppo prevede una componente variabile della remunerazione così come disciplinata dalle Politiche di Remunerazione consultabili sul sito di Gruppo
  
Elementi complementari disciplinati dal Contratto Collettivo Nazionale Assicurativo e accordi aziendali di secondo livello
  
Iniziative di sviluppo professionale a supporto della crescita delle nostre persone
  
Ampia offerta formativa tramite la Corporate Academy dedicata allo sviluppo continuo delle competenze professionali, manageriali e trasversali a tutti i livelli
  
Possibilità di aderire al lavoro flessibile e alla settimana corta 4x9
  
Sistema moderno e integrato di welfare aziendale (link)
  
Copertura sanitaria e previdenza complementare a decorrere dall’assunzione
  
Vantaggi sui prodotti e servizi bancari del Gruppo
  
  

Chi siamo
  
  

Intesa Sanpaolo Assicurazioni offre soluzioni assicurative innovative e personalizzate. Si impegna a tutelare ciò che conta di più per le persone, combinando innovazione e tradizione per creare valore per i clienti e i territori di riferimento. Promuove il talento, la diversità e la crescita professionale, offrendo opportunità e sfide stimolanti a profili qualificati in un ambiente inclusivo.
  
  

Unisciti alla nostra realtà internazionale. Il futuro non si aspetta, si sceglie!
  
  

\#sharingfuture
  
  

Garantiamo un ambiente inclusivo e di pari opportunità. Considereremo tutte le candidature a prescindere da razza, religione, orientamento sessuale, identità di genere, stato civile, età, disabilità o qualsiasi altra categoria protetta nel rispetto dei D.lgs. 198/2006, 215/03 e 216/03\.
  
  

Per la valutazione delle candidature, i dati saranno utilizzati da Intesa Sanpaolo S.p.A. come Data Controller. Ti invitiamo a prendere visione dell’Informativa Privacy dedicata.","Banks And Financial Services","https://it.indeed.com/cmp/Intesa-Sanpaolo","","https://group.intesasanpaolo.com/it/careers","Torino","10,000+","$5B to $10B (USD)","We are leaders in Italy and one of the main banking groups in Europe. People are our main strength. Responsiveness and flexibility are our hallmarks.","","","","","","","persona qualificata"
"in-9444cbaf3561032c","indeed","https://it.indeed.com/viewjob?jk=9444cbaf3561032c","http://it.indeed.com/job/estetista-con-qualifica-ed-esperienza-9444cbaf3561032c","Estetista con QUALIFICA ed ESPERIENZA","Camo Emploi","Milano Sud, LOM, IT","2026-09-08","fulltime","","","","","",False,"","","","","**Estetista Qualificato/a (Estetica Base e Avanzata) – Contratto CCNL Artigiani**

Siamo alla ricerca di un/una **estetista diplomato/a** motivato/a e professionale, disponibile a lavorare su turni in un ambiente dinamico e orientato alla crescita.  
Lavorare anche il sabato e/o la domenica significa avere sempre possibilità di guadagnare.

**Orario di lavoro:** su turni, 7 giorni su 7, fascia oraria 09:00 – 22:00\.

Requisiti

* Diploma di estetista (qualifica professionale)
* Esperienza in **trattamenti di estetica base e avanzata**
* Ottima capacità di lavorare in cabina (trattamenti viso e corpo)
* Competenze nella **consulenza clienti** e vendita servizi/prodotti
* Attitudine al **raggiungimento degli obiettivi** e al lavoro in team
* Serietà, affidabilità e forte orientamento alla qualità del servizio
* Concrete possibilità di crescita professionale ed economica

Mansioni

* Esecuzione di trattamenti estetici viso e corpo
* Attività di consulenza personalizzata al cliente
* Promozione e vendita di trattamenti e prodotti
* Collaborazione attiva con il team per il raggiungimento degli obiettivi

Offriamo

* **Contratto CCNL Artigiani**
* RAL mensile iniziale: € 1\.490,00
* Sistema di **incentivi e premi mensili**
* **Formazione continua** e aggiornamento professionale
* Ambiente di lavoro collaborativo e orientato alla crescita personale e professionale

Retribuzione: a partire da €1\.490,00 al mese

Benefit:

* Supporto allo sviluppo professionale

Domande di preselezione:

* Cosa ti appassiona di questa professione e perché hai deciso di candidarti ?

Abilitazione/Certificazione:

* DIPLOMA ESTETISTA (Obbligatorio)

Sede di lavoro: Di persona","Human Resources And Staffing","https://it.indeed.com/cmp/Camo-Emploi","https://d2q79iu7y748jz.cloudfront.net/s/_squarelogo/256x256/4b2dab65bc7cfac2a16bdf0020c1d1e3","https://camo-emploi.fr/","60 boulevard de lorraine 57500 Saint- Avold","","","","","","","","","","persona qualificata"
"in-a8e57ca3878095b1","indeed","https://it.indeed.com/viewjob?jk=a8e57ca3878095b1","http://it.indeed.com/job/venditoretrice-elettrodomestici-e-incasso-e-ped-a8e57ca3878095b1","Venditore/trice Elettrodomestici e Incasso e ped","como expert srl","Como, LOM, IT","2026-09-08","fulltime","","","","","",False,"","","","","**Chi siamo** Unieuro Como, presente sul mercato da 35 anni, è una realtà comasca leader nella vendita di elettronica ed elettrodomestici. Siamo un'azienda giovane e dinamica, attenta alla crescita professionale di ogni singola persona. Il nostro punto di forza è l'orientamento al cliente e l'utilizzo di strategie omnichannel.

**La posizione** Cerchiamo un **venditore esperto** per il reparto Grandi e Piccoli Elettrodomestici e Incasso (cucine, forni, piani cottura, lavaggio, freddo). Cerchiamo una figura che sappia già muoversi con autonomia sul prodotto e che porti competenza tecnica reale al cliente.

**Attività e responsabilità**

* Gestire la vendita assistita nel reparto elettrodomestici e incasso, con consulenza tecnica qualificata.
* Guidare il cliente nella scelta di soluzioni complete, anche su progetti cucina/incasso.
* Massimizzare vendita di accessori, servizi e garanzie a valore aggiunto.
* Presidiare allestimento, prezzatura e disponibilità del reparto.
* Monitorare KPI di vendita, marginalità e soddisfazione cliente.

**Cosa ci aspettiamo da te**

* **Esperienza comprovata di almeno 3 anni nella vendita di elettrodomestici e/o incasso** (requisito obbligatorio).
* Solida conoscenza tecnica del prodotto bianco e dell'incasso.
* Capacità di vendita, cross\-selling e negoziazione dimostrabili.
* Orientamento al cliente e attitudine al lavoro per obiettivi.
* Affidabilità, autonomia e spirito di squadra.

Si valutano esclusivamente candidature con esperienza specifica e documentabile nella vendita del settore. Candidature prive di esperienza nel retail/elettrodomestici non saranno prese in considerazione.

**Cosa offriamo**

* Inserimento in un team giovane e dinamico.
* Contratto a tempo indeterminato, full time.
* Formazione continua e supporto tecnico\-commerciale.
* Retribuzione commisurata all'esperienza \+ sistema incentivante.
* Buoni pasto e supporto allo sviluppo professionale.

**Istruzione:** Diploma di scuola secondaria di II grado. **Esperienza:** Vendita elettrodomestici/incasso: minimo 3 anni (obbligatorio).

Retribuzione: €1\.450,00 \- €2\.000,00 al mese

Sede di lavoro: Di persona","","https://it.indeed.com/cmp/Como-Expert-Srl-1","","","","","","","","","","","","","persona qualificata"
"in-e0fb6a7f4395502a","indeed","https://it.indeed.com/viewjob?jk=e0fb6a7f4395502a","https://inrecruiting.intervieweb.it/annunci.php?l=credit-advisor-alessandria-726714&lang=it&d=indeed&LAC=signorprestito","Credit Advisor Alessandria","SIGNORPRESTITO SPA","Alessandria, PIE, IT","2026-09-07","","","","","","",False,"","","","","* In SignorPrestito mettiamo le persone al centro. Siamo un punto di riferimento nel settore del credito; specializzati in soluzioni finanziarie su misura come la Cessione del Quinto e i Prestiti Personali, lavoriamo ogni giorno con trasparenza e professionalità per realizzare i progetti concreti dei nostri clienti.

  

Far parte di SignorPrestito significa entrare in **un’azienda solida e dinamica** che investe costantemente nella crescita delle proprie persone. Supportiamo lo sviluppo delle competenze tecniche e relazionali di ogni collaboratore, perché crediamo che **la qualità del nostro servizio nasca dal valore di chi ne fa parte**.

  

Qui, **ogni talento ha l'opportunità di fare la differenza** in un contesto innovativo e in forte espansione.

  

  

**Posizione:**
--------------

**Il ruolo**


Entrerai a far parte di un ufficio commerciale e consulenziale, dove il tuo lavoro si concentrerà su:

* Analisi del fabbisogno del cliente e consulenza finanziaria personalizzata
* Presentazione di soluzioni di finanziamento su misura: prestiti personali, cessione del quinto, finanziamenti, rinegoziazione e consolidamento debiti
* Gestione pratiche di finanziamento dalla proposta alla liquidazione
* Sviluppo e gestione del portafoglio clienti
* Trasformazione di lead qualificati e di portafoglio, forniti dall'azienda, in contratti liquidati
* Non è prevista ricerca a freddo di clienti, i contatti sono forniti dall'azienda

 **Cosa offriamo**

* Academy Certificata – 8 settimane retribuite: le prime 2 presso la tua filiale, le successive 6 in sede a Verona con vitto e alloggio a carico dell'azienda
* Contratto \- CCNL Commercio Conflavoro Terziario e Servizi.
* Lead generation attiva – portafoglio clienti operativo da subito
* Istruttoria pratiche a supporto
* Percorso di crescita concreto nel settore della consulenza finanziaria e commerciale
* Fascia retributiva annuale: 23\.500€ \- 25\.000€ \+ Sistema Premiante bonus individuali mensili, trimestrali e annuali, correlati al raggiungimento di obiettivi quantitativi e qualitativi, oltre a campagne incentivanti e contest periodici con ulteriori riconoscimenti economici

 **Iter di selezione**


Sono previsti 3 colloqui:

* 2 online su piattaforma Zoom con il Team Hr
* 1 in presenza presso la filiale con il Direttore Commerciale

**Requisiti:**
--------------

**Il profilo che cerchiamo**

  

* Preferenziale: esperienza pregressa come consulente del credito, consulente finanziario o in ambito bancario o in ambito assicurativo
* Esperienza consolidata in ambito commerciale o sales: assicurativo, immobiliare, telecomunicazioni, finanziario, vendita diretta
* Diploma di maturità (requisito di legge)
* Eccellenti doti comunicative e capacità di negoziazione
* Orientamento al risultato e perseveranza nella gestione degli obiettivi

  

Benefit: Formazione sul lavoro, Formazione retribuita, Supporto allo sviluppo professionale, Opportunità di crescita professionale, Programmi di sconto per i dipendenti, Sconti o convenzioni aziendali esclusive, Programma di riconoscimenti e premi, Eventi aziendali / Attività di team building, Gadget aziendali / Kit di benvenuto","","https://it.indeed.com/cmp/Signorprestito-Spa","https://d2q79iu7y748jz.cloudfront.net/s/_squarelogo/256x256/53d614e300c073042f44a26ec0463c6e","http://www.signorprestito.it","Verona","201 to 500","Decline to state","Ambizione, professionalità, preparazione. Queste sono le caratteristiche che rendono unico il nostro team. L’obiettivo è crescere insieme.","","","","","","","persona qualificata"
"in-05e21a52260b3482","indeed","https://it.indeed.com/viewjob?jk=05e21a52260b3482","https://www.lavoro.provincia.lecco.it/offerte-di-lavoro/dettaglio-offerta/AG-3108/","Addetto carico e scarico mezzi","PROVINCIA DI LECCO","Calco, LOM, IT","2026-09-07","","","","","","",False,"","","","scuola.lavoro@confapi.lecco","#### **Descrizione**


Confapi – Associazione piccole medie imprese della provincia di Lecco, per azienda associata, ricerca **addetto carico e scarico mezzi.**



La risorsa si occuperà di:


* Movimentazione interna dei materiali mediante carrello elevatore.
* Carico e scarico dei mezzi di trasporto.
* Aggiornamento dello stato delle spedizioni nel sistema informativo aziendale e archiviazione della documentazione
* Verifica delle informazioni relative alle spedizioni, quali programmi di carico, targhe dei mezzi e comunicazioni operative.
* Controllo della merce in arrivo con compilazione e timbratura dei documenti di trasporto (DDT).
* Supporto alle attività di magazzino e spedizione nel rispetto delle procedure aziendali.


Requisiti:


* Patentino per la conduzione del carrello elevatore in corso di validità.
* Esperienza in attività di magazzino, movimentazione merci o spedizioni.
* Completano il profilo la precisione e attenzione ai dettagli, capacità organizzative e di gestione delle priorità.


Sede di lavoro: Calco (LC)



Tipo di contratto offerto: Tempo indeterminato



RAL: compresa tra 20\.000,00 e 30\.000,00



Impegno orario: a giornata 8\-12 e13\.30\-17\.30 dal lunedì al venerdì.



Il presente annuncio è rivolto a entrambi i sessi, ai sensi delle leggi 903/77 e 125/91, e a persone di tutte le età e tutte le nazionalità, ai sensi dei decreti legislativi 215/03 e 216/03\. Gli interessati possono candidarsi e leggere l’informativa privacy sul sito www.confapi.lecco.it nella sezione lavoro oppure scrivere una mail con il titolo dell’offerta a scuola.lavoro@confapi.lecco.

  


###### ***Tutti gli annunci pubblicati sono rivolti a candidati di ambo i sessi (D.Lgs. 198/06\).***


#### **Codice mansione**


**813** \- Personale non qualificato addetto allo spostamento e alla consegna merci
#### **Tipologia offerta**


Agenzia per il lavoro
#### **Zona**


Calco


#### **Validità annuncio**


**07**
**SETTEMBRE**
**2026**
##### **PUBBLICAZIONE ANNUNCIO**

  

  

**28**
**SETTEMBRE**
**2026**
##### **SCADENZA ANNUNCIO**


###### **Pagina aggiornata il 07/09/2026, 14:22**","","https://it.indeed.com/cmp/Provincia-Di-Lecco","https://d2q79iu7y748jz.cloudfront.net/s/_squarelogo/256x256/5520b2b9b0bc8ade7d8439c12a534ebe","","","","","","","","","","","","persona qualificata"
"in-4ba435504f3ab62a","indeed","https://it.indeed.com/viewjob?jk=4ba435504f3ab62a","http://it.indeed.com/job/disegnatoredisegnatrice-cad-cam-4ba435504f3ab62a","Disegnatore/Disegnatrice CAD-CAM","TVC Group","Villa Cortese, LOM, IT","2026-09-07","fulltime","","","","","",False,"","","","","**La nostra azienda:**

Una lunga storia di lavoro, passione, creatività, legami personali, fiducia, crescita, rinnovamento e innovazione. Queste, in sintesi, possono essere le parole migliori per descrivere la nostra storia e la nostra filosofia aziendale.

Nato nel 1961 ad opera del fondatore Luigi Gazzardi, il Tacchificio Villa Cortese è da anni tra le aziende leader nel settore della componentistica per calzature ed annovera tra i propri clienti molte tra le più prestigiose griffes nazionali ed internazionali.

La produzione ampia e altamente qualificata, le linee e le proposte stilistiche sempre all’avanguardia, permettono di soddisfare le necessità di un mercato sempre più esigente.

L’azienda opera attraverso due poli produttivi specializzati e sinergici: uno dedicato allo stampaggio di materiali plastici per componenti calzaturieri, e uno focalizzato sulla progettazione, costruzione e manutenzione di stampi per lo stampaggio a iniezione di materiali plastici, garantendo continuità, controllo e innovazione lungo l’intero processo produttivo.

**Ricerchiamo:**

La risorsa che stiamo cercando è un/una Disegnatore/Disegnatrice CAD\-CAM da inserire all’interno della nostra area Ufficio Tecnico e Modelleria.

La figura sarà coinvolta in due ambiti strettamente connessi al nostro processo produttivo: lo sviluppo e la modellazione del prodotto calzaturiero e la progettazione degli stampi per lo stampaggio a iniezione.

A partire dalle indicazioni progettuali, la risorsa svilupperà geometrie, modelli e disegni tecnici in ambiente CAD 2D e 3D, trasformando il progetto in dati tecnici pronti per le successive fasi di industrializzazione e produzione.

Si occuperà inoltre della programmazione CAM delle lavorazioni meccaniche, collaborando con progettazione e produzione nella verifica della fattibilità e nell’ottimizzazione dei progetti.

**Mansioni principali:**

· sviluppo e modellazione CAD del prodotto calzaturiero, a partire dalle indicazioni progettuali e stilistiche;

· progettazione CAD di stampi per lo stampaggio a iniezione di materiali plastici;

· generazione dei percorsi utensile CAM e dei relativi part\-program per macchine CNC;

· verifica delle geometrie e della fattibilità tecnica e produttiva dei progetti, individuando e apportando le necessarie modifiche;

· collaborazione con progettisti, responsabili di prodotto e produzione nelle attività di sviluppo, modifica e ottimizzazione;

· gestione e aggiornamento dei dati e della documentazione tecnica attraverso il sistema PLM.

**Requisiti tecnici:**

· esperienza nell’utilizzo di software CAD;

· conoscenza di software CAM per la programmazione di lavorazioni CNC;

· esperienza nell’utilizzo di sistemi PLM;

· buona conoscenza del disegno tecnico;

· costituisce titolo preferenziale la provenienza dal settore calzaturiero, della modelleria o della progettazione di stampi;

· costituisce titolo preferenziale la conoscenza dei processi di stampaggio a iniezione di materiali plastici.

**Attitudini personali:**

· capacità di lavorare in team e di interfacciarsi con diverse funzioni aziendali;

· capacità di analisi e di interpretazione delle esigenze progettuali e produttive;

· attitudine al confronto e alla ricerca di soluzioni tecniche;

· curiosità e interesse verso l’innovazione e le tecnologie digitali applicate alla progettazione e alla produzione;

· proattività e orientamento al miglioramento continuo.

**Retribuzione:**

· Contratto secondo CCNL calzaturiero industria;

· RAL: € 28\.000,00 – 33\.000,00

**Benefit:**

· Buoni pasto;

· Corsi di formazione tecnica e sviluppo professionale;

· Welfare e assicurazione sanitaria.

**Vuoi lavorare con noi?**

Se ti riconosci in questa descrizione e vuoi entrare a far parte di una realtà solida, dinamica e in continua crescita, **inviaci il tuo CV!**

*Il presente annuncio è rivolto ad entrambi i sessi, ai sensi delle leggi 903/77 e 125/91 e a persone di tutte le età e tutte le nazionalità, ai sensi dei decreti legislativi 215/03 e 216/03\.*

Contratto di lavoro: Tempo pieno, Tempo determinato

Retribuzione: €28\.000,00 \- €33\.000,00 all'anno

Sede di lavoro: Di persona","","https://it.indeed.com/cmp/Tvc-Group","","https://www.tvcgroup.com","London","51 to 200","","","","","","","","","persona qualificata"
"in-1be53cfd43e30eac","indeed","https://it.indeed.com/viewjob?jk=1be53cfd43e30eac","https://inrecruiting.intervieweb.it/annunci.php?l=credit-advisor-monza-726702&lang=it&d=indeed&LAC=signorprestito","Credit Advisor Monza","SIGNORPRESTITO SPA","Monza, LOM, IT","2026-09-07","","","","","","",False,"","","","","* In SignorPrestito mettiamo le persone al centro. Siamo un punto di riferimento nel settore del credito; specializzati in soluzioni finanziarie su misura come la Cessione del Quinto e i Prestiti Personali, lavoriamo ogni giorno con trasparenza e professionalità per realizzare i progetti concreti dei nostri clienti.

  

Far parte di SignorPrestito significa entrare in **un’azienda solida e dinamica** che investe costantemente nella crescita delle proprie persone. Supportiamo lo sviluppo delle competenze tecniche e relazionali di ogni collaboratore, perché crediamo che **la qualità del nostro servizio nasca dal valore di chi ne fa parte**.

  

Qui, **ogni talento ha l'opportunità di fare la differenza** in un contesto innovativo e in forte espansione.

  

  

**Posizione:**
--------------

**Il ruolo**


Entrerai a far parte di un ufficio commerciale e consulenziale, dove il tuo lavoro si concentrerà su:

* Analisi del fabbisogno del cliente e consulenza finanziaria personalizzata
* Presentazione di soluzioni di finanziamento su misura: prestiti personali, cessione del quinto, finanziamenti, rinegoziazione e consolidamento debiti
* Gestione pratiche di finanziamento dalla proposta alla liquidazione
* Sviluppo e gestione del portafoglio clienti
* Trasformazione di lead qualificati e di portafoglio, forniti dall'azienda, in contratti liquidati
* Non è prevista ricerca a freddo di clienti, i contatti sono forniti dall'azienda

 **Cosa offriamo**

* Academy Certificata – 8 settimane retribuite: le prime 2 presso la tua filiale, le successive 6 in sede a Verona con vitto e alloggio a carico dell'azienda
* Contratto \- CCNL Commercio Conflavoro Terziario e Servizi.
* Lead generation attiva – portafoglio clienti operativo da subito
* Istruttoria pratiche a supporto
* Percorso di crescita concreto nel settore della consulenza finanziaria e commerciale
* Fascia retributiva annuale: 23\.500€ \- 25\.000€ \+ Sistema Premiante bonus individuali mensili, trimestrali e annuali, correlati al raggiungimento di obiettivi quantitativi e qualitativi, oltre a campagne incentivanti e contest periodici con ulteriori riconoscimenti economici

 **Iter di selezione**


Sono previsti 3 colloqui:

* 2 online su piattaforma Zoom con il Team Hr
* 1 in presenza presso la filiale con il Direttore Commerciale

**Requisiti:**
--------------

**Il profilo che cerchiamo**

  

* Preferenziale: esperienza pregressa come consulente del credito, consulente finanziario o in ambito bancario o in ambito assicurativo
* Esperienza consolidata in ambito commerciale o sales: assicurativo, immobiliare, telecomunicazioni, finanziario, vendita diretta
* Diploma di maturità (requisito di legge)
* Eccellenti doti comunicative e capacità di negoziazione
* Orientamento al risultato e perseveranza nella gestione degli obiettivi

  

Benefit: Formazione sul lavoro, Formazione retribuita, Supporto allo sviluppo professionale, Opportunità di crescita professionale, Sconti o convenzioni aziendali esclusive, Programma di riconoscimenti e premi, Eventi aziendali / Attività di team building, Gadget aziendali / Kit di benvenuto","","https://it.indeed.com/cmp/Signorprestito-Spa","https://d2q79iu7y748jz.cloudfront.net/s/_squarelogo/256x256/53d614e300c073042f44a26ec0463c6e","http://www.signorprestito.it","Verona","201 to 500","Decline to state","Ambizione, professionalità, preparazione. Queste sono le caratteristiche che rendono unico il nostro team. L’obiettivo è crescere insieme.","","","","","","","persona qualificata"
"in-8a13af70de797398","indeed","https://it.indeed.com/viewjob?jk=8a13af70de797398","http://it.indeed.com/job/impiegato-back-office-service-8a13af70de797398","Impiegato back office service","SOCAF SPA","Osio Sotto, LOM, IT","2026-09-07","fulltime","","","","","",False,"","","","","**Socaf S.p.A.**, azienda specialista da quarant’anni in soluzioni per il cleaning professionale e per la qualità degli ambienti di lavoro, ricerca per la propria sede di Osio Sotto (BG) un/una:

**\- Impiegato/a Back Office Service**

Il/la candidato/a, dotato/a di spiccata propensione all'organizzazione e pianificazione delle proprie attività, verrà inserito all'interno del team di back office service e si occuperà principalmente di:

* Contatto con i nostri clienti sia telefonicamente che tramite email, gestendo le richieste di assistenza tecnica e di consulenza
* Rendicontazione delle lavorazioni dei nostri tecnici e riparatori
* Preparazione dalla documentazione necessaria agli interventi di assistenza
* Fatturazione e preventivazione degli interventi
* Collaborazione nella pianificazione delle assistenze esterne
* Utilizzo del gestionale e delle modulistiche aziendali

**Requisiti:**

* Predisposizione al contatto con il cliente
* Forte motivazione e determinazione
* Spirito di squadra. Il team è molto dinamico, ci aspettiamo la stessa cosa da te!
* Voglia di imparare e migliorare. Crescerai con noi!
* Necessaria pregressa esperienza nel ruolo e/o presso uffici amministrativi
* Residenza limitrofa al luogo di lavoro (Osio Sotto – BG)

**Cosa offriamo:**

* Luogo di lavoro stimolante e dinamico
* Corso di formazione ed affiancamento iniziale
* Contratto a tempo determinato con scopo di trasformazione a tempo indeterminato
* La RAL verrà definita in base all’esperienza del candidato

**Altre Informazioni:**

* Orario di lavoro: full time, da lunedì a venerdì
* Zona di lavoro: Osio Sotto (BG)
* Visita il nostro sito internet e scopri cosa significa essere parte del team Socaf!

Se sei un candidato qualificato e desideri fare parte del nostro team, invia il tuo curriculum vitae e una lettera motivazionale! Il presente annuncio è rivolto ad entrambi i sessi, ai sensi delle leggi 903/77 e 125/91, e a persone di tutte le età e tutte le nazionalità, ai sensi dei decreti legislativi 215/03 e 216/03\.

Retribuzione: €1\.703,45 \- €2\.036,73 al mese

Benefit:

* Assistenza sanitaria integrativa
* Convenzioni aziendali
* Distributori automatici di snack e bevande
* Fondo pensione
* Parcheggio libero
* Supporto allo sviluppo professionale

Sede di lavoro: Di persona","","https://it.indeed.com/cmp/Socaf-Spa","","","","","","","","","","","","","persona qualificata"
"in-11c7ed5e522e9cd9","indeed","https://it.indeed.com/viewjob?jk=11c7ed5e522e9cd9","http://it.indeed.com/job/inside-sales-11c7ed5e522e9cd9","Inside Sales","GESTLABS S.r.l.","Lomagna, LOM, IT","2026-09-07","fulltime","","","","","",False,"","","","","**Chi siamo**

GESTLABS è un laboratorio di scienza dei materiali, centro di formazione certificato e software design house. Operiamo a livello nazionale e internazionale in settori strategici quali aerospazio, difesa e sicurezza, automotive e servizi di produzione elettronica.

Per il potenziamento della nostra struttura commerciale, stiamo ricercando una figura di Inside Sales dedicata allo sviluppo e alla gestione del portafoglio clienti delle divisioni Lab Services, Environmental Testing e Training IPC.

**Descrizione del ruolo**

La risorsa sarà inserita nella struttura commerciale di GESTLABS, con riporto diretto al Sales Manager, e opererà trasversalmente sulle divisioni Lab Services, Environmental Testing e Training IPC. Il ruolo prevede una intensa attività di contatto telefonico quotidiano, sia verso il portafoglio clienti già attivo, con finalità di follow\-up, riattivazione e sviluppo, sia verso aziende potenziali da acquisire. Cerchiamo una figura con background tecnico in ambito elettronico ed esperienza commerciale maturata in contesti affini, in grado di comprendere il contenuto tecnico dei servizi che propone e di gestire in autonomia la propria attività, la pipeline e la relativa reportistica.

**Responsabilità principali**

* Gestire quotidianamente un elevato volume di contatti telefonici verso clienti attivi e prospect
* Curare il follow\-up sistematico del portafoglio clienti esistente, presidiando la ricorrenza delle commesse e la riattivazione dei clienti non recenti
* Ricercare, qualificare e sviluppare nuove opportunità commerciali nei mercati di riferimento
* Raccogliere e formalizzare le richieste dei clienti, interfacciandosi con i referenti tecnici di area per la predisposizione dei preventivi
* Predisporre e trasmettere offerte sui servizi a listino, nel rispetto delle politiche commerciali definite
* Trasferire al Sales Manager i contatti qualificati che richiedono approfondimento o visita presso il cliente
* Alimentare e mantenere costantemente aggiornato il CRM aziendale, garantendo la qualità e la completezza del dato
* Produrre reportistica periodica su attività svolta, pipeline e avanzamento degli obiettivi commerciali

**Requisiti**

* Preferibile diploma tecnico ad indirizzo elettronico o elettrotecnico, oppure laurea in ambito tecnico o economico. Vengono valutati anche percorsi formativi differenti a fronte di esperienza equivalente nel ruolo
* Esperienza di almeno 2 anni in ruoli di inside sales, commerciale interno o back office commerciale, maturata in contesti tecnici affini (elettronica, servizi di laboratorio e testing, componentistica industriale, formazione tecnica)
* Comprensione dei processi di produzione elettronica e dei relativi requisiti di qualità
* Ottima padronanza del pacchetto Office, con particolare riferimento a Excel per l’elaborazione di reportistica commerciale
* Conoscenza della lingua inglese almeno a livello B2
* Attitudine al lavoro per obiettivi e alla gestione di un elevato volume di contatti telefonici

**Vengono considerati come plus**

* Conoscenza degli standard IPC (IPC\-A\-610, J\-STD\-001\) o della norma UNI CEI EN ISO/IEC 17025
* Esperienza nella vendita di servizi e non di prodotto
* Utilizzo pregresso di sistemi CRM strutturati
* Esperienza in contesti accreditati o in settori regolamentati quali aerospazio, difesa e automotive
* Familiarità con strumenti di lead generation e ricerca clienti (LinkedIn Sales Navigator, banche dati aziendali)

**Soft skills richieste**

* Orientamento al risultato e resilienza nella gestione dell’attività telefonica
* Chiarezza espositiva e capacità di ascolto nella relazione con interlocutori tecnici
* Precisione e metodo nella gestione dei dati e nella tracciatura delle attività
* Proattività nella ricerca autonoma di nuove opportunità
* Attitudine al lavoro in team con le funzioni tecniche e di laboratorio
* Curiosità e interesse ad approfondire il contenuto tecnico dei servizi proposti

**Cosa offriamo**

* Assunzione diretta a tempo indeterminato, CCNL Metalmeccanico Industria
* Percorso strutturato di onboarding tecnico, con affiancamento dei responsabili di area, finalizzato ad acquisire piena padronanza dei servizi proposti
* Riporto diretto al Sales Manager, in una struttura snella e con margini concreti di autonomia
* Telefono e PC aziendali
* Attività svolta in presenza presso la sede di Lomagna (LC), con trasferte occasionali
* Contesto in crescita, operante su mercati tecnologici avanzati e su clienti di rilievo nazionale e internazionale
* Formazione continua sugli standard tecnici di settore

**Inquadramento e retribuzione**

Livello di inquadramento: C3, CCNL Metalmeccanico Industria, con valutazione al livello B1 per profili con esperienza consolidata.

RAL indicativa: da € 29\.000 a € 34\.000, commisurata all’esperienza e alle competenze effettivamente possedute.

Retribuzione: €28\.000,00 \- €33\.000,00 all'anno

Sede di lavoro: Di persona","","https://it.indeed.com/cmp/Gestlabs-S.r.l.","https://d2q79iu7y748jz.cloudfront.net/s/_squarelogo/256x256/a2d49d6b0d9a6a8ea20387db18d4c766","https://www.gestlabs.it/","Via Piave 6, Lomagna (LC) 23871","11 to 50","","Analisi di Laboratorio per Aziende, Corsi di Formazione IPC, Progettazione Elettronica, Product Reliability, Prove di Invecchiamento Accelerato, Prove di Affidabilità, Failure & Root Cause Analysis.","","","","","","","persona qualificata"
"in-d63d28a860ac77f6","indeed","https://it.indeed.com/viewjob?jk=d63d28a860ac77f6","http://it.indeed.com/job/estetisti-professioni-dei-servizi-alla-persona-d63d28a860ac77f6","Estetisti (Professioni dei servizi alla persona)","Nails&Beauty","Sant'Angelo Lodigiano, LOM, IT","2026-09-05","fulltime","","","","","",False,"","","","","ESTETISTI QUALIFICATI – FULL TIME / PART TIME

Slim \& Beauty – Sant’Angelo Lodigiano (LO)

Sei un professionista dell'estetica e cerchi un ambiente in cui il tuo lavoro venga valorizzato professionalmente ed economicamente?

Vuoi continuare a formarti e diventare un professionista dell’estetica sempre più completo?

Slim \& Beauty, Centro Estetico e Dimagrimento presente a Sant’Angelo Lodigiano da 20 anni, amplia il proprio team e ricerca ESTETISTI QUALIFICATI, con inserimento Full Time o Part Time.

CHI CERCHIAMO

Non cerchiamo semplicemente una persona che sappia eseguire trattamenti estetici.

Cerchiamo un professionista che abbia passione per questo lavoro, voglia di imparare, attitudine commerciale e desiderio di crescere.

Per noi bravi estetisti devono saper creare un rapporto di fiducia con i cliente: ascoltarli, comprenderne le esigenze, consigliarli con competenza e accompagnarli nel tempo attraverso trattamenti e percorsi personalizzati.

Requisiti e caratteristiche che cerchiamo:

\* Qualifica professionale di estetica

\* Esperienza nel settore, anche non necessariamente pluriennale

\* Buone capacità comunicative e relazionali

\* Attitudine commerciale e alla consulenza

\* Predisposizione alla proposta di trattamenti, percorsi e prodotti

\* Voglia di studiare, imparare e aggiornarsi

\* Disponibilità a seguire il metodo, le procedure e i protocolli aziendali

\* Precisione, organizzazione e affidabilità

\* Predisposizione al lavoro di squadra

\* Orientamento agli obiettivi e ai risultati

\* Ambizione e desiderio di crescere professionalmente ed economicamente

L’esperienza è importante, ma per noi lo sono altrettanto l’atteggiamento, la capacità di relazionarsi con il cliente e la voglia di imparare.

COSA OFFRIAMO

Crediamo fortemente nella formazione.

Per questo la persona che entrerà nel nostro team verrà accompagnata attraverso un percorso di formazione continua e affiancamento, non soltanto tecnico.

Il nostro obiettivo è aiutarti a diventare un professionista dell’estetica e del benessere a 360°, sviluppando competenze tecniche, consulenziali, commerciali, relazionali e organizzative.

Offriamo:

\* Inserimento Full Time o Part Time, da valutare in base al profilo

\* Regolare inquadramento secondo il CCNL applicato

\* Percorso finalizzato a una collaborazione stabile

\* Formazione continua e affiancamento

\* Metodo di lavoro strutturato

\* Procedure e protocolli definiti

\* Utilizzo di tecnologie e metodologie professionali

\* Ambiente organizzato e orientato alla qualità e ai risultati

\* Concrete possibilità di crescita professionale ed economica

IL TUO IMPEGNO VIENE PREMIATO

Oltre alla retribuzione prevista dal contratto, abbiamo introdotto un sistema di incentivi legato ai risultati che può permetterti di guadagnare fino al 30% in più rispetto allo stipendio base.

Crediamo che chi si impegna, studia, applica il metodo e raggiunge risultati debba avere la possibilità di essere riconosciuto e premiato anche economicamente.

POTRESTI ESSERE LA PERSONA GIUSTA SE…

Ami il mondo dell’estetica, ti piace lavorare con le persone, hai una naturale predisposizione commerciale e non vuoi semplicemente “trovare un lavoro”, ma desideri costruire e far crescere la tua professionalità.

Se ti riconosci in questa descrizione, ci piacerebbe conoscerti.

Invia la tua candidatura tramite Indeed allegando il CV aggiornato e, se vuoi, una breve presentazione raccontandoci chi sei, le tue esperienze e perché vorresti entrare nel nostro team.

Sede di lavoro:

Slim \& Beauty – Centro Estetico \& Dimagrimento

Centro Commerciale Il Castello

Sant’Angelo Lodigiano (LO)

Tipologia: Full Time / Part Time

Contratto: regolare inquadramento secondo CCNL applicato, con possibilità di stabilizzazione

Retribuzione: secondo inquadramento contrattuale \+ incentivi fino al 30% in più rispetto allo stipendio base

Formazione: continua

Contratto di lavoro: Tempo pieno, Tempo determinato

Retribuzione: €1\.200,00 \- €3\.000,00 al mese

Benefit:

* Assicurazione sanitaria
* Buoni pasto
* Cellulare aziendale
* Computer aziendale
* Convenzioni aziendali
* Parcheggio libero
* Rimborso spese cellulare
* Sconti sui prodotti o servizi dell'azienda
* Viaggi premio

Domande di preselezione:

* SEI DISPONIBILE A FREQUENTARE CORSI DI FORMAZIONE PROFESSIONALE?

Esperienza:

* ESTETICA: 1 anno (Preferenziale)

Abilitazione/Certificazione:

* DIPLOMA DI ESTETICA (Obbligatorio)

Sede di lavoro: Di persona","","https://it.indeed.com/cmp/Nails&Beauty-1","","https://www.slim-beauty.it","VIALE TRENTO TRIESTE, 2 - 26866 SANT'ANGELO LODIGIANO (LO)","2 to 10","less than $1M (USD)","","","","","","","","persona qualificata"
"in-57eb7568a3b32aea","indeed","https://it.indeed.com/viewjob?jk=57eb7568a3b32aea","https://t.gohiring.com/h/664ac03c715ca02c78833f468dbe6b03a36612b4b1596672243aabaadeaec09a?source=Indeed","Marketing Lead Peer4Med","TestBusters","Milano, LOM, IT","2026-09-04","fulltime","","","","","",False,"","","","","#### **Su di noi**

**Peer4Med** è il brand di Testbusters dedicato soprattutto alla preparazione per il concorso SSM e, più in generale, alla fase post\-universitaria del percorso medico.  

Sta crescendo dentro un contesto più strutturato dal punto di vista digitale: nuovo eCommerce, integrazione con CRM e marketing automation, funnel più completi, maggiore attenzione a tracciamento, SEO, contenuti e conversione.

#### **Il ruolo**


In Peer4Med stiamo cercando chi gestirà il Marketing e faccia crescere reach e conversione in modo strutturato: social, CRM, eventi, contenuti e partnership sotto un'unica regia, con KPI chiari e nessuna vanity metric.  

  

Come **Marketing Lead** lavorerai a stretto contatto con la funzione business di Peer4Med e con il team marketing e digital del Gruppo Testbusters. Avrai un perimetro d’azione trasversale: campagne paid, CRM, email, landing page, lead magnet, analytics, funnel, coordinamento operativo dei lanci e supporto alla crescita del brand.  

Il ruolo è ideale per una persona hands\-on, veloce, lucida sui numeri e abbastanza pragmatica da preferire sistemi semplici che funzionano davvero a castelli teorici inutilizzabili.  

  

Nello specifico ti occuperai di:  

  

**Acquisition e funnel**

* Gestire il budget paid e lavorare in sinergia con l’agenzia media per l’ottimizzazione delle campagne di acquisizione su Meta, Google e altri canali rilevanti.
* Costruire e migliorare funnel TOFU\-MOFU\-BOFU per prodotti, eventi, simulazioni gratuite, lead magnet, lanci editoriali e nuove offerte.
* Lavorare su landing page, form, CTA, offerte e snodi del funnel per aumentare conversione e qualità delle lead.

**CRM, email e lifecycle*** Gestire operativamente HubSpot o strumenti equivalenti per segmentazione, lead scoring, workflow, nurturing, reactivation, upsell e retention.
* Costruire flussi email e automazioni legati al ciclo di vita dell'utente: da lead fredda a prospect qualificata, da cliente attivo a riacquisto o referral.
* Migliorare la qualità del dato marketing, l'uso di tag, campi, UTM e logiche di scoring in raccordo con sales e business.

**Conversione, sito ed eCommerce*** Supportare il miglioramento continuo di sito, eCommerce e pagine campagna insieme al team digital e product, con attenzione a copy, SEO e performance commerciale.
* Testare ipotesi su lead magnet, ordine dei messaggi, pagine prodotto, checkout e offerte per ridurre attrito e aumentare conversione.
* Segnalare con chiarezza cosa blocca le performance e cosa invece merita più spinta: il marketing non deve solo portare traffico, deve aiutare a vendere meglio.

**Contenuti, creator ed eventi*** Coordinare operativamente campagne e contenuti con team content, creator, grafica, business e community, senza perdere il filo dei numeri.
* Contribuire allo sviluppo di format e asset che funzionino sia in organico sia in ADV: video, lead magnet, mini funnel, webinar, simulazioni, campagne promo e contenuti educational.
* Supportare attivazioni ed eventi con creator, ambassador, partnership e iniziative locali o universitarie, quando utili alla crescita del brand e della domanda.
* Essere in grado di ottimizzare i contenuti organici in funzione delle diverse piattaforme, quindi lavorare in ottica SEO, GEO, ragionando sul reale valore del contenuto piuttosto che sulla mera forma estetica.

**Analytics, reporting e growth*** Monitorare KPI chiave come sessioni, CPL, CAC, conversion rate, costi per canale, open rate, CTR, lead qualificate, vendite attribuite e ritorno delle campagne.
* Produrre report leggibili e utili alle decisioni, evidenziando rapidamente cosa sta funzionando, cosa no e dove conviene concentrare budget ed energie.
* Lavorare con mentalità di test continuo: esperimenti, A/B test, retrospettive, apprendimento veloce e iterazione.

**Partnership*** Mappare e attivare partnership con aziende del comparto medicale e sanitario (dispositivi, editoria scientifica, software gestionali, assicurazioni e servizi per professionisti sanitari, banche e servizi finanziari per giovani professionisti) e con altri stakeholder dell'ecosistema formativo e universitario.
* Presidiare il ciclo completo del rapporto: scouting e primo contatto, definizione del formato di collaborazione, negoziazione delle condizioni economiche, esecuzione operativa, misurazione dei risultati, rinnovo o chiusura.
* Costruire formati ripetibili invece di accordi one\-off: sponsorship di eventi e simulazioni, co\-marketing su database, contenuti co\-branded, lead sharing, presenza in kit e materiali, attivazioni on\-campus, spazi in newsletter e community, barter di visibilità.
* Mantenere gli asset di vendita indiretta: media kit aggiornato, listino indicativo dei formati, case study, report post\-campagna da condividere con il partner come base per il rinnovo.

#### **Cosa cerchiamo in te**


Must have:

* Esperienza di almeno 1 anni in digital marketing, growth, performance, CRM o ruoli simili in contesti digitali, consumer, education, eCommerce o servizi.
* Esperienza concreta su CRM/email marketing, landing page e conversion, analytics/reporting, contenuti orientati alla performance.
* Capacità di lavorare con dati, dashboard e KPI senza perdere il contatto con messaggio, target e posizionamento
* Buona familiarità con strumenti come HubSpot, GA4, Meta Ads, Google Ads, CMS/eCommerce e fogli di lavoro ben tenuti.
* Ottima capacità esecutiva: sai passare dall'idea alla messa a terra senza disperdersi.
* Approccio pragmatico, proattivo, autonomo e hands on.
* Abilità e capacità di ragionamento su argomenti complessi e astratti. Sai individuare e curare i dettagli che contano e non ti spaventano le sfide, anzi.
* Ambizione e voglia di imparare: vogliamo diventare una delle aziende innovative leader nell’education in Europa, c’è molta strada da fare insieme
* Forte capacità e spirito di squadra: sei disponibile a sporcarti le mani per aiutare il team e difendi le idee migliori (non per forza le tue), resistendo ai bias e aiutando gli altri a fare lo stesso.
* Ottima conoscenza dell’inglese. Leggi, scrivi e parli inglese in modo fluente (livello almeno B2\).


Nice to have:* Esperienza in brand education, medical, community\-based o con target giovani/professionali ad alta intensità informativa
* Esperienza su TikTok, Instagram, YouTube, creator marketing o formati video educational
* Competenze SEO o GEO, copywriting diretto, CRO o partnership marketing.
* Familiarità con logiche di prodotto digitale, LMS, simulatori, app o e\-Commerce multibrand.
* Uso intelligente di strumenti AI per velocizzare produzione, analisi o testing, senza trasformare tutto in fuffa sintetica


Lavorerai in un contesto in cui business, marketing, sales, prodotto e digital devono parlarsi meglio e più in fretta. Quindi ci aspettiamo una persona che non difenda il proprio pezzettino, ma aiuti il brand a crescere end\-to\-end.  

All'inizio il ruolo sarà molto operativo. Se la persona funziona davvero, nel tempo il perimetro potrà crescere in responsabilità, autonomia e impatto#### **Testbusters come luogo di lavoro**

**Mood:** in Testbusters troverai un ambiente giovane e stimolante, dove l'energia e l'innovazione sono al centro di tutto ciò che facciamo. Il nostro team è composto da persone motivate e appassionate, pronte a collaborare e condividere idee per migliorare continuamente l’esperienza dei nostri studenti.  

  

**Flessibilità:** offriamo flessibilità organizzativa per permettere al nostro team di bilanciare al meglio vita lavorativa e personale. Sono previste 2\-5 giornate di presenza mensili per tutto il team di Testbusters, mentre il resto del tempo potrai lavorare dove preferisci. Il lavoro è organizzato in modo flessibile, rispettando due fasce di reperibilità (10\.00 \- 12\.30 e 14\.30 \- 17\.30\) e il diritto alla disconnessione (20\.00 \- 8\.00\).  

  

**Condivisione \& team building:** sappiamo quanto sia importante la coesione all'interno del team, per questo organizziamo regolarmente attività di team building per creare un ambiente di lavoro più sereno e collaborativo.  

  

**Formazione:** ci impegniamo a predisporre un ambiente di lavoro che favorisca lo sviluppo personale e professionale delle persone. Crediamo che la formazione sia un asset strategico per il successo della persona e dell’azienda.  

  

**Performance e crescita:** siamo un contesto in costante evoluzione e promuoviamo una cultura della performance e della crescita, offrendo risorse e opportunità di sviluppo professionale. Ogni anno sviluppiamo un percorso di valutazione basato su competenze, comportamenti e obiettivi#### **La nostra offerta**

* **RAL range**: 36\-45k€
* 10\-15% variabile commisurato a seniority, esperienza e livello di autonomia
* **Welfare:** definito in base al livello contrattuale
* **Sconti e agevolazioni** su psicoterapia e prestazioni mediche e odontoiatriche


Headquarter a Milano (Via Marco Ulpio Traiano, 17\) con cucina attrezzata, biliardo, ping pong, caffè, biscotti e snack sempre a disposizione.#### **Il percorso di selezione**

* Assessment con Test Gorilla
* Colloquio con P\&C
* Colloqui Tecnici con il team Marketing
* Incontro con CEO
* Discussione di un candidate caso pratico o review di campagne / funnel / report reali o molto verosimili che troveresti in azienda


Se si passa alle fasi avanzate della selezione potrà essere richiesto un background/referral check.#### **Chi siamo**

**Testbusters** è un’azienda Community Based di più di 1000 persone, tra docenti\-studenti e collaboratori, presenti in tutta Italia.


Aiutiamo i nostri studenti a superare al meglio i test di ammissione all’Università.


Crediamo in un modo migliore di apprendere e di insegnare, più coinvolgente e mirato, basato sulla formazione tra pari e sull’incontro genuino tra docenti e studenti.


Il nostro motto è, da sempre, “studenti per gli studenti”: siamo informali, coraggiosi e competenti.


Dal 2023 siamo un gruppo internazionale e siamo presenti in UK, dove aiutiamo gli aspiranti studenti di Oxford e Cambridge a raggiungere il loro sogno di ammissione.","","https://it.indeed.com/cmp/Testbusters","","","","","","","","","","","","","persona qualificata"
"in-55dce2790efcb982","indeed","https://it.indeed.com/viewjob?jk=55dce2790efcb982","http://it.indeed.com/job/marketing-e-comunicazione-55dce2790efcb982","Marketing e Comunicazione","Fresh Ramen","Cesano Maderno, LOM, IT","2026-09-04","fulltime","","","","","",True,"","","","","Fresh Ramen è alla ricerca di un digital marketing specialist.

La risorsa sarà responsabile della creazione, gestione e ottimizzazione delle nostre campagne di marketing digitale, con l'obiettivo di incrementare la visibilità del brand e generare lead qualificati.

\*\*Responsabilità principali\*\*:

\- Pianificazione e implementazione di strategie di marketing digitale (email marketing, social media, display advertising)

\- Creazione e gestione di campagne pubblicitarie su Google Ads, Facebook Ads, Instagram e altre piattaforme

\- Monitoraggio delle performance delle campagne utilizzando strumenti di analytics \- Ottimizzazione del sito web

\- Gestione della presenza social e interazione con la community online

\- Analisi dei risultati e creazione di report sulle performance delle campagne \*\*requisiti\*\*

\- Conoscenza di strumenti come Google Analytics, Google Ads, Facebook Business Manager

\- Creatività e orientamento ai risultati

\- Capacità di lavorare in team e in autonomia

Possibilità di lavorare in Smart working

Contratto di lavoro: Tempo pieno

Retribuzione: €1\.400,00 \- €1\.800,00 al mese

Benefit:

* Parcheggio libero
* Supporto allo sviluppo professionale

Esperienza:

* addetto/a marketing: 1 anno (Obbligatorio)

Lingua:

* Inglese (Preferenziale)

Sede di lavoro: Di persona","","https://it.indeed.com/cmp/Fresh-Ramen","","","","","","","","","","","","","persona qualificata"
"in-c733cd60253a29ff","indeed","https://it.indeed.com/viewjob?jk=c733cd60253a29ff","https://skechers.wd5.myworkdayjobs.com/One-career-site/job/Vimercate-MB-Italy/Digital-Marketing---E-commerce-specialist_JR132568","Digital Marketing & E-commerce specialist","Skechers","Vimercate, LOM, IT","2026-09-04","fulltime","","","","","",False,"","","","","Con sede nel sud della California, Skechers è ""THE COMFORT TECHNOLOGY COMPANY"", Azienda che aiuta da più di 30 anni le persone a sentirsi bene, indossando i nostri prodotti. Lo sviluppo delle tecnologie per il comfort è alla base di tutto ciò che facciamo: offriamo prodotti eleganti, innovativi e di qualità a un prezzo competitivo. Oltre alla nostra collezione di calzature, offriamo anche una gamma sempre più ampia di abbigliamento e accessori, diventando così un marchio lifestyle completo.  

Sei un professionista del digital marketing con la passione per l'e\-commerce e il mondo dei social media? Se è così, ci piacerebbe conoscerti e vorremmo tu potessi entrare a far parte del nostro team come ""Digital Marketing \& E\-commerce Specialist"".  

In qualità di Digital Marketing \& E\-commerce Specialist, sarai il punto di riferimento per la gestione della piattaforma e\-commerce e delle attività di marketing digitale di Skechers Italia. Lavorerai a stretto contatto con i team locali e internazionali per garantire una presenza digitale coerente, efficace e in continua crescita nel mercato italiano.  

Sarai responsabile della creazione e gestione di campagne email su Salesforce Marketing Cloud, del monitoraggio delle performance e\-commerce, della coordinazione delle campagne influencer e del supporto alle attività sui social media.
  

Collaborerai con i team creativi HQ (USA) per la localizzazione degli asset e con i team CRM, Media e Content per allineare le strategie digitali al mercato italiano.**Cosa stiamo cercando:**

* Laurea in Marketing, Comunicazione, Economia o discipline affini
* Almeno 2\-3 anni di esperienza in ambito digital marketing
* Conoscenza delle principali discipline digitali: SEO, SEA, email marketing, social media, performance marketing
* Esperienza preferibile con Salesforce Marketing Cloud, e Google Analytics 4 (GA4\)
* Conoscenza di Meta Business Suite
* Ottima padronanza di MS Office (Word, Excel, PowerPoint)
* Madrelingua italiana con ottima conoscenza dell'inglese (scritto e parlato)
* Mentalità data\-driven, proattività e forte orientamento ai risultati
* Capacità di lavorare in modo autonomo in un contesto internazionale
* Capacità e volontà di lavorare in un contesto dinamico e in continua evoluzione

**Cosa offriamo:**

* Contratto a 40 ore in sostituzione maternità
* Inquadramento al 3 livello del CCNL Commercio . RAL a partire da 35K
* Opportunità di crescita e sviluppo professionale
* Un ambiente di lavoro dinamico e internazionale
* Portale di convenzioni aziendali
* Portale dedicato al wellbeing
* Possibilità di smartworking


Skechers riconosce l'importanza e il potere della diversità all'interno dell'Azienda e, in quanto tale, si assicura che i processi relativi alle Persone siano equi, trasparenti e promuovano le pari opportunità per tutti i dipendenti e candidati.

**BE YOU – FEEL WELCOME**


L'Azienda potrebbe valutare di adottare soluzioni alternative per consentire a risorse qualificate ma con particolari condizioni di salute/disabilità di svolgere al meglio il proprio ruolo.

**WHO WE ARE:**  

Headquartered in Southern California, Skechers—the Comfort Technology Company®—has spent over 30 years helping men, women, and kids everywhere look and feel good. Comfort innovation is at the core of everything we do, driving the development of stylish, high\-quality products at a great value. From our diverse footwear collections to our expanding range of apparel and accessories, Skechers is a complete lifestyle brand.

 **Be You \- Feel Welcome**


Skechers recognises the importance and power of diversity within our business. We ensure that our people processes are fair, transparent and promote equality of opportunity for all employees and job applicants.

 ***Reasonable accommodations may be made to enable individuals with disabilities or health conditions, who are otherwise qualified for the job position, to perform the essential functions as detailed above.***","Retail","https://it.indeed.com/cmp/Skechers","https://d2q79iu7y748jz.cloudfront.net/s/_squarelogo/256x256/a0daef7c976e56f87f4c942a8c7ee7d9","https://www.skechers.com","228 S Sepulveda Blvd
Manhattan Beach, California 90266

","10,000+","Decline to state","Skechers is focused on designing products that deliver style, comfort, innovation, and quality at a reasonable price.","","","","","","","persona qualificata"
"in-8923c0c4f9237581","indeed","https://it.indeed.com/viewjob?jk=8923c0c4f9237581","https://skechers.wd5.myworkdayjobs.com/One-career-site/job/Vimercate-MB-Italy/Digital-Marketing---E-commerce-specialist---Categorie-Protette-L68-99--_JR132569","Digital Marketing & E-commerce specialist - Categorie Protette L.68/99 -","Skechers","Vimercate, LOM, IT","2026-09-04","fulltime","","","","","",False,"","","","","Con sede nel sud della California, Skechers è ""THE COMFORT TECHNOLOGY COMPANY"", Azienda che aiuta da più di 30 anni le persone a sentirsi bene, indossando i nostri prodotti. Lo sviluppo delle tecnologie per il comfort è alla base di tutto ciò che facciamo: offriamo prodotti eleganti, innovativi e di qualità a un prezzo competitivo. Oltre alla nostra collezione di calzature, offriamo anche una gamma sempre più ampia di abbigliamento e accessori, diventando così un marchio lifestyle completo.  

Sei un professionista del digital marketing con la passione per l'e\-commerce e il mondo dei social media? Se è così, ci piacerebbe conoscerti e vorremmo tu potessi entrare a far parte del nostro team come ""Digital Marketing \& E\-commerce Specialist"".  

In qualità di Digital Marketing \& E\-commerce Specialist, sarai il punto di riferimento per la gestione della piattaforma e\-commerce e delle attività di marketing digitale di Skechers Italia. Lavorerai a stretto contatto con i team locali e internazionali per garantire una presenza digitale coerente, efficace e in continua crescita nel mercato italiano.  

Sarai responsabile della creazione e gestione di campagne email su Salesforce Marketing Cloud, del monitoraggio delle performance e\-commerce, della coordinazione delle campagne influencer e del supporto alle attività sui social media.
  

Collaborerai con i team creativi HQ (USA) per la localizzazione degli asset e con i team CRM, Media e Content per allineare le strategie digitali al mercato italiano.**Cosa stiamo cercando:**

* Laurea in Marketing, Comunicazione, Economia o discipline affini
* Almeno 2\-3 anni di esperienza in ambito digital marketing
* Conoscenza delle principali discipline digitali: SEO, SEA, email marketing, social media, performance marketing
* Esperienza preferibile con Salesforce Marketing Cloud, e Google Analytics 4 (GA4\)
* Conoscenza di Meta Business Suite
* Ottima padronanza di MS Office (Word, Excel, PowerPoint)
* Madrelingua italiana con ottima conoscenza dell'inglese (scritto e parlato)
* Mentalità data\-driven, proattività e forte orientamento ai risultati
* Capacità di lavorare in modo autonomo in un contesto internazionale
* Capacità e volontà di lavorare in un contesto dinamico e in continua evoluzione
* Appartenenza alle categorie protette ai sensi della L. 68/99

**Cosa offriamo:**

* Contratto a 40 ore in sostituzione maternità
* Inquadramento al 3 livello del CCNL Commercio . RAL a partire da 35K
* Opportunità di crescita e sviluppo professionale
* Un ambiente di lavoro dinamico e internazionale
* Portale di convenzioni aziendali
* Portale dedicato al wellbeing
* Possibilità di smartworking


Skechers riconosce l'importanza e il potere della diversità all'interno dell'Azienda e, in quanto tale, si assicura che i processi relativi alle Persone siano equi, trasparenti e promuovano le pari opportunità per tutti i dipendenti e candidati.

**BE YOU – FEEL WELCOME**


L'Azienda potrebbe valutare di adottare soluzioni alternative per consentire a risorse qualificate ma con particolari condizioni di salute/disabilità di svolgere al meglio il proprio ruolo.

**WHO WE ARE:**  

Headquartered in Southern California, Skechers—the Comfort Technology Company®—has spent over 30 years helping men, women, and kids everywhere look and feel good. Comfort innovation is at the core of everything we do, driving the development of stylish, high\-quality products at a great value. From our diverse footwear collections to our expanding range of apparel and accessories, Skechers is a complete lifestyle brand.

 **Be You \- Feel Welcome**


Skechers recognises the importance and power of diversity within our business. We ensure that our people processes are fair, transparent and promote equality of opportunity for all employees and job applicants.

 ***Reasonable accommodations may be made to enable individuals with disabilities or health conditions, who are otherwise qualified for the job position, to perform the essential functions as detailed above.***","Retail","https://it.indeed.com/cmp/Skechers","https://d2q79iu7y748jz.cloudfront.net/s/_squarelogo/256x256/a0daef7c976e56f87f4c942a8c7ee7d9","https://www.skechers.com","228 S Sepulveda Blvd
Manhattan Beach, California 90266

","10,000+","Decline to state","Skechers is focused on designing products that deliver style, comfort, innovation, and quality at a reasonable price.","","","","","","","persona qualificata"
"in-45564c4f9e4ae667","indeed","https://it.indeed.com/viewjob?jk=45564c4f9e4ae667","https://jsv3.recruitics.com/redirect?rx_cid=3436&rx_jobId=R-01365508&rx_url=https%3A%2F%2Fjobs.thermofisher.com%2Fglobal%2Fen%2Fjob%2FR-01365508%2FField-Service-Engineer-IC-LC-MS%3Frx_a%3D0%26rx_c%3D%26rx_ch%3Djobp4p%26rx_group%3D123525%26rx_id%3D3e1d22ea-aad9-11f1-964a-43693d79ffc9%26rx_job%3DR-01365508%26rx_medium%3Dcpc%26rx_r%3Dnone%26rx_source%3Dindeed%26rx_ts%3D20260909T120423Z%26rx_vp%3Dcpc%26utm_medium%3Dppc%26utm_source%3Drecruitics_indeedorganic","Field Service Engineer IC-LC-MS","Thermo Fisher Scientific","Milano, LOM, IT","2026-09-07","fulltime","","","","","",False,"","","","","**Work Schedule**


Standard (Mon\-Fri)**Environmental Conditions**


Adherence to all Good Manufacturing Practices (GMP) Safety Standards**Job Description**


As part of the Thermo Fisher Scientific team, you’ll discover meaningful work that makes a positive impact on a global scale. Join our colleagues in bringing our Mission to life every single day to enable our customers to make the world healthier, cleaner and safer. We provide our global teams with the resources needed to achieve individual career goals while helping to take science a step beyond by developing solutions for some of the world’s toughest challenges, like protecting the environment, making sure our food is safe or helping find cures for cancer.  

  

DESCRIPTION:


As a Field Service Engineer II (IC\-LC\-MS) at Thermo Fisher Scientific, you'll contribute to delivering excellent service for sophisticated analytical and scientific instruments, specifically those belonging to the IC\-LC\-MS group. Working with customers across research, industrial, and healthcare settings, you'll install, maintain, troubleshoot, and repair complex equipment such as IC, HPLC, Integrion, Vanquish, Triple Quadrupole, IonTrap, and Orbitrap systems. This position offers opportunities to work with advanced technology while contributing to scientific advancement and innovation.


Key Responsibilities:

* Perform on\-site installation, repair, maintenance, qualification, and validation of IC\-LC\-MS instruments
* Ensure delivery of all activities related to the specific instrumental branch with the highest possible efficiency
* Assure customer satisfaction through excellence in repair and support
* Work in conjunction with other ULS teams and Sales, maintaining a client\-focused approach
* Schedule repair, maintenance, and qualification jobs by priority
* Maintain spare parts inventory, tools, manuals, and test equipment
* Actively promote and sell installations, extended service contracts, preventative maintenances, and related services
* Advise customers of new products and upgrades, reporting sales opportunities to account representatives
* Perform all service activities in compliance with Company values and 4i principles (Integrity, Involvement, Innovation, Intensity)
* Maintain a clear vision for cost savings

  

REQUIREMENTS:  

* Advanced Degree, no prior experience required, or Bachelor's Degree plus 2 years of hands\-on technical experience installing, troubleshooting and repairing complex analytical instruments
* Preferred Fields of Study: Electronics, Engineering, Physics, Chemistry, or related technical field
* Additional relevant certifications are advantageous
* Strong electronics and mechanical troubleshooting skills with ability to diagnose issues down to component level
* Experience with ultra\-high vacuum systems and high voltage equipment preferred
* Excellent customer service and communication skills, both written and verbal
* Strong organizational and time management capabilities
* Proficiency with Microsoft Office suite and service management software
* Ability to read and interpret technical documentation and schematics
* Valid driver's license and ability to travel up to 50\-75% within assigned territory
* Physical ability to lift up to 50 lbs and work in various laboratory environments
* Proficiency in English required; additional languages beneficial
* Strong problem\-solving abilities and capacity to work independently
* Adherence to safety protocols and quality standards
* Ability to respond to customer needs with short notice
* Ability to effectively train and support customers on equipment operation
* Experience documenting service activities and preparing detailed reports
* Demonstrated success in meeting customer satisfaction goals","Industrial Manufacturing","https://it.indeed.com/cmp/Thermo-Fisher-Scientific","https://d2q79iu7y748jz.cloudfront.net/s/_squarelogo/256x256/65bd2e4bebb79b1432ac3277ffd57ae7","https://www.thermofisher.com/","168 Third Avenue, Waltham, MA USA 02451","10,000+","more than $10B (USD)","At Thermo Fisher Scientific, our professionals develop critical solutions—and build rewarding careers.","","","","","","","GMP compliance"
"in-2b2a73ee783bfd84","indeed","https://it.indeed.com/viewjob?jk=2b2a73ee783bfd84","https://jsv3.recruitics.com/redirect?rx_cid=3436&rx_jobId=R-01364351&rx_url=https%3A%2F%2Fjobs.thermofisher.com%2Fglobal%2Fen%2Fjob%2FR-01364351%2FIndustrial-Engineer%3Frx_a%3D0%26rx_c%3D%26rx_ch%3Djobp4p%26rx_group%3D123525%26rx_id%3D2ebc4070-a7b5-11f1-985c-17b83a89f58f%26rx_job%3DR-01364351%26rx_medium%3Dcpc%26rx_r%3Dnone%26rx_source%3Dindeed%26rx_ts%3D20260909T120423Z%26rx_vp%3Dcpc%26utm_medium%3Dppc%26utm_source%3Drecruitics_indeedorganic","Industrial Engineer","Thermo Fisher Scientific","Monza, LOM, IT","2026-09-03","fulltime","","","","","",False,"","","","","**Work Schedule**


Standard (Mon\-Fri)**Environmental Conditions**


Office**Job Description**


As part of the Thermo Fisher Scientific team, you’ll discover meaningful work that makes a positive impact on a global scale. Join our colleagues in bringing our Mission to life every single day to enable our customers to make the world healthier, cleaner and safer. We provide our global teams with the resources needed to achieve individual career goals while helping to take science a step beyond by developing solutions for some of the world’s toughest challenges, like protecting the environment, making sure our food is safe or helping find cures for cancer.  

  

DESCRIPTION:


This candidate will work within the Engineering team, reporting directly to the Supervisor, managing and implementing complex projects within the Monza plant.  

Specifically, the candidate will have the following responsibilities:  

* Develop engineering activities to identify, evaluate, and propose suitable and reliable technical solutions, in compliance with required quality and safety standards.
* Develop technical and economic feasibility studies for assigned projects.
* Ensure the development and proper management of engineering documentation throughout all project phases.
* Collaborate with all relevant company functions to define project requirements, ensuring the correct translation of requirements into technical specifications and relevant documentation.
* Manage assigned projects, ensuring compliance with delivery schedules and budgets, and ensuring ongoing monitoring of progress and management of any deviations or corrective actions.
* Manage supplier relationships for requests for proposals and evaluate the quotations' compliance with requirements, aligning them technically, in order to proceed with PO issuance.
* Coordinate project activities by supporting external suppliers and internal resources.
* Manage communication with suppliers and internal resources regarding the progress of assigned projects by organizing alignment and review meetings.
* Manage related actions under their responsibility for Change Control and CAPA.

Activities performed within the Site Engineering team.  

* Responsible for project engineering activities related to process development and the basic and detailed design of process equipment.
* Participate in meetings with customers to provide technical information.
* Provide technical input to the project team for the engineering part, having technical and operational knowledge and skills.
* Oversee construction and implementation activities to ensure installation complies with specifications.
  

REQUIREMENTS:

* Advanced Degree plus 2 years of manufacturing engineering experience in regulated industries.
* Preferred Fields of Study: Engineering (Mechanical, Electrical, Chemical, Industrial, biomedical, or related field)
* Relevant technical certifications or apprenticeships are valued
* Strong knowledge of GMP, ISO standards, and regulatory requirements
* Proficient in statistical analysis, root cause investigation, and problem\-solving techniques is a must
* Strong project management abilities and experience leading cross\-functional initiatives
* Experience with engineering documentation, specifications, and change control processes is a must
* Expertise with CAD software (reading the designs on CAD), manufacturing systems, and data analysis tools
* Excellent written and verbal communication skills
* Ability to work in cleanroom environments and comply with required PPE/gowning procedures is a must
* Available to work flexible hours and provide on\-call support as needed
* Proficiency with Microsoft Office suite and manufacturing software systems
* Basic knowledge of equipment qualification and calibration processes
* Strong analytical and troubleshooting capabilities","Industrial Manufacturing","https://it.indeed.com/cmp/Thermo-Fisher-Scientific","https://d2q79iu7y748jz.cloudfront.net/s/_squarelogo/256x256/65bd2e4bebb79b1432ac3277ffd57ae7","https://www.thermofisher.com/","168 Third Avenue, Waltham, MA USA 02451","10,000+","more than $10B (USD)","At Thermo Fisher Scientific, our professionals develop critical solutions—and build rewarding careers.","","","","","","","GMP compliance"
"li-4445714721","linkedin","https://www.linkedin.com/jobs/view/4445714721","","Project Manager R&D Medical Devices","Air Liquide Medical Systems","Bovezzo, Lombardy, Italy","","","","","","","",False,"","","","","","","https://fr.linkedin.com/company/air-liquide-medical-systems","","","","","","","","","","","","","drug registration"
"in-c8fa35acee9bd03c","indeed","https://it.indeed.com/viewjob?jk=c8fa35acee9bd03c","https://jobs.smartrecruiters.com/EVERSANA1/744000146970868-health-innovation-strategist-senior-strategist","Health Innovation Strategist / Senior Strategist","EVERSANA","Milano, LOM, IT","2026-09-02","fulltime","","","","","",True,"","","","","**Company Description**  

EVERSANA INTOUCH® is a global, full\-service marketing agency network serving the life sciences industry, and is the first – and only – agency network to be part of a fully integrated commercialization platform through EVERSANA®. We provide next\-generation creative and media services, enterprise solutions and data analytics services for clients.

  

We get fired up when people talk about getting—and staying—healthy. That’s where we find our inspiration: in the very human experiences of patients, doctors, and even each other. Then, we collaborate on ways to make caring for one’s health more achievable, connecting patients and physicians with the information and tools they need.

  

We embrace diversity in backgrounds and experiences. Improving patient lives around the world is a priority, and we need people from all backgrounds and swaths of life to help build the future of the healthcare and the life sciences industry. We believe our people make all the difference in cultivating an inclusive culture that embraces our cultural beliefs.

 **Job Description** **THE POSITION:**  



As a Strategist/ Senior Strategist within the EVERSANA INTOUCH Health Innovation team, you will play a pivotal role in developing and executing **global digital health go\-to\-market (GTM) and commercialization strategies** for our life sciences clients and ecosystem partners. You will collaborate with multidisciplinary teams and report directly to the Senior Vice President of Health Innovation, **working at the intersection of strategy, innovation, and real\-world execution.**


In this client\-facing role, you will **help shape the future of digitally enhanced healthcare**, supporting the design, positioning, and scaling of innovations including digital therapeutics, digital companions, connected care and telemedicine solutions, AI\-driven tools, XR applications, and combination products that integrate with pharmaceutical or medical device treatments.


You will be responsible for leading or supporting strategic projects across the full innovation lifecycle—from **early\-stage ideation** and **value proposition design** to **launch strategy**, market **access**, and **global deployment**. The role requires a solid understanding of how digital health innovations are evaluated, launched, and adopted within **pharma** and **medtech** environments in Europe, and the ability to translate this into **actionable**, **business\-oriented strategies**.

 **ESSENTIAL DUTIES AND RESPONSIBILITIES:**  

Our employees are tasked with delivering excellent business results through the efforts of their teams.

  

These results are achieved by:

 **STRATEGIC LEADERSHIP \& INNOVATION**

* Define and implement global go\-to\-market (GTM) and business model strategies for digital health assets—including, but not limited to, digital companions, digital medical devices, DTx, data platforms, and AI\-driven tools.
* Operate at the intersection of pharmaceutical commercialization and digital innovation, guiding clients and internal teams to unlock scalable value.
* Lead or support projects across the full lifecycle of innovation: from ideation and opportunity scoping to GTM planning, regulatory approval, market access, and launch execution.
* Grow and develop clients.

**DIGITAL HEALTH GTM \& COMMERCIALIZATION**

* Develop tailored commercialization and market launch strategies for digital health solutions globally and, especially in Europe, ensuring alignment with client brand, access, patient advocacy, medical, and portfolio priorities.
* Translate regulatory requirements, user needs, and clinical evidence and market requirements into actionable roadmaps for commercialization.
* Support Regulatory and Health Technology Assessment (HTA) submissions, reimbursement dossiers, and digital health procurement applications in collaboration with clients.
* Bridge digital strategy with agency of record (AOR) operations, ensuring integration into broader brand planning, omnichannel campaigns, and field enablement efforts.

**MARKET \& LANDSCAPE INSIGHTS**

* Conduct robust market analysis, competitive landscaping, care pathway assessments, and technology scouting to identify strategic opportunities.
* Leverage both qualitative and quantitative data to generate business insights and innovation strategies.
* Stay informed on evolving regulatory and market trends to ensure compliant, forward\-looking strategy development.

**CLIENT LEADERSHIP \& ENGAGEMENT**

* Act as a strategic partner to global and regional pharma and medtech clients, with a strong understanding of the pharmaceutical launch process and stakeholder dynamics.
* Lead or co\-lead client engagements, including strategic workshops, advisory boards, and innovation co\-design sessions.
* Build trusted relationships with internal and external stakeholders and partners.

**PROJECT \& TEAM LEADERSHIP**

* Lead or support cross\-functional delivery teams from planning to implementation, collaborating with and where appropriate coordinating internal resources across agency, data, technology, and regulatory functions.
* Provide mentorship to junior strategists and contribute to building internal capabilities and delivery excellence. Collaborate effectively with senior leadership and support strategic initiatives.
* Contribute to business development activities, including proposals, pitches, client support and thought leadership.

**COMMUNICATION \& DELIVERABLES**

* Develop high\-quality strategy presentations, business plans, and narrative deliverables in English (and optionally in Italian).
* Communicate complex concepts with clarity and impact to diverse audiences including clients, KOLs, and internal stakeholders.
* Support development of articles, policy summaries, or dissemination plans where needed.

**CROSS\-FUNCTIONAL COLLABORATION**

* Operate effectively within EVERSANA’s matrix structure, aligning strategy execution across teams and service lines.
* Connect the Health Innovation team with EVERSANA’s broader capabilities—spanning commercial, medical, data, regulatory, and agency services—to drive integration and value.

**INCLUSION, INTEGRITY, AND GROWTH**

* Demonstrate a commitment to diversity, equity, and inclusion through inclusive leadership, collaboration, and continuous personal development.
* Act with accountability and integrity, embracing our cultural values in all engagements.

 **EXPECTATIONS OF THE JOB:**

* **Travel** (**not frequent:** domestic and international)
* **Hours** (minimum 40 hours per week)

*The above list reflects the general details necessary to describe the expectations of the position and shall not be construed as the only expectations that may be assigned for the position.*

 *An individual in this position must be able to successfully perform the expectations listed above.*

  



  

  

**Qualifications** **MINIMUM KNOWLEDGE, SKILLS AND ABILITIES:**


The requirements listed below are representative of the experience, education, knowledge, skill and/or abilities required.

  

* Demonstrated experience defining and implementing go\-to\-market (GTM) and commercialization strategies for digital health assets (e.g., digital therapeutics, digital companions, AI\-driven platforms, hybrid drug\-device combinations).
* Proven ability to act as a strategic partner to pharmaceutical and health innovation clients, aligning digital initiatives with brand, medical, access, and portfolio objectives.
* Strong understanding of pharmaceutical commercialization models, product lifecycle management, and launch planning across global and local contexts.
* Experience leading client\-facing strategy engagements and managing cross\-functional delivery teams from planning through execution.
* Ability to translate clinical evidence, regulatory and policy requirements, and user needs into actionable strategic roadmaps.
* Ability to draft business and launch plans, implement commercialization roadmaps, review supporting evidence, and contribute to regulatory submissions, Health Technology Assessment (HTA) dossiers, reimbursement applications, and digital health procurement processes in collaboration with clients.
* Fluency in English (spoken and written), and preferably also in Italy, with excellent communication and presentation skills for diverse audiences.
* Ability to effectively engage and collaborate with healthcare stakeholders, including KOLs, clinicians, patient associations, and internal subject matter experts.
* Skilled in preparing strategic narratives, business plans, and high\-quality presentations in PowerPoint and narrative formats.
* Strong problem\-solving skills, analytical thinking, and creativity—able to work independently and drive outcomes in complex, dynamic environments.
* Ability to operate effectively in a corporate, matrixed environment, managing multiple priorities with accountability and integrity.

 **PREFERRED QUALIFICATIONS:**

  

* Advanced degree in a relevant field, such as:
	+ Advanced degree in Medicine, Public Health, Health Economics, Healthcare Management or related fields (e.g., MD, MPH, or MSc)
* \+5/7 years of experience in pharmaceutical, medtech, or digital health sectors—preferably in strategy, commercial operations, innovation, or launch excellence roles.
* Proven experience working with or within life sciences companies on GTM strategies for digital innovations, medical devices, or connected care platforms.
* Strong grasp of European healthcare systems, market access pathways, and digital health policy trends.
* Familiarity with value demonstration, health economics, or evidence generation strategies is a plus.
* Experience collaborating with agency, data, technology, and AI teams to develop and implement integrated solutions.
* Hands\-on approach, with the ability to operate across both strategic design and implementation.
* Experience authoring publications, white papers, or policy briefs is valued.

  

**Additional Information** **OUR CULTURAL BELIEFS:**

**Patient Minded** I act with the patient’s best interest in mind.

**Client Delight** I own every client experience and its impact on results.

**Take Action** I am empowered and empower others to act now.

**Grow Talent** I own my development and invest in the development of others.

**Win Together** I passionately connect with anyone, anywhere, anytime to achieve results.

**Communication Matters** I speak up to create transparent, thoughtful and timely dialogue.

**Embrace Diversity** I create an environment of awareness and respect.

**Always Innovate** I am bold and creative in everything I do.


EVERSANA is committed to providing competitive salaries and benefits for all employees. The anticipated base salary range for this position is $120,000 to $135,000 and is not applicable to locations outside of the U.S. The base salary range represents the low and high end of the salary range for this position. Compensation will be determined based on relevant experience, other job\-related qualifications/skills, and geographic location (to account for comparative cost of living). EVERSANA reserves the right to modify this base salary range at any time.

  

Our team is aware of recent fraudulent job offers in the market, misrepresenting EVERSANA. Recruitment fraud is a sophisticated scam commonly perpetrated through online services using fake websites, unsolicited e\-mails, or even text messages claiming to be a legitimate company. Some of these scams request personal information and even payment for training or job application fees. Please know EVERSANA would never require personal information nor payment of any kind during the employment process. We respect the personal rights of all candidates looking to explore careers at EVERSANA.


From EVERSANA’s inception, Diversity, Equity \& Inclusion have always been key to our success. We are an Equal Opportunity Employer, and our employees are people with different strengths, experiences, and backgrounds who share a passion for improving the lives of patients and leading innovation within the healthcare industry. Diversity not only includes race and gender identity, but also age, disability status, veteran status, sexual orientation, religion, and many other parts of one’s identity. All of our employees’ points of view are key to our success, and inclusion is everyone's responsibility.


Follow us on LinkedIn \| Twitter","","https://it.indeed.com/cmp/Eversana","https://d2q79iu7y748jz.cloudfront.net/s/_squarelogo/256x256/a21e33e55cf5ee2498d7a6ae97b90372","https://www.eversana.com","Chicago, IL","5,001 to 10,000","Decline to state","Together with more than 5,000 team members worldwide, we’ve built an integrated commercial services platform to deliver on our mission to create a healthier world. Join us at eversana.com/careers.","","","","","","","regulatory submission"
"in-1f994ec8f60ea1c1","indeed","https://it.indeed.com/viewjob?jk=1f994ec8f60ea1c1","https://jsv3.recruitics.com/redirect?rx_cid=3436&rx_jobId=R-01358826_rxr-1&rx_url=https%3A%2F%2Fjobs.thermofisher.com%2Fglobal%2Fen%2Fjob%2FR-01358826%2FManufacturing-Process-Scientist%3Frx_a%3D0%26rx_c%3D%26rx_ch%3Djobp4p%26rx_group%3D123525%26rx_id%3Dcba8c03b-a8c0-11f1-a5c6-8d487f7d930e%26rx_job%3DR-01358826_rxr-1%26rx_medium%3Dcpc%26rx_r%3Dnone%26rx_source%3Dindeed%26rx_ts%3D20260909T120423Z%26rx_vp%3Dcpc%26utm_medium%3Dppc%26utm_source%3Drecruitics_indeedorganic","Manufacturing Process Scientist","Thermo Fisher Scientific","Monza, LOM, IT","2026-09-04","fulltime","","","","","",False,"","","","","**Work Schedule**


Standard (Mon\-Fri)**Environmental Conditions**


Office**Job Description**

**How will you make an impact?**


Thermo Fisher Scientific Inc. is the world leader in serving science, with annual revenue of more than $40 billion. Our Mission is to enable our customers to make the world healthier, cleaner and safer. Whether our customers are accelerating life sciences research, solving complex analytical challenges, improving laboratory efficiency, advancing patient health through diagnostics, or developing and manufacturing life\-changing therapies, we are here to support them.


We are seeking a highly motivated **Manufacturing Process Scientist** to join the Pharmaceutical Development Services (PDS) team in Monza, Italy.


The Pharmaceutical Development Services (PDS) division specializes in clinical and small\-scale commercial contract manufacturing of sterile injectable drug products, including liquid and lyophilized formulations.


You will join the **Process Manufacturing Sciences** team, where scientists design, develop and optimize manufacturing processes for innovative therapies, working in close partnership with clients and cross\-functional teams. This role offers the opportunity to contribute to the successful delivery of life\-changing medicines while developing your scientific expertise in a dynamic and collaborative environment.

**What will you do?**


As a **Manufacturing Process Scientist**, you will support the development, optimization and technology transfer of sterile manufacturing processes into the cGMP manufacturing suites at the Monza site.


As the **Process Subject Matter Expert (SME)** for assigned projects, you will provide scientific leadership throughout the project lifecycle, partnering with clients and cross\-functional teams to develop robust, scalable and compliant manufacturing processes for clinical and commercial products.

**Your responsibilities will include:**

* Define, develop and optimize manufacturing processes for sterile injectable products based on product knowledge, development data and Quality Target Product Profile (QTPP).
* Prepare and review technical documentation, including manufacturing instructions, study protocols, technical reports, FMEA and GAP analyses.
* Drive the technical execution of assigned projects, supporting process development, scale\-up, technology transfer and manufacturing activities.
* Build strong scientific partnerships with clients, provide technical expertise and supporting process\-related decisions throughout the project lifecycle.
* Lead technical investigations, risk assessments and process optimization to ensure robust and compliant manufacturing processes.
* Collaborate with Manufacturing, MSAT, Quality, Engineering and other cross\-functional teams to ensure successful project execution.
* Present scientific data, project progress and technical recommendations to internal stakeholders and external clients.
* Support client meetings, audits and regulatory inspections as the process technical expert.
* Stay current with emerging technologies and scientific literature to drive innovation and continuous improvement.

**Qualifications**

**Minimum Qualifications**

* Bachelor's or Master's degree in Pharmacy, Pharmaceutical Chemistry and Technology, Biotechnology, Chemistry, Chemical Engineering, or another relevant scientific discipline.
* 2\-3 years of experience in sterile pharmaceutical process development and/or manufacturing is a must.
* 2\-3 years of experience with liquid, suspension and/or lyophilized drug products is also a must.
* Good knowledge of GMP requirements; experience with GLP is considered an advantage.
* 2\-3 years of experience preparing technical documentation such as manufacturing instructions, study protocols, technical reports, FMEA and GAP analyses is a must.
* Excellent written and verbal communication skills in English.

**Preferred Competencies**

* Strong scientific mindset with excellent analytical and problem\-solving skills.
* Ability to manage multiple projects and priorities in a fast\-paced environment.
* Excellent communication and presentation skills, with the ability to interact effectively with clients and cross\-functional teams.
* High attention to detail and commitment to quality.
* Curiosity, accountability and a continuous learning mindset.
* Ability to work both independently and collaboratively within multidisciplinary teams.

**Join us!**


At Thermo Fisher Scientific, each one of our more than 100,000 extraordinary minds has a unique story to tell. Join us and contribute to our singular mission—enabling our customers to make the world healthier, cleaner and safer.","Industrial Manufacturing","https://it.indeed.com/cmp/Thermo-Fisher-Scientific","https://d2q79iu7y748jz.cloudfront.net/s/_squarelogo/256x256/65bd2e4bebb79b1432ac3277ffd57ae7","https://www.thermofisher.com/","168 Third Avenue, Waltham, MA USA 02451","10,000+","more than $10B (USD)","At Thermo Fisher Scientific, our professionals develop critical solutions—and build rewarding careers.","","","","","","","clinical regulatory"
"in-3e29dfbb6cffaf34","indeed","https://it.indeed.com/viewjob?jk=3e29dfbb6cffaf34","https://people.camparigroup.com/global/en/job/CRUCAMGLOBAL7190EXTERNALENGLOBAL/Group-International-Tax-Expert?utm_source=indeed&utm_medium=phenom-feeds","Group International Tax Expert","Campari Group","Sesto San Giovanni, LOM, IT","2026-09-08","fulltime","","","","","",False,"","","","","Campari Group today is a major player in the global branded spirits industry, with a portfolio of over 50 premium and super premium brands, marketed and distributed in over 190 markets around the world, with leading positions in Europe and the Americas.


Headquartered in Milan, Italy, Campari Group owns **25** plants worldwide and has its own distribution network in **26** countries, and employs approximately **4,700** people.


Shares of the parent company Davide Campari \- Milano N.V. are listed on the Italian Stock Exchange since 2001\. Campari Group is today the sixth\-largest player worldwide in the premium spirits industry.

 **About the Role*** The Group International Tax Expert will join the Group Tax Department and play a key role in supporting global tax planning activities and international tax matters, including corporate restructurings and M\&A transactions.
* This is an exciting opportunity to join the Group Tax function of a multinational organisation with Italian roots, a strong international footprint, and a successful growth journey driven by both organic expansion and strategic acquisitions across global markets.
* The ideal candidate brings a solid understanding of international tax and regulatory frameworks, combined with strong interpersonal skills and the ability to collaborate effectively across a complex, global business environment.


**Mission \& Objectives*** Campari Group is committed to maintaining and continuously enhancing tax compliance across its global operations, ensuring alignment with both the Group Transfer Pricing Policy and the evolving international taxation framework, including the OECD BEPS Actions.
* In this role, you will contribute to strengthening the Group’s tax governance, supporting strategic business initiatives, and ensuring robust compliance with international tax regulations.


**Key Responsibilities*** Reporting to and working closely with the Group Sr. Tax Director, you will:
* Support global tax projects, including Group restructurings, M\&A transactions, cross\-border initiatives, and other projects requiring international tax expertise and project management skills.
* Provide technical support on international tax matters, including permanent establishment issues, withholding taxes, financing structures, and intercompany transactions.
* Assist in the design and implementation of global tax governance frameworks and tax strategies.
* Identify, assess, and mitigate international tax risks arising from the Group’s operations and strategic projects.
* Manage relationships with external tax advisors and coordinate cross\-functional stakeholders involved in international initiatives.
* Support the drafting and review of intercompany agreements and collaborate closely with the Transfer Pricing team to ensure consistency and alignment of tax positions.
* Proactively contribute to the implementation of the Group Tax Guidelines, helping to enhance overall tax compliance across the organisation.


**Key Stakeholder Relationships**
Internal* Tax teams across the Group
* Regional and local Finance departments
* Global Service Center
* Group IT
* Group Product Supply Chain
* Sales \& Marketing teams
* Corporate Finance
* Legal
* Business Development
* Other support functions on a project basis


External* Tax advisors and consultants

 **Experience*** 3 to 6 years of corporate tax experience gained either within a multinational corporation or a legal/tax consulting firm serving multinational companies.
* Experience within the Fast\-Moving Consumer Goods (FMCG) or Fashion \& Luxury sectors is considered a strong advantage.

 **Qualifications*** Degree in Law, Economics, or Business Administration, with a specialisation or dissertation focused on International Taxation.
* Fluency in English and a good knowledge of Italian are essential.
* Additional language skills are considered a plus.


**Key Competencies*** Strong project management capabilities
* Excellent interpersonal, verbal, and written communication skills
* Ability to collaborate effectively across functions and cultures
* High level of integrity and professional ethics
* Influential leadership style
* Pragmatic, hands\-on approach with strong problem\-solving skills
* Ability to perform effectively under pressure
* Innovative mindset with a focus on continuous improvement


**Technical Skills*** Solid knowledge of international tax and regulatory systems
* Strong analytical and tax research capabilities, including the use of tax databases
* Ability to combine technical tax expertise with practical application of international tax rules
* Advanced proficiency in Microsoft Office applications, particularly Excel and PowerPoint
* Good working knowledge of SAP


**Additional Information*** Availability to travel up to 20% of the time.

 **Compensation \& Benefits**


The indicative annual gross base salary for this position ranges between €55,000 and €65,000, depending on the candidate's experience, skills, and overall profile.The role is classified under the CCNL Alimentare collective labour agreement – Impiegato. The position might also include a variable compensation component and a benefits package in line with applicable company policies.  

Join us and help shape the international tax strategy of a truly global organisation while supporting key business initiatives and transformational projects worldwide. **Our commitment to Diversity \& Inclusion:**


At Campari Group we believe in building more value together, thus we see diversity in all forms as a source of enrichment. Our employment policies and practices ensure that we are committed to providing equal employment opportunities in all aspects of employment without regard to any individual’s race, religion, creed, color, national origin, ancestry, physical disability, mental disability, medical condition, genetic information, marital status, sex, sexual orientation, gender identity or characteristics or expression, political affiliation or activity, age, veteran status, citizenship, or any other characteristic protected by law.

  

Campari Group believes that fair compensation and equal opportunities are crucial for employees’ well\-being, empowerment, and engagement. Our efforts to ensure fair pay have earned us the Fair Pay Certification by Fair Pay Workplace, an independent organization dedicated to dismantling pay disparities based on gender, race and their intersection.

  

Note to applicants:


Your application will be assessed based on your abilities, expertise, general knowledge and experience, not because of any confidential, proprietary or trade secret information you may possess. You must not disclose to Campari Group any such information. In the event that you are asked a question that cannot be answered without disclosure of any confidential, proprietary or trade secret information (including from a current or prior employer or their vendors or customers), you must decline to answer the question.

  

Notice to third party agencies:


Please refrain from cold\-calling or emailing our executive leadership team or the HR community directly. The Talent Acquisition department manages centralized recruiting operations globally, including the selection and management of external suppliers. Currently, our preferred supplier list is at full capacity. To ensure we have your information on file for future consideration, we kindly request that you complete the online form provided here.","","https://it.indeed.com/cmp/Campari-Group","https://d2q79iu7y748jz.cloudfront.net/s/_squarelogo/256x256/378ee0e175434ba30e368663e5b2cc6b","https://people.camparigroup.com/careers-home","Sesto San Giovanni - Milan, IT","1,001 to 5,000","$1B to $5B (USD)","","","","","","","","regulatory compliance"
"in-767f751ea391566c","indeed","https://it.indeed.com/viewjob?jk=767f751ea391566c","https://jobs.ashbyhq.com/IT%20Labs/8294c8eb-787b-43a6-b93b-acfbf08cf03c?utm_source=YDgE2kmvB1","Senior DevSecOps Engineer","IT Labs","Milano, LOM, IT","2026-09-08","fulltime","","","","","",True,"","","","","At IT Labs, we work with premier global consulting organizations to help Tier 1 banks and insurance companies transform operations through AI, automation, and advanced analytics, with a special focus on Anti\-Financial Crime. Our client's expertise includes AI\-driven fraud prevention, Anti\-Money Laundering (AML), and Know Your Customer (KYC) solutions—designing and implementing intelligent systems that enhance detection, automate investigations and due diligence, boost efficiency, and help institutions stay ahead of regulatory change.


You’ll work at the intersection of business transformation, data science, AI engineering, cloud technologies, and financial services, tackling complex challenges with innovative technology for banking and insurance clients across Europe.


Help enable leading consulting organizations to deliver advanced solutions to top global banks and insurers—as they use AI to safeguard millions of customers and vast financial assets. If building secure, compliant, and highly available cloud platforms for enterprise AI excites you, we want you on our team.

**Responsibilities**

* Design, deploy, and maintain secure, automated **CI/CD pipelines** tailored for **AI** applications and enterprise delivery environments
* Implement and manage **Infrastructure as Code (IaC)** using tools such as **Terraform** or **CloudFormation** across cloud platforms
* Embed automated security scanning, vulnerability detection, and compliance guardrails directly into the software delivery lifecycle
* Manage containerization strategies, orchestration environments, and **Kubernetes** clusters, including **EKS** and **AKS**
* Administer cloud infrastructure permissions, identity access controls, and secure networking configurations across environments
* Establish robust monitoring, alerting, and logging systems to ensure high availability, operational visibility, and platform uptime
* Collaborate with enterprise IT and security teams to support penetration testing, incident readiness, and secure network boundaries
* Support secure and scalable deployment of AI services, cloud\-hosted applications, and containerized workloads in production environments

**Required Skills \& Experience**

* **5–10 years** of experience in **DevOps**, **DevSecOps**, **platform engineering**, or **cloud infrastructure engineering**
* Strong hands\-on experience with **AWS** cloud infrastructure, security controls, networking, and container platforms
* Experience designing and managing automated **CI/CD pipelines** for complex cloud\-native applications
* Strong expertise in **Infrastructure as Code**, especially with **Terraform** or **CloudFormation**
* Experience with **Docker**, **Kubernetes**, and orchestration of containerized workloads in enterprise environments
* Familiarity with security scanning tools, vulnerability management, compliance controls, and secure software delivery practices
* Experience with monitoring, logging, alerting, and reliability practices for production systems
* Hands\-on experience with **Git**, **CI/CD tooling**, and infrastructure automation workflows
* Prior engagement in large\-scale enterprise environments and mission\-critical systems
* Candidate **must be located in an EU member country**
* Excellent communication skills in **English**

**Nice to Have**

* Experience with Azure and hybrid cloud environments
* Experience in fintech or financial services
* Familiarity with enterprise security frameworks, penetration testing coordination, and regulated environments

**Working Conditions**

* Full\-time (40 hours/week)
* Individual Contract or B2B arrangement
* Paid Time Off (PTO) provided
* Remote

**Our values**


We are a company that seeks the best for both our employees and clients, reaching beyond expectations in turning dreams into reality. Our way of working is rooted in our core values (Integrity, Excellence, Proactivity, Innovation, and People), with an expectation that our future colleagues will make these their second nature in their everyday work and life. We don’t ask for perfection, but we do appreciate people motivated to better themselves in every conceivable aspect.

**About IT Labs**


Founded in 2005, IT Labs is an international software tech company, specializing in purpose and process\-driven teams for high\-performance, innovation, transformation, and efficiency. Our HQ is in Palm Beach Gardens, Florida, and we have teams around the world \- the UK, the Netherlands, Brazil, Argentina, Serbia, Croatia, BIH, Montenegro, North Macedonia, and the Middle East. We are constantly growing, and we would love for you to become part of our team!","","https://it.indeed.com/cmp/IT-Labs","","","","","","","","","","","","","regulatory compliance"
"in-e691316d76de0e94","indeed","https://it.indeed.com/viewjob?jk=e691316d76de0e94","https://careers.marriott.com/accounts-payable-clerk-the-lake-como-edition/job/508B1BE5B28066B930DB6EBF12777694?utm_medium=jobboard&utm_source=indeed","Accounts Payable Clerk - The Lake Como EDITION","Marriott International","Griante, LOM, IT","2026-09-07","fulltime","","","","","",True,"","","","","**Additional Information**  

**Job Number**26114739  

**Job Category**Finance \& Accounting  

**Location**Via Regina 41, Cadenabbia di Griante, Como, Italy, 22011  

**Schedule**Full Time  

**Located Remotely?**N  

**Position Type** Non\-Management  

**Pay Range:** EUR 30685 \- 32300 Annual Salary
**The Lake Como EDITION**


Nestled along the western shore overlooking the Bellagio mountains, The Lake Como EDITION combines striking design and Italian warmth with a sophisticated luxury lifestyle experience. Lake\-view rooms and suites, indoor and outdoor restaurants and bars, a unique floating pool, and a spa sanctuary deliver an unforgettable escape.


**POSITION SUMMARY**


Check figures, postings, and documents for correct entry, mathematical accuracy, and proper codes. Organize, secure, and maintain all files, records, cash and cash equivalents in accordance with policies and procedures. Record, store, access, and/or analyze computerized financial information. Classify, code, and summarize numerical and financial data to compile and keep financial records, using journals, ledgers, and/or computers. Complete period\-end closing procedures and reports as specified. Audit cashier banks periodically according to SOPs. Maintain, distribute, and record petty cash, cashier banks, and contracts. Document, maintain, communicate, and act upon all Cash Variances according to SOPs. Act as liaison between property and armored car service or primary banking institution. Participate in internal, external, and regulatory audit processes and ensure compliance with SOPs.

  



Follow all company policies and procedures; ensure uniform and personal appearance are clean and professional; maintain confidentiality of proprietary information; protect company assets; protect the privacy and security of guests and coworkers. Speak with others using clear and professional language; prepare and review written documents accurately and completely; answer telephones using appropriate etiquette; ensure that coworkers understand their tasks. Develop and maintain positive working relationships with others; support team to reach common goals; listen and respond appropriately to the concerns of other employees. Perform other reasonable job duties as requested by Supervisors.

  



PREFERRED QUALIFICATIONS


Education: High school diploma or G.E.D. equivalent.


Related Work Experience: At least 1 year of related work experience.

  



**COMPENSATION \& BENEFITS**


* Gross Annual Salary: min 30,685 \- 32,300 € (the gross annual salary is calculated on a pro\-rata basis when employment covers only part of the year).
* The 13th and 14th month payments are included in the gross annual salary and are accrued on a pro\-rata basis, depending on the actual period worked during the year.
* TFR (severance) is an additional amount on top of the salary, which is set aside during employment and paid to the employee at the end of the contract
* Staff house accommodation on The Lake Como
* Ticket restaurants – meal vouchers (each with a net value of €8 per working day)
* Staff cafeteria
* Access to **the Marriott Bonvoy program**, offering exclusive employee rates at Marriott properties worldwide.
  

*At Marriott International, we are dedicated to being an equal opportunity employer, welcoming all and providing access to opportunity. We actively foster an environment where the unique backgrounds of our associates are valued and celebrated. Our greatest strength lies in the rich blend of culture, talent, and experiences of our associates. We are committed to non\-discrimination on any protected basis, including disability, veteran status, or other basis protected by applicable law.*


EDITION Hotels combine the visionary genius of boutique hotelier Ian Schrager, the service delivery of a world\-class luxury hotel, and the global reach of Marriott International to create an entirely new experience in the world of hospitality. EDITION delivers the best of both worlds in a delicate balancing act – polish with personality, perfectionism with individualism, and comfort with charisma and charm. The brand targets sophisticated, knowledgeable consumers who understand quality, originality, design, and service excellence, but who want it without limitations – breaking the bounds of convention and demanding an attitude and a feeling wrapped in a package that showcases the exceptional.  




  

But to create this magical experience, we need you. We are looking for outgoing, authentically amazing people who are looking for a place to work that inspires them, challenges them and makes them proud to come to work. A place where service comes from the heart, not from a handbook. A place that delivers a never\-ending theatrical performance that continuously delights and enchants each and every one of our guests.
  

We invite you to join us today. In joining EDITION, you join a portfolio of brands with Marriott International. **Be** where you can do your best work, **begin** your purpose, **belong** to an amazing global team, and **become** the best version of you.","Restaurants Travel And Leisure","https://it.indeed.com/cmp/Marriott-International","https://d2q79iu7y748jz.cloudfront.net/s/_squarelogo/256x256/35c575587ce04e0f016b7d1b7f3215cf","https://www.marriott.com","Global Headquarters

7750 Wisconsin Avenue
Bethesda, MD 20817","10,000+","more than $10B (USD)","With more than 8,300 hotels and 30+ hotel brands worldwide, the career opportunities with Marriott are endless. Experience our story.","","","","","","","regulatory compliance"
"in-5ee2baf57043d7cb","indeed","https://it.indeed.com/viewjob?jk=5ee2baf57043d7cb","https://app.eightfold.ai/careers/job/687238984158?domain=eaton.com","Senior Project Sales Engineer - Building Life Safety & Emergency Lighting Solutions","Eaton","Segrate, LOM, IT","2026-09-05","","","","","","",False,"","","","","Eaton is a global leader in intelligent power management, with more than 100 years of experience driving innovation and sustainability. Operating in over 175 countries, Eaton delivers advanced solutions that help customers manage power safely, efficiently, and reliably.


Within Eaton’s Electrical portfolio, the **Life Safety Division (LSD)** plays a critical role in protecting people and buildings during emergency situations. The division is globally recognized for its expertise in emergency lighting, fire detection, alarm, notification, and mass notification systems, enabling safe evacuation and regulatory compliance in demanding commercial and institutional environments.


To support our continued growth, we are seeking a **Senior Project Sales Engineer** dedicated to Life Safety Division.


The role provides **strategic commercial leadership** for Eaton’s project business, with end‑to‑end accountability for capturing, protecting, and maximizing value from Eaton‑specified tenders throughout the execution phase. Acting as the senior commercial partner for major installers and general contractors, the position shapes execution‑phase strategy, safeguards specification integrity, and drives competitive differentiation for Eaton’s emergency lighting and fire systems portfolio in **Northern Italy** , with a strong focus on the **Lombardy region** .


Beyond tender execution, the Senior Project Sales Engineer influences **market positioning and growth strategy** , anticipates competitive risks, mobilizes cross‑functional teams, and holds **full commercial ownership** , including pricing, coordination, and value optimization, ensuring Eaton’s technical and commercial strengths deliver sustainable project success and long‑term market leadership.


**What you’ll do:**
-------------------

* Lead end‑to‑end commercial execution of project opportunities, from lead qualification, territory planning, and discovery through tender execution and conversion
* Build and maintain strong relationships with key execution‑phase stakeholders, including installers, contractors, agents, and end users
* Drive bid/no‑bid decisions and manage pre‑specified and non‑specified projects, protecting and converting specifications in line with Eaton strategy
* Coordinate closely with internal teams (Quotation Factory, Specification Engineering, Application Engineering, Engineering Back Office) to deliver spec‑compliant, commercially viable solutions
* Own pipeline, quoting, and commercial management, ensuring favorable RFQs, preferred panel builders, and value optimization across project outcomes
* Expand market impact by identifying cross‑selling opportunities, steering projects to relevant Eaton channels, conducting business reviews, and representing Eaton through industry events and professional networking
**Qualifications:**
-------------------

* A high school diploma with relevant job‑related training or hands‑on experience, or a post‑secondary degree or diploma in a related technical field.
* Minimum 3 years of experience in Commercial and Institutional (C\&I) building projects, with solid understanding of project environments and execution phases.
* Prior experience in life safety solutions, such as Emergency Lighting and/or Fire Systems, within building projects is required.
* Proven ability to work with and maintain strong relationships with major installers and contractors within the assigned region.
**Skills:**
-----------

* Strategic, analytical, and results‑driven professional with strong accountability, ethics, communication, stakeholder management, objection handling, and customer‑focused problem‑solving skills.
* Digitally competent and commercially oriented, with experience using DIALux, AutoCAD (project review level), CPQ/quoting tools, Microsoft 365, CRM and PRM systems, and data‑driven decision‑making.
Adaptable, resilient self‑starter with strong time management, learning agility, and professional use of LinkedIn Sales Navigator, social platforms, and online research tools.  
* 
**We Offer:**
-------------

* Competitive compensation and a comprehensive benefits package.
* The opportunity to work on challenging projects within a dynamic and collaborative team, in an international environment.
* Career development and internal mobility opportunities—Eaton actively encourages internal promotion whenever possible.
* A strong focus on professional growth, with continuous learning and development opportunities supported through Eaton University and other global training programs.
* The chance to make a meaningful impact—reliability, safety, efficiency, and sustainability are at the heart of our mission to improve quality of life and protect the environment through innovative power management technologies.
* A strong commitment to employee wellbeing, with health and safety as a top priority. At Eaton, wellness goes beyond programs, providing tools and an environment that empower employees to thrive.

\#LI\-EC1  



Eaton provides a competitive total rewards package based on applicable skills, knowledge and experience, and aligned with internal and external market practices. The annual salary range (including base salary and Sales Incentive Plan) for this role is EUR 55\.200 – EUR 80\.960 gross per year.


All positions may require participation in video and in\-person interviews as part of the hiring process. All candidates will be evaluated based on job\-related competencies, and all candidates’ privacy rights and data security will be protected in accordance with applicable laws.


We are committed to ensuring equal employment opportunities for job applicants and employees. Our recruitment processes use balanced selection criteria and avoid unlawful discrimination against applicants on the basis of their age, colour, disability, marital status, national origin, gender, gender identity, genetic information, race or racial origin, religion, sexual orientation or any other status protected or required by law.","","https://it.indeed.com/cmp/Eaton","https://d2q79iu7y748jz.cloudfront.net/s/_squarelogo/256x256/dfdcb91595169d7f84efe086c65c7cdd","http://www.eaton.com/","Dublin, Dublin","10,000+","more than $10B (USD)","Eaton is dedicated to improving the quality of life and the environment through the use of power management technologies and services.","","","","","","","regulatory compliance"
"in-944d9747fcc7a8ce","indeed","https://it.indeed.com/viewjob?jk=944d9747fcc7a8ce","https://careers.bankofamerica.com/en-us/job-detail/26031473/director-treasury-sales-officer-global-payments-solutions-financial-institutions-milan-milan-italy","Director, Treasury Sales Officer - Global Payments Solutions, Financial Institutions (Milan)","Bank of America","Milano, LOM, IT","2026-09-04","fulltime","","","","","",False,"","","","","**Job Description:**


**Job Title:** Treasury Sales Officer \- Global Financial Institutions Group Sales


**Corporate Title**: Director


**Location:** Milan


**Company Overview**


At Bank of America, we are guided by a common purpose to help make financial lives better through the power of every connection. We do this by driving Responsible Growth and delivering for our clients, teammates, communities and shareholders every day.


Being a Great Place to Work and providing a culture of caring is core to how we drive Responsible Growth. We are intentional about fostering an inclusive workplace where every teammate has the opportunity to succeed, build a career and contribute to our shared success. This includes attracting and developing exceptional talent, recognizing and rewarding performance, and supporting our teammates’ physical, emotional, and financial wellness through affordable, competitive and flexible benefits.


We value the unique perspectives individuals bring from all backgrounds and career paths \- whether shaped by military service, community college education, or a wide range of work and life experiences. These journeys foster resilience, leadership and innovation, strengthening our workforce and positively impact the communities we serve.


Bank of America is committed to an in\-office culture that supports collaboration, engagement, and career development. Our approach includes clear in\-office expectations, while providing an appropriate level of flexibility based on role\-specific responsibilities and business needs.


At Bank of America, you can build a successful career with opportunities to learn, grow, and make an impact. Join us!


**Global Payments Solutions Group**

Bank of America’s Global Payments Solutions (GPS) business is hiring. Our focus on combining cutting\-edge technology with innovative solutions, means we consistently deliver exceptional results for our clients.


Do you want to be part of our award\-winning team? We are proud to:


* Be a leading provider of treasury and cash management solutions
* Deliver for over 100,000\+ clients globally, including over 73% of the Global Fortune 500
* Be at the forefront of delivering treasury solutions across all segments and all industries, from middle\-market businesses to the world’s largest corporate and financial institutions
* Provide a personalised service for our clients, backed with high\-tech for their liquidity management, payments and receipts, trade and supply chain finance and FX and commercial card services

We want to hear from you if you are:


* A highly\-motivated individual
* Client\-centric
* Experienced in internal and external advocacy
* Comfortable challenging the status quo
* Collaborative, with the ability to influence conversations and bring diverse perspectives
* Innovative, with forward\-thinking ideas

**The Team**


The Global Payments Solutions (GPS) EMEA Financial Institutions (FI) Group is one of the fastest\-growing and most internationally focussed client teams in GPS. We are in an active growth phase. Based in Milan, you will be responsible for expanding our franchise across Southern Europe and the Eastern Mediterranean through new mandate acquisition, increased wallet share and sustainable revenue growth, while strengthening Bank of America's position across three distinct and dynamic markets. Your primary focus will be Italy, with additional coverage responsibility for Greek and Israeli financial institutions, and regional and global origination responsibilities for a diversified portfolio of Bank and Non\-Bank Financial Institution (NBFI) clients headquartered in those markets, including their subsidiaries worldwide.


**Responsibilities**


This is an origination\-led role. The Treasury Sales Officer (TSO) is responsible for identifying, developing and converting business opportunities across an assigned portfolio of Bank and NBFI clients. Success in this role will be measured through new mandates won, growth in product penetration, increased wallet share and sustainable revenue generation.


Target sub\-sectors include traditional and cooperative banks; insurance companies, where we see significant opportunity across collections, payments, liquidity and FX; asset and wealth managers; and fintech and payment technology firms including PSPs, neobanks, card companies and merchants. The TSO works closely with Corporate Banking, Global Treasury Sales colleagues and key Product partners (cash management, FX, card, trade and liquidity) to shape solutions that meet client needs.


* Originate and win new mandates. Identify, shape and convert new opportunities \- including with institutions where the bank has no existing GPS relationship \- developing tailored solutions aligned to client needs and delivering against explicit new\-business targets
* Own the market development agenda for Italy, Greece and Israel: define the coverage strategy, map the client and prospect universe, and set clear growth priorities across banks, insurers and the wider NBFI segment
* Hold primary relationship and GPS sales responsibility for a portfolio of Bank and NBFI clients headquartered in the target markets, alongside their subsidiaries globally
* Grow existing relationships by expanding product penetration and wallet share; understand client treasury objectives and match the bank's capabilities against those requirements to deliver incremental revenue
* Build and sustain senior\-level relationships across client organisations, from treasury and operations through to C\-suite decision\-makers
* Represent Bank of America across the covered markets \- with clients, prospects, industry bodies, regulators and at relevant conferences and forums \- raising the profile of our GPS franchise
* Lead the end\-to\-end deal process: design, write and present proposals and cash management solutions, lead formal RFP responses, and drive mandates through to implementation and revenue realisation
* Ensure complete alignment in client selection and growth strategies with Corporate Banking colleagues
* Deliver revenue and pipeline in line with agreed goals, with disciplined account planning and CRM hygiene
* Ensure full observance of and adherence to applicable compliance, regulatory, sanctions and risk requirements and guidelines
* Provide client, market and competitive insights to management and business partners to support product development, solution enhancement and franchise growth.
* Act as a liaison with Corporate Banking, Investment Banking, Credit and Risk, Compliance, Product Management, Client Delivery \& Service, Implementation and Operations

**What we are looking for**


* A strong track record of driving revenue growth and winning new mandates in the FIG sector, with the creativity to design differentiated solutions and the influence to build consensus internally and with clients
* Demonstrated ability to define growth strategies, identify market opportunities, influence senior stakeholders, and mobilise cross\-functional partners to deliver revenue growth and franchise expansion.
* Strong understanding of the Italian financial services landscape, including the banking, insurance and asset management sectors, with working knowledge of — or clear capability to build coverage across \- the Greek and Israeli markets
* Experience selling treasury and payments solutions to insurance clients, or a clear ability to build credibility in that segment
* Successful history of direct treasury management sales within the FIG sector, covering cash management, correspondent banking, liquidity, commercial cards, foreign exchange, working capital and trade
* International treasury management experience and GPS product knowledge across Europe and the broader EMEA region
* Fluency in English and Italian is required; additional language capabilities, particularly Greek or Hebrew, would be advantageous
* Ability to travel to maintain an active presence across the covered markets to support client engagement, business development and origination activities.
* Demonstrated ability to develop senior\-level client relationships, represent the bank externally, and originate opportunities that support revenue growth, market expansion and broader franchise objectives.
* Ability to foster partnerships within the core team and build rapport with client contacts; engages all internal partners for sales opportunities and manages deal flow end\-to\-end
* Effectively manages competing priorities in an organised fashion while sustaining a consistent level of client satisfaction
* Effectively manages risk while balancing the needs of the client, the team and the bank
* Works effectively as an individual contributor and as a close team member, and acts as a mentor to junior colleagues

**Bank of America**


Good conduct and sound judgment is crucial to our long term success. It’s important that all employees in the organisation understand the expected standards of conduct and how we manage conduct risk. Individual accountability and an ownership mind\-set are the cornerstones of our Code of Conduct and are at the heart of managing risk well.


We are an equal opportunities employer and ensure that no applicant is subject to less favourable treatment on the grounds of sex, gender identity or gender reassignment, marital or civil partner status, race, religion or belief, colour, nationality, ethnic or national origins, age, sexual orientation, pregnancy or maternity, socio\-economic background, responsibility for dependants or physical or mental disability. The Bank selects candidates for interview based on their skills, qualifications and experience.


We strive to ensure that our recruitment processes are accessible for all candidates and encourage any candidates to tell us about any adjustment requirements.


*This position is subject to the provisions of the National Collective Bargaining Agreement for the Italian banking sector (available here:* *https://www.abi.it/le\-persone/i\-contratti\-nazionali/**) and is classified at the level Dirigente.*


**Shift:**


**Hours Per Week:**


37","","https://it.indeed.com/cmp/Bank-of-America","https://d2q79iu7y748jz.cloudfront.net/s/_squarelogo/256x256/512761ac4c6cc1609dbb493d8c8e10f9","http://careers.bankofamerica.com","Charlotte, NC","Decline to state","Decline to state","Headquartered in Charlotte, North Carolina, Bank of America is the second largest banking corporation in the United States.","","","","","","","regulatory compliance"
"in-2ede5bccf6917ad0","indeed","https://it.indeed.com/viewjob?jk=2ede5bccf6917ad0","https://careers.unicredit.eu/de_DE/jobsuche/JobDetail/Internship-Global-CRM-Operations-2026/70357","Internship Global CRM Operations 2026","UniCredit Group","Milano, LOM, IT","2026-09-04","fulltime","","","","","",False,"","","","paolo.giannoccoli@unicredit.eu, virginia.cioffi@unicredit.eu","### **Allgemeine Informationen**

Job Id
70357
Unternehmen
UniCredit S.p.A
Competence Line
Operations
Funktionsbereich
Operations
Standort
MILANO, VERONA
Land
Italien
Kontakt
Paolo Giannoccoli paolo.giannoccoli@unicredit.eu, Virginia Cioffi virginia.cioffi@unicredit.eu
Jobniveau
Werkstudent:innen/ Praktikant:innen/ Rechtsreferendar:innen/ Volontär:innen
Arbeitszeitmodell
Vollzeit
Gehaltsperiode
Monatlich
Gehalt Währung
EUR
Gehalt (brutto)
1\.000
Unicredit is looking for a candidate to join in Global CRM Operations:  



  

### **What you'll be doing**

Here some of the activities you might undertake during your experience:  

* Offering trading support to the Front Office desks on cross asset classes, particularly on OTC Derivatives, forex, commodities, equities, bonds
* Analyzing the trades supporting the Front Office desks in standard and extraordinary operations: performing the first level controls and ensuring market data integrity in terms of completeness and accuracy prior to end of business day;
* Managing the trade life cycle through the STP chain ;
* Onboarding of the institutional client/counterpart including the management of static data throughout the lifecycle, ensuring an adequate regulatory setup of the client
* Performing checks to the reconciliation between systems (internal/external) to verify the correctness of the data.
* Supporting the OTC Derivatives pre\- settlement, settlement and investigation process
* Providing support in the management of the deal lifecycle within securities settlement
* Cooperating with other functions such as Risk Management, KYC, IT, Project Management, Compliance, Audit, Fiscal and Legal;
* Analyzing new products and projects with a particular focus on test phase

  

  

  

### **What you'll need to succeed**

We are glad to welcome candidates with:


* Strong detail orientation, ability to deliver high quality output
* Problem solving and result oriented.
* Highly motivated and reliable and with strong team spirit
* Very good written and spoken English
* Advanced knowledge of Microsoft Office (Word, Excel, Power Point)
* Master degree with a focus on mathematic, finance \& banking, economics
* Knowledge of financial instruments and understanding of their valuation
* Good analytical and quantitative skills
* Self\-responsibility and proficiency in working with numbers
* Ensure timely and accurate execution of support processes related to operational activities

  

  

  

### **What you'll get in return**

\#UnlockYourPotential
UniCredit is committed to creating a diverse environment and is proud to be an equal opportunity employer. All qualified applicants will receive consideration for employment without regard to race, color, religion, gender, gender identity or expression, sexual orientation, national origin, genetics, disability, age
### **About UniCredit Group**

Die UniCredit ist eine führende, paneuropäische Geschäftsbank, die erstklassige Lösungen und Services in Italien, Deutschland, Österreich, Zentral\- und Osteuropa bietet. Unsere Vision ist es, die Bank für Europas Zukunft zu sein. Unser Anspruch lautet: Empower Communities to Progress. Er beinhaltet, allen Stakeholdern erstklassige Produkte und Services zu bieten und dadurch das Potenzial unserer Kund:innen und Mitarbeitenden in ganz Europa zur Entfaltung zu bringen. Wir betreuen mehr als 20 Millionen Kund:innen, unterstützt von drei gruppenweiten Produktbereichen \- Corporate, Individual und Payment Solutions \-, mit denen wir in all unsere Märkten eine erstklassige Expertise und skalierbare Lösungen bereitstellen können. Unser integriertes Geschäftsmodell verbindet lokale Nähe und ein tiefes Verständnis für unsere Kund:innen mit den Stärken einer internationalen Gruppe und schafft dadurch nahtlos ineinandergreifende Services und ein exzellentes Kundenerlebnis. Digitalisierung, operative Exzellenz und ein starkes Bekenntnis zu den ESG\-Grundsätzen bilden das Fundament unseres Handelns und ermöglichen es uns, nachhaltig Mehrwert für Kund:innen, Gemeinschaften, Mitarbeitende und Aktionär:innen zu schaffen. Unsere gemeinsame Kultur verbindet unsere Mitarbeitenden über alle Länder hinweg und stärkt Zusammenarbeit, konsequente Umsetzung und Ambition \- getragen von unseren Werten Integrity, Ownership und Caring.","","https://it.indeed.com/cmp/Unicredit-Group-1","https://d2q79iu7y748jz.cloudfront.net/s/_squarelogo/256x256/d0dd915cfa6ad9a1520fd8f603e32c12","https://www.unicreditgroup.eu/en.html","Milan","10,000+","more than $10B (USD)","UniCredit is a pan-European Bank with a unique service offering in Italy, Germany, Austria, and Central and Eastern Europe. Our Vision is to be the Bank for Europe's Future. ","","","","","","","regulatory compliance"
"in-f956e7499f4bb2c4","indeed","https://it.indeed.com/viewjob?jk=f956e7499f4bb2c4","https://wk.wd3.myworkdayjobs.com/en-US/External/job/ITA---Milan-Via-Bisceglie/Legal-Engineer---Tax-Law--Libra---Legal-AI-Assistant-_R0059229-1","Legal Engineer - Tax Law (Libra - Legal AI Assistant)","Wolters Kluwer","Milano, LOM, IT","2026-09-03","fulltime","","","","","",False,"","","","Iulia.Craciun@WoltersKluwer.com","As a **Legal Engineer,** focusing on tax law, you will be working in our Legal \& Regulatory division where we help legal and compliance professionals enhance productivity, mitigate risk, and solve complex problems confidently.


There are hundreds of thousands of lawyers across Europe — and at Libra, we’re transforming how they work. Our AI platform combines deep legal reasoning with cutting\-edge generative technology, fundamentally changing how lawyers research, draft, and deliver legal work.

**About the role**


As a Legal Engineer, you’ll work at the intersection of law, technology, and product innovation. Your mission is to translate complex legal knowledge into AI\-powered workflows that deliver measurable impact for our customers.


You’ll collaborate closely with our Product, Engineering, and Customer Success teams to build, test, and optimize Libra Assistants and automations that reflect real\-world legal reasoning.


This person will work closely with legal and tax professionals, product managers and technical teams, contributing to the ongoing development of the Libra AI platform and related services across two distinct client segments: law firms with a tax practice and the tax departments of corporates, as well as the services requested by chartered accountants (commercialisti). The ability to adapt quickly and find concrete answers even in ambiguous situations is the most valued skill for this role.


Unlike traditional legal roles, Legal Engineers at Libra are forward\-deployed: you’ll work directly with clients—law firms and corporate legal departments—to design solutions that transform how legal teams operate. This role is ideal for tax lawyers who are passionate about technology, problem\-solving, and building scalable, impactful solutions.


You’ll report to the leader of Legal Engineering and work alongside a growing team of passionate professionals. Together, you’ll foster a culture of performance, agility, and customer\-centricity—laying the foundation for sustainable growth across the region.

**What you’ll do**

**Solution Design \& Implementation**

* Collaborate with Sales, Customer Success, Product, and Engineering to design and test AI\-powered workflows and Libra Assistants across key legal domains, with a focus on tax law.
* Partner directly with clients to understand use cases, map processes, and configure tailored solutions.
* Translate legal expertise into structured data, prompts, and workflows to ensure AI outputs are accurate and legally robust.

**Client Engagement \& Enablement**

* Support customer pilots and proof\-of\-concepts by adapting Libra’s capabilities to real legal documents, templates, and research workflows.
* Act as a trusted advisor, guiding clients, law firms, corporate tax departments and individual professionals, on best practices for AI\-assisted tax and legal work.
* Create content and training materials for the **Libra Academy** focused on tax use cases, aimed at driving adoption and user success.

**Product Feedback \& Continuous Improvement**

* Provide actionable insights to Product and Engineering teams to improve prompt quality, accuracy, and domain coverage.
* Stay informed on legal tech trends and emerging AI capabilities to influence roadmap priorities.

**Performance Metrics**

* Successful delivery of client workflows and AI configurations.
* High customer adoption and satisfaction scores.
* Contributions to product improvements and knowledge base content.

**What you’ll bring**

**Education**

* Master's degree in Law or Tax Law.

**Experience**

* 2\-5 years of experience in a law firm tax practice or in the tax department of a listed company.

**Skills**

* Strong interest in technology, AI, and legal innovation.
* Familiarity with LLMs and generative AI; direct experience with LegalTech or TaxTech AI platforms is considered a strong plus.
* Excellent analytical and problem\-solving skills; able to break down complex legal processes into logical steps.
* Outstanding communication skills, with the ability to engage both technical teams and legal stakeholders.
* Comfortable working in fast\-paced, iterative environments.
* Tech\-savvy legal professional with a builder mindset.
* Curious, adaptable, and eager to learn new tools and technologies.
* Strong client\-facing skills with the ability to influence and guide stakeholders.
* Collaborative team player who thrives in cross\-functional environments.
* Advanced/fluent Italian language skills, professional English language skills.

**Nice to have**

* Experience in legal tech, product management, or automation projects.
* Familiarity with SaaS environments and agile methodologies.

**Working together**

This is a hybrid role, where you will spend at least eight days a month at our office, where you'll enjoy the benefits of connecting and collaborating with your colleagues in person.


**What we offer**


In just over a year, we’ve established ourselves as Europe’s fastest\-growing legal AI company by partnering with leading law firms, corporate legal departments, and publishers, As part of Wolters Kluwer’s Legal \& Regulatory Division, Libra is building the operating system for modern legal work — and you can help us write its next chapter.

**Join us, at Wolters Kluwer, and be part of a global technology company that makes a difference every day. Be the difference. If making a difference matters to you, then you matter to us.**

For any questions, please feel free to contact the recruiter (Iulia Craciun) by email at Iulia.Craciun@WoltersKluwer.com.

**Our Interview Practices**
---------------------------

*To maintain a fair and genuine hiring process, we kindly ask that all candidates participate in interviews without the assistance of AI tools or external prompts. Our interview process is designed to assess your individual skills, experiences, and communication style. We value authenticity and want to ensure we’re getting to know you—not a digital assistant. To help maintain this integrity, we ask to remove virtual backgrounds and include in\-person interviews in our hiring process. Please note that use of AI\-generated responses or third\-party support during interviews will be grounds for disqualification from the recruitment process.*

*Applicants may be required to appear onsite at a Wolters Kluwer office as part of the recruitment process.*","","https://it.indeed.com/cmp/Wolters-Kluwer","https://d2q79iu7y748jz.cloudfront.net/s/_squarelogo/256x256/0e686c67da1bd46cee95a528fd1cb51e","https://careers.wolterskluwer.com/","Alphen aan den Rijn","10,000+","$5B to $10B (USD)","Join us, at Wolters Kluwer, and be part of a dynamic global technology company that makes a difference every day.","","","","","","","regulatory compliance"
"in-84133b0298210414","indeed","https://it.indeed.com/viewjob?jk=84133b0298210414","https://careers.services.global.ntt/global/en/job/1db99c4da6c75d0","Senior Cybersecurity Advisor","NTT DATA","Milano, LOM, IT","2026-08-31","","","","","","",True,"","","","","Per il potenziamento dell’area Cybersecurity Strategy \& Governance, siamo alla ricerca di una figura da inserire nel ruolo di Senior Cybersecurity Advisor, con esperienza in ambito cybersecurity governance, risk management, business continuity, compliance normativa e supporto a programmi di trasformazione della sicurezza.
  
  

La persona selezionata entrerà a far parte di un contesto dinamico e multidisciplinare, contribuendo alla definizione, implementazione ed evoluzione di modelli, processi e iniziative di cybersecurity a supporto delle esigenze strategiche e operative dell’organizzazione.
  
  

**Il tuo contributo in questo ruolo:**  

* supporto alla definizione, evoluzione e mantenimento di modelli di cybersecurity governance, incluse policy, procedure, framework di controllo e processi organizzativi;
* contributo alla gestione di iniziative di ICT e cyber risk management, incluse attività di assessment, identificazione dei rischi, definizione di misure di mitigazione e monitoraggio dei piani di remediation;
* supporto ad attività di regulatory \& standards compliance, con riferimento a normative, regolamenti e standard nazionali e internazionali in ambito cybersecurity, ICT risk e resilienza operativa;
* partecipazione a iniziative di business continuity e operational resilience, inclusa la predisposizione di documentazione, analisi, piani e reportistica di supporto;
* predisposizione di materiali e presentazioni per interlocutori executive e senior management, inclusi report, dashboard, sintesi decisionali e documenti di avanzamento progettuale;
* supporto alla progettazione e realizzazione di iniziative di security awareness, comunicazione interna e formazione sui temi di sicurezza informatica;
* collaborazione con team interfunzionali, funzioni di controllo, IT, risk management, compliance e business owner per l’implementazione di iniziative di cybersecurity;
* monitoraggio dell’evoluzione del contesto normativo, tecnologico e di minaccia, contribuendo all’aggiornamento dei framework e delle practice aziendali.


**Il Profilo ideale:**  

* Laurea in discipline tecniche, economiche o gestionali, o esperienza equivalente.
* Almeno 3\-4 anni di esperienza in Cybersecurity Governance, ICT Risk, Compliance o consulenza specialistica.
* Conoscenza di framework e normative di riferimento (ISO 27001, NIST, DORA, NIS2, GDPR, EBA Guidelines).
* Familiarità con tematiche di Business Continuity e Operational Resilience.
* Capacità di predisporre report, documentazione progettuale e presentazioni per il management.
* Ottima conoscenza della lingua inglese e del pacchetto Microsoft Office (Excel e PowerPoint).
* Forte orientamento all’analisi e al problem solving.
* Ottime capacità comunicative e relazionali.
* Attitudine consulenziale e predisposizione al lavoro in team multidisciplinari.
* Proattività, autonomia organizzativa e orientamento al risultato.
* Interesse per l’evoluzione del panorama cyber e normativo.


**Nice to have:**  

* certificazioni professionali in ambito cybersecurity, governance, audit o continuità operativa, quali ad esempio ISO/IEC 27001 Lead Auditor/Lead Implementer, CBCI, ISO 22301, CSX Fundamentals o equivalenti;
* esperienza maturata in società di consulenza o in contesti progettuali complessi;
* conoscenza di strumenti di GRC, risk assessment, compliance management o reporting;
* esperienza nella realizzazione di comunicazione executive;
* disponibilità a trasferte, ove richiesto


**Sede di lavoro:**  

Milano e Roma con possibilità di modalità di lavoro Ibrida (Smart Working)
  
  

Costruisci il tuo futuro con NTT DATA.
  
  

Entra a far parte di un’azienda globale, leader nei servizi di business e tecnologici, che ascolta la tua voce e riconosce il valore del tuo lavoro. Collaborerai con clienti, partner e colleghi di tutto il mondo per creare soluzioni innovative capaci di avere un impatto reale sulla società. Qui potrai sviluppare nuove competenze e ampliare il tuo network.
  
  

Siamo presenti in Italia con oltre 6000 dipendenti a Milano, Roma, Torino, Genova, Bologna, Treviso, Pisa, Padova, Napoli, Cosenza, Bari e Salerno.
  
  

Make this the place where you grow.
  
  

Unisciti a noi!","","https://it.indeed.com/cmp/Ntt-Data","https://d2q79iu7y748jz.cloudfront.net/s/_squarelogo/256x256/a598a8409d24c2c493ede9bbbe334c46","https://careers.services.global.ntt/global/en","Tokyo","10,000+","more than $10B (USD)","Own your career with NTT DATA
Join a global business and technology leader where every voice is heard and great work is recognized. You’ll work with clients, partners and colleagues around the world t","","","","","","","regulatory compliance"
"in-0ed6dedd963363fe","indeed","https://it.indeed.com/viewjob?jk=0ed6dedd963363fe","https://careers.osapiens.com/postings/bdf6fcc7-ee18-4e20-bc8d-209f73fc1fd0?utm_medium=job_board&utm_source=indeed","Senior Account Executive Enterprise (m/f/x)","osapiens","Milano, LOM, IT","2026-08-31","fulltime","","","","","",False,"","","","","### **Description**

  

**osapiens** is building the operating system for sustainable enterprise, a single AI\-powered platform giving every company real\-time control over regulatory obligations, climate impact, supply\-chain risks, and physical assets. The ambition is not to be one more compliance tool, but the infrastructure every global enterprise runs on to operate responsibly in a world where sustainability is no longer optional.  

  

We reached **unicorn status** in January 2026 ($100M Series C from BlackRock/Temasek and Goldman Sachs), serve 2,500\+ enterprise customers including Tesco, Coca\-Cola, Lidl, and Carrefour, and have delivered 10\+ consecutive quarters of 100%\+ ARR growth at 130%\+ net revenue retention. Four platform capabilities: Regulatory Compliance, Climate Intelligence, Supply Chain Transparency, and Asset Management, plus a network model that traces supply chains from origin to point of sale make the platform genuinely different. Not another point solution. The resilience control tower for the modern enterprise.  

  

**THE MISSION**  

  

**Own your patch. Build your book. Make your mark.**  

  

This is not a territory you inherit warm. It's a territory you construct, account by account, relationship by relationship, deal by deal. The ceiling is yours to set.  

You will run the full enterprise sales cycle in your assigned vertical and geography, outbound generation, consultative discovery, multi\-threaded deal execution, negotiation, and close. You don't wait for pipeline. You build it. You don't manage accounts. You win them. Every osapiens solution runs through you: Regulatory Compliance, Climate Intelligence, Supply Chain Transparency, Asset Operations. The enterprise customers you pursue are sitting on material risk and operational blind spots.
  

You are the person who shows them what's at stake and closes the gap.  

This is a building seat, not a steady\-state seat. We operate like a professional athletic organization, high expectations, rigorous preparation, a culture where overachievers raise everyone around them. The AEs who join now don't just hit quota. They define what winning looks like at osapiens.### **WHAT YOU’LL OWN**

 **Pipeline \& Sales Execution*** Own the full cycle, prospecting to signature.
* 50%\+ self\-generated pipeline. 200% of quota is the bar.
* Multi\-solution on every deal, no exceptions.


  

**Customer \& Stakeholder Engagement**
* Build at VP and above. Show up in person
* Understand pain deeply. Propose with precision.
* Negotiate with the customer, not internally.


  

**Strategic \& Creative Outreach**
* Execute targeted plays: roundtables, executive dinners, innovation centre visits, partner events.
* Represent osapiens at industry events and conferences.
* Co\-sell through the partner ecosystem to accelerate cycles.


  

**Process \& CRM Discipline**
* Full playbook discipline always: deal dynamics, risk, org map.
* 100% CRM hygiene, non\-negotiable.
* Qualify hard. Quality over volume. Detail in everything you produce.


  

**Team Collaboration**
* True team player across BD, Pre\-Sales, Product, and Marketing.
* Share wins fast. Maintain a continuous feedback loop, both directions.

  

### **WHAT YOU’LL BRING**

 **Experience*** 3\+ years in enterprise SaaS with a record of consistent overachievement, President's Club, self\-generated pipeline, complex multi\-stakeholder cycles.
* MBB strategy consulting background considered equally.
* Methodology fluency expected: MEDDIC, Challenger, or equivalent.
* Background in compliance, sustainability, supply chain, or industrial technology is a plus.

  

**Skills \& Attributes*** Hunter. Extreme ownership, high say: do ratio, no deflection.
* Credible at C\-suite level.
* Thrives in fast\-moving environments.
* Generous with knowledge across the team.

  

**How You'll Operate*** 200% of quota is the bar, not 100%. 50% self\-generated pipeline \- you own your top of funnel. Multi\-solution on every deal.
* Full CRM hygiene and playbook discipline always: deal dynamics, risk, org map.
* Qualify hard, qualify early.
* Build at VP and above, show up in person, get creative on partner plays: roundtables, dinners, innovation centre visits.
* Negotiate with the customer, not internally.
* Share wins fast across BD, Pre\-Sales, Product, and Marketing.
* Post\-game review after every deal, no exceptions.


  

**How We Work**
* High energy, low ego. Go fast, learn, iterate, improve. Our competitors are not the benchmark, we want to be the winner in SaaS in how we sell.

### **Join us for this and more...**

  

* A purpose\-driven mission tackling sustainability and compliance challenges in a fast\-growing tech company
* A dynamic and collaborative team with a strong focus on performance and impact
* Flexibility through hybrid work options
* Sustainable mobility options supporting eco\-friendly commuting
* Regular team events and opportunities to connect across our global organization
* An inspiring working environment in **Italy / Milano**.

  

### **About osapiens**


**osapiens** develops holistic Software\-as\-a\-Service solutions that help global companies ensure transparency, efficiency, and trust across their entire value chain. Through its cloud platform, the **osapiens HUB**, the company leverages innovative technologies, including artificial intelligence, to strengthen businesses while promoting human rights, ecological responsibility, and sustainable corporate governance.  

Founded in 2018 and headquartered in Mannheim, Germany, **osapiens** works with **around 2,500 companies in over 50 countries** across industries such as consumer goods, automotive, fashion, pharmaceuticals, and medical products. The company is backed by **Goldman Sachs** and **Decarbonization Partners**, reinforcing its commitment to responsible, sustainable growth and has reached unicorn status in January 2026\.","","https://it.indeed.com/cmp/Osapiens","https://d2q79iu7y748jz.cloudfront.net/s/_squarelogo/256x256/9d981eefe026c99dc4bebcaaa426031f","https://osapiens.com/","Glücksteinallee 69
68163 Mannheim
Germany","501 to 1,000","","","","","","","","","regulatory compliance"
"li-4459332631","linkedin","https://www.linkedin.com/jobs/view/4459332631","","Market Access Specialist – Medical Devices (Italy)","Abbott","Milan, Lombardy, Italy","2026-09-03","","","","","","",False,"","","","","","","https://www.linkedin.com/company/abbott-","","","","","","","","","","","","","medical device regulatory"
"in-c31ae49599c9273a","indeed","https://it.indeed.com/viewjob?jk=c31ae49599c9273a","https://rgi-group.factorialhr.com/job_posting/head-of-claims-professional-services-321335","Head of Claims Professional Services","RGI Group","Milano, LOM, IT","2026-09-08","fulltime","","","","","",False,"","","","","* Permanent
* Full\-time
* Hybrid (Milan, Milano\\Lombardia, Italy)
* Delivery \- Shared Service AM
**Why this role matters**
-------------------------


Insurance claims are where promises become reality.


At RGI, we're shaping the future of Claims transformation for some of Europe's most demanding insurance organisations. We are looking for an exceptional leader to drive our Claims Professional Services practice and help insurers modernise one of the most complex and business\-critical areas of their operations.


This is not a traditional consulting role.


This is an opportunity to become the reference point for Claims transformation initiatives, leading strategic programmes, influencing executive stakeholders, and guiding highly specialised teams delivering enterprise\-scale solutions across the insurance market.

**The challenge**
-----------------


As Head of Claims Professional Services, you will take ownership of our Claims delivery practice, acting as the bridge between insurance business strategy, operational excellence, and technology execution.


You will work with senior client stakeholders, support the successful delivery of complex transformation programmes, and lead multidisciplinary teams of analysts, consultants, and subject matter experts.


Your expertise will help clients redesign and evolve their Claims operations while ensuring successful execution, measurable business outcomes, and long\-term partnerships.

**What you will do**
--------------------

* Lead the Professional Services practice focused on Claims transformation initiatives.
* Act as a trusted advisor for senior insurance executives and business stakeholders.
* Drive the successful delivery of complex Claims programmes from strategic design through implementation.
* Guide and mentor highly skilled functional consultants and business analysts.
* Support pre\-sales initiatives by providing deep industry expertise and helping define transformation roadmaps.
* Ensure projects deliver tangible business value, operational efficiency and customer\-centric outcomes.
* Manage challenging stakeholder environments and facilitate high\-level decision\-making processes.
* Contribute to the evolution of RGI's Claims offering by bringing market insights, best practices and innovation ideas.
* Build strong, long\-term relationships with insurance clients and key industry stakeholders.
  

**Who you are**
---------------


You are recognised as a Claims expert by your peers.


You have spent a significant part of your career helping insurers improve, transform or modernise their Claims operations and systems. You combine deep domain expertise with strong leadership skills and the credibility required to influence senior decision\-makers.


You understand not only technology, but also the business, operational and regulatory complexities that make Claims one of the most strategic functions within an insurance company.

**What we are looking for**
---------------------------

* 15\+ years of experience within the insurance industry, with a strong focus on Claims.
* Extensive knowledge of end\-to\-end Claims processes across Property \& Casualty insurance.
* Proven track record leading large Claims transformation or modernisation programmes.
* Experience working with tier\-one insurers or major insurance software ecosystems.
* Strong leadership capabilities and experience managing senior teams and complex delivery organisations.
* Ability to engage confidently with C\-level and executive stakeholders.
* Excellent communication, negotiation and stakeholder management skills.
* Strong consulting mindset with the ability to balance strategic vision and execution excellence.
* International experience in complex, multi\-stakeholder environments is highly appreciated.
* Fluent English.
  

**Why join RGI**
----------------


RGI is one of Europe's leading Insurtech groups, supporting insurers in their digital transformation journey for more than 35 years.


You will join a company where Claims is becoming a strategic growth area and where your expertise can directly influence the future of our solutions, our clients and the insurance market itself.


This is an opportunity to leave a lasting mark on the industry while working alongside some of the most experienced insurance and technology professionals in Europe.","Internet And Software","https://it.indeed.com/cmp/Rgi-Group-4","","http://www.rgigroup.com/","Via Cesare Pavese 6, 10015 IVREA, TO

","1,001 to 5,000","$100M to $500M (USD)","RGI è l'insurtech leader in Europa che guida la trasformazione digitale del settore assicurativo EMEA attraverso la tecnologia.","","","","","","","regulatory strategy"
"li-4465017683","linkedin","https://www.linkedin.com/jobs/view/4465017683","","SPECIALISTA QHSE - SISTEMA QUALITA'","In Job","Curno, Lombardy, Italy","","","","","","","",False,"","","","","","","https://it.linkedin.com/company/in-job-spa","","","","","","","","","","","","","AIFA compliance"
"li-4460491314","linkedin","https://www.linkedin.com/jobs/view/4460491314","","Performance Marketing Specialist","BRUM Patenti","Milan, Lombardy, Italy","2026-09-03","","","","","","",False,"","","","","","","https://it.linkedin.com/company/brum-patenti","","","","","","","","","","","","","CE marking"
"li-4462441203","linkedin","https://www.linkedin.com/jobs/view/4462441203","","Marketing Demand Performance & Analytics Specialist EMEA","Videojet Technologies","Pogliano Milanese, Lombardy, Italy","2026-09-02","","","","","","",False,"","","","","","","https://www.linkedin.com/company/videojet","","","","","","","","","","","","","CE marking"
"in-789c66660b048f94","indeed","https://it.indeed.com/viewjob?jk=789c66660b048f94","https://jobs.engie.com/default/job/Contract-&-Claims-Engineer/71626-en_US","Contract & Claims Engineer","ENGIE","Milano, LOM, IT","2026-09-04","","","","","","",False,"","","","","**Chi è ENGIE?** *ENGIE mette al centro delle sue attività (elettricità, gas naturale, efficientamento energetico e servizi) lo sviluppo sostenibile, per far fronte alle sfide della transizione energetica verso una low carbon economy: accesso ad un'economia sostenibile, mitigazione e adattamento al cambiamento climatico e ottimizzazione delle risorse.*

  


**Chi cerchiamo?** Siamo alla ricerca di una risorsa da inserire nel ruolo di **Contract \& Claim Engineer** da inserire presso la nostra **sede di Milano** nell’ambito della **Global Business Unit ""Local Energy Infrastructures""**, Divisione Industries Energy Projects, Dipartimento Construction.


*ENGIE nell’ambito della linea di business* ***Industries Energy Projects****, si impegna a rendere l’impresa un luogo sostenibile ed efficiente offrendo soluzioni su misura dedicate ai servizi, agli spazi e alle persone (Facility Management) e lavori di realizzazione e manutenzione (Construction).*


*Tutto questo è possibile grazie alla presenza globale, all'esperienza, e alla sua solidità economica. ENGIE è infatti in grado di finanziare qualsiasi intervento energetico che migliori le performance del cliente, garantisca innovazione, ottimizzazione dei consumi energetici e riduzione delle emissioni di CO2\.*

  


***Che cosa farai?***



Nel ruolo di **Contract \& Claim Engineer** riporterai al **Contract \& Claim Manager** e, sotto il suo coordinamento, lavorerai insieme al Project Management Team nella gestione contrattuale di progetti complessi (inclusi data center, HV/MV substation, photovoltaic plants, CCHP plant) nel settore EPC (Engineering, Procurement \& Construction).



Supporterai la gestione del ciclo di vita dei contratti dalla fase di negoziazione alla fase esecutiva, assicurando la corretta applicazione delle disposizioni contrattuali e contribuendo alla tutela della posizione contrattuale dell'azienda.



Il ruolo prevede un coinvolgimento diretto nella gestione di varianti, claim, corrispondenza contrattuale e rischi di progetto, lavorando in stretta collaborazione con Project Director, Project Manager, Procurement, Planning, Cost Control e Legal.

  


***Quali saranno le tue responsabilità?***



Fase *Pre\-Award*:


* Supportare la negoziazione e definizione dei contratti EPC, di subappalto e di fornitura, collaborando con le funzioni Legale, Procurement e Project Management.
* Analizzare la documentazione contrattuale e commerciale (contratto, condizioni generali, specifiche tecniche, BoQ), con focus operativo, identificando rischi contrattuali e obblighi rilevanti per la fase esecutiva.
* Contribuire alla corretta trasposizione ""back\-to\-back"" degli obblighi contrattuali nei contratti con fornitori e subappaltatori.
* Supportare la raccolta e l'integrazione dei contributi degli stakeholder interni ed esterni fino alla finalizzazione e approvazione dei documenti contrattuali.


Fase *Post\-Award*:


* In coordinamento con il Project Management Team, supportare la gestione operativa dei contratti attivi e passivi, monitorando il rispetto delle disposizioni contrattuali, delle scadenze e dei requisiti formali previsti dai contratti stessi.
* In coordinamento con Project Management, Project Control ed Ingegneria, contribuire al processo di Variation Management, analizzando modifiche di scopo e istruzioni del cliente/direzione lavori/PMC e valutandone gli impatti tecnici, temporali ed economici, inclusa l'analisi di BoQ, prezzi unitari e cost breakdown.
* Supportare l'identificazione e la gestione dei claim per costi aggiuntivi e/o estensioni dei tempi (EOT), collaborando con Planning e Cost Control nella raccolta e strutturazione delle evidenze tecniche ed economiche.
* Curare la corrispondenza contrattuale e le notifiche previste dai contratti attivi e passivi, monitorando eventi rilevanti ai fini contrattuali (ritardi, interferenze, istruzioni, modifiche progettuali).
* Partecipare, con il supporto del Contract \& Claim Manager, alle negoziazioni relative a varianti e claim con cliente, direzione lavori, PMC, subappaltatori e fornitori.
* Collaborare con Project Director, Construction Manager, Planning e Cost Control per assicurare una gestione integrata degli impatti contrattuali su tempi, costi e rischi di progetto, contribuendo all'identificazione e alla mitigazione dei rischi contrattuali e commerciali.
* Monitorare le garanzie contrattuali e bancarie di progetto in coordinamento con Corporate Finance e collaborare con il team di Project Control nella corretta applicazione delle disposizioni contrattuali relative alla fatturazione.
* Segnalare tempestivamente al Contract \& Claim Manager e alle funzioni Legal \& Procurement eventuali situazioni suscettibili di evolvere in controversie e supportare la gestione di eventuali dispute.

  


**Che cosa porterai in ENGIE?**


* Laurea in Ingegneria, Giurisprudenza, Economia o titolo equipollente.
* Precedente esperienza, anche breve, nella gestione di contratti d'appalto, preferibilmente in contesti EPC nel settore energia, infrastrutture o data center.
* Conoscenza di base delle principali forme contrattuali internazionali, con particolare riferimento ai contratti FIDIC (preferibilmente Yellow Book e Silver Book).
* Interesse e prima esperienza nella gestione di varianti contrattuali, claim e trattative con clienti, fornitori e subappaltatori.
* Capacità di analizzare documentazione tecnico\-commerciale (BoQ, prezzi unitari, cost breakdown).
* Buone capacità di negoziazione, analisi e problem setting/solving.
* Ottime doti comunicative e capacità di lavorare efficacemente in team di progetto multidisciplinari.
* Buona conoscenza della lingua inglese scritta e parlata.
* Ottima padronanza del pacchetto Microsoft Office.

  


*In ENGIE, ogni talento ha un ruolo fondamentale nell’accelerare la transizione energetica.*


*Contribuisci a fare la differenza e vivi un’esperienza professionale ricca di soddisfazioni.*


*Affronta sfide stimolanti e costruisci un percorso di carriera che rispecchi davvero chi sei.*


*Unisciti a noi e partecipa all’avventura del secolo!*

  


**La retribuzione annua lorda (RAL) prevista per il ruolo è compresa tra € 33\.000 ed € 42\.000, in base all’esperienza e al livello di seniority.**

  


**Perché scegliere ENGIE?**


*Lavorare in ENGIE, gruppo multinazionale, significa avere un'ampia varietà di possibilità di carriera in oltre 30 paesi.*


*Ma significa anche mettere la comunità al centro della tua vita professionale e contribuire a un vero cambiamento nel corso di una carriera stimolante.*


*Il nostro impegno è chiaro: sosteniamo un modello sociale che concilia la performance economica con l'impatto positivo sulle persone e sul pianeta. Scommettiamo sul potere della collettività e agiamo come parte di una comunità impegnata a sconvolgere e reinventare il futuro. Diversità e inclusione sono al centro della nostra cultura aziendale.*


*ENGIE si impegna a combattere tutte le forme di discriminazione in materia di occupazione, accesso alla formazione e promozione. Pertanto, l'integrazione e il sostegno di giovani, adulti, persone con disabilità, senza alcuna distinzione di genere, etnia o religione, sono priorità fondamentali della politica delle risorse umane.*


Business Unit: GBU Local Energy Infrastructures
Division: LEI \- Italy
Legal Entity: ENGIE SERVIZI S.P.A.
Company Name: ENGIE Italia
Minimum Base Salary:
Maximum Base Salary:
Pay Basis:
### **Why this matters to us**


Our organisation is an equal opportunity employer and is committed to fostering a diverse and inclusive workplace. We offer reasonable accommodations upon request for individuals with disabilities.","","https://it.indeed.com/cmp/Engie-7","https://d2q79iu7y748jz.cloudfront.net/s/_squarelogo/256x256/6c27efde32ba1b848dfae07468c80f90","https://www.engie.com/pourquoi-rejoindre-engie","Courbevoie","10,000+","more than $10B (USD)","","","","","","","","variation management"
"in-1b10097ff3e45b99","indeed","https://it.indeed.com/viewjob?jk=1b10097ff3e45b99","https://haier.wd3.myworkdayjobs.com/en-US/HaierEurope_Professional_Careers/job/Brugherio-MB/Supplier-Risk-Management-Engineer_REQ-25518","Supplier Risk Management Engineer","Haier Europe","Brugherio, LOM, IT","2026-09-02","fulltime","","","","","",True,"","","","","**Job Posting Title**


Supplier Risk Management Engineer**The challenge**


An exciting opportunity has arisen to contribute to Haier Europe. The Company is on a journey to achieve ambitious growth and leadership objectives in the region, and we are seeking someone passionate, proactive, self\-driven, and motivated to join a team of open\-minded individuals. We are looking for someone who embodies the Company’s core behaviors, based on our Own It model : Zero Distance, Agility, Entrepreneurship, Ecosystem and Build Trust. A true change agent who acts with integrity, collaborates across boundaries, adapts quickly, takes initiative and keeps users at the center — fostering an open, innovative, and high\-performing environment.**What you will do**


The Supplier Risk Management Engineer will lead the worldwide supplier risk management and integrate risk management into the management processes of the organization and ensure uniform and smooth processes. SRME will analyze, evaluate and monitor the supplier's portfolio in an international context to proactively minimize and making sure our risk exposure remains minimal.

**ACTIVITIES AND AREAS OF RESPONSIBILITY**

* Check the supplier’s Financial, Economic, Quality and logistic Risks.
* Reported supplier risk and feedback on reporting strategy
* Support in defining the mitigation action together with shareholders.
* Check the supplier’s performance indicators, to facilitate and ensure the supply base’s ability to consistently meet or exceed defined target.
* To prepare and improve regulations and procedures in order to ensure that risk analysis and evaluation are carried out within the corporate strategy and policies and to prepare and implement mitigation plan.
* Perform regular follow\-up on mitigation topics related to risks.
* Develop and maintain strong and positive relationships with Suppliers and work closely with Procurement to manage, implement improvements, capacity studies and future bottlenecks.
* Assist with (new/current) product launches by working with (current/new) suppliers to ensure that key milestones are in risk or not.

**What you need to succeed**

**REQUIREMENTS AND COMPETENCES**

* Bachelor’s, master’s degree business, engineering, finance, or a comparable field.
* Experience in supplier management and/or supplier development and have already gained management experience in a global role.
* Common MS Office applications knowledge
* ISO 9001\-2015 certification, IATF 16949 preferred
* Experience with supplier evaluations and auditing,
* Proficiency in data analysis, presentation, and database tools,
* Ability to compile data and analyzes data results\-based performance KPI's,
* Good communication skills and ability to work in a multi\-discipline and international environment.
* Negotiation Skills/tactful approach
* Fluent business English

**Employment Type:** Fixed \- term Contract; Full\-Time  

**National Collective Bargaining Agreement (CCNL):** Metalmeccanici Privati  

**Minimum Gross Annual Salary:** € 30\.000

**Benefits**:

* Free Canteen
* Smart Working


The Company may offer a different compensation package than the one indicated above, based on objective criteria identified during the selection process (such as experience, skills or changes in the scope and responsibilities of the role). Any such variation is in no way based on previous salary levels or on personal or discriminatory factors.


All decisions are made in compliance with the principle of equal pay, the applicable National Collective Bargaining Agreement (CCNL) and EU Directive 2023/970, as well as the relevant national implementing legislation


\#LI\-GG1


Haier Europe is an Equal Opportunity Employer. Employment decisions are made without regard to race, color, religion, national or ethnic origin, sex, sexual orientation, gender identity or expression, age, disability, or other characteristics protected by law.","","https://it.indeed.com/cmp/Haier-Europe","https://d2q79iu7y748jz.cloudfront.net/s/_squarelogo/256x256/86755e6424a44c820ab125910cfa053a","https://corporate.haier-europe.com/en-gb/careers/","Comolli, 16 - 20861 Brugherio (MB) – Italy","501 to 1,000","$100M to $500M (USD)","In your hands, our three superbrands – Candy, Hoover, Haier – are the innovative power behind our determination to be the number one home appliance business in the UK & Ireland.","","","","","","","variation management"
