"id","site","job_url","job_url_direct","title","company","location","date_posted","job_type","salary_source","interval","min_amount","max_amount","currency","is_remote","job_level","job_function","listing_type","emails","description","company_industry","company_url","company_logo","company_url_direct","company_addresses","company_num_employees","company_revenue","company_description","skills","experience_range","company_rating","company_reviews_count","vacancy_count","work_from_home_type","search_term"
"li-4433377213","linkedin","https://www.linkedin.com/jobs/view/4433377213","","Regulatory AffaiRegulatory Affairs Associate - Fix-term contractrs Associate - Temporary","Recordati","Milan, Lombardy, Italy","2026-08-08","","","","","","",False,"","","","","","","https://it.linkedin.com/company/recordati","","","","","","","","","","","","","regulatory affairs"
"in-87b17fd1b27e183d","indeed","https://it.indeed.com/viewjob?jk=87b17fd1b27e183d","https://jsv3.recruitics.com/redirect?rx_cid=3436&rx_jobId=R-01362873_1005&rx_url=https%3A%2F%2Fjobs.thermofisher.com%2Fglobal%2Fen%2Fjob%2FR-01362873%2FSenior-CTM-Internal-Medicine-Dermatology-Cardiovascular-Liver-Nephrology-Immunology-Rare-Disease-Diabetes%3Frx_a%3D0%26rx_c%3D%26rx_ch%3Djobp4p%26rx_group%3D123525%26rx_id%3Db07fa9e6-981e-11f1-923f-9999b256e3a8%26rx_job%3DR-01362873_1005%26rx_medium%3Dcpc%26rx_r%3Dnone%26rx_source%3Dindeed%26rx_ts%3D20260815T060453Z%26rx_vp%3Dcpc%26utm_medium%3Dppc%26utm_source%3Drecruitics_indeedorganic","Senior CTM - Internal Medicine (Dermatology, Cardiovascular, Liver, Nephrology, Immunology, Rare Disease, Diabetes)","Thermo Fisher Scientific","Milano, LOM, IT","2026-08-14","fulltime","","","","","",False,"","","","","**Work Schedule**


Standard (Mon\-Fri)**Environmental Conditions**


Office**Job Description**

**Senior Clinical Team Manager**


PPD’s (a part of Thermo Fisher Scientific) mission is to improve health. It starts as an idea to find a cure. It becomes a life saved. All in\-between, it’s you! We know that meaningful results not only require the right approach, but also the right people. We invite you to re\-imagine health promoting protocols with us, working alongside our talented, bright and energetic teams.


Our therapeutic team directs, coordinates and manages the technical and operational aspects of projects, securing the successful completion of clinical trials. The team is therapeutically aligned to respond better to our customer needs.

**The therapeutic scope includes Cardiovascular \& Internal Medicine \- Dermatology, GI, (UC/CD), Cardiovascular, Liver, Nephrology, Immunology, Rare Disease, Diabetes, Obesity, Dyslipidemia, Women's Health, Rheumatology, (RA, SLE, Gout).**


As a Senior Clinical Team Manager (Sr. CTM), you combine deep knowledge, therapeutic expertise, and robust tools to help our clients deliver life\-changing therapies to market. You take ownership of all start\-up and clinical deliverables, anticipate problems, find solutions and deliver results; coordinating the activities of start\-up and clinical team members which are allocated to a project on a Regional or Country basis.


You will work in partnership with the Project Manager to ensure the necessary training, tracking and quality systems are in place for the clinical management team and be primarily responsible for the start\-up and clinical deliverables of the Project within agreed timelines and budget. Clinical Team Managers provide contact and support to the project sponsor for all clinical aspects.


At PPD we hire the best, develop ourselves and each other, and recognize the power of being one team. We offer continued career advancement opportunities, award winning training and benefits focused on the health and wellbeing of our employees.

**Summarized Purpose:**

Accountable for achieving the final start\-up and clinical deliverables (usually clean data from evaluable patients as specified in the study protocol) within the time period specified in the contract with the customer. Interprets data on complex issues and makes good business decisions with support from line management. Works to ensure that all start\-up and clinical deliverables meet the customer's time/quality/cost expectations. Maintains profitability by ensuring start\-up and clinical activity is conducted within contract scope, through efficient management of the country start\-up and clinical team. Typically works independently on projects of moderate to high complexity and may assume regional lead or Clinical Study Manager responsibilities.

**Essential Functions:**


Manages all clinical and start\-up activities, operational and quality aspects of allocated studies, of moderate to high complexity, in compliance with ICH GCP. In accordance to project specific requirements, may assume Lead CTM responsibilities on regional level, Clinical Study Manager (CSM) responsibilities or take on additional responsibilities; e.g. process improvements, manage complex programs, have wider management or project coordination responsibilities.


Develops start\-up and clinical tools (e.g. Essential Document Checklist, Monitoring Plan, Monitoring Guidelines) in conjunction with the study requirements and Data Quality Plan. Contributes to the development of the Master Action Plan (MAP) for providing clinical related documents. Ensures timely set up, organization, content and quality of the relevant sections of the Trial Master File (local and central). May participate in the design and development of CRFs, CRF guidelines, patient informed consent templates and other protocol specific documents as required. Collaborates with the project manager to prepare, organize, and present at client meetings, including bid defense and hand\-off meetings.


Collaborates with the start\-up country team, regulatory, clinical team and other departments as needed to meet deliverables of the project. Regularly communicates with the team and leads team meetings to ensure that timelines, resources, interactions, and quality are maintained. Responsible for the implementation and training of standardized clinical monitoring processes within the study and according to corporate standard policies. Responsible for the timely archiving of documents and study materials for the department.


Ensures achievement of the start\-up and clinical deliverable within the contractual time period specified by preparing and monitoring start\-up and clinical activity timelines and metrics, providing status updates to the project manager, regularly reviewing projects using tracking and management tools, implementing recovery actions, reviewing monitoring visit reports, and managing CRF collection and query resolution. Continuously monitors clinical trials to assess performance and ensure contractual obligations are met. May routinely conduct Accompanied Field Visits (AFVs) and be accountable for project financials.


Communicates with study sites regarding issues such as protocol, patient participation, case report form completion and other study\-related issues.


Coordinates all start\-up activities and ensures that essential document quality meets the expectation of Regulatory Compliance Review. Ensures timely regulatory submissions (if appropriate) are addressed. Reviews and follows up on all questions raised by ethics committees. Responsibilities may vary based on project timelines.


Provides input into preparation of forecast estimates for start\-up and clinical activities. Responsible for start\-up and clinical resource management, assignment, delegation of clinical responsibilities and identification of additional resource requirements.


Education and Experience:


Bachelor's degree or equivalent and relevant formal academic / vocational qualification


Previous experience that provides the knowledge, skills, and abilities to perform the job (comparable to 5\+ years).


In some cases, an equivalency, consisting of a combination of appropriate education, training and/or directly related experience, will be considered sufficient for an individual to meet the requirements of the role.

**Knowledge, Skills and Abilities:**


Strong leadership skills, effective at mentoring and training, and capable of motivating and integrating teams


Strong planning and organizational skills to enable effective prioritization of workload and workload of team members


Strong interpersonal and problem\-solving skills to enable working in a multicultural matrix organization


Solid understanding of change management principles


Comprehensive understanding of the practices, processes, and requirements of start\-up and clinical monitoring


Strong judgment, decision making, escalation, and risk management skills


Effective oral and written communication skills, including English language proficiency


Capable of evaluating own and team members workload against project budget and adjust resources accordingly


Strong financial acumen and knowledge of budgeting, forecasting and fiscal management


Strong attention to detail


In\-depth understanding of relevant regulations e.g. ICH/GCP, FDA guidelines, etc.


Strong computer skills to effectively use automated systems and computerized applications such as Outlook, Excel, Word, etc.


Capable of independently managing clinical only studies

**Working Environment:**

PPD, a part of Thermo Fisher Scientific, values the health and wellbeing of our employees. We support and encourage individuals to create a healthy and balanced environment where they can thrive. Below is listed the working environment/requirements for this role:


Able to communicate, receive, and understand information and ideas with diverse groups of people in a comprehensible and reasonable manner.


Able to work upright and stationary for typical working hours.


Able to work in non\-traditional work environments.


Able to use and learn standard office equipment and technology with proficiency.


Able to perform successfully under pressure while prioritizing and handling multiple projects or activities.


May have exposure to potentially hazardous elements typically found in healthcare or laboratory environments.


This role requires independent travel up to 20%, inclusive of traveling in automobiles, airplanes, and trains.

**Our 4i Values:**


Integrity – Innovation – Intensity – Involvement


If you resonate with our 4i values above, and ultimately wish to accelerate the delivery of safe and effective therapeutics for some of the world’s most urgent health needs, submit your application – we’d love to hear from you!

**We are unable to consider junior CTMs at this time.**","Industrial Manufacturing","https://it.indeed.com/cmp/Thermo-Fisher-Scientific","https://d2q79iu7y748jz.cloudfront.net/s/_squarelogo/256x256/65bd2e4bebb79b1432ac3277ffd57ae7","https://www.thermofisher.com/","168 Third Avenue, Waltham, MA USA 02451","10,000+","more than $10B (USD)","At Thermo Fisher Scientific, our professionals develop critical solutions—and build rewarding careers.","","","","","","","regulatory manager"
"in-fd4908806595f23e","indeed","https://it.indeed.com/viewjob?jk=fd4908806595f23e","https://careers.glovoapp.com/job/operations-manager-in-milan-italy-jid-744000143514889/","Operations Manager","Glovo","Milano, LOM, IT","2026-08-14","fulltime","","","","","",True,"","","","","Milan, Italy


Full\-time


Operations


  
**Who we are**
--------------


Glovo is part of the Delivery Hero Group, the world’s pioneering local delivery platform, our mission is to deliver an amazing experience—fast, easy, and to your door. We operate in around 70 countries worldwide. Headquartered in Berlin, Germany. Delivery Hero has been listed on the Frankfurt Stock Exchange since 2017 and is part of the MDAX stock market index.


### **Job Description**


As the Operational Compliance \& Rider Operations Lead in Italy, your mission is to shape and safeguard Glovo's local operational framework while elevating the rider experience during a period of rapid growth. Reporting directly to the Head of Operations, you will take full ownership of navigating complex union relations, local regulatory compliance, and seamless rider support processes over the next 12–18 months. By driving high standards of operational compliance and efficiency, you will build a sustainable foundation for our delivery network across the market.

  

**THE JOURNEY**

* **Lead \& Support a High\-Performing Team:** Manage, mentor, and develop a team of 4 direct reports across rider acquisition, rider experience/support, billing \& cash management, union relations, and legal/authorities support.
* **Ensure 100% Operational \& Legal Compliance:** Define, deploy, and monitor robust local processes to guarantee strict compliance with Italian regulations, local laws, and authorities' guidelines.
* **Manage Industrial \& Union Relations:** Establish and maintain a constructive, highly productive framework for union dialogue and external institutional relationships to navigate complex local frameworks smoothly.
* **Optimize Rider Support \& Billing Operations:** Drive continuous improvement in rider experience, ensuring seamless onboarding, responsive support, and accurate, automated billing and cash management processes.
* **Cross\-Functional Collaboration:** Partner closely with Global Operations Teams, Legal, and Finance departments to align local operations with global strategies and implement best practices.
* **Drive Process Efficiency \& Automation:** Leverage operational data and analytical tools to streamline workflows, reduce friction in rider operations, and scale processes efficiently.


### **Qualifications**


**Must\-Haves:**

* **People Leadership:** Proven experience in managing, coaching, and developing direct reports (managing a team of 4\+) with a strong track record of operational leadership.
* **Analytical \& Data\-Driven Mindset:** Hands\-on proficiency with Excel and analytical platforms (e.g., Looker), combined with a mindset for process automation and data\-informed decision\-making.
* **Project \& Stakeholder Management:** Strong ability to execute complex projects and navigate diverse internal/external relationships, from global cross\-functional leadership to local authorities and external partners.
* **Language Fluency:** Professional native/bilingual proficiency in both Italian and English (both written and spoken).

**Nice\-to\-Haves:**

* **Industry \& Regulatory Experience:** Previous background in operations within heavily regulated sectors, delivery platforms, or fast\-paced logistics environments.
* **Legal \& Industrial Relations Expertise:** Familiarity with Italian labor laws, industrial relations, or legal framework negotiations.


Individuals representing diverse profiles, **and abilities,** encompassing various genders, ethnicities, and backgrounds, are less likely to apply for this role if they do not possess solid experience in 100% of these areas. Even if it seems you don't meet our musts don't let it stop you, we are all about finding the best talent out there! **Skills can be learned, and embracing diversity is invaluable.**

**We believe driven talent deserves:**

* An enticing equity plan that lets you own a piece of the action.
* Top\-notch private health insurance to keep you at your peak.
* Monthly Glovo credit to satisfy your cravings!
* Discounts on transportation, food, and even kindergarten expenses.
* ️ Extra time off, the freedom to work from home two days a week, and the opportunity to work from anywhere for up to three weeks a year!
* Enhanced parental leave, and office\-based nursery.
* Online therapy and wellbeing benefits to ensure your mental well\-being.


Here at Glovo, we thrive on diversity, we believe it enhances our teams, products, and culture. We know that the best ideas come from a mashup of brilliant diverse minds. This is why we are committed to providing equal opportunities to talent from all backgrounds \- all genders, racial/diverse backgrounds, abilities, ages, sexual orientations and all other unique characteristics that make you YOU. We will encourage you to bring your authentic self to work, fostering an inclusive environment where everyone feels heard.


Feel free to note your pronouns in your application (e.g., she/her/hers, he/him/his, they/them/theirs, etc).

**So, ready to take the wheel and make this the ride of your life?**


### **Additional Information**


EUR 69\.000 \- EUR 73\.000 \- Yearly  

On top, your total compensation may include other benefits described above and equity for pre\-defined roles. This is the initial hiring range for this role and level. If at any point during the process we determine your experience and scope better align with a different hiring range, we'll be happy to review \& share it with you, before moving forward to the next stage of the process!


At Glovo, your success is defined by both results and behaviors. We hire for excellence in craft and for the Leadership Principles that shape how we think, decide, and collaborate. What you achieve matters and how you achieve it defines us. Together, they move the business forward and deliver great experiences. **Learn more about our Leadership Principles** **here****.**


Here at Glovo, we thrive on diversity, we believe it enhances our teams, products, and culture. We know that the best ideas come from a mashup of brilliant diverse minds. This is why we are committed to providing equal opportunities to talent from all backgrounds – all genders, racial/diverse backgrounds, abilities, ages, sexual orientations and all other unique characteristics that make you YOU. We will encourage you to bring your authentic self to work, fostering an inclusive environment where everyone feels heard.


Feel free to note your pronouns in your application (e.g., she/her/hers, he/him/his, they/them/theirs, etc).

**So, ready to take the wheel and make this the ride of your life?**  

  

Delve into our culture by taking a peek at our Instagram and check out our LinkedIn and website!


### **Base hiring range**


EUR 69,000 \- EUR 73,000 \- Yearly


On top, your total compensation may include other benefits described above and equity and/or variable bonuses for pre\-defined roles.  

This is the initial hiring range for this role and level. If at any point during the process we determine your experience and scope better align with a different role, we'll be happy to review \& share it with you, before moving forward to the next stage of the process!","","https://it.indeed.com/cmp/Glovo","https://d2q79iu7y748jz.cloudfront.net/s/_squarelogo/256x256/4bb89f0ad6a1ed58b76adab298ce81c7","https://jobs.glovoapp.com/","Barcelona","1,001 to 5,000","Decline to state","Glovo is an on-demand delivery app that's transforming the way consumers access local goods, enabling anyone to get almost any product delivered in minutes.","","","","","","","regulatory manager"
"in-726cc4a4370657be","indeed","https://it.indeed.com/viewjob?jk=726cc4a4370657be","https://jsv3.recruitics.com/redirect?rx_cid=3436&rx_jobId=R-01361571&rx_url=https%3A%2F%2Fjobs.thermofisher.com%2Fglobal%2Fen%2Fjob%2FR-01361571%2FPDS-QA-Project-Specialist%3Frx_a%3D0%26rx_c%3D%26rx_ch%3Djobp4p%26rx_group%3D123525%26rx_id%3De0171379-9733-11f1-9276-2bad5fa419ce%26rx_job%3DR-01361571%26rx_medium%3Dcpc%26rx_r%3Dnone%26rx_source%3Dindeed%26rx_ts%3D20260815T060453Z%26rx_vp%3Dcpc%26utm_medium%3Dppc%26utm_source%3Drecruitics_indeedorganic","PDS QA Project Specialist","Thermo Fisher Scientific","Monza, LOM, IT","2026-08-13","fulltime","","","","","",False,"","","","","**Work Schedule**


Standard (Mon\-Fri)**Environmental Conditions**


Office**Job Description**


Reporting to the assigned QA Operations Team Leader, the PDS QA Project Specialist supports the Qualified Person (QP) in the evaluation and certification of manufactured batches and the manufacturing environment by reviewing Certificates of Analysis and all supporting quality documentation. The role performs preliminary impact assessments of deviation events, reviews investigation reports, manages customer complaints, and reviews investigation records in compliance with company standards, internal procedures, and applicable regulations (GMP, FDA, and other relevant requirements).


RESPONSIBILITIES


Batch Release Support

* Support the Qualified Person (QP) and the Quality Operations Manager in batch release activities by ensuring compliance with product specifications
* Ensure proper filing and archiving of all Batch Record documentation in accordance with company procedures and quality standards.


Investigation Record Review

* Perform preliminary assessments of deviations and customer complaints, assign the initial criticality level, and evaluate the need for escalation to management.
* Review investigation plans and support investigators in identifying root causes and defining appropriate Corrective and Preventive Actions (CAPAs).
* Perform comprehensive reviews of deviation and complaint investigations, including:supporting investigation documentation; quality impact assessment on affected batches and manufacturing areas; regulatory and compliance impact assessments.
* Contribute to achieving departmental Zero Past Due objectives as well as Right First Time (RFT) and On\-Time Delivery (OTD) targets.
* Approve CAPAs and evaluate effectiveness verification.


Customer Management \& Inspections

* Participate in periodic customer meetings and provide quality support by responding to customer inquiries related to the assigned area of responsibility.
* Notify customers of deviations and complaints in accordance with the applicable Quality Technical Agreement (QTA) and ensure timely closure of records in TrackWise.
* Prepare customer\-specific KPIs and participate in customer site visits.
* Actively participate in audit preparation activities.
* Support the presentation of quality topics during customer and regulatory audits.


Compliance

* Ensure completion of all assigned training activities.
* Maintain and continuously update Standard Operating Procedures (SOPs) related to the assigned area by preparing the necessary documentation in compliance with current GMP requirements.
* Review Master Batch Records (MBRs) related to PDS projects (clinical and commercial batches).
* Review Change Controls related to PDS projects.
* Review protocols and reports associated with clinical batches.
* Prepare Product Summary Files (PSFs) for clinical batches in accordance with current SOPs and ensure they remain up to date.
* Prepare Risk Assessments related to PDS projects within the assigned area of responsibility.
* Review Failure Mode and Effects Analyses (FMEAs) related to PDS projects.


KEY INTERFACES


Internal

* Manufacturing
* QA Compliance \& Regulatory / Quality Control
* Business Managers \& PMO
* Technical Services
* Logistics


External

* Customers
* Regulatory Authorities


REQUIREMENTS

* Experience in pharmaceutical quality assurance or related GMP environment
* Bachelor's Degree (or equivalent) in: Pharmaceutical Chemistry and Technology (CTF), Pharmacy, Chemistry, Biology or another relevant scientific discipline
* Fluent English communication skills, both written and spoken
* Comprehensive knowledge of GMP regulations, FDA guidelines and quality systems
* Experience in deviation investigations and CAPA management
* Strong understanding of aseptic manufacturing processes and controls
* Knowledge of root cause analysis and quality improvement tools","Industrial Manufacturing","https://it.indeed.com/cmp/Thermo-Fisher-Scientific","https://d2q79iu7y748jz.cloudfront.net/s/_squarelogo/256x256/65bd2e4bebb79b1432ac3277ffd57ae7","https://www.thermofisher.com/","168 Third Avenue, Waltham, MA USA 02451","10,000+","more than $10B (USD)","At Thermo Fisher Scientific, our professionals develop critical solutions—and build rewarding careers.","","","","","","","regulatory manager"
"in-46e005cf9cd6e113","indeed","https://it.indeed.com/viewjob?jk=46e005cf9cd6e113","https://emea-external-aitworldwide.icims.com/jobs/7805/job?utm_source=indeed_integration&iis=Job%20Board&iisn=Indeed&indeed-apply-token=73a2d2b2a8d6d5c0a62696875eaebd669103652d3f0c2cd5445d3e66b1592b0f","Global Customer Accounts Manager II","AIT Worldwide Logistics","Lainate, LOM, IT","2026-08-13","fulltime","","","","","",False,"","","","","Introduction:

Join us at AIT, where we believe every day presents an opportunity to make a global impact!  

We’re problem solvers, driven by our curiosity and creativity, in endless pursuit of solutions for our customers. Together, we champion the strength of our global teams. And, as trusted advisors, we go above and beyond, working together in a supportive and collaborative environment to ensure customer satisfaction.  

Through the company's continued growth, we challenge ourselves to be better, continuously learning and growing in our dynamic environment. Helping others is at the core of our culture, join us in finding fulfillment by giving back to our local communities as the united team that is AIT. Find out what **our people deliver.®** means when you come move the world with us!  

Hear directly from our teammates at AIT Worldwide Logistics and make us the next stop on your career journey.
Overview:

The Global Customer Accounts Manager II manages their company's relationships with consumers and other businesses. They are also in charge of making sure their company is strategically positioned to engage new clients.


Responsibilities:
* Rresponsible for developing, leading, and managing key account(s). Accountable for the outcome of assigned projects including KPI reporting, customer service, routing, problem resolution (including accounts receivable), vendor compliance and customer interaction.
* Developing solutions that best address customer needs, coordinating with other departments and employees as needed, and working constantly with clients to ensure their needs are being met.
* Ability to extract and analyze account data and provide sale and service quality data forecast to management.
* Creation and delivery of MBR and QBR data to meet or exceed global sales and client expectations.
* Adhere to all government and regulatory compliance standards with regards to AES, customs clearance, ITAR, screening of denied parties and dangerous goods regulations
* Review account budgets, pricing, quoting, and improving cost effectiveness.
* Assisting global sales staff and offices with customer relations, resolution of issues, and create client solutions that drive additional business from assigned client(s).


Qualifications:
**Education Qualifications**

* Bachelor's Degree or equivalent Required

**Experience Qualifications**

* 10\+ years 10\+ year’s relevant experience in freight forwarding operations, account management or sales experience in supply chain industry preferred. With 3\-5 years in direct customer facing roll (sales / account management) Preferred and
* Relevant experience in freight forwarding operations, account management or sales experience in supply chain industry Preferred

**Skills and Abilities**

* Advanced understanding of air and ocean, imports and exports needed (extensive work experience in one or more required).
* Proficient in MS Word, Excel, and other MS Office software.
* Ability to multi\-task with strong attention to detail
* Must be self\-motivated and able to work within a virtual team across multiple time zones and global geographies.
* Ability to source, format, and communicate/present data to internal and external clients. May be required to present in conference room or virtual setting.
* Able to facilitate global conference calls (possibly at afterhours) to include customer or operations teams across the globe.
* Ability to problem solve and be solution oriented in a fast pace and high volume environment.
* Excellent negotiation, communication, organizational and planning skills.
* Possess strong analytical abilities, exceptional communication skills, and the ability to think strategically and analytically about business and product challenges.
* CargoWise, AS400, dangerous goods and ITAR experience is a plus.
* Advanced Computer Skills

**Licenses and Certifications**

* ITAR, Dangerous Goods, Cargowise Certifications are desired but not required Preferred

**Other Skills We Hope to See:*** A team player who works well with others – being respectful to our teammates is a Core Value!
* A strong work ethic with an appreciation for ownership, independence, accountability and autonomy in your role.
* Growth mindset – being passionate about your craft, always looking for ways to improve yourself and the company, being open to change and doing things differently.
* Customer service focus – we serve a wide variety of customers, both internal and external, and building relationships is a part of our culture!


About AIT Worldwide:

AIT Worldwide Logistics is a global freight forwarder that helps companies grow by expanding access to markets all over the world where they can sell and/or procure their raw materials, components and finished goods. For more than 40 years, the Chicago\-based supply chain solutions leader has relied on a consultative approach to build a global network and trusted partnerships in nearly every industry, including aerospace, automotive, consumer retail, energy, food, government, high\-tech, industrial, life sciences and marine. Backed by scalable, user\-friendly technology, AIT’s flexible business model customizes door\-to\-door deliveries via sea, air, ground and rail—on time and on budget. With expert teammates staffing more than 150 worldwide locations in Asia, Europe and North America, AIT’s full\-service options also include customs clearance, warehouse management and white glove services. *AIT Worldwide Logistics is an Equal Opportunity Employer – M/F/Veterans/Disabled. If you are unable to apply online due to a disability, contact Human Resources at 630\-766\-8300 ext 5218\.*
What AIT Can Offer You:

In addition to your base compensation, you may be eligible for a bonus based on achievement of business and/or individual performance metrics (dependent on position). Benefits offered include Medical, Prescription, Health Savings Account, Flexible Spending Accounts, Dental, Vision, Life, AD\&D, Disability, Supplemental Health, Employee Support, Paid Parental Leave, Pet Insurance, 401(k) and Tuition Reimbursement. In addition, teammates may be eligible for up to 10 to 20 days of vacation (depending on tenure), 2 personal days, 1 floating holiday, 5 sick days, 5 volunteer hours, and 6 company holidays (plus Veterans Day for Veterans) annually.","","https://it.indeed.com/cmp/Ait-Worldwide-Logistics","https://d2q79iu7y748jz.cloudfront.net/s/_squarelogo/256x256/f0d52c6d5df84ccd723a927d219fa10b","http://www.aitworldwide.com","Itasca, IL","1,001 to 5,000","$1B to $5B (USD)","AIT Worldwide Logistics helps companies grow via shipping services and supply chain management for many industries.","","","","","","","regulatory manager"
"in-1285211625c73f3a","indeed","https://it.indeed.com/viewjob?jk=1285211625c73f3a","https://jp.syneoshealth.com/careers/jobs/18113807-cra-ii-italia-home-based","CRA II Italia home based","サイネオス・ヘルス","LOM, IT","2026-08-13","","","","","","",True,"","","","","**Updated:** Yesterday  

**Location:** Remote, MI, Italy  

**Job ID:** 25109296


Not ready to apply?  

Join our Talent Network
**Description**


CRA II Italia home based
Syneos Health® is a leading fully\-integrated life sciences services organization built to accelerate customer success. We partner with innovators at every point across the drug development and commercialization continuum, helping them navigate complexity, anticipate change and accelerate progress.  

  

Our Clinical Solutions team members act with a drug development mindset, applying their years of experience and deep expertise to truly understand customer needs and represent those in the solutions we shape.
  

  

Whether you join us in a Functional Service Provider partnership or a Full\-Service environment, you’ll collaborate with passionate problem solvers, innovating as a team to help our customers achieve their goals. We are agile and driven to deliver – for one another, our customers, and, most importantly, for those in need.
  

  

Discover what your 25,000 future colleagues already know:
  

  

Why Syneos Health  

* We are passionate about developing our people, through career development and progression; supportive and engaged line management; technical and therapeutic area training; peer recognition and total rewards program.
* We are committed to building an inclusive culture – where you can authentically be yourself. Central to this is our purpose – Driven to Deliver – which captures the passion of our colleagues to show up each day and shape solutions that have the ability to dramatically impact someone’s life.
* We are continuously building the company we all want to work for and our customers want to work with. Why? Because we know that when we bring together smart colleagues from across the world, we can shape the future of healthcare, driving impact for customers and defining the pace of patient progress.
**Job Responsibilities**

* Performs site qualification, site initiation, interim monitoring, site management activities and close\-out visits (performed on\-site or remotely) ensuring regulatory, ICH\-GCP and/or Good Pharmacoepidemiology Practice (GPP) and protocol compliance. Uses judgment and experience to evaluate overall performance of site and site staff and to provide recommendations regarding site\-specific actions; immediately communicates/escalates serious issues to the project team and develops action plans. Maintains a working knowledge of ICH/GCP Guidelines or other applicable guidance, relevant regulations, and company SOPs/processes.
* Verifies the process of obtaining informed consent has been adequately performed and documented for each subject/patient, as required/appropriate. Demonstrates diligence in protecting the confidentiality of each subject/patient. Assesses factors that might affect subject/patient’s safety and clinical data integrity at an investigator/physician site such as protocol deviation/violations and pharmacovigilance issues.
* Per the Clinical Monitoring/Site Management Plan (CMP/SMP): Assesses site processes. Conducts Source Document Review of appropriate site source documents and medical records. Verifies required clinical data entered in the case report form (CRF) is accurate and complete. Applies query resolution techniques remotely and on site, and provides guidance to site staff as necessary, driving query resolution to closure within agreed timelines. Utilizes available hardware and software to support the effective conduct of the clinical study data review and capture. Verifies site compliance with electronic data capture requirements.
* May perform investigational product (IP) inventory, reconciliation and reviews storage and security. Verifies the IP has been dispensed and administered to subjects/patients according to the protocol. Verifies issues or risks associated with blinded or randomized information related to IP. Applies knowledge of GCP/local regulations and organizational procedures to ensure IP is appropriately (re)labelled, imported and released/returned.
* Routinely reviews the Investigator Site File (ISF) for accuracy, timeliness and completeness. Reconciles contents of the ISF with the Trial Master File (TMF). Ensures the investigator/physician site is aware of the requirement of archiving essential documents in accordance with local guidelines and regulations.
* Documents activities via confirmation letters, follow\-up letters, trip reports, communication logs, and other required project documents as per SOPs and Clinical Monitoring Plan/Site Management Plan. Supports subject/patient recruitment, retention and awareness strategies. Enters data into tracking systems as required to track all observations, ongoing status and assigned action items to resolution.
* For assigned activities, understands project scope, budgets, and timelines; manages site\-level activities / communication to ensure project objectives, deliverables and timelines are met. Must be able to quickly adapt to changing priorities to achieve goals / targets.
* May act as primary liaison with study site personnel, or in collaboration with Central Monitoring Associate. Ensures all assigned sites and project\-specific site team members are trained and compliant with applicable requirements
* Prepares for and attends Investigator Meetings and/or sponsor face to face meetings. Participates in global clinical monitoring/project staff meetings (inclusive of Sponsor representation, as applicable) and attends clinical training sessions according to the project specific requirements.
* Provides guidance at the site and project level towards audit readiness standards and supports preparation for audit and required follow\-up actions.
* Maintains a working knowledge of ICH/GCP Guidelines or other applicable guidance, relevant regulations, and company SOPs/processes; completes assigned training as required. For Real World Late Phase, the CRA II will use the business card title of Site Management Associate II. Additional responsibilities include:Site support throughout the study lifecycle from site identification through close\-out. Knowledge of local requirements for real world late phase study designs.Chart abstraction activities and data collection  

Collaboration with Sponsor affiliates, medical science liaisons and local country staff. The SMA II may be requested to train junior staff. Identify and communicate out of scope activities to Lead CRA/Project Manager. Proactively suggest potential sites based on local knowledge of treatment patterns, patient advocacy and Health Care Provider (HCP) associations.


Qualifications:

* Bachelor’s degree or RN in a related field or equivalent combination of education, training and experience
* Knowledge of Good Clinical Practice/ICH Guidelines and other applicable regulatory requirements
* Must demonstrate good computer skills and be able to embrace new technologies
* Excellent communication, presentation and interpersonal skills
* Ability to manage required travel of up to 75% on a regular basis
* US ONLY: As part of your employment with Syneos Health, you may be deployed to Sites that require certain medical and other personal information to gain facility access. Pursuant to our Employee Privacy Notice, Syneos Health can provide the Sites with the information necessary for you to gain such access. Further, a Site may ask you for additional information beyond that which Syneos Health has in its possession. You are required to comply with any such Site requests as a condition of your employment with Syneos Health. Please note that failure to provide requested information may result in a Site barring you from entry, which could put your ongoing employment at risk.

**Get to know Syneos Health**

  

Over the past 5 years, we have worked with 94% of all Novel FDA Approved Drugs, 95% of EMA Authorized Products and over 200 Studies across 73,000 Sites and 675,000\+ Trial patients.


No matter what your role is, you’ll take the initiative and challenge the status quo with us in a highly competitive and ever\-changing environment. Learn more about Syneos Health.


http://www.syneoshealth.com

**Additional Information**

  

Tasks, duties, and responsibilities as listed in this job description are not exhaustive. The Company, at its sole discretion and with no prior notice, may assign other tasks, duties, and job responsibilities. Equivalent experience, skills, and/or education will also be considered so qualifications of incumbents may differ from those listed in the Job Description. The Company, at its sole discretion, will determine what constitutes as equivalent to the qualifications described above. Further, nothing contained herein should be construed to create an employment contract. Occasionally, required skills/experiences for jobs are expressed in brief terms. Any language contained herein is intended to fully comply with all obligations imposed by the legislation of each country in which it operates, including the implementation of the EU Equality Directive, in relation to the recruitment and employment of its employees. The Company is committed to compliance with the Americans with Disabilities Act, including the provision of reasonable accommodations, when appropriate, to assist employees or applicants to perform the essential functions of the job.

**Summary**


Roles within Clinical Monitoring/CRA are responsible for overseeing and ensuring the integrity of clinical research studies by monitoring data and processes from a centralized location. This includes conducting remote monitoring of trial sites to verify compliance with regulatory requirements and clinical protocols. Utilizes data analytics and risk\-based monitoring techniques to identify potential issues and trends, ensuring that trials are conducted in accordance with established clinical practices. Collaborates with site teams to develop and implement tools, procedures, and processes that enhance quality monitoring and support the overall success of clinical trials. Impact and Contribution Individual contributors with responsibility in a professional or technical discipline or specialty, but may manage two or fewer employees. May direct the work of lower level professionals or manage processes and programs. The majority of time is spent contributing to the design, implementation or delivery of processes, programs, and policies, using knowledge and skills typically acquired through advanced education. Established and productive individual contributor. May manage defined components of projects or processes within area of responsibility. Requires practical knowledge of a professional area, typically obtained through education combined with experience.","","https://it.indeed.com/cmp/%E3%82%B5%E3%82%A4%E3%83%8D%E3%82%AA%E3%82%B9-%E3%83%98%E3%83%AB%E3%82%B9","","","","","","","","","","","","","regulatory manager"
"in-8a394494461a8ee4","indeed","https://it.indeed.com/viewjob?jk=8a394494461a8ee4","https://workforcenow.adp.com/mascsr/default/mdf/recruitment/recruitment.html?cid=d6018943-073c-4351-be18-e949a4d128ad&ccId=19000101_000001&jobId=571784&source=IN&lang=en_US","Indirect Buyer","Gowan","Milano, LOM, IT","2026-08-11","fulltime","","","","","",False,"","","","","**Indirect Buyer**

**Position Summary**


The Indirect Buyer is responsible for the operational procurement of indirect goods and services, purchase order management, across Gowan's four production plants \& laboratories in Italy. The role executes local sourcing activities, supports the delivery of regional indirect category projects, and ensures procurement compliance and process discipline across all sites. The position combines hands\-on operational buying with growing exposure to category management, sourcing, and supplier negotiation, acting as the local execution arm of the regional and global indirect procurement strategy.


This is a site\-facing, cross\-functional role requiring close collaboration with Plant Management, Maintenance, Quality, EHS, and Finance teams, alongside regular coordination with the Global Procurement Category Manager.

 **Job Status**

  

* Permanent Contract
* Full\-Time
* Salaried
* Reports to Global Procurement Category Manager (based in Milan, Italy)
* Location: Isagro S.p.A., Via Caldera 21, Milan (MI), Italy
 **Role Responsibilities**

***Operational Procurement***

* Receive and process indirect purchase requests from the four Italian plants and the Novara laboratory
* Verify and evaluate supplier quotations for price, quality, lead time, and commercial terms
* Issue purchase orders through the ERP system in line with approved sourcing decisions and budgets
* Confirm receipt and quality of materials, spare parts, and services against purchase orders
* Investigate and resolve invoice, delivery, and quality discrepancies with suppliers and internal stakeholders
* Support Finance with indirect OPEX/CAPEX budget planning and cost centre accuracy
 ***Indirect Category \& Sourcing Support***

* Lead execution of regional indirect procurement projects (e.g. Capex, MRO, facilities services, professional services, logistics, equipment) as directed by the Global Procurement Category Manager
* Conduct local spend analysis to identify savings, demand management, and consolidation opportunities across the four plants and laboratories
* Manage and run RFx processes (RFI / RFQ / RFP), local and regional, indirect categories
* Support supplier evaluation, qualification, and onboarding for indirect categories
* Be responsible for negotiations for local and regional supply agreements under the guidance of category managers.
* Track and report savings, cost avoidance, and compliance metrics for assigned categories
* Own contract lifecycle tracking, including renewal and expiry dates, for assigned indirect suppliers
***Supplier \& Stakeholder Management***

* Build and maintain effective working relationships with local and regional indirect suppliers
* Act as day\-to\-day point of contact for suppliers
* Partner with Plant Managers, Maintenance, Quality, and EHS teams to align procurement activity with operational needs
* Support monitoring of supplier performance (delivery, quality, responsiveness) and escalate issues as needed
***Process \& Compliance***

* Ensure procurement activities comply with Gowan's Global Procurement Policy and local regulatory requirements
* Maintain accurate procurement records, contracts, and supplier documentation
* Support standardization of local procurement processes in line with regional and global templates and tools
* Assist with internal and external audit requests related to indirect procurement
* Maintain accurate vendor master data and support catalogue/P2P system adoption
* Ensure all purchases comply with Gowan's Delegation of Authority and approval limits
 **Education**

  

* Bachelor’s degree in business, Engineering, Supply Chain, or a related field (or equivalent professional experience)
  

**Experience / Skills / Abilities**

  

* Minimum 5 years of procurement experience, including indirect categories and an industrial or manufacturing environment
* Familiarity with ERP and procurement systems (e.g. SAP, Ariba, Coupa or similar)
  

* Solid negotiation skills
* Strong analytical and problem\-solving skills, comfortable working with spend and cost data
* Good stakeholder management and cross\-functional collaboration skills
* Fluent English and Italian, written and spoken
* Proficiency in MS Office, particularly Excel
* Ability to work both independently and as part of a regional/global procurement team
  

**Job Expectations / Working Conditions**

  

* Regular travel across the four Italian production plants and the Novara laboratory (approx. 30\-40%)
* Occasional travel for regional or global procurement meetings and supplier visits
* Ability to work in both office and plant/warehouse environments
* Frequent interaction with Maintenance, Quality, EHS, Finance, and Plant Management teams","","https://it.indeed.com/cmp/Gowan","","","","","","","","","","","","","regulatory manager"
"in-0d6d47e7cf9e1414","indeed","https://it.indeed.com/viewjob?jk=0d6d47e7cf9e1414","http://it.indeed.com/job/senior-product-manager-0d6d47e7cf9e1414","Senior Product Manager","","Milano, LOM, IT","2026-08-11","fulltime","","","","","",True,"","","","","**Senior Product Manager in Healthcare**

Full\-time · Milan · Italian required

**The role**

Vermed is an AI\-native healthcare startup building software products for healthcare organisations in Italy. We use the latest advances in AI throughout our products, software\-development workflow, and business processes, helping a focused team build and support multiple products. Some of our products already support services accessible to millions of people across Italy. Our goal is to improve health outcomes and reduce the administrative burden on healthcare professionals.

English is Vermed's company working language. Fluent Italian is required for this position and to work with Italian healthcare organisations.

We are looking for a Senior Product Manager to lead product direction for a complex new healthcare product intended to work across multiple Italian regions. Its first version is still in active development, so this is an opportunity to shape the product while its core workflows, capabilities, and operating model are being defined.

You will own product decisions: understanding the problems that matter, setting direction, deciding what to prioritise, and ensuring that what we build creates measurable value for healthcare professionals, organisations, and citizens.

The product must work across regional contexts. You will turn differences in healthcare organisations, workflows, priorities, and institutional constraints into a coherent and reusable product direction.

**What you'll do**

* Own product strategy, roadmap, prioritisation, and measurable outcomes for the product.
* Work closely with healthcare stakeholders in different Italian regions to understand needs, constraints, and operating models.
* Conduct discovery with clinicians, operators, hospital management, regional stakeholders, customers, and internal teams.
* Translate healthcare workflows, user needs, institutional constraints, and commercial context into clear product decisions and requirements.
* Guide the product from discovery and validation through implementation, rollout, adoption, and ongoing improvement.
* Work closely with engineering, design, integration, commercial, regulatory, and delivery colleagues.
* Define how success will be measured and use qualitative and quantitative evidence to make prioritisation decisions.
* Manage stakeholder expectations across complex healthcare implementation and public\-sector decision cycles.
* Shape responsible AI\- and LLM\-enabled experiences, including quality evaluation, human oversight, privacy, and failure handling.
* Communicate product direction and trade\-offs clearly in both Italian and English.

**What we're looking for**

* Approximately five or more years in product roles, with meaningful end\-to\-end product ownership.
* Several years of experience in digital healthcare, healthcare software, or an adjacent healthcare\-technology environment.
* A track record of taking a complex software product from discovery through launch, adoption, and measurable improvement.
* Strong understanding of Italian healthcare organisations and how product decisions are made and implemented within them.
* Experience working with Italian regions, hospitals, IRCCS, ASL/USL, or technology suppliers serving them.
* Excellent product discovery, prioritisation, written communication, and stakeholder\-management skills.
* The ability to work effectively with technical teams and with clinical, operational, commercial, and institutional stakeholders.
* Based in Milan or the Milan metropolitan area and available for regular in\-person workshops and customer meetings.
* Fluent Italian and professional English. English is Vermed's company working language.

**Particularly relevant backgrounds**

* A healthcare software vendor or system integrator serving Italian regions or hospitals.
* Products involving complex healthcare workflows, territorial care, healthcare documentation, operational coordination, or research operations.
* Healthcare interoperability standards, public procurement, GDPR, MDR, or ACN constraints.
* LLM\-enabled products, decision support, or safety\-sensitive automation.

**Working model**

This is a full\-time, Milan\-based position with a hybrid work from home / office working model. The role includes regular, pre\-planned in\-person workshops in Milan and meetings with healthcare customers and partners in different Italian regions.

Job Type: Full\-time

Pay: €60,000\.00 \- €80,000\.00 per year

Language:

* Italian (Required)
* English (Required)

License/Certification:

* Driver License (Required)

Work Location: Hybrid remote in Milano, Lombardia","","https://it.indeed.comNone","","","","","","","","","","","","","regulatory manager"
"in-c9c4b905016c18c4","indeed","https://it.indeed.com/viewjob?jk=c9c4b905016c18c4","https://apply.workable.com/j/F4A502703C","Financial Controller - freelance 6/9 months contract","Moneyfarm","Milano, LOM, IT","2026-08-11","fulltime","","","","","",False,"","","","","We are a rapidly growing pan\-European digital wealth manager, serving over 167,000 active investors with more than £5\.5 billion invested on our platform. We began in Milan in 2011 with the purpose to help more people improve their financial well\-being by making personal investing simple and accessible through technology. Fast forward to today, and we are recognised as one of the most innovative fintechs, headquartered in the heart of London.


With a team of 220\+ people across 4 offices in Italy and the UK, we are proudly backed and funded by major partners including Poste Italiane, Cabot Square Capital, United Ventures, and Allianz.

**Our vision**


Our vision is to combine passion, expertise, and technology to provide best\-in\-class investment solutions and advice that protects and grows client wealth over time.

**Our Core Values:**


We’ve built our business on three Principles:

* Relationships are our first asset: We’re one team, built on trust, honesty, and transparency. We value our relationships above all else.
* Trust drives success: We give each other the space to grow. We empower our employees to succeed, so they can make a real impact.
* Our customers dream big, just like us: We see the bigger picture and we make sure our customers see it, too. We’re always focused on the best outcomes for our clients and for each other, no matter what the goal, or how big the dream

**What this means in practice:**


At Moneyfarm, our success comes from the impact each of us makes. We move with purpose, urgency, and ambition, focused on delivering outcomes that matter for our clients and our business. Everyone is empowered to take ownership, challenge the status quo, and turn bold ideas into results. As we evolve, we embrace AI as a catalyst for sharper thinking, smarter decisions, and even greater impact.


Our diversity makes this possible. Different perspectives, backgrounds, and experiences fuel our creativity and drive better decisions — it’s our competitive edge. We value people for who they are and their unique strengths: that's why we offer flexible ways of working to support them in doing their best work.

**About the role**


Moneyfarm is seeking a proactive and experienced Italian Financial Controller to take full ownership of our accounting, tax, and regulatory financial reporting functions in Italy for a period of 6\-9 months.


Reporting directly to the Group Financial Controller/CFO, you will oversee end\-to\-end local financial operations for our Italian legal entities:

* MFM Investment Ltd (Italian Branch / MFM Italy): Authorised and supervised by CONSOB and the Bank of Italy (BOI).
* MFM Future SRL: Registered insurance broking entity regulated by IVASS.


In this position, you will lead a local team of 2 finance professionals in Milan, collaborate closely with Group Finance and FP\&A, and manage key relationships with external advisers and audit partners.

 **Responsibilities**:


Core focus (essential)


1\. Financial Reporting \& Accounting Operations

* + Lead end\-to\-end accounting for the Italian entities, ensuring the general ledger in NetSuite is accurate, complete and up to date.
	+ Direct all statutory, management, and general ledger accounting operations for MFM Italy and MFM Future SRL in accordance with local Italian accounting standards (OIC) and IFRS.
	+ Oversee and optimise our core ERP platform (NetSuite), driving accuracy, ledger maintenance, and process automation.
	+ Lead month\-end, quarter\-end, and year\-end close processes, ensuring accurate local statutory account preparation and timely financial consolidation into Group reporting.


2\. Tax Management \& Intercompany Operations

* + Oversee Italian direct and indirect tax compliance (IRES, IRAP, withholding taxes, clients’ capital gains taxes, and VAT).
	+ Manage calculations and reporting for local partial VAT exemption (pro\-rata VAT) applicable to our regulated financial and insurance services.
	+ Lead local Transfer Pricing (TP) documentation for intercompany transactions between UK and Italian entities, working closely with external tax advisers for specialist support.
	+ Partner with the FP\&A team (who execute the TP calculations) to ensure intercompany charges are accurately documented and reflected across entity accounts.
	+ Monitor changes in Italian tax and financial services regulation, assessing and communicating impact on the business.

**Additional Responsibilities**


3\. Regulatory Compliance Support \& Governance

* + Oversee the financial data preparation and timely submission of local financial regulatory reports across both entities:
	+ - Bank of Italy (BOI) and CONSOB filings for the Italian Branch.
		- IVASS regulatory reporting for MFM Future SRL.
	+ Work closely with internal compliance teams, regulatory advisers, and external audit teams to ensure full financial regulatory compliance in Italy.


4\. Leadership \& Stakeholder Management

* + Report regularly to the Group Financial Controller/CFO on local entity performance, regulatory updates, and balance sheet integrity.
	+ Manage, mentor, and develop a local finance team of two people in Italy.
	+ Partner closely with the FP\&A team on budgeting, management reporting commentary, variance analysis, and TP calculation integration.
	+ Maintain effective cross\-functional relationships internally, as well as with external banking partners, advisers, and tax consultants.

  

**Requirements**  

* + Education \& Qualification: Master's Degree (Laurea Magistrale) in Economics, Finance, or Accounting. Professional accounting/auditing qualification (Dottore Commercialista or Revisore Legale) is strongly preferred.
	+ Experience: 8/10\+ years of relevant accounting and financial control experience, ideally (but not limited to) within regulated Financial Services, Wealth Management, Asset Management, or Fintech in Italy.
	+ Experience in accounting firms will be highly regarded.
	+ Tax \& Transfer Pricing Knowledge: Practical experience with Italian corporate tax and partial VAT exemption (pro\-rata VAT). Understanding of cross\-border intercompany transactions and Transfer Pricing documentation is highly desirable.
	+ Systems: Experience with NetSuite (or similar cloud\-based ERP systems) and strong Excel capabilities.
	+ Languages: Business fluency in both Italian and English (written and spoken) is required for cross\-border collaboration.
	+ Leadership: Proven experience coaching direct reports.


Nice to have:

* + Regulatory Knowledge: Solid working understanding of financial regulatory reporting structures (Bank of Italy, CONSOB, and/or IVASS).


Location \& Working Pattern
Full\-time, requirement of spending 3/4 days per week in the office, based in Milan (near Central Station).


For this role, please upload your CV in English.","","https://it.indeed.com/cmp/Moneyfarm","","https://www.moneyfarm.com/it/","","","","","","","","","","","regulatory manager"
"li-4448425509","linkedin","https://www.linkedin.com/jobs/view/4448425509","","Field EHS Professional – Global Service EMA","Ebara Elliott Energy","","2026-08-12","","","","","","",False,"","","","","","","https://www.linkedin.com/company/ebara-elliott-energy","","","","","","","","","","","","","regulatory manager"
"in-a2c91c84493ca262","indeed","https://it.indeed.com/viewjob?jk=a2c91c84493ca262","https://ars2.equest.com/?response_id=0b78fadbbcb703d2597ddf721e8b0031","Global Cybersecurity Specialist","Amplifon","Milano, LOM, IT","2026-08-13","fulltime","","","","","",True,"","","","","**Job Description**
Who we are

**Amplifon** is an Italian multinational company and the global leader in hearing care solutions and services, built on retail expertise, customization and consumer care. More than **20,000 professionals** every day, in a network of 10,000 points of sale across **25 countries**, give back the joy of hearing, feeling and living to thousands of people across the world.


In Amplifon we believe people are the most important component of our success. Thanks to our best\-in\-class Hearing Care Professionals and front\- and back\-office teams, we are able to put the everyday taps, pops and splashes back into the lives of our customers. We believe that it is only through strong investment in talent engagement, continuous professional development, support and recognition that our people can exceed every limit and build a fulfilling career.


Role Overview


At Amplifon we are evolving our technological infrastructure and elevating our security posture, integrating cutting\-edge innovations into our operational cybersecurity framework. As we prioritize innovative services for delivering hearing healthcare, robust cybersecurity is critical to ensure the security and integrity of these systems. In parallel, we are modernizing our internal asset management processes, leveraging digital tools for comprehensive, end\-to\-end life\-cycle management.


We are looking for a talented Global Cybersecurity Specialist to join our Global IT \- Cyber Security team. Reporting to the Global Cyber Security Associate Director, you will work hands\-on across penetration testing, infrastructure and application security assessment, vulnerability management and security\-platform operations. You will also take an active part in security monitoring and incident response, and contribute to our information security governance program (ISO/IEC 27001, NIS2\).


This is a high\-impact, cross\-country role in a fast\-moving environment, where your work directly protects customer data and business\-critical services and helps shape our asset management strategy.


Key Responsibilities


Offensive Security \& Assessments

* **Penetration testing \& assessment \-** plan and perform penetration tests and security assessments on web and mobile applications, internal systems and internet\-facing infrastructure, identifying vulnerabilities, misconfigurations and exposure (e.g. unmanaged accounts, weak authentication, unnecessary services, exposed personal data).
* **Remediation ownership \-** produce clear, risk\-based reports and drive remediation with system, application and infrastructure owners through to closure, then re\-test to confirm fixes are effective.
* **Controlled validation \-** support authorized, red\-team\-style validation activities (e.g. credential/dump validation, lateral\-movement checks) to confirm real\-world exploitability.

  

Vulnerability Management  

* **Lifecycle management \-** run and continuously mature the vulnerability management lifecycle: discovery, triage, prioritization, remediation tracking and verification.
* **Strategy \-** collaborate in the development and execution of robust vulnerability management strategies across the global estate.

  

Security Platforms \& Infrastructure  

* **Platform operations \-** operate, configure and tune security consoles and platforms across endpoint, network and identity \- for example EDR (e.g. SentinelOne), endpoint and patch management (e.g. Ivanti) and network security / firewalls (e.g. Cisco ASA) \- ensuring compliance with company policies and industry best practice.
* **Access \& credential hygiene \-** strengthen access and credential hygiene on shared and critical systems (account reviews, deprovisioning of stale users, credential rotation, reduction of data exposure).

  

Security Monitoring \& Incident Response  

* **Detection \& response \-** contribute to security monitoring and to the detection, analysis, containment and recovery phases of security incidents, working alongside the SOC and specialized external partners (e.g. threat\-intelligence and incident\-response providers).
* **Post\-incident hardening \-** support lessons\-learned and hardening activities to reduce the likelihood and impact of recurrence.

  

Governance, Risk \& Compliance  

* **ISMS \& regulation \-** contribute to the Information Security Management System (ISO/IEC 27001\), information security risk assessments and regulatory alignment (e.g. NIS2\), keeping security practices consistent with company policies.

  

Asset Management, KPIs \& Suppliers  

* **Asset lifecycle \& KPIs \-** support asset life\-cycle management and endpoint standardization initiatives using digital tools, and identify and track KPIs relevant to a secure, well\-governed asset and vulnerability portfolio.
* **Supplier management \-** oversee the engagement and management of external suppliers and partners (penetration testing, vulnerability and security services), managing scope, quality and delivery against organizational expectations.

  

Requirements
Must have

  

* Bachelor's degree in a STEM field with a focus on cybersecurity or a related discipline \- or equivalent hands\-on experience.
* Solid understanding of penetration testing tools and methodologies (network and web/mobile application testing; familiarity with frameworks such as OWASP).
* Working knowledge of vulnerability management, security assessment techniques and common attack techniques (e.g. authentication weaknesses, credential attacks such as pass\-the\-hash, lateral movement).
* Experience with security platforms across endpoint, network and identity (e.g. EDR, endpoint/patch management, firewalls).
* Awareness of information security frameworks and regulations (e.g. ISO/IEC 27001, NIS2, GDPR / personal\-data protection).
* Proactive mindset, dedicated to continuous improvement and adept at navigating transformational initiatives.
* Strong problem\-solving skills with a meticulous, process\-oriented approach.
* Ability to thrive in a dynamic, fast\-paced, multi\-country environment while managing multiple priorities concurrently.
* Exceptional communication skills and a collaborative, team\-oriented attitude.
* Fluency in English is mandatory.

  

Nice to have  

* Industry certifications such as OSCP, CEH, GIAC, CompTIA Security\+ or equivalent.
* Scripting and automation skills (e.g. Python, PowerShell, Bash).
* Exposure to cloud security (Azure / AWS / GCP) and Active Directory security.
* Prior experience in complex IT projects or within high\-growth, multi\-country contexts.
* Working proficiency in Italian is a plus for our Milan\-based Global IT team.

**Location**: HQ Milan, Italy (Hybrid \- allowing employees to work 6 days per month remotely)

**Compensation \& Benefits**

**Applicable Collective Agreement:** CCNL Commercio (Terziario, Distribuzione e Servizi)

**Contractual Level:** Employee (1\-2\) level

**Contract Type:** Permanent \- Full Time


The reference Gross Annual Salary is approximately in the range of €34\.500 \- €48\.000\. The actual compensation will be commensurate with the candidate's experience and specific skills and knowledge and also to the educational background.


The position is also eligible for an annual Company bonus ('premio di risultato') linked to business performance, in line with Company policies.

**Benefits**  



* €750 Annual Welfare plan for your personal well\-being across a wide range of services
* **Health Insurance:** Fondo Est healthcare coverage \+ an additional Accident Insurance
* **Supplementary pension scheme:** option to enrol in the Fondo Fon.Te with employer contributions
* **Office Perks:** On\-site canteen and free company parking
* **BeWellProgram:** Free access to learning platforms and training programs. We invest in your growth through ongoing learning opportunities, while also offering special corporate discounts, dedicated services for you and your loved ones, and initiatives focused on your wellbeing and physical health

  

**Equal Opportunities Statement**
Amplifon is an equal opportunity employer committed to providing a diverse and equitable workforce environment. We believe that through valuing our uniqueness and respecting our differences, we can achieve more, and that diversity adds to our culture. We encourage applications from all genders, corners of the world and individual backgrounds","","https://it.indeed.com/cmp/Amplifon","https://d2q79iu7y748jz.cloudfront.net/s/_squarelogo/256x256/d375f0b63b13de3cdd531a29d3aab723","https://careers.amplifon.com/en","","10,000+","$1B to $5B (USD)","We empower people to rediscover all the emotions of sound.","","","","","","","regulatory specialist"
"in-fa8c0e63717af1ac","indeed","https://it.indeed.com/viewjob?jk=fa8c0e63717af1ac","https://dxctechnology.wd1.myworkdayjobs.com/DXCJobs/job/ITA---MI---CERNUSCO-SUL-NAVIGLIO/Regulatory-Reporting-Specialist_51575588","Regulatory Reporting Specialist","DXC Technology","Cernusco sul Naviglio, LOM, IT","2026-06-08","","","","","","",True,"","","","","**Job Description:**

**Xchanging Italy**, part of **DXC Technology group**, is looking for a **Regulatory Reporting and Tax Communications Specialist** for join in Business Process Outsourcing **(BPO)** area

**Responsibilities**

* Preparation, review, and submission of Regulatory Reports (Banca Italia, Consob);
* Management of communications to the Italian Revenue Agency, including *Anagrafe dei Rapporti* and/or *Segnalazione Saldi/Movimenti;*
* Manage and control of Monthly/annual, ordinary, and extraordinary filings;
* Handling Financial Investigations Service requests and responses;
* Performing controls, checks, and reconciliations on transmitted data and flows;
* Providing operational support to clients and liaising with auditors and supervisory bodies;

**Requirements**

* High school diploma or university degree, preferably in economics or finance.
* Experience within banks, investment firms (SIM), or asset management companies (SGR).
* Practical knowledge of Regulatory Reporting and XBRL format.
* Excellent command of Excel and strong IT skills.
* Basic knowledge of English.
* Strong analytical skills, accuracy, and reliability, with the ability to work independently under pressure and manage multiple stakeholders effectively


Work Location: Milan (MI) with Smartworking possibility


The position offers a gross annual base salary starting from €31\.000\. Compensation is determined in line with the applicable collective labor agreement (CBA:Contratto Collettivo Nazionale di Lavoro per il personale dipendente dalle imprese creditizie, finanziarie e strumentali) and based on objective and gender\-neutral criteria, including responsability, experience and skills.

* Health Insurance
* Life and permanent disability by accident coverage
* Meal vouchers
* Supplemental Pension Plan
* Smart Working Agreement
* Employee Discounts Program

**Continuous Learning** Access learning platforms and take part in skill development programs designed for you.

**Refer \& Earn** Help us find great talent through the Employee Referral Program and get rewarded for your contribution.

**Career Development** DXC promotes professional growth and internal mobility by making every open position accessible to all employees. Through the Performance Development program, the company supports individual aspirations to achieve shared goals together.

**Our Way of Working** At DXC, we believe that strong connections and collaboration drive success. Our hybrid work model combines flexibility with in\-person teamwork — empowering you to perform at your best while maintaining balance and wellbeing.


We’re proud to foster an inclusive, equitable and diverse workplace where everyone can thrive.


\#LI\-Hybrid


At DXC Technology, we believe strong connections and community are key to our success. Our work model prioritizes in\-person collaboration while offering flexibility to support wellbeing, productivity, individual work styles, and life circumstances. We’re committed to fostering an inclusive environment where everyone can thrive.

**Recruitment fraud is a scheme in which fictitious job opportunities are offered to job seekers typically through online services, such as false websites, or through unsolicited emails claiming to be from the company. These emails may request recipients to provide personal information or to make payments as part of their illegitimate recruiting process. DXC does not make offers of employment via social media networks and DXC never asks for any money or payments from applicants at any point in the recruitment process, nor ask a job seeker to purchase IT or other equipment on our behalf. More information on employment scams is available** here***.***","","https://it.indeed.com/cmp/Dxc-Technology","https://d2q79iu7y748jz.cloudfront.net/s/_squarelogo/256x256/656a5fc12e58059f5759242a4c008165","http://www.dxc.com","Ashburn, VA","10,000+","more than $10B (USD)","DXC delivers the mission critical IT services that move the world","","","","","","","regulatory specialist"
"li-4444957902","linkedin","https://www.linkedin.com/jobs/view/4444957902","","Regulatory Specialist","Sobi - Swedish Orphan Biovitrum AB (publ)","Milan, Lombardy, Italy","","","","","","","",False,"","","","","","","https://se.linkedin.com/company/sobi","","","","","","","","","","","","","regulatory specialist"
"li-4413590293","linkedin","https://www.linkedin.com/jobs/view/4413590293","","Claims Governance & Quality Assurance Specialist","Sompo","Milan, Lombardy, Italy","2026-08-08","","","","","","",False,"","","","","","","https://bm.linkedin.com/company/sompo-","","","","","","","","","","","","","responsabile affari regolatori"
"li-4454871206","linkedin","https://www.linkedin.com/jobs/view/4454871206","","Quality Assurance Manager","LHH","Segrate, Lombardy, Italy","","","","","","","",False,"","","","","","","https://www.linkedin.com/company/lhhworldwide","","","","","","","","","","","","","quality assurance pharma"
"li-4451181363","linkedin","https://www.linkedin.com/jobs/view/4451181363","","Responsabile sistema qualità","Openjobmetis SpA","Colverde, Lombardy, Italy","2026-08-10","","","","","","",False,"","","","","","","https://it.linkedin.com/company/openjobmetis-spa","","","","","","","","","","","","","QA manager pharma"
"in-0b710581f373ca1f","indeed","https://it.indeed.com/viewjob?jk=0b710581f373ca1f","https://abb.wd3.myworkdayjobs.com/External_Career_Page/job/Dalmine-Bergamo-Italy/Inside-Service-Sales-Specialist_JR00028576","Inside Service Sales Specialist","ABB","Dalmine, LOM, IT","2026-08-14","","","","","","",False,"","","","","At **ABB**, we help industries run leaner and cleaner—and every person here makes that happen. You’ll be empowered to lead, supported to grow, and proud of the impact we create together. Join us and help run what runs the world.

**This position reports to:**


EL Sales Support Manager \- Configuration \& Quotation
\_\_

**Your role and responsibilities**

You will have the opportunity to support ELSE Service Sales organization and customers during the proposal process and internal sales. You will support the local Sales organization and customers in determining the most technical appropriate and cost\-effective solutions and in the preparation of demanding offers. Coordinate with Local Marketing \& Sales Managers, Regional and Global roles and implement Sales initiatives with local sales organizations in ELSE Italy.


Work Model: \#LI\-Hybrid


In this role, you’ll help run what runs the world by taking on meaningful work that drives real impact, as you will be accountable for:

* Managing sales opportunities through CRM systems, calls, emails, and routing qualified leads to specialists.
* Coordinating technical\-commercial support by preparing offers, analyzing customer needs, and recommending improvements.
* Collaborating cross\-functionally to develop service offerings, generate revenues, and promote strategic programs.
* Managing and developing channel partners by leading relationships, implementing pricing strategies, and driving long\-term growth.

**Qualifications for the role**

* You have substantial experience in service sales and are highly skilled at excelling in the role.
* Demonstrate effective commercial skills and promotional capabilities, with a focus on identifying business opportunities, engaging clients, and expanding market reach.
* You have advanced skills in low/medium voltage systems with a motivated, customer\-oriented approach.
* Degree in electrical engineering (or related technical field).
* You are at ease communicating in Italian and English.
* You are available to travel across the country to support business and events, training.
**Compensation Package**


As part of our commitment to transparency, we want to share the compensation details for this position:


Applicable CBA: Metalmeccanico


Minimum annual salary: € 39\.000,00


Variable Pay: Eligible for Company Productivity Bonus


The offer will be tailored based on your role location, experience, skills and qualifications, internal market positioning and alignment with ABB internal standards.

**Benefits as per policy**


Flexible working hours, hybrid work options, and a strong focus on work\-life integration. Wellbeing support for employees and their families. Welfare plan with a wide range of personalized services, Canteen provided.

**More about us**

ABB's Service Division partners with our customers to improve the availability, reliability, predictability and sustainability of electrical products and installations. The Division’s extensive service portfolio offers product care, modernization, and advisory services to improve performance, extend equipment lifetime and deliver new levels of operational and sustainable efficiency. We help customers keep resources in use for as long as possible, extracting the maximum value from them, and then recovering and regenerating products and materials at the end of their useful life.


Join us. Be part of the team where progress happens, industries transform, and your work shapes the world. Run What Runs the World.


\#ABBCareers \#RunwithABB


Building a cleaner, smarter future takes all kinds of minds: the curious, the courageous, and the creative. That's why we welcome people from all backgrounds and experiences.




Ready to make an impact?


Apply today or visit **https://www.abb.com** to learn more about the impact of our solutions across the globe.","","https://it.indeed.com/cmp/Abb","https://d2q79iu7y748jz.cloudfront.net/s/_squarelogo/256x256/6998783079e0a69c900c56473963cc0c","http://www.global.abb/group/en","Zürich","10,000+","more than $10B (USD)","","","","","","","","qualified person"
"in-5f5f12a186d0d103","indeed","https://it.indeed.com/viewjob?jk=5f5f12a186d0d103","https://workday.wd5.myworkdayjobs.com/en-US/Workday/job/Italy-Milan/Sr-Functional-Consultant---Workday-Success-Plans-Adaptive-Planning_JR-0109335","Sr Functional Consultant - Workday Success Plans Adaptive Planning","Workday","Milano, LOM, IT","2026-08-13","fulltime","","","","","",True,"","","","accommodations@workday.com","**Your work days are brighter here.**

  

We’re obsessed with making hard work pay off, for our people, our customers, and the world around us. As a Fortune 500 company and a leading AI platform for managing people, money, and agents, we’re shaping the future of work so teams can reach their potential and focus on what matters most. The minute you join, you’ll feel it. Not just in the products we build, but in how we show up for each other. Our culture is rooted in integrity, empathy, and shared enthusiasm. We’re in this together, tackling big challenges with bold ideas and genuine care. We look for curious minds and courageous collaborators who bring sun\-drenched optimism and drive. Whether you're building smarter solutions, supporting customers, or creating a space where everyone belongs, you’ll do meaningful work with Workmates who’ve got your back. In return, we’ll give you the trust to take risks, the tools to grow, the skills to develop and the support of a company invested in you for the long haul. So, if you want to inspire a brighter work day for everyone, including yourself, you’ve found a match in Workday, and we hope to be a match for you too.  



  

**About the Team**

  

The Workday Success Plans Team are all about our customers and their post Go\-Live journey \- we create programs to help them drive business value from their Workday applications. The team is responsible for delivering a variety of programs and services to our customers ranging from feature demonstrations to full feature deployments.
  

  

At Workday, we help the world’s largest organizations adapt to what’s next by bringing finance, HR, and planning into a single enterprise cloud. We work hard, and we’re serious about what we do. But we like to have fun, too! We put people first, celebrate diversity, drive innovation, and do good in the communities where we live and work.  

  

**About the Role**

  

Would you enjoy learning new things in a fast paced environment? Do you have an appetite for variety and challenging business problems to solve? Are you a great communicator who can clearly articulate and demonstrate the value of Workday solutions to our customers?  



  

The Workday Success Plans team works directly with customers through targeted micro\-consulting engagements to help solve their business needs using the Workday application. Responsible for acting as a trusted Workday advisor, you will have the opportunity to assist customers with how\-to questions, troubleshoot and guide customers through configuration, and provide feature demonstrations. As a Workday expert, customers will benefit from your knowledge as you share your experience, identify key considerations, and highlight standard methodologies.  



  

Our team of professionals have a broad and deep understanding of Workday Financials \& Adaptive Planning. In this position we are looking for expertise in the following:  



  

Workforce Planning Expertise


* Strong understanding of Workday Security and Business Processes
* Experience with HR Concepts such as Supervisory Organizations, Position Changes, Headcount Forecasting
Experience in headcount modeling and analysis  
* 

  

Workday Financial Planning Expertise


* Implementation experience with Workday Adaptive Planning
* Proficiency in creating and managing financial models within the platform.
* Ability to develop complex reports and dashboards using Adaptive Planning

Data Management and Integration


* Experience with data integration between Workday Adaptive Planning and Workday HCM and/or other HCM systems.
* Proficiency in managing data imports, exports, and data validation.

If you are passionate about the value technology can bring to an organization, love learning and want to work directly with some of the greatest companies on the planet, bring your energy and teamwork to the Workday Success Plans team!


Primary responsibilities of this role include delivering various services to Workday Success Plans customers. To be successful, this requires:


Conducting research to ensure understanding of customer questions and related Workday concepts.


Delivering small scope consulting in response to customer requests; providing configuration guidance, demonstrations, considerations, tips \& tricks.


Troubleshooting product configuration to resolve or provide optimal product configuration to meet customer business requirements.


Clearly and effectively communicating responses and value to customers.


Creating and delivering customer presentations on how to use Workday features to achieve business goals (Accelerator Webinars).


Providing one\-on\-one consulting guidance to accelerate customer feature adoption (Feature Accelerator).


Reviewing customer tenants to identify adoption opportunities (Feature Adoption Tenant Reviews).


Completing and maintaining product expertise and Workday Certification(s) along with familiarity with Workday roadmap.


Keeping up to date with industry practices and the ability to engage with our customers on those topics.


Helping drive the creation of new programs to drive customer feature adoption  



In addition to delivering Workday Success Plans services, our Workday professionals will also deliver other services such as:


Perform configuration and business requirements reviews with a detailed deliverable calling out opportunities for optimization


Provide one\-on\-one customer configuration designs


Deployments including full deployment of Workday features  



  

**About You**

  

**P4 Basic Qualifications:**

2\+ years of experience with Workday Adaptive Planning implementations


5 years of IT implementation experience


3\+ years of software consulting experience


**Additional Qualifications:**

1\+ years experience in Adaptive Integrations with external systems


Workday Adaptive Planning Certification is a huge plus


Ability to troubleshoot Adaptive Integrations to external systems


Ability to gain a thorough understanding of Workday concepts as new features are released


Ability to distill complex concepts into understandable presentations for our customers


Ability to multitask and work on multiple engagements and deliverables simultaneously


Strong critical thinking skills so as to understand complex, technical process issues and facilitate/influence decision making


Excellent verbal and written communication skills


Bachelor’s degree or relevant work experience required. Advanced degree preferred.


Travel may be up to 10%  



  

**Workday Pay Transparency Statement (For EU Locations Only)**

  

Listed below is the base salary range applicable to this position. Workday pay ranges (and the precise pay offered to the successful candidate) are based on a number of objective criteria such as relevant experience and skills, and educational qualifications, level of responsibility, demands of the role, work location and business need. As a part of the total compensation package, this role may be eligible for the Workday Bonus Plan or a role\-specific commission/bonus, as well as annual refresh stock grants awarded by Workday Inc. For more information regarding Workday’s comprehensive benefits, please click here .  



Primary Location Base Pay Range: €55,000 EUR \- €82,600 EUR Italy  

Additional Location Base Pay Range: zł199,400 PLN \- zł299,200 PLN Poland  

**Our Approach to Flexible Work**  



With Flex Work, we’re combining the best of both worlds: in\-person time and remote. Our approach enables our teams to deepen connections, maintain a strong community, and do their best work. We know that flexibility can take shape in many ways, so rather than a number of required days in\-office each week, we simply **spend at least half (50%) of our time each quarter in the office or in the field** with our customers, prospects, and partners (depending on role). This means you'll have the freedom to create a flexible schedule that caters to your business, team, and personal needs, while being intentional to make the most of time spent together. Those in our remote ""home office"" roles also have the opportunity to come together in our offices for important moments that matter.  



  

Pursuant to applicable Fair Chance law, Workday will consider for employment qualified applicants with arrest and conviction records.  



  

Workday is an Equal Opportunity Employer including individuals with disabilities and protected veterans.  



  

At Workday, we are committed to providing an accessible and inclusive hiring experience where all candidates can fully demonstrate their skills. If you require assistance or an accommodation at any point, please email accommodations@workday.com .  



  

**Are you being referred to one of our roles? If so, ask your connection at Workday about our Employee Referral process!**

  

At Workday, we value our candidates’ privacy and data security. Workday will never ask candidates to apply to jobs through websites that are not Workday Careers.  



Please be aware of sites that may ask for you to input your data in connection with a job posting that appears to be from Workday but is not.  



In addition, Workday will never ask candidates to pay a recruiting fee, or pay for consulting or coaching services, in order to apply for a job at Workday.","","https://it.indeed.com/cmp/Workday","https://d2q79iu7y748jz.cloudfront.net/s/_squarelogo/256x256/6d19260902ffb272507c604530579dac","http://www.workday.com/careers","Pleasanton, CA","10,000+","$1B to $5B (USD)","By unifying HR and Finance on an open, trusted platform powered by AI, Workday delivers high-impact outcomes our customers can count on.","","","","","","","qualified person"
"in-b9a659e10f3ad61a","indeed","https://it.indeed.com/viewjob?jk=b9a659e10f3ad61a","https://apply.careers.microsoft.com/careers/job/1970393556956113?utm_source=indeed&domain=microsoft.com","Cost Manager, Milan Data Center","Microsoft","Milano, LOM, IT","2026-08-04","fulltime","","","","","",True,"","","","","**Overview**  

Microsoft Cloud Operations and Innovation (CO\&I) is the team behind the cloud. Within CO\&I, the Engineering Procurement \& Construction (EPC) organization is responsible for delivering core datacenter infrastructure for Microsoft’s cloud business. The MS portfolio consists of complex, multi\-disciplinary, large scale, multi\-year datacenter construction and lease projects. We are looking for a passionate, high\-energy individual to help build the cloud datacenters that power the world’s largest online services.  



In alignment with our Microsoft values, we are committed to cultivating an inclusive work environment for all employees to positively impact our culture every day.

  

To help us achieve our objectives, growth, and transformation, we are looking for a Cost Manager for the Milan region to work alongside the EPC in country to commercially manage data center construction projects.

  

Being part of this team would give you an opportunity to be part of a rapidly growing business and enable regional impact

  

Microsoft’s mission is to empower every person and every organization on the planet to achieve more. As employees we come together with a growth mindset, innovate to empower others and collaborate to realize our shared goals. Each day we build on our values of respect, integrity, and accountability to create a culture of inclusion where everyone can thrive at work and beyond

  

This role is located in the Milan region of Italy. Relocation support may be provided, and successful candidates must relocate or reside within 50 miles of the specified location.

  

This role is not eligible for hybrid or remote work.

 **Responsibilities**  

* Lead the commercial management of data centre construction projects across the region, partnering with design, engineering, construction, finance, scheduling and project controls teams to deliver projects within approved scope, schedule and budget.
* Provide commercial leadership throughout the project lifecycle, ensuring Microsoft is financially and contractually protected while managing commercial risks, disputes and contractual matters.
* Develop detailed project estimates, support business case development, validate contractor pricing and provide commercial input into funding requests and investment decisions.
* Manage contract administration activities including payment applications, change orders, procurement reviews, vendor invoicing and final account settlement.
* Lead Quantity Surveying partners and commercial resources, ensuring appropriate support, capability and performance across the regional project portfolio.
* Deliver commercial governance and reporting, including monthly business reviews, cost reporting and performance updates for regional and EMEA leadership teams.
* Provide strategic commercial support for design development, value engineering, site selection, constructability reviews and continuous improvement of commercial processes and best practices.

 **Qualifications**  

* Bachelor's Degree in Quantity surveying, Construction Project Management, Architecture, Engineering, or related field OR equivalent experience.
* Experience in Leadership experience in Construction Projects
* Experience delivering cost management on datacentre construction projects
* Experience of construction\-phase commercial delivery, including general contractor procurement, change management, review of subcontractor costs and pay applications, and final account settlement
* Experience delivering on projects with individual build values in excess of $500M
* Clear understanding of the full construction lifecycle

  

While not required, we also look for the following**Preferred Qualifications:**

* Strong Power BI, Excel, reporting and tracking tooling
* Clear executive\-level written communication
* Comfort operating in ambiguity and cross\-functional forums
* Royal Institution of Chartered Surveyors (RICS) full membership or equivalent

  

  

  

Construction Project Management IC5 \- The typical base pay range for this role across Italy is € 85,700\.00 \- € 152,800\.00 per year. Certain roles may be eligible for benefits and other compensation.


Find additional benefits and pay information here:  

https://careers.microsoft.com/v2/global/en/corporate\-pay/italy\-corporate\-pay.html

  

This position will be open for a minimum of 5 days, with applications accepted on an ongoing basis until the position is filled.

  

Microsoft is an equal opportunity employer. All qualified applicants will receive consideration for employment without regard to age, ancestry, citizenship, color, family or medical care leave, gender identity or expression, genetic information, immigration status, marital status, medical condition, national origin, physical or mental disability, political affiliation, protected veteran or military status, race, ethnicity, religion, sex (including pregnancy), sexual orientation, or any other characteristic protected by applicable local laws, regulations and ordinances. If you need assistance with religious accommodations and/or a reasonable accommodation due to a disability during the application process**.**","Internet And Software","https://it.indeed.com/cmp/Microsoft","https://d2q79iu7y748jz.cloudfront.net/s/_squarelogo/256x256/88813b3f866a5b58c9685073e3b87e05","http://www.microsoft.com/","One Microsoft Way Redmond, Washington 98052-6399","10,000+","more than $10B (USD)","Our mission is to empower every person and every organization on the planet to achieve more.","","","","","","","qualified person"
"li-4453205171","linkedin","https://www.linkedin.com/jobs/view/4453205171","","EXPERT QUALITY ASSURANCE ENGINEER (IT)","Eni","Milan, Lombardy, Italy","2026-08-13","","","","","","",False,"","","","","","","https://it.linkedin.com/company/eni","","","","","","","","","","","","","qualified person"
"in-e8edbcb06e893b93","indeed","https://it.indeed.com/viewjob?jk=e8edbcb06e893b93","http://it.indeed.com/job/addetto-confezione-sartoria-e-controllo-qualit%C3%A0-capi-finiti-e8edbcb06e893b93","ADDETTO/A CONFEZIONE, SARTORIA E CONTROLLO QUALITÀ CAPI FINITI","EOS Temporary B.V.","Costa di Mezzate, LOM, IT","2026-08-14","fulltime","","","","","",False,"","","","","**EOS Temporary B.V. – Agenzia per il Lavoro**, specializzata nei servizi di ricerca e selezione del personale, ricerca per azienda operante nel settore moda e abbigliamento di alta qualità

**ADDETTO/A CONFEZIONE, SARTORIA E CONTROLLO QUALITÀ CAPI FINITI**

La ricerca è rivolta a candidati con esperienza maturata nel settore tessile/abbigliamento che abbiano lavorato come:

* Addetti/a alla cucitrice su macchine industriali
* Addetti/e alle rifiniture e lavorazioni a mano
* Addetti/e al controllo qualità e collaudo capi finiti

**Attività principali**

* Cucitura e assemblaggio dei capi su macchine industriali
* Rifiniture sartoriali e lavorazioni manuali
* Controllo qualità visivo e dimensionale del prodotto
* Verifica della conformità del capo agli standard aziendali
* Individuazione di difetti di confezione, tessuto o lavorazione
* Piccoli interventi di ripristino e sistemazione del capo

**Requisiti**

* Esperienza maturata nel settore confezione e abbigliamento
* Buona manualità e precisione
* Esperienza in almeno una delle seguenti attività: cucitura, sartoria a mano, controllo qualità
* Capacità di lavorare con attenzione ai dettagli
* Affidabilità e predisposizione al lavoro in team

**Requisiti preferenziali**

* Esperienza nel settore moda, luxury o abbigliamento donna
* Utilizzo di macchina lineare, taglia\-cuci e altre macchine industriali
* Esperienza nella verifica qualitativa di capi finiti
* Conoscenza di tessuti e lavorazioni sartoriali

**Cosa offriamo**

* Inserimento in realtà solida e in crescita
* Ambiente di lavoro professionale e altamente qualificato
* Inquadramento e retribuzione commisurati all'esperienza maturata
* Possibilità di valorizzare competenze tecniche e professionali

Inviare il proprio curriculum vitae a EOS Temporary tramite i canali dedicati.

Durante il processo di selezione non saranno richieste informazioni sulle retribuzioni percepite in precedenti rapporti di lavoro, in conformità alla normativa vigente.

La ricerca è rivolta a candidati di tutti i generi ed è condotta nel rispetto dei principi di parità di trattamento e non discriminazione (D.Lgs. 198/2006, D.Lgs. 96/2026, D.Lgs. 215/03 e 216/03\).

Il presente annuncio è disponibile, su richiesta, in formati accessibili.  
I candidati con disabilità possono richiedere adattamenti per partecipare alla selezione.

I dati personali saranno trattati esclusivamente per finalità di selezione nel rispetto del Regolamento (UE) 2016/679 (GDPR).

**EOS Temporary B.V.** è iscritta all’albo informatico delle Agenzie per il Lavoro (Aut. Min. 03 del 05/01/2021\).

Retribuzione: €23\.289,00 \- €25\.206,00 all'anno

Domande di preselezione:

* Quanti anni di esperienza possiedi nel settore confezione abbigliamento?
* Quali macchine da cucire utilizzi o hai utilizzato abitualmente?
* Hai esperienza nel controllo qualità e nell'individuazione di difetti su capi finiti?
* Qual è stato il tuo ultimo livello di inquadramento nel settore tessile/abbigliamento?
* Descrivi brevemente i capi che hai realizzato o controllato e le mansioni svolte nella tua ultima esperienza lavorativa

Sede di lavoro: Di persona","","https://it.indeed.com/cmp/Eos-Temporary-B.v.","","","","","","","","","","","","","persona qualificata"
"in-51d3d001d0becff5","indeed","https://it.indeed.com/viewjob?jk=51d3d001d0becff5","https://careers-linesight.icims.com/jobs/6075/job?utm_source=indeed_integration&iis=Job%20Board&iisn=Indeed&indeed-apply-token=73a2d2b2a8d6d5c0a62696875eaebd669103652d3f0c2cd5445d3e66b1592b0f","Project Manager – Realizzazione Data Centre","Linesight","Milano, LOM, IT","2026-08-12","fulltime","","","","","",True,"","","","","Overview:
**Come Project Manager (Costruzione Data Centre) presso Linesight**, entrerai a far parte di team altamente qualificati, multiculturali e appassionati, caratterizzati da una forte collaborazione e da un obiettivo comune di successo. Acquisirai una vasta esperienza nel settore che aprirà nuove opportunità professionali, amplierà le tue competenze e allargherà la tua prospettiva. Ti forniremo autonomia, supporto e gli strumenti necessari per assumerti reali responsabilità nel tuo ruolo, permettendoti di guidare il tuo percorso di crescita professionale con noi. Per noi, costruire relazioni solide e durature basate sulla fiducia, sia con i nostri team che con i nostri clienti, è fondamentale.  

As a **Project Manager (Data Centre Construction)** at Linesight, you will work with highly experienced, culturally diverse, and passionate teams nurturing a strong social dynamic and a shared sense of achievement. You will gain vast industry experience that will open doors for you, extend your skillset and expand your perspective. We will empower, support, and enable you to take real responsibility in your role so that you can take charge of your career progression with us. For us lasting trusted relationships are everything, both with our teams and our clients.
The Opportunity:
**In questo ruolo ti occuperai di:**
------------------------------------

* Gestire progetti di costruzione su larga scala per i clienti, assicurando che vengano completati nei tempi previsti, nel rispetto del budget e con elevati standard qualitativi
* Monitorare le attività quotidiane in cantiere, gestendo il flusso delle informazioni, la reportistica e il monitoraggio delle problematiche relative ad avanzamento lavori, qualità e sicurezza
* Supportare il completamento del piano di handover, garantendo che tutta la documentazione sia completata e che le aspettative del cliente siano soddisfatte nei tempi previsti e con elevati standard qualitativi
* Essere un punto di riferimento visibile in cantiere, monitorando l’avanzamento dei lavori e garantendo l’applicazione di pratiche operative sicure
* Coordinarsi con il team cliente, il team di consulenti e gli appaltatori nella gestione delle attività di completamento lavori (snagging), inclusi il programma delle attività e il coinvolgimento dei partner
* Garantire l’implementazione dei processi di governance del progetto, della reportistica, della gestione dei rischi e del controllo delle modifiche in linea con gli standard PMO
* Identificare proattivamente le problematiche e collaborare con il team per risolverle in modo efficace
* Implementare e monitorare i principali processi di progetto, collaborando con il cliente per introdurre miglioramenti e revisioni
* Implementare le procedure di progetto e garantire, attraverso ogni ragionevole sforzo, che tali procedure siano sempre rispettate
* Guidare e partecipare a riunioni chiave per monitorare l’avanzamento, collaborare attivamente alla risoluzione dei problemi e comunicare gli impatti agli stakeholder
* Analizzare le variazioni contrattuali proposte e i ritardi nell’esecuzione dei lavori

**Saremo lieti di conoscerti se:**
----------------------------------

* Hai esperienza nella gestione di progetti di costruzione su larga scala, in particolare nell’ambito di infrastrutture elettriche o progetti industriali
* Hai comprovata esperienza nella gestione di progetti MEP, inclusi sottostazioni elettriche, infrastrutture di trasmissione o reti di servizi (utility)
* Hai esperienza di lavoro all’interno di un modello di Project Management Office (PMO), garantendo una governance efficace, reportistica e processi di project controls
* Possiedi una laurea, o un’esperienza equivalente, in Project Management, Ingegneria, Costruzioni o discipline correlate
* Possiedi una certificazione professionale in Project Management o sei interessato/a a conseguirla. Possiamo supportarti in questo percorso
* Sei preciso/a, orientato/a ai dettagli e focalizzato/a sulla qualità
* Possiedi eccellenti capacità comunicative, sia scritte che verbali
* Sei efficace in un ambiente di team collaborativo e positivo
* Possiedi un'ottima conoscenza della lingua inglese, sia scritta che parlata
* Ti motiva costruire relazioni solide con il tuo team e con i clienti, lavorando verso un obiettivo condiviso in un ambiente aperto e stimolante


Tutti i colloqui si svolgeranno in presenza oppure da remoto tramite videoconferenza.

**\#LI\-NK1**

 **In this role you will:**

* Manage large scale construction projects for clients, ensuring they are delivered on time, within budget, with high quality
* Monitor the day\-to\-day activities in the field, managing the flow of information, and reporting and tracking issues arising from progress, quality and safety
* Assist in completing the handover plan, ensuring documentation is completed and expectations are met on time and with quality
* Be a visible leader onsite, assessing progress and ensuring safe work practices
* Coordinate with the client team, consultant team and the contractor on all snagging activities, including the schedule and partner engagement
* Ensure project governance, reporting, risk management and change control processes are implemented in line with PMO standards.
* Identify issues proactively and work with the team to resolve effectively
* Implement and monitor key project processes, partnering with the client to make improvements and revisions
* Implement project procedures and use reasonable endeavours to ensure that this procedure is always observed
* Lead and attend key meetings to monitor progress, actively collaborate on solving problems and communicate impacts to partners
* Review proposed variations and delays in the works

**We would love to hear from you if you:**

* Have project management experience delivering large\-scale electrical infrastructure or construction projects
* Have proven experience managing MEP projects, including substations, transmission or utility infrastructure
* Have experience working within a Project Management Office (PMO) framework, ensuring effective governance, reporting and project controls
* Have a degree or comparable experience in a project management or construction discipline
* Have a project management professional certification or are seeking one. We can help
* Are detail oriented and quality focused
* Are an excellent communicator verbally and in writing
* Excel in a collaborative and friendly team environment
* Thrive on building strong relationships with your team and clients through a shared purpose and sense of openness and fun


All interviews are conducted either in person or virtually with video required.  

\#LI\-NK1
About us:
**Linesight** è una società globale di consulenza di grande successo specializzata in Project Management e Cost Management, scelta dai clienti per la qualità del servizio e per le relazioni durature che costruiamo. Il nostro successo è merito delle nostre persone.


Siamo diversi dagli altri. Siamo unici. Il nostro approccio innovativo e la nostra capacità di concentrarci su ciò che conta davvero ci hanno permesso di evolvere continuamente. Stiamo intraprendendo un percorso di crescita collaborando con alcuni dei settori più innovativi e dinamici al mondo e con alcune delle aziende più prestigiose, realizzando grandi progetti che contribuiscono alla creazione di un ambiente costruito più sostenibile.


Promuoviamo una cultura aperta e una struttura organizzativa snella, dove ogni persona viene trattata con autentica attenzione, rispetto ed empatia. Con Linesight puoi davvero scoprire la forza del lavoro di squadra.

**Diversità, inclusione e accessibilità**
-----------------------------------------


Linesight è impegnata a garantire pratiche di selezione trasparenti e basate sulle pari opportunità. Stiamo costruendo un’organizzazione diversificata e inclusiva, accessibile a tutti, fondata su una cultura sicura che consenta a ogni persona di essere sé stessa.


Siamo un’azienda basata sulle persone e sappiamo che un ambiente più inclusivo rende le nostre persone più soddisfatte e migliora la qualità del nostro lavoro.


Garantiremo alle persone con disabilità adeguati accomodamenti per partecipare al processo di candidatura o selezione e per svolgere il proprio ruolo all’interno dell’ambiente lavorativo. Se hai bisogno di qualsiasi tipo di supporto o accomodamento, ti invitiamo a segnalarlo nella tua candidatura: saremo lieti di aiutarti.

  

Linesight is a highly successful global project and cost management consultancy that keeps clients coming back. And for that we have our people to thank. You see we’re not like the others. We’re different. Unique. It’s our fresh thinking and focus on what matters that has led to our evolving. We are on a journey working in some of the most exciting innovative sectors with some of the world’s most prestigious companies delivering major projects that deliver a more sustainable built environment. We have an open culture and a flat structure where you can expect to be treated with genuine care, respect, and empathy. With Linesight, you can truly discover the power of team!

 **Diversity,** **inclusion** **and accessibility**


Linesight is committed to transparent, equal opportunity employment practices. We are building a diverse and inclusive organisation, accessible to all, based on having a safe culture which enables all our people to be their true selves. We are a people business, and we understand that the more inclusive we are, the happier our people and better our work will be. We will ensure that individuals with disability are provided reasonable accommodation to participate in the application or recruitment process and are accommodated in the workplace. If you require assistance or accommodation of any kind, please mention this in your application, we would love to hear from you!","","https://it.indeed.com/cmp/Linesight","https://d2q79iu7y748jz.cloudfront.net/s/_squarelogo/256x256/10db7b395463aaf210fc63e3a3a3e181","https://www.linesight.com","Dublin 4, Dublin","501 to 1,000","","Be a part of the Linesight legacy, and help us in delivering world-class projects that shape city skylines and impact community life, all over the globe.","","","","","","","persona qualificata"
"in-02850e8e9ba9b5e4","indeed","https://it.indeed.com/viewjob?jk=02850e8e9ba9b5e4","https://joblink.allibo.com/ats3/job-offer.aspx?DM=1888&ID=108753&LN=IT&SG=3&FT=10&MD=1","Sales Specialist - Triveneto ed Emilia Romagna","INSTRUMENTATION LABORATORY SpA","EMI, IT","2026-08-12","","","","","","",False,"","","","","Werfen è un'azienda leader a livello mondiale nella diagnostica specializzata, focalizzata sulle Linee Emostasi, Acute Care, Autoimmunità, Transfusion \& Transplant.
  
  

La nostra passione per l'innovazione e l'impegno per la salute globale ci spingono a fornire nuove soluzioni per affrontare le sfide dell'Healthcare. Dai laboratori ospedalieri e privati, alle sale operatorie cardiovascolari, alle unità di terapia intensiva e ai dipartimenti di emergenza, i nostri analizzatori integrati, i reagenti e le soluzioni per la gestione dei dati aiutano i clinici e i professionisti di laboratorio a migliorare qualità ed efficienza e, in ultima analisi, a migliorare la cura del paziente.
  
  

**Sales Specialist \- Triveneto ed Emilia Romagna:**  

Il tuo impatto nel ruolo
  
  

Entrando in Werfen avrai un ruolo centrale nello sviluppo e nel consolidamento del business delle linee Transfusion \& Acute Care sul territorio assegnato.
  
  

Lavorerai a stretto contatto con il Responsabile Commerciale di Zona, contribuendo alle attività di pre\-vendita e post\-vendita e supportando clienti e stakeholder nell'adozione delle nostre soluzioni diagnostiche. Attraverso competenze tecnico\-scientifiche, formazione specialistica e supporto applicativo, contribuirai alla crescita del business e al rafforzamento delle relazioni con i clienti.
  
  

Operando in un contesto altamente specialistico e tecnologico, collaborerai con le funzioni Sales e Marketing per individuare nuove opportunità di sviluppo, migliorare il posizionamento delle soluzioni Werfen e generare valore per laboratori, servizi trasfusionali e professionisti sanitari.
  
  

Principali responsabilità
  
Supportare il Responsabile Commerciale di Zona nelle attività di pre\-vendita e post\-vendita per il raggiungimento degli obiettivi commerciali assegnati.
  
Gestire l'avviamento di nuovi sistemi e prodotti presso i clienti.
  
Collaborare alla definizione delle proposte tecnico\-economiche più adeguate alle esigenze dei clienti.
  
Pianificare ed erogare attività di formazione tecnica e applicativa su prodotti e sistemi.
  
Monitorare il livello di soddisfazione dei clienti, raccogliendo feedback, esigenze e informazioni sul mercato di riferimento.
  
Supportare lo sviluppo delle competenze scientifiche e di prodotto della forza vendita presente sul territorio.
  
Promuovere le soluzioni Werfen attraverso attività dedicate presso clienti e potenziali clienti.
  
Collaborare con i team Marketing nell'identificazione di nuove opportunità di business e nella promozione delle soluzioni.
  
Analizzare i flussi di lavoro dei centri target per contribuire allo sviluppo di progetti dedicati.
  
Supportare il monitoraggio delle trattative commerciali e collaborare al loro avanzamento e consolidamento.
  
Effettuare dimostrazioni di sistemi e soluzioni sia presso i clienti sia presso le sedi aziendali.
  
Gestire le priorità di intervento in funzione della segmentazione e delle esigenze dei clienti.
  
  

Chi stiamo cercando
  
  

Cerchiamo una persona con una solida preparazione tecnico\-scientifica e una forte attitudine alla relazione con il cliente.
  
  

Una figura in grado di operare con autonomia in contesti complessi e altamente specialistici, combinando competenze applicative, orientamento al risultato e capacità di costruire relazioni di valore con laboratori, servizi trasfusionali e professionisti sanitari.
  
  

Requisiti
  
  

Formazione
  
Laurea Triennale o Magistrale in Discipline Scientifiche, Biologia, Biotecnologie, Ingegneria Biomedica, Medicina di Laboratorio o discipline affini.
  
  

Esperienza
  
Esperienza in ruoli analoghi maturata presso aziende IVD o realtà operanti nel settore healthcare.
  
Esperienza nella gestione di attività tecnico\-commerciali, applicative o di supporto specialistico presso clienti del settore sanitario.
  
Esperienza maturata nel settore della diagnostica trasfusionale, dell'immunoematologia e/o dell'Acute Care.
  
Costituisce titolo preferenziale un'esperienza professionale maturata presso laboratori trasfusionali, laboratori di analisi o strutture sanitarie specialistiche.
  
  

Competenze
  
Solida conoscenza della medicina trasfusionale e dell'immunoematologia.
  
Conoscenza dei processi e delle metodologie della diagnostica trasfusionale.
  
Familiarità con i test di compatibilità del sangue, le strumentazioni dedicate e gli standard qualitativi applicabili ai laboratori trasfusionali.
  
Costituisce titolo preferenziale la conoscenza di metodiche di biologia molecolare, inclusi estrazione degli acidi nucleici, PCR e NGS.
  
Conoscenza dei principali software gestionali e delle soluzioni informatiche utilizzate nei laboratori.
  
Capacità di analisi dei processi e dei flussi di lavoro dei clienti.
  
Ottime capacità di formazione, presentazione e comunicazione tecnico\-scientifica.
  
Pensiero analitico e orientamento alla risoluzione dei problemi.
  
Capacità di pianificazione, organizzazione e gestione delle priorità.
  
Attitudine al lavoro in team e alla collaborazione cross\-funzionale.
  
Orientamento al cliente e ai risultati.
  
Capacità di negoziazione, flessibilità e adattabilità.
  
  

Modalità di lavoro
  
  

Il ruolo prevede una presenza sul territorio fino al 90% del tempo lavorativo.
  
  

Cosa offriamo
  
  

* Retribuzione Annua Lorda a partire da €45\.000,00, con possibilità di riconoscimento di un trattamento economico superiore per candidature che presentino competenze ed esperienze particolarmente in linea con il ruolo. È inoltre previsto un bonus variabile compreso tra il 5% e il 10% della RAL.


Inquadramento B2 CCNL Metalmeccanico.
  
Auto aziendale e carta carburante ad uso promiscuo.
  
  

Welfare aziendale e copertura sanitaria integrativa.
  
  

Crescita e sviluppo
  
  

Investiamo nella crescita delle nostre persone attraverso formazione continua, mentoring, coaching, una piattaforma e\-learning dedicata e l'accesso a LinkedIn Learning.
  
  

Crediamo nello sviluppo delle competenze tecniche, specialistiche e manageriali, offrendo percorsi di crescita che consentano alle persone di esprimere il proprio potenziale e costruire una carriera di successo all'interno dell'organizzazione.
  
  

Benessere e supporto alla persona
  
  

Mettiamo a disposizione programmi dedicati al benessere personale e familiare, con servizi di supporto in ambito salute, nutrizione, genitorialità e benessere psicologico.
  
  

Crediamo che le persone possano esprimere il proprio potenziale al meglio quando trovano il giusto equilibrio tra vita professionale e personale. Per questo promuoviamo politiche di flessibilità e un ambiente attento alle esigenze individuali e familiari.
  
  

Ambiente di lavoro
  
  

Entrerai a far parte di un contesto internazionale, innovativo e collaborativo, caratterizzato da team multidisciplinari altamente qualificati e da una forte attenzione alla condivisione delle competenze.
  
  

Lavorerai a stretto contatto con professionisti del settore healthcare e della diagnostica specialistica, contribuendo allo sviluppo di soluzioni che supportano concretamente il percorso di cura dei pazienti.
  
  

Perché Werfen
  
  

Perché qui il tuo lavoro ha un impatto concreto.
  
  

Ogni giorno supportiamo professionisti sanitari e laboratori nella loro missione: contribuire a diagnosi più rapide, decisioni più efficaci e cure migliori per i pazienti.
  
  

Se vuoi mettere la tua esperienza al servizio dell'innovazione diagnostica e contribuire a fare la differenza nel settore healthcare, ti aspettiamo in Werfen.","","https://it.indeed.com/cmp/Instrumentation-Laboratory-Spa","","","","","","","","","","","","","persona qualificata"
"li-4449582460","linkedin","https://www.linkedin.com/jobs/view/4449582460","","DEMAND PLANNING ANALYST","Wyser","Brescia, Lombardy, Italy","2026-08-10","","","","","","",False,"","","","","","","https://it.linkedin.com/company/wyser","","","","","","","","","","","","","persona qualificata"
"li-4450934634","linkedin","https://www.linkedin.com/jobs/view/4450934634","","Performance Marketing Specialist","Mavriq","Pavia, Lombardy, Italy","2026-08-09","","","","","","",False,"","","","","","","https://it.linkedin.com/company/mavriqtech","","","","","","","","","","","","","persona qualificata"
"in-4dca643168c057f2","indeed","https://it.indeed.com/viewjob?jk=4dca643168c057f2","https://jsv3.recruitics.com/redirect?rx_cid=3436&rx_jobId=R-01357312_rxr-1&rx_url=https%3A%2F%2Fjobs.thermofisher.com%2Fglobal%2Fen%2Fjob%2FR-01357312%2FMechanical-Maintenance-Technician-Monza-Focus-Factory-Sterile-Area-7%3Frx_a%3D0%26rx_c%3D%26rx_ch%3Djobp4p%26rx_group%3D123525%26rx_id%3D6a3c9332-951b-11f1-8ddb-31d96461a9ef%26rx_job%3DR-01357312_rxr-1%26rx_medium%3Dcpc%26rx_r%3Dnone%26rx_source%3Dindeed%26rx_ts%3D20260815T060453Z%26rx_vp%3Dcpc%26utm_medium%3Dppc%26utm_source%3Drecruitics_indeedorganic","Mechanical Maintenance Technician | Monza Focus Factory Sterile Area 7","Thermo Fisher Scientific","Monza, LOM, IT","2026-08-10","fulltime","","","","","",False,"","","","","**Work Schedule**


7 1/2 hr shift**Environmental Conditions**


Able to lift 40 lbs. without assistance, Adherence to all Good Manufacturing Practices (GMP) Safety Standards, Cleanroom: no hair products, jewelry, makeup, nail polish, perfume, exposed piercings, facial hair etc... allowed, Some degree of PPE (Personal Protective Equipment) required (safety glasses, gowning, gloves, lab coat, ear plugs etc.), Will work with hazardous/toxic materials**Job Description**

**ITALIANO**
============

**Chi siamo**
-------------


Entrando a far parte di Thermo Fisher Scientific, contribuirai a svolgere un lavoro significativo con un impatto positivo su scala globale. Ogni giorno i nostri colleghi danno vita alla nostra Missione, consentendo ai clienti di rendere il mondo più sano, più pulito e più sicuro. Offriamo ai nostri team le risorse necessarie per raggiungere i propri obiettivi professionali e per affrontare alcune delle sfide più complesse del nostro tempo, dalla protezione dell'ambiente alla sicurezza alimentare, fino alla ricerca di cure innovative per i pazienti.

**Informazioni sulla sede/divisione**
-------------------------------------


Questa posizione è basata presso il sito produttivo Pharma Services Group di Monza e supporta le attività della nuova Area Sterile 7, dedicata alla produzione sterile di farmaci iniettabili. La risorsa entrerà a far parte di un team di manutenzione altamente specializzato, responsabile dell'affidabilità e delle prestazioni delle apparecchiature critiche utilizzate nei processi di riempimento asettico e produzione sterile.

**Come farai la differenza?**
-----------------------------


Contribuirai in modo diretto alla continuità operativa delle linee produttive sterili, garantendo che le apparecchiature funzionino in modo sicuro, affidabile e conforme ai requisiti normativi. Attraverso attività di manutenzione preventiva, correttiva e migliorativa, supporterai la produzione di farmaci di alta qualità destinati ai pazienti di tutto il mondo.

**Una giornata tipo**
---------------------

* Eseguire attività di manutenzione preventiva, correttiva e predittiva su macchine di riempimento, isolatori, sistemi di tappatura, trasportatori, autoclavi e impianti di lavaggio.
* Diagnosticare guasti meccanici, individuare le cause radice e implementare azioni correttive per ridurre i tempi di fermo impianto e migliorare l'affidabilità delle apparecchiature.
* Operare in ambienti sterili nel rispetto delle normative GMP, GDP ed EHS, collaborando con i team di Produzione, Ingegneria, Qualità e Validation.
* Supportare attività di installazione, commissioning e qualifica di nuove apparecchiature e partecipare a iniziative di miglioramento continuo.

**Formazione**
--------------

* Diploma di scuola secondaria superiore o titolo equivalente.  

*Preferenziale**:* Diploma tecnico o certificazione in Meccanica, Meccatronica, Manutenzione Industriale o discipline affini.

**Esperienza**
--------------

* Almeno 2 anni di esperienza in contesti produttivi, manutentivi o industriali.  

*Preferenziale*: esperienza in ambienti farmaceutici regolamentati secondo standard cGMP.  

*Preferenziale*: esperienza in clean room o ambienti asettici.  

*Preferenziale*: sperienza su sistemi meccanici o elettromeccanici complessi, inclusi impianti pneumatici e idraulici.

**Conoscenze, competenze e capacità**
-------------------------------------

* Solide capacità di troubleshooting meccanico e lettura di disegni tecnici, manuali e P\&ID.
* Conoscenza di pompe, attuatori, sistemi pneumatici e idraulici, apparecchiature rotanti e sistemi meccanici industriali.
* Capacità di lavorare in team e di gestire le priorità in un ambiente produttivo dinamico e altamente regolamentato.
* Forte orientamento alla sicurezza, alla qualità, alla conformità e al miglioramento continuo.
* Attenzione ai dettagli e approccio strutturato alla risoluzione dei problemi.

**Requisiti fisici e ambiente di lavoro**
-----------------------------------------

* Disponibilità a lavorare per periodi prolungati indossando abbigliamento sterile e dispositivi di protezione individuale (DPI).
* Capacità di svolgere attività manuali che includono il sollevamento di carichi fino a 18 kg, piegamenti, allungamenti e utilizzo di utensili e attrezzature.
* Disponibilità a lavorare su turni e, dopo una fase iniziale, a garantire supporto alle attività produttive a ciclo continuo (3x7 con shift 6/4\).
* Attività svolta prevalentemente in ambienti controllati e clean room.

**Cosa offriamo**
-----------------

**Retribuzione**
----------------

* Pacchetto retributivo competitivo
* Bonus legato alle performance
* Incremento retributivo annuale basato sulle prestazioni

**Benefit**
-----------

* Assicurazione sanitaria
* Ferie e permessi retribuiti
* Programma Employee Referral
* Opportunità di crescita e sviluppo professionale
* Accesso a programmi di formazione continua e sviluppo delle competenze

**ENGLISH**
===========

**About Us**
------------


As part of the Thermo Fisher Scientific team, you'll discover meaningful work that makes a positive impact on a global scale. Join our colleagues in bringing our Mission to life every day to enable our customers to make the world healthier, cleaner, and safer. We provide our global teams with the resources needed to achieve individual career goals while helping to take science a step beyond by developing solutions for some of the world's toughest challenges, from protecting the environment and ensuring food safety to developing life\-changing therapies for patients.

**Location/Division Specific Information**
------------------------------------------


This position is based at the Monza Pharma Services Group manufacturing site and supports operations within the newly built Sterile Area 7, dedicated to the sterile production of injectable drug products. The successful candidate will join a highly specialized maintenance team responsible for ensuring the reliability and performance of critical equipment used in aseptic filling and sterile manufacturing processes.

**How Will You Make an Impact?**
--------------------------------


You will contribute directly to the operational continuity of sterile manufacturing lines, ensuring that equipment operates safely, reliably, and in compliance with regulatory requirements. Through preventive, corrective, and improvement\-focused maintenance activities, you will support the production of high\-quality medicines for patients around the world.

**A Day in the Life**
---------------------

* Perform preventive, corrective, and predictive maintenance activities on filling machines, isolators, capping systems, conveyors, autoclaves, and washing equipment.
* Troubleshoot mechanical failures, identify root causes, and implement corrective actions to reduce downtime and improve equipment reliability.
* Work in sterile manufacturing environments in compliance with GMP, GDP, and EHS requirements while collaborating with Production, Engineering, Quality, and Validation teams.
* Support the installation, commissioning, and qualification of new equipment and participate in continuous improvement initiatives.

**Education**
-------------

* High School Diploma, Secondary Education, Advanced Certificate, or equivalent.  

*Preferred**:* Technical diploma or certification in Mechanical Engineering, Mechatronics, Industrial Maintenance, or a related field.

**Experience**
--------------

* Minimum of 2 years of experience in manufacturing, maintenance, industrial operations, or a related technical environment.  

*Preferred**:*Experience in pharmaceutical manufacturing environments operating under cGMP regulations.  

*Preferred**:* Experience working in cleanroom or aseptic manufacturing environments.  

*Preferred**:* Experience maintaining complex mechanical or electromechanical systems, including pneumatic and hydraulic equipment.

**Knowledge, Skills, Abilities**
--------------------------------

* Strong mechanical troubleshooting skills and the ability to interpret technical drawings, equipment manuals, and P\&IDs.
* Knowledge of pumps, actuators, pneumatic and hydraulic systems, rotating equipment, and industrial mechanical systems.
* Ability to work effectively in a team environment and manage priorities within a dynamic, highly regulated manufacturing setting.
* Strong commitment to safety, quality, compliance, and continuous improvement.
* Excellent attention to detail and a structured approach to problem\-solving.

**Physical Requirements / Work Environment**
--------------------------------------------

* Ability to work for extended periods while wearing sterile gowning and personal protective equipment (PPE).
* Ability to perform hands\-on mechanical work, including lifting loads up to 18 kg (40 lbs.), bending, reaching, and operating tools and equipment.
* Willingness to work shifts and, following an initial training period, support continuous manufacturing operations on a rotating shift schedule (3x7 pattern with a 6\-on/4\-off rotation).
* Work is primarily performed in controlled manufacturing environments and cleanroom areas.

**What We Offer**
-----------------

**Compensation**
----------------

* Competitive Pay
* Performance\-Related Bonus where eligible
* Annual merit performance\-based increase

**Benefits**
------------

* Medical benefits
* Paid Time Off / Annual Leave
* Employee Referral Program
* Career Advancement Opportunities
* Access to ongoing training and professional development programs","Industrial Manufacturing","https://it.indeed.com/cmp/Thermo-Fisher-Scientific","https://d2q79iu7y748jz.cloudfront.net/s/_squarelogo/256x256/65bd2e4bebb79b1432ac3277ffd57ae7","https://www.thermofisher.com/","168 Third Avenue, Waltham, MA USA 02451","10,000+","more than $10B (USD)","At Thermo Fisher Scientific, our professionals develop critical solutions—and build rewarding careers.","","","","","","","GMP compliance"
"li-4451214108","linkedin","https://www.linkedin.com/jobs/view/4451214108","","Internship Regulatory Affairs","Accord Healthcare","Milan, Lombardy, Italy","2026-08-14","","","","","","",False,"","","","","","","https://uk.linkedin.com/company/accord-healthcare","","","","","","","","","","","","","drug registration"
"in-c2e4a25e47870ace","indeed","https://it.indeed.com/viewjob?jk=c2e4a25e47870ace","https://tnl2.jometer.com/v2/job?jx=5v7yma0bcfd484e411abcecf9bd1d74f59a04AIAJUBIAAABQ&jz=561wk59d631035f2df977c465456694cf284fAEAMABTEAAAQAAAAABSA&source=APPLICANT_SOURCE-3-2017","Medical Director - Oncology , Sponsor Dedicated (Home-Based)","IQVIA","Milano, LOM, IT","2026-08-14","fulltime","","","","","",True,"","","","","Milan, Italy \| Full time \| Home\-based \| R1563674  
Job Overview  


The medical department consists of a Chief Medical Officer, Medical Directors, Sr Medical Directors, Medical Writers, and Safety Associates. The Medical Director provides medical and scientific support to clinical research programs, study teams and investigators. The Medical Director also provides review, advice, and leadership for potentially or awarded clinical research programs.  


The Medical Director role is a team member participant role and functions in a matrix report to project teams much like other members of the project teams. The primary role of Medical Director is to provide medical oversight for clinical trials by serving as Medical Monitor for studies conducted by IQVIA Biotech Clinical on behalf of sponsor companies. The principal function of a Medical Monitor is to serve as primary contact for the sponsor medical team and to serve as front line medical resource to support the project team. The Medical Monitor is customarily available 24/7 to answer questions from site coordinators and investigators on protocol inclusion/exclusion criteria, protocol clarifications, and compliance issues, and to provide review of alert labs per sponsor preference. Major duties of the Medical Director are outlined below:  


Essential Functions  


Functions as project team member:  


Provides medical and scientific input to clinical research programs including review of new business proposals, preclinical and/or clinical data, study protocols, training materials, informed consent, Investigator Drug Brochures, eCRFs, analysis plan designs, clinical study reports, regulatory approval submissions, serious and non\-serious adverse event evaluation, and reporting.  
Ensures medical activities run according to GCP and operate with highest efficiency.  
Establishes and maintains a network of medical/scientific consultants, etc.  
Supervises and manages Medical Director activities.  


Clinical Activities:  


Interacts with clients regarding drug development programs, study design and protocol.  
Reviews and provides input for protocol development. Interacts with key thought leaders and/or sponsor representatives to develop inclusion/exclusion criteria and study endpoints.  
Interacts in team approach to develop statistical and data management sections of the protocol.  
Reviews the final protocol for clinical, safety and efficacy variables.  
Provides project team training on protocol and/or therapeutic areas.  
Assists team with developing criteria for investigator site selection and networking for potential investigators for study participation. Aids in review and final selection.  
Participates in subject recruitment and retention activities including individual calls to key opinion leaders, investigators, and site staff and/or participation in teleconference and WebEx presentations.  
Presents protocol and/or safety reporting information at investigator meetings.  
Develops project medical monitoring plans as requested.  
Provides on call coverage for protocol queries and site support.  
Provides first line contact for investigators and monitors regarding study related medical/safety issues and resolution of study protocol and patient eligibility issues.  


Safety Monitoring and SAE Reporting Activities:  


Verifies the medical accuracy of patient safety data and maintains an ongoing assessment of the safety profile of the study.  
Provides medical review of SAE reporting, writes and/or reviews SAE narratives, and works with the Safety Management Department to track SAEs and follow\-up on outstanding safety queries, interacts with sponsor and discusses safety issues with site as needed.  
Reviews IND/SUSAR Safety Reports (per sponsor preference), updates to Investigator Brochures, and annual IND reports with sponsor data.  
In consultation with the sponsor, follow procedures for acquiring knowledge of subject treatment assignments (i.e. breaking the blind).  
Interact with appropriate FDA officials concerning safety and other study related issues, as requested.  


Data Activities:  


Provides medical review of eCRFs for clinical accuracy.  
Provides medical review of data analysis plan.  
Reviews safety fields at case freeze for reconciliation (if needed).  
Works with data group to reconcile SAE events as needed.  
Reviews medical coding of adverse events, laboratory data and concomitant medications for accuracy, coherence, consistency, and trends.  
Reviews data tables, listings, and figures.  
Reviews and/or writes portions of final clinical study report.  


DSMB/Adjudication Committee Activities:  


May assist sponsor in choosing committee members.  
May serve as a non\-voting member to convene and organize proceedings.  
May develop operating guidelines in conjunction with committee members and submits these to sponsor for review.  
May determine data flow with sponsor to ensure reporting accuracy.  
Can ensure DSMB feedback is given to sites for IRBs.  
All DSMB activities are usually managed by the IQVIA Biotech Oversight Management Group and not the IQVIA Biotech medical monitor.  


Business Development Activities:  


Work with Business Development to actively solicit new business for Novella Clinical, including assistance with marketing presentations and proposal development.  
Supports business development activities with proposal development and sales presentations.  
Participates in feasibility discussions relating to specific project proposals.  


Special Projects:  


Obtain literature searches to acquire background information for study proposals, preparation of training sessions, and interpretation of clinical data, report writing, etc.  
Assists with drafting of standard operating procedures and working practices regarding all Medical Director activities.  
Participate in a variety of team quality improvement efforts as necessary.  
Perform other related duties as assigned or requested by the Chief Medical Officer.  


Qualifications  


Medical Degree from an accredited and internationally recognized medical school with a curriculum relevant to general medical education.  
10 years of experience is required which can include medical practice (hospital/clinic), academia, clinical research, or drug development.  
3\-5 years of biopharmaceutical (industry) experience is preferred which can be part of the 10\-year experience.  
Ability to work in partnership with a multidisciplinary group of colleagues, including translating concepts into practical approaches and promoting consensus.  
Outstanding ability to work independently with minimal supervision, ability to work effectively within a team, and matrix environment.  
Ability to organize and work efficiently on several projects, each with specific requirements and/or shifting priorities.  
Excellent oral and written communications skills as well as interpersonal skills are essential.  


Oncology / Hematology  


Board Certified / Board Eligible: Oncology (Required)  
Preferably : Urologist / Surgical Oncology  


IQVIA is a leading global provider of clinical research services, commercial insights and healthcare intelligence to the life sciences and healthcare industries. We create intelligent connections to accelerate the development and commercialization of innovative medical treatments to help improve patient outcomes and population health worldwide. Learn more at https://jobs.iqvia.com  


IQVIA is committed to integrity in our hiring process and maintains a zero tolerance policy for candidate fraud. All information and credentials submitted in your application must be truthful and complete. Any false statements, misrepresentations, or material omissions during the recruitment process will result in immediate disqualification of your application, or termination of employment if discovered later, in accordance with applicable law. We appreciate your honesty and professionalism.  


The potential base pay range for this role, when annualized, is €98,600\.00 \- €167,700\.00\. The actual base pay offered may vary based on a number of factors including job\-related qualifications such as knowledge, skills, education, and experience; location; and/or schedule (full or part\-time). Dependent on the position offered, incentive plans, bonuses, and/or other forms of compensation may be offered, in addition to a range of health and welfare and/or other benefits.  
Where you'll work  
Home\-based  


You’ll work remotely, with the flexibility to do your best work from home. Supported by collaborative tools and a global team, you’ll stay connected while enjoying the autonomy and balance that comes with a fully remote role.  
Culture  


Culture at IQVIA is built on a shared belief: that when people are empowered with better data, smarter technology and deeper expertise, they can change what’s possible for patients. Across every team and every corner of the globe, you’ll find colleagues who genuinely care — about the mission and about each other. That’s what makes this a place where people tend to stay, grow and do the best work of their careers.","","https://it.indeed.com/cmp/Iqvia","https://d2q79iu7y748jz.cloudfront.net/s/_squarelogo/256x256/03e043400efdf1e7d2f66b4d0a67997e","http://jobs.iqvia.com","Durham, NC","10,000+","more than $10B (USD)","IQVIA (NYSE:IQV) is a leading global provider of advanced analytics, technology solutions and clinical research services to the life sciences industry dedicated to delivering actionable insights.","","","","","","","clinical regulatory"
"in-bead7cbb83e22a76","indeed","https://it.indeed.com/viewjob?jk=bead7cbb83e22a76","https://jsv3.recruitics.com/redirect?rx_cid=3436&rx_jobId=R-01353464_rxr-1&rx_url=https%3A%2F%2Fjobs.thermofisher.com%2Fglobal%2Fen%2Fjob%2FR-01353464%2FMarketing-Communications-Intern%3Frx_a%3D0%26rx_c%3D%26rx_ch%3Djobp4p%26rx_group%3D123525%26rx_id%3D1654cb90-9389-11f1-9224-9f905ccd0b7c%26rx_job%3DR-01353464_rxr-1%26rx_medium%3Dcpc%26rx_r%3Dnone%26rx_source%3Dindeed%26rx_ts%3D20260815T060453Z%26rx_vp%3Dcpc%26utm_medium%3Dppc%26utm_source%3Drecruitics_indeedorganic","Marketing Communications Intern","Thermo Fisher Scientific","Monza, LOM, IT","2026-08-08","fulltime","","","","","",False,"","","","","**Work Schedule**


Standard (Mon\-Fri)**Environmental Conditions**


Office**Job Description**


As part of the Thermo Fisher Scientific team, you’ll discover meaningful work that makes a positive impact on a global scale. Join our colleagues in bringing our Mission to life every single day to enable our customers to make the world healthier, cleaner and safer. We provide our global teams with the resources needed to achieve individual career goals while helping to take science a step beyond by developing solutions for some of the world’s toughest challenges, like protecting the environment, making sure our food is safe or helping find cures for cancer.  

  

DESCRIPTION:  

Join Thermo Fisher Scientific as an Intern II and be part of our mission to enable customers to make the world healthier, cleaner, and safer. This internship opportunity offers practical experience working with diverse teams across various disciplines. You'll gain valuable exposure to meaningful projects while receiving professional mentorship and development opportunities to support your career growth.  

  

Our interns are matched to projects based on their abilities and current business needs. You'll collaborate with cross\-functional teams, contribute to strategic initiatives, and develop practical skills through hands\-on experience. Whether you're interested in research and development, engineering, finance, marketing, or operations, you'll have the chance to make significant contributions while building your professional network.  

  

You'll work with teams to identify process improvements, participate in continuous improvement initiatives, and gain exposure to advanced technologies and industry best practices. This internship provides a foundation for potential future opportunities within our Leadership Development Programs or full\-time positions.  

  

REQUIREMENTS:  

* Minimum 1 year of experience
* Preferred Fields of Study: Academic program that aligns with internship focus area
* Excellent written and verbal communication skills
* Proven analytical and problem\-solving capabilities
* Ability to work both independently and collaboratively in a team environment
* Proficiency in Microsoft Office applications
* Detail\-oriented with strong organizational skills
* Demonstrated leadership potential through academic or extracurricular activities
* Professional demeanor and strong work ethic
* Ability to manage multiple priorities
* Authorization to work in country of employment without sponsorship
* Previous internship experience preferred but not required
* Ability to meet physical requirements specific to role and work environment
* Willingness to learn and apply continuous improvement methodologies
* Commitment to safety, quality and regulatory compliance standards
* Foreign language skills may be required for some international positions","Industrial Manufacturing","https://it.indeed.com/cmp/Thermo-Fisher-Scientific","https://d2q79iu7y748jz.cloudfront.net/s/_squarelogo/256x256/65bd2e4bebb79b1432ac3277ffd57ae7","https://www.thermofisher.com/","168 Third Avenue, Waltham, MA USA 02451","10,000+","more than $10B (USD)","At Thermo Fisher Scientific, our professionals develop critical solutions—and build rewarding careers.","","","","","","","regulatory compliance"
"in-9100eb7d07672816","indeed","https://it.indeed.com/viewjob?jk=9100eb7d07672816","https://dxctechnology.wd1.myworkdayjobs.com/DXCJobs/job/ITA---MI---MILAN/Cyber-Security-Intern_51583298","Cyber Security Intern","DXC Technology","Milano, LOM, IT","2026-06-18","internship","","","","","",True,"","","","","**Job Description:**


DXC Technology is looking for a **Cyber Security Intern** to join **Risk \& Data Governance projects.**

**Responsibilities**


You will work within our **Cyber Risk \& Governance practice**, contributing to regulatory, compliance, and risk‑management activities across enterprise environments.


Your work will focus on major European regulatory frameworks, including: **DORA** and **NIS2**


You will support:

* Regulatory requirement analysis and definition of security controls.
* Cyber and IT risk governance activities.
* Collaboration with technical and business teams to implement required measures.

**Requirements**

* Bachelor’s or Master’s degree in Cybersecurity, Cyber Risk and Governance, Computer Engineering, Computer Science, or similar.
* Strong interest in risk management, compliance, and security governance.
* Analytical mindset, attention to detail, and teamwork attitude.
* Good command of English.

**Work Location: Milan with smart working possibility**

**Why Join Us**

  

The position offers a curricular internship and based on objective and gender\-neutral criteria, including responsability, experience and skills.  

Continuous Learning Access learning platforms and take part in skill development programs designed for you.  

  

Career Development DXC promotes professional growth and internal mobility by making every open position accessible to all employees. Through the Performance Development program, the company supports individual aspirations to achieve shared goals together.  

  

Our Way of Working At DXC, we believe that strong connections and collaboration drive success. Our hybrid work model combines flexibility with in\-person teamwork — empowering you to perform at your best while maintaining balance and wellbeing.  

  

We’re proud to foster an inclusive, equitable and diverse workplace where everyone can thrive.


\#LI\-Hybrid


At DXC Technology, we believe strong connections and community are key to our success. Our work model prioritizes in\-person collaboration while offering flexibility to support wellbeing, productivity, individual work styles, and life circumstances. We’re committed to fostering an inclusive environment where everyone can thrive.

**Recruitment fraud is a scheme in which fictitious job opportunities are offered to job seekers typically through online services, such as false websites, or through unsolicited emails claiming to be from the company. These emails may request recipients to provide personal information or to make payments as part of their illegitimate recruiting process. DXC does not make offers of employment via social media networks and DXC never asks for any money or payments from applicants at any point in the recruitment process, nor ask a job seeker to purchase IT or other equipment on our behalf. More information on employment scams is available** here***.***","","https://it.indeed.com/cmp/Dxc-Technology","https://d2q79iu7y748jz.cloudfront.net/s/_squarelogo/256x256/656a5fc12e58059f5759242a4c008165","http://www.dxc.com","Ashburn, VA","10,000+","more than $10B (USD)","DXC delivers the mission critical IT services that move the world","","","","","","","regulatory compliance"
"li-4440155225","linkedin","https://www.linkedin.com/jobs/view/4440155225","","PRODUCT MANAGER MEDICAL DEVICES - SURGICAL WORKFLOW (M/F/D)","Getinge","Milan, Lombardy, Italy","2026-08-11","","","","","","",False,"","","","","","","https://se.linkedin.com/company/getinge","","","","","","","","","","","","","medical device regulatory"
"in-b516e26a733efadc","indeed","https://it.indeed.com/viewjob?jk=b516e26a733efadc","https://cnx.wd1.myworkdayjobs.com/external_global/job/Italy---Work-at-Home/Associate-Director--Legal-Counsel_R1751741?source=Indeed","Associate Director, Legal Counsel","Concentrix","Cernusco sul Naviglio, LOM, IT","2026-08-07","fulltime","","","","","",False,"","","","","We're Concentrix. The intelligent transformation partner. Solution\-focused. Tech\-powered. Intelligence\-fueled.


The global technology and services leader that powers the world’s best brands, today and into the future. We’re solution\-focused, tech\-powered, intelligence\-fueled. With unique data and insights, deep industry expertise, and advanced technology solutions, we’re the intelligent transformation partner that powers a world that works, helping companies become refreshingly simple to work, interact, and transact with. We shape new game\-changing careers in over 70 countries, attracting the best talent.


We are seeking a highly experienced and commercially minded legal leader to join Concentrix as a senior member of our global legal team. This is a strategic role for an accomplished legal professional who thrives in a fast\-paced, complex, and client\-centric environment, and who can balance strong legal judgment with practical business solutions. The ideal candidate will be a trusted advisor to senior business leaders, bringing a deep understanding of commercial transactions, risk management, regulatory considerations, and global business operations.


This role requires an individual who can confidently navigate high\-value, complex commercial negotiations while building strong partnerships across the organization. You will be expected to provide pragmatic guidance that enables business growth, protects the company’s interests, and supports our continued transformation as a technology\-enabled global services leader. Success in this role requires exceptional stakeholder management skills, sound business acumen, and the ability to influence outcomes at the executive level.

**Responsibilities**

* Works closely with the business and other stakeholders to provide strategic legal advice using broad expertise or unique knowledge, oversee contract negotiations and manage external counsel
* Key role in mentoring mid\-level counsel and junior team members; aligning legal principles and strategies with corporate objectives; may coordinate contracting activities of other personnel
* Extensive experience in commercial agreement review and high\-stakes negotiations
* Able to organise and lead commercial agreement reviews
* Able to lead contract negotiations with external clients
* Ensuring proactive legal risk management across the organisation
* Applies company policies and procedures to draft, analyse and redline complex and/or transformational commercial agreements with Concentrix clients by recognizing:
	+ the interdependencies between Concentrix and client obligations
	+ Concentrix’s ability to comply with such terms
	+ their effect on Concentrix profitability
* In accordance with company policies and procedures, able to suggest creative ways to resolve a wide range of contractual issues
* Able to collaborate effectively with senior Legal Department personnel, Concentrix Sales and Account Managers and other internal stakeholders
* Responsible for counselling internal business partners regarding contractual terms
* Ability to prioritise (and support colleagues’ prioritisation) in a fast\-paced environment. Ability to quickly refocus and execute short\-term priorities in response to the demands of the business
* Frequently advises others on complex matters
* Performs additional legal assignments and projects as may be required
* Works independently with limited or no guidance and adapts style and uses persuasion in delivering messages that relate to contractual issues
* Recognises internal or external business challenges and/or regulatory issues and recommends solutions/best practices or service improvements.

**Qualifications**

* Bachelor of Laws (L.LB) or Juris Doctor (J.D.) or equivalent from a recognised university
* Complete applicable MCLE/CPD requirements in respective jurisdiction to maintain practicing status
* At least 10 years of specialized legal experience
* Proficiency in Microsoft Word, Excel, PowerPoint, Adobe and basic document sharing management (e.g. Sharepoint)
* Display leadership qualities in strategy and execution.
* Expert knowledge of national and international law
* Proficient in developing and executing corporate strategy
* Exceptional negotiation and advocacy skills
* Strong business acumen and decision\-making abilities
* Skilled in navigating complex regulatory environments
* Adopt technology and embrace integration to enhance legal efficiency
* Strategic thinker with a focus on innovation and change","","https://it.indeed.com/cmp/Concentrix","https://d2q79iu7y748jz.cloudfront.net/s/_squarelogo/256x256/dc0e868d737c929fab77e2fd6c770494","https://www.concentrix.com","Newark, CA","10,000+","$1B to $5B (USD)","A technology and services leader, helping the world's best brands cut through AI hype and create intelligent operations that perform in the real world.
","","","","","","","regulatory strategy"
