"id","site","job_url","job_url_direct","title","company","location","date_posted","job_type","salary_source","interval","min_amount","max_amount","currency","is_remote","job_level","job_function","listing_type","emails","description","company_industry","company_url","company_logo","company_url_direct","company_addresses","company_num_employees","company_revenue","company_description","skills","experience_range","company_rating","company_reviews_count","vacancy_count","work_from_home_type","search_term"
"in-a3fdaa362c863bef","indeed","https://it.indeed.com/viewjob?jk=a3fdaa362c863bef","https://www.werfen.com/en/eu-regulatory-affairs-manager","EU Regulatory Affairs Manager","Werfen","Milano, LOM, IT","2026-09-11","fulltime","","","","","",False,"","","","","### **Job Information**


Number
WEBIT\-2026\-000024
Job function
QA\&RA
Job type
Full\-time
Location
Milano
Country
Italy
### **About the Position**

#### **Introduction**


Werfen è un'azienda innovativa a conduzione familiare, fondata nel 1966 a Barcellona, in Spagna. Siamo leader mondiale nella diagnostica specializzata nei settori di Emostasi, Acute Care Diagnotics, Medicina Trasfusionale, Autoimmunità e Medicina dei Trapianti. Attraverso la nostra linea di business Original Equipment Manufacturing (OEM), ricerchiamo, sviluppiamo e produciamo test e biomateriali personalizzati. Operiamo direttamente in 30 paesi e in oltre 100 territori attraverso distributori. La nostra sede centrale e i nostri centri tecnologici si trovano in Europa e negli Stati Uniti e la nostra azienda conta più di 7\.000 collaboratori.


#### **Overview**


Entrando in Werfen come EU Regulatory Affairs Manager, avrai un ruolo centrale nello sviluppo e nell’attuazione della strategia regolatoria europea per i prodotti IVD per i quali l’entità legale italiana opera come fabbricante legale o rappresentante autorizzato europeo.


Collaborerai con i Technology Center e con le funzioni Quality Assurance \& Regulatory delle affiliate europee, assicurando che la documentazione tecnica, le registrazioni in EUDAMED e le attività svolte durante l’intero ciclo di vita dei prodotti siano conformi ai requisiti europei.


Sarai inoltre un punto di riferimento per gli stakeholder regolatori interni ed esterni, rappresentando Werfen presso autorità competenti, organismi notificati, associazioni di settore e gruppi di lavoro europei.


#### **Responsibilities**


* Supportare i Technology Center nello sviluppo della strategia regolatoria europea per i prodotti IVD.
* Operare come Person Responsible for Regulatory Compliance, in conformità all’IVDR, per i prodotti per i quali l’entità legale italiana è il rappresentante autorizzato europeo.
* Supervisionare la conformità alle normative europee e le registrazioni dei prodotti IVD in EUDAMED.
* Coordinare gli audit dei Technical File, assicurandone completezza e conformità ai requisiti europei.
* Supportare i team Regulatory delle affiliate europee e i distributori nella gestione della documentazione.
* Supervisionare l’esecuzione e il monitoraggio delle attività di vigilanza e delle field action in Europa.
* Definire e monitorare KPI in grado di rappresentare le attività e il valore generato dalla funzione.
* Rappresentare Werfen presso associazioni di categoria, organismi di rappresentanza regolatoria e forum di settore.
* Costruire e mantenere relazioni con autorità competenti, organismi notificati e altri stakeholder regolatori europei.
* Monitorare l’evoluzione della normativa europea, comunicandone internamente gli impatti e supportando la preparazione agli audit delle autorità regolatorie.
* Guidare e sviluppare il team Regulatory, promuovendo una cultura collaborativa e orientata alle soluzioni.
* Consolidare la collaborazione con i referenti Regulatory delle affiliate europee e dei distributori.

#### **Qualifications**


**Chi stiamo cercando**


Cerchiamo una persona con una solida esperienza nel Regulatory Affairs applicato ai dispositivi diagnostici in vitro, capace di muoversi con autorevolezza in contesti multinazionali e in scenari regolatori complessi.


La persona ideale combina una conoscenza approfondita della normativa europea con capacità di coordinamento, visione strategica e un approccio fortemente collaborativo. È in grado di costruire relazioni efficaci con interlocutori interni ed esterni e di tradurre l’evoluzione normativa in indicazioni concrete a supporto del business.

**Requisiti**

**Formazione**

* Laurea triennale o magistrale in Life Sciences, Ingegneria, Regulatory Affairs o discipline affini.

**Esperienza**

* Esperienza maturata nel Regulatory Affairs relativo ai dispositivi IVD.
* Esperienza nel coordinamento di attività regolatorie a livello europeo.
* Esperienza nella gestione di Technical File conformi all’EU IVDR o di Summary Technical Documentation.
* Esperienza nel coordinamento di team e nella collaborazione all’interno di organizzazioni multinazionali.

**Competenze**

* Conoscenza approfondita del quadro normativo europeo applicabile ai dispositivi IVD.
* Capacità di orientarsi in contesti regolatori complessi.
* Regulatory advocacy e gestione delle relazioni con stakeholder esterni.
* Capacità di coordinamento e allineamento cross\-funzionale.
* Gestione della documentazione regolatoria.
* Forti capacità analitiche, comunicative e decisionali.
* Orientamento ai risultati.
* Capacità di promuovere una cultura collaborativa e orientata alle soluzioni.

**Costituiscono un plus**

* Esperienza in attività di regulatory advocacy o nella partecipazione a gruppi di lavoro e associazioni di settore.
* Certificazione RAC o equivalente.
* Conoscenza di framework regolatori internazionali, tra cui IMDRF e normative di Regno Unito, Svizzera e Stati Uniti.

**Sede e modalità di lavoro**


È prevista una disponibilità a trasferte fino al 20% del tempo lavorativo.

  


#### **What we offer**


**Cosa offriamo**

* **Retribuzione Annua Lorda a partire da €70\.000,** con possibilità di riconoscimento di un trattamento economico superiore per candidature che presentino competenze ed esperienze particolarmente in linea con il ruolo. È inoltre previsto un bonus variabile pari al 10% della RAL.
* Inquadramento **QUADRO CCNL Metalmeccanico.**
* Welfare aziendale e copertura sanitaria integrativa.

**Crescita e sviluppo**


Investiamo nella crescita delle nostre persone attraverso formazione continua, mentoring, coaching, una piattaforma e\-learning dedicata e l’accesso a LinkedIn Learning.

**Benessere e supporto alla persona**


Mettiamo a disposizione programmi dedicati al benessere personale e familiare, con servizi di supporto in ambito salute, nutrizione, genitorialità e benessere psicologico.


Crediamo che le persone possano esprimere il proprio potenziale al meglio quando trovano il giusto equilibrio tra vita professionale e personale. Per questo promuoviamo politiche di smart working e un ambiente attento alle esigenze individuali e familiari.

**Ambiente di lavoro**


Entrerai a far parte di un contesto internazionale, innovativo e collaborativo, lavorando con team multidisciplinari altamente qualificati e con interlocutori provenienti da diverse realtà europee.

**Perché Werfen**


Perché qui il tuo lavoro ha un impatto concreto.


In questo ruolo contribuirai a garantire che le nostre soluzioni diagnostiche possano essere introdotte e mantenute sul mercato europeo nel rispetto dei più elevati standard regolatori, supportando professionisti sanitari e laboratori nella loro missione di migliorare la qualità della diagnosi e della cura.


Se vuoi mettere la tua esperienza regolatoria al servizio dell’innovazione diagnostica e contribuire attivamente all’evoluzione del settore IVD in Europa, ti aspettiamo in Werfen.

  

Se sei interessato a un apprendimento continuo e ad essere sfidato ogni giorno, ti invitiamo a presentare il tuo curriculum.


Werfen apprezza e riconosce il valore della diversità. Siamo orgogliosi di essere un datore di lavoro per le pari opportunità.


www.werfen.com

  

Manda il tuo CV","","https://it.indeed.com/cmp/Werfen","https://d2q79iu7y748jz.cloudfront.net/s/_squarelogo/256x256/05170cb0ad982dd8b85d8eb1a3d62725","https://www.werfen.com/na/en","Barcelona","5,001 to 10,000","$1B to $5B (USD)","Werfen is a worldwide leader in specialized diagnostics in the areas of Hemostasis, Acute Care Diagnostics, Transfusion, Autoimmunity, and Transplant.","","","","","","","regulatory affairs"
"in-2f54338ccade4bbf","indeed","https://it.indeed.com/viewjob?jk=2f54338ccade4bbf","https://www.alten.it/jobs/1850-qc-chimico-senior-life-science/","QC Chimico Senior (Pharma) – LIFE SCIENCE","ALTEN","Monza, LOM, IT","2026-09-11","","","","","","",False,"","","","","Luogo: Monza

  

ALTEN supporta le strategie di sviluppo dei propri clienti nelle aree dell’innovazione, della R\&D e dei sistemi informativi tecnologici.

  

Nato più di 30 anni fa e presente in 30 Paesi, il Gruppo ALTEN si è affermato come leader mondiale nell’ingegneria e nei Servizi IT e leader Europeo per la consulenza nell’industria Life Sciences.

  

Lavoriamo con attori chiave nei settori: Aeronautico \&Spaziale, della Difesa \& Navale, della Sicurezza, Automobilistico, Ferroviario, dell’Energia, del Life Sciences, Finanziario, del Retail e dei Servizi.

  

Con un fatturato di oltre 4\.069 miliardi di euro, abbiamo attualmente più di 57\.400 collaboratori in tutto il mondo. In Italia siamo presenti in 13 città lungo tutto il territorio nazionale: Torino, Milano, Gallarate, Brescia, Genova, La Spezia, Modena, Maranello, Bologna, Firenze, Roma, Napoli e Bari.

  

Attività principali

  

* Esecuzione di test analitici secondo metodi compendiari e validati (HPLC, GC, UV\-Vis, FTIR, Karl Fischer, pH, conducibilità, titolazioni, TOC, viscosità, Dissolution, ecc.);
* Gestione completa del processo analitico: preparazione dei campioni, calibrazione, qualifica e utilizzo degli strumenti, elaborazione, revisione e verifica critica dei dati analitici;
* Analisi, revisione e ottimizzazione dei metodi di prova in accordo con Farmacopee, linee guida ICH e specifiche di prodotto;
* Redazione, aggiornamento e revisione di specifiche di controllo, metodi analitici, SOP e documentazione GMP correlata;
* Applicazione e promozione delle normative GMP, Data Integrity, ALCOA\+ e GDP;
* Gestione e supporto tecnico alle investigazioni relative a deviazioni, OOS, OOT, anomalie di laboratorio e definizione delle CAPA;
* Contributo alle attività di validazione, verifica e transfer di metodi analitici, nonché alla qualificazione e calibrazione degli strumenti;
* Collaborazione con QA, QC Microbiology, Production e Regulatory Affairs per garantire la conformità e il miglioramento continuo dei processi di controllo qualità;
* Supporto durante audit interni, audit clienti e ispezioni regolatorie;
* Affiancamento e supporto tecnico a figure junior e neoassunte, contribuendo alle attività di training.
Requisiti

  

* Esperienza di almeno 4/5 anni in laboratori di Controllo Qualità del settore farmaceutico, biotech o affini operanti in ambiente GMP;
* Consolidata esperienza nell’utilizzo di tecniche analitiche quali HPLC, GC, UV\-Vis, FTIR, TOC, Karl Fischer, Dissolution, pH\-metro e titolatore automatico;
* Conoscenza approfondita e applicazione quotidiana delle Farmacopee (EP, USP, JP) e delle principali linee guida ICH applicabili;
* Conoscenza approfondita delle normative GMP, Annex 1, Data Integrity, ALCOA\+ e GDP;
* Esperienza nella gestione di investigazioni OOS, OOT, deviazioni e CAPA;
* Esperienza nella redazione e revisione di SOP, metodi analitici, report tecnici e specifiche di controllo;
* Esperienza nelle attività di validazione e transfer di metodi analitici;
* Ottima familiarità con sistemi informatici quali LIMS, Empower, Chromeleon, SAP e TrackWise.
  

*La retribuzione annua lorda per questo ruolo è compresa tra 32\.000 EUR e 36\.000 EUR.*


*La posizione è inquadrata nell’ambito del CCNL del Commercio e Terziario applicato da ALTEN.*


*Il posizionamento all’interno del range sarà definito in base alle competenze tecniche, all’esperienza specifica nel ruolo e agli esiti del processo di selezione, secondo criteri oggettivi e predefiniti.*


*In presenza di profili con caratteristiche eccezionali rispetto al range indicato, una revisione potrà essere valutata previa approvazione interna*.

  

Perché scegliere ALTEN?

  

Technological challenges


Crediamo che la tecnologia abbia un grande potenziale per migliorare il nostro futuro, per questo ricerchiamo talenti che siano motivati a costruire oggi il mondo di domani. Con il nostro portfolio clienti e i diversi progetti di R\&D attivi, in ALTEN avrai modo di lavorare su progetti all’avanguardia. La nostra Technical Direction ti accompagnerà e indirizzerà durante il tuo percorso. Avrai la possibilità di metterti alla prova in contesti progettuali diversi e di confrontarti con esperti del settore per ampliare sempre più le tue conoscenze. Potrai unire le tue passioni e metterti in gioco professionalmente. Accetti la sfida?

  

Inspiring Togetherness


Ci impegniamo a favorire un ambiente di lavoro sereno e collaborativo organizzando attività di team building, iniziative di aggregazione, eventi sportivi, per conoscerci meglio e condividere momenti insieme. Il successo di un gruppo si fonda sulla cooperazione e condivisione reciproca del sapere e degli interessi.

  

Fulfilling Opportunities


In ALTEN troverai corsi formativi all’avanguardia per accrescere le tue competenze sia tecnologiche, sia linguistiche! Tramite ALTEN Academy potrai ottenere certificazioni con alcuni dei più importanti schemi internazionali come IREB®, ISTQB® e altri. Attraverso Aula Streaming, invece, avrai accesso a corsi di formazione più trasversali relativi a soft skills e potrai scegliere tra 12 corsi di lingua straniera.

  

Sustainable commitment


Crediamo che la tecnologia sia a supporto dello sviluppo sociale e della tutela ambientale. Oltre a collaborare a progetti che mirano alla sostenibilità, ci impegniamo a sostenere le cause che più abbiamo a cuore, avendo collaborato e collaborando, tra gli altri, con AISM, AIRC, LILT, Save the Children, Treedom, This Unique. Valorizziamo l’unicità e ci impegniamo a garantire che tutte le nostre persone abbiano pari opportunità all’interno della nostra azienda, fornendo loro gli strumenti per esprimere al massimo il proprio potenziale. Il nostro approccio alla diversità e all’inclusione si fonda sui principi di etica e integrità e rappresenta il fattore determinante per lo sviluppo di orizzonti di crescita personale e aziendale più ampi. Promuoviamo l’inserimento e l’integrazione lavorativa delle persone appartenenti alle categorie protette – in base a quanto disciplinato dalla legge 68/99\.

  

I prossimi step

  

Una volta ricevuto il tuo cv, ci prenderemo il tempo necessario per valutarlo attentamente.

  

Se sarà in linea con questa o con altre posizioni aperte all’interno del Gruppo, il nostro team Talent Acquisition ti contatterà telefonicamente.

  

L’iter di selezione proseguirà con un colloquio conoscitivo con l’area Business, un successivo colloquio più approfondito, durante il quale potrebbe essere richiesto un test pratico, ed infine un colloquio tecnico.

  

L’ordine e il numero delle interviste potrebbero variare a seconda delle esigenze di selezione.

  

In alternativa, saremo felici di conservare il tuo CV nel nostro gestionale per poterlo rivalutare per opportunità future. Operando in 13 diverse città e altrettanti settori, potrebbero contattarti più Talent Acquisition Partner e/o più Business Manager, se riterranno che il tuo profilo sia in linea con i progetti e le necessità che stanno ricercando in quel momento.

  

Se dovessi identificare ulteriori offerte di tuo interesse e in linea con il tuo profilo, aspettiamo la tua candidatura per poterla valutare nuovamente.

  

*ALTEN opera nel rispetto dei principi di diversità, equità ed inclusione, che alimentano i nostri valori. ALTEN ha l’obiettivo di abbattere ogni barriera e pregiudizio, garantendo un ambiente di lavoro accessibile ed accogliente, valutando candidature indipendentemente da genere, etnia, disabilità (artt. 1 e 18, legge 68/99\), età, orientamento sessuale, religione, stato civile, convinzioni personali e politiche, appartenenza ad organizzazioni sindacali, responsabilità familiari e back\-ground socio\-economico.*


  
INFORMAZIONI
11/09/2026
Monza","","https://it.indeed.com/cmp/Alten","https://d2q79iu7y748jz.cloudfront.net/s/_squarelogo/256x256/6cf35eab31586cc942e962ad408d52f8","https://www.alten.com","Boulogne-Billancourt","10,000+","$1B to $5B (USD)","","","","","","","","regulatory affairs"
"li-4463958383","linkedin","https://www.linkedin.com/jobs/view/4463958383","","Own Brand Quality Assurance Leader","METRO Italia","San Donato Milanese, Lombardy, Italy","2026-09-11","","","","","","",False,"","","","","","","https://it.linkedin.com/company/metro-italia","","","","","","","","","","","","","regulatory affairs"
"li-4455984242","linkedin","https://www.linkedin.com/jobs/view/4455984242","","REGULATORY AFFAIRS SPECIALIST","Quanta System Spa","Samarate, Lombardy, Italy","2026-09-09","","","","","","",False,"","","","","","","https://it.linkedin.com/company/quanta-system","","","","","","","","","","","","","regulatory affairs"
"li-4445714721","linkedin","https://www.linkedin.com/jobs/view/4445714721","","Project Manager R&D Medical Devices","Air Liquide Medical Systems","Bovezzo, Lombardy, Italy","2026-09-09","","","","","","",False,"","","","","","","https://fr.linkedin.com/company/air-liquide-medical-systems","","","","","","","","","","","","","regulatory affairs"
"li-4459298429","linkedin","https://www.linkedin.com/jobs/view/4459298429","","Addetto/a Sistema Qualità ISO 9001","Adecco","Bovisio Masciago, Lombardy, Italy","2026-09-09","","","","","","",False,"","","","","","","https://ch.linkedin.com/company/adecco","","","","","","","","","","","","","regulatory affairs"
"li-4463523954","linkedin","https://www.linkedin.com/jobs/view/4463523954","","Senior Regulatory Specialist | Food & Beverage","desmo®","Milan, Lombardy, Italy","2026-09-08","","","","","","",False,"","","","","","","https://it.linkedin.com/company/desmo-hr","","","","","","","","","","","","","regulatory affairs"
"li-4464471827","linkedin","https://www.linkedin.com/jobs/view/4464471827","","Regulatory Affairs Specialist - settore cosmetico","Res Novare s.r.l.","Busnago, Lombardy, Italy","2026-09-08","","","","","","",False,"","","","","","","https://it.linkedin.com/company/res-novare-s-r-l","","","","","","","","","","","","","regulatory affairs"
"li-4463292918","linkedin","https://www.linkedin.com/jobs/view/4463292918","","Regulatory Affair Dept","Italmatch Chemicals","Arese, Lombardy, Italy","2026-09-08","","","","","","",False,"","","","","","","https://it.linkedin.com/company/italmatch-chemicals-spa","","","","","","","","","","","","","regulatory affairs"
"li-4436040335","linkedin","https://www.linkedin.com/jobs/view/4436040335","","Compliance & Regulatory Affairs Manager","ReeVo Cloud & Cyber Security","Vimercate, Lombardy, Italy","2026-09-08","","","","","","",False,"","","","","","","https://it.linkedin.com/company/reevo-cloud","","","","","","","","","","","","","regulatory affairs"
"li-4462509209","linkedin","https://www.linkedin.com/jobs/view/4462509209","","Quality Assurance GCP","PHIDEALIVE Srl","Milan, Lombardy, Italy","2026-09-08","","","","","","",False,"","","","","","","https://it.linkedin.com/company/phidealive","","","","","","","","","","","","","regulatory affairs"
"li-4462296282","linkedin","https://www.linkedin.com/jobs/view/4462296282","","Quality Assurance Specialist","Curia","Rozzano, Lombardy, Italy","2026-09-08","","","","","","",False,"","","","","","","https://www.linkedin.com/company/curia-cdmo","","","","","","","","","","","","","regulatory affairs"
"li-4443232912","linkedin","https://www.linkedin.com/jobs/view/4443232912","","Energy Efficiency & Demand Response Consultant","Energy Team S.p.A.","Trezzano sul Naviglio, Lombardy, Italy","2026-09-07","","","","","","",False,"","","","","","","https://it.linkedin.com/company/energyteam","","","","","","","","","","","","","regulatory affairs"
"li-4343985374","linkedin","https://www.linkedin.com/jobs/view/4343985374","","Regulatory Affairs | Brescia","Biopharmed","","2026-09-06","","","","","","",False,"","","","","","","https://it.linkedin.com/company/biopharmed-life-sciences-recruiting","","","","","","","","","","","","","regulatory affairs"
"li-4419185454","linkedin","https://www.linkedin.com/jobs/view/4419185454","","Regulatory Affairs Analyst (f/m/d)","Axpo Group","Milan, Lombardy, Italy","","","","","","","",False,"","","","","","","https://ch.linkedin.com/company/axpo-group","","","","","","","","","","","","","regulatory affairs"
"in-0e77f0986f443142","indeed","https://it.indeed.com/viewjob?jk=0e77f0986f443142","https://www.alpiq.com/career/open-jobs/your-application/17","Asset Manager Thermal","Alpiq","Milano, LOM, IT","2026-09-07","fulltime","","","","","",False,"","","","melissa.magagnato@alpiq.com","Milano, IT \- 100% \| Full time


About the Role


Role type: Permanent \| Location: Italy \| Model: Hybrid \| Level of travels: 10\-20%


**Send us your** **application**
--------------------------------

Are you looking to make an impact in the energy sector? Become part of Alpiq \- your energy matters!

  

**Our Company**


Alpiq è uno dei principali produttori di energia elettrica della Svizzera e un importante fornitore di servizi energetici in Europa. Con sede a Losanna e supportata da un solido portafoglio di fonti idroelettriche, nucleari e rinnovabili, lavoriamo ogni giorno per generare un impatto positivo: per il clima, per le persone e per la sicurezza dell'approvvigionamento energetico.


Oltre 1\.300 collaboratrici e collaboratori, provenienti da quasi 60 nazionalità, mettono la propria energia al servizio di uno scopo comune: insieme per un clima migliore e una maggiore sicurezza dell'approvvigionamento energetico.


Promuoviamo una cultura aziendale fondata su fiducia, curiosità e rispetto. I nostri quattro valori aziendali sono stati co\-creati insieme ai nostri dipendenti e guidano ogni nostra azione e decisione quotidiana:


“We are ALP1Q “\- riflette il nostro spirito di squadra


“We learn and grow together” \- affrontiamo le sfide con coraggio


“We share the steering wheel” \- ci assumiamo la responsabilità delle nostre azioni


“We focus on the outcome” \- il tuo contributo fa la differenza


In Alpiq, la tua energia conta!


**Mission**


**Supportare la gestione delle attività di Asset Management degli assets thermal in Italia con particolare riferimento agli aspetti contrattuali, alle performances tecnico\-economiche ed ai rapporti con le controparti interne ed esterne in ottica di gestione ottimale degli impianti esistenti e sviluppo di nuove iniziative.**


**Your main responsibilities**


**CONTRACT MANAGEMENT**


* Supportare la gestione degli aspetti contrattuali ed economici delle Asset Companies, in particolare nei contratti di *Tolling Agreement, LTSA, O\&M Agreement, Facility Agreement* e convenzioni in essere, in accordo alle linee guida aziendali ed alla strategia di gruppo;
* Supportare il responsabile dell’Asset Management Thermal per le attività correlate alle assicurazioni delle Asset Companies relativamente a rinnovi di polizza e sinistri occorsi;
* Supportare la funzione Asset Management nelle prima fasi valutative di nuove iniziative da sviluppare o potenzialmente acquisire in ambito progetti termici.

**P\&L MANAGEMENT**


* Verificare e consuntivare periodicamente i dati di produzione e le *performance* degli impianti supervisionando e gestendo i processi di fatturazione attiva al fine di garantire il regolare flusso dei ricavi alle società;
* Interfacciarsi con gli *O\&M Operators* delle centrali thermal per il supporto nella gestione di aspetti tecnici ed operativi;
* Verificare, in collaborazione con le aree tecniche coinvolte, l'impatto di nuovi progetti di miglioramento e proporne la relativa implementazione sulla base di business case e valutazione dei rischi.

**ASSET PERFORMANCE \& BUSINESS DEVELOPMENT**


* Assicurare il collegamento e lo scambio informativo tra le funzioni *Energy Trading, Asset Management, O\&M Operator* su tematiche relative a sbilanciamenti, report *di daily dispatch*, analisi di mercato, analisi delle performance degli impianti ed evoluzioni normative;
* Supportare e/o predisporre la reportistica periodica richiesta dal dipartimento Asset Management e/o dagli altri dipartimenti coinvolti;
* Preparazione documentale e supporto alla valutazione di nuove iniziative termiche in ambito di flessibilità.

**RELAZIONI ISTITUZIONALI E STAKEHOLDERS**


* Mantenere i rapporti e l’interfaccia con i principali stakeholders su adempimenti, convenzioni in essere, portali, scadenze periodiche e tematiche tecniche relative (a titolo esemplificativo GSE, Autorità per l’Energia Elettrica e il Gas, Terna, Agenzia Dogane);
* Monitorare la normativa in vigore e sue evoluzioni in riferimento a incentivazioni, aggiornamenti regolatori e adempimenti applicabili agli impianti assegnati, coordinandosi con il dipartimento *regulatory*.

**Your impact**


In questo ruolo contribuirai a garantire una gestione efficace e sostenibile degli asset Thermal in Italia, supportandone la valorizzazione e l’ottimizzazione delle performance tecniche, operative ed economiche.


Attraverso il coordinamento con le diverse funzioni aziendali e la gestione delle relazioni con stakeholder chiave, quali istituti finanziari, pubbliche amministrazioni, enti regolatori e compagnie assicurative, favorirai un approccio integrato alla gestione degli asset.


Il tuo contributo sarà determinante per assicurare una supervisione strutturata delle principali iniziative, garantendo il corretto presidio degli aspetti tecnici, economici, legali, normativi e finanziari e supportando la creazione di valore nel lungo termine per l’azienda.


**Your profile**


* Laurea in uno dei seguenti ambiti: ingegneria, economia dei mercati finanziari, economia e commercio;
* Esperienza di almeno 2/3 anni in aziende operanti nel settore dell’energia;
* Conoscenza delle norme che regolano il mercato dell’energia;
* Ottima capacità di analisi ed interpretazione dei dati;
* Ottima padronanza delle tecniche di asset allocation e risk management;
* Ottime capacità relazionali e di networking;
* Buona attenzione e capacità di lettura degli aspetti normativi regolamentati;
* Predisposizione al lavoro in team ed alla relazione con i diversi referenti interni ed esterni;
* Buona capacità di problem solving;
* Ottima conoscenza dei sistemi operativi (Office, Sap);
* Buona conoscenza della lingua inglese (livello B2 minimo).

**Salary and benefits**


* CCNL Terziario, Distribuzione e Servizi, inquadramento commisurato all’esperienza (livello 3, range ral 45\-50\)
* Retribuzione variabile con % su total cash
* Ticket Edenred di € 12,00 sia in presenza sia in smart working
* Welfare Edenred di € 1\.000 spendibile in beni e servizi
* Smart working 2 gg a settimana
* Assicurazione sanitaria ON TOP al superamento del periodo di prova

Disclaimer: Please note that applications submitted by agencies or third\-party recruiters will not be considered unless the agency is part of our Preferred Supplier List (PSL).


**Your benefits**
-----------------


**Competitive salary package**
------------------------------


Market\-oriented salary


**Training and development**
----------------------------


Diverse opportunities for career growth


**Flexible work models**
------------------------


Various flexible work models


**Contact**
-----------

Melissa Magagnato
  

melissa.magagnato@alpiq.com

  

**Consent required**
--------------------


In order to show you the content of YouTube, you must consent to the use of third\-party cookies (e.g. YouTube).


Please note that by giving consent, personal data will be transmitted to third parties. You can adjust your consent at any time.


Unlock YouTube once

 Cookie settings
**Inclusion is at the heart of Alpiq**
--------------------------------------


At Alpiq, we are committed to creating an inclusive work environment, where everyone can bring their ‘whole selves’ to work and feel valued, respected, and heard. This principle is central to our company’s purpose, values, and leadership approach. We strongly believe that organizations thrive through the inclusion of diversity. Everyone’s energy matters regardless of characteristics, such as age, gender, nationality, language, sexual orientation and identity, religion, social or ethnic background or any other personal traits.

  

**Data protection**


At Alpiq, data privacy is an important topic. Please therefore take note of the corresponding Privacy Notice that appears in the online application form and explains in detail the purpose for which we process your personal data. It is of great concern to us to inform you as transparently as possible and process your data only in a fair manner.","","https://it.indeed.com/cmp/Alpiq","https://d2q79iu7y748jz.cloudfront.net/s/_squarelogo/256x256/a1713f1da7ad36b36d4ecc936e492a23","https://www.alpiq.com","Olten","5,001 to 10,000","$5B to $10B (USD)","","","","","","","","regulatory manager"
"li-4463007618","linkedin","https://www.linkedin.com/jobs/view/4463007618","","responsabile sistema di gestione sicurezza","Randstad Professional Italia","Desenzano del Garda, Lombardy, Italy","2026-09-09","","","","","","",False,"","","","","","","https://it.linkedin.com/company/randstad-professional-italia","","","","","","","","","","","","","regulatory manager"
"in-ed781246c65a1585","indeed","https://it.indeed.com/viewjob?jk=ed781246c65a1585","https://jsv3.recruitics.com/redirect?rx_cid=3436&rx_jobId=R-01365683&rx_url=https%3A%2F%2Fjobs.thermofisher.com%2Fglobal%2Fen%2Fjob%2FR-01365683%2FSecondary-Packaging-Specialist%3Frx_a%3D0%26rx_c%3D%26rx_ch%3Djobp4p%26rx_group%3D123525%26rx_id%3Df0cffdd1-adfd-11f1-a537-63485f75f075%26rx_job%3DR-01365683%26rx_medium%3Dcpc%26rx_r%3Dnone%26rx_source%3Dindeed%26rx_ts%3D20260912T100417Z%26rx_vp%3Dcpc%26utm_medium%3Dppc%26utm_source%3Drecruitics_indeedorganic","Secondary Packaging Specialist","Thermo Fisher Scientific","Monza, LOM, IT","2026-09-11","fulltime","","","","","",False,"","","","","**Work Schedule**


Standard (Mon\-Fri)**Environmental Conditions**


Office**Job Description**


As part of the Thermo Fisher Scientific team, you’ll discover meaningful work that makes a positive impact on a global scale. Join our colleagues in bringing our Mission to life every single day to enable our customers to make the world healthier, cleaner and safer. We provide our global teams with the resources needed to achieve individual career goals while helping to take science a step beyond by developing solutions for some of the world’s toughest challenges, like protecting the environment, making sure our food is safe or helping find cures for cancer.  

  

DESCRIPTION:  

Join Thermo Fisher Scientific's packaging engineering team and contribute to our mission of making the world healthier, cleaner, and safer. As an Engineer I in Packaging/Labeling, you'll collaborate with cross\-functional teams to develop innovative packaging solutions for our products. You'll work on diverse projects ranging from new package design and validation to process improvement initiatives, while gaining valuable experience in a GMP\-regulated environment. Working with experienced engineers, you'll help ensure our packaging meets the highest quality standards and regulatory requirements while driving cost efficiency and sustainability. This role offers professional growth opportunities within our organization, where you'll develop technical expertise while making meaningful contributions to healthcare and life science products.  

  

REQUIREMENTS:  

* Bachelor's Degree required, no prior experience required
* Preferred Fields of Study: Packaging Engineering or related technical/scientific field
* Strong technical aptitude with ability to read and understand engineering drawings
* Knowledge of packaging materials including glass, PET, HDPE, LDPE, PP, and corrugate
* Proficiency in Microsoft Office suite and packaging\-specific software
* Experience with 3D modeling software (AutoCAD, Solid Works, or similar) preferred
* Understanding of GMP, FDA, ISO, and transportation regulations
* Excellent attention to detail and quality focus
* Strong analytical and problem\-solving abilities
* Effective written and verbal communication skills
* Ability to work collaboratively in cross\-functional teams
* Experience in pharmaceutical, medical device, or biotechnology industry preferred
* Physical ability to lift up to 50 pounds occasionally
* Willingness to work in clean room environments when required
* Must be able to follow standard operating procedures and safety protocols
* Schedule may vary based on business needs","Industrial Manufacturing","https://it.indeed.com/cmp/Thermo-Fisher-Scientific","https://d2q79iu7y748jz.cloudfront.net/s/_squarelogo/256x256/65bd2e4bebb79b1432ac3277ffd57ae7","https://www.thermofisher.com/","168 Third Avenue, Waltham, MA USA 02451","10,000+","more than $10B (USD)","At Thermo Fisher Scientific, our professionals develop critical solutions—and build rewarding careers.","","","","","","","regulatory specialist"
"in-91ebb01c9486f85c","indeed","https://it.indeed.com/viewjob?jk=91ebb01c9486f85c","https://jsv3.recruitics.com/redirect?rx_cid=3436&rx_jobId=R-01360917_1001_rxr-1&rx_url=https%3A%2F%2Fjobs.thermofisher.com%2Fglobal%2Fen%2Fjob%2FR-01360917%2FSenior-Compliance-Specialist-EMEA%3Frx_a%3D0%26rx_c%3D%26rx_ch%3Djobp4p%26rx_group%3D123525%26rx_id%3D8909999f-ae41-11f1-818d-2d3545f6a11a%26rx_job%3DR-01360917_1001_rxr-1%26rx_medium%3Dcpc%26rx_r%3Dnone%26rx_source%3Dindeed%26rx_ts%3D20260912T100417Z%26rx_vp%3Dcpc%26utm_medium%3Dppc%26utm_source%3Drecruitics_indeedorganic","Senior Compliance Specialist - EMEA","Thermo Fisher Scientific","Milano, LOM, IT","2026-09-11","fulltime","","","","","",False,"","","","","**Work Schedule**


Standard (Mon\-Fri)**Environmental Conditions**


Office**Job Description**

**Recruiting across all EMEA locations**


As part of the Thermo Fisher Scientific team, you'll discover meaningful work that makes a positive impact on a global scale. Join our colleagues in bringing our Mission to life every single day to enable our customers to make the world healthier, cleaner and safer.


As a Senior Compliance Specialist within the Inspections team, you will be responsible for managing all aspects of GxP regulatory authority inspections at CRG, investigator sites, and clients. The majority of the work is focused on the EMEA region; however, inspection support in other regions is also in scope.


What You'll Do:  

* Provide consultation to project teams and clients on GxP inspection readiness, preparation, management, and follow\-up activities.
* Serve as the primary point of contact for inspection\-related discussions with clients.
* Support GxP regulatory authority inspections of CRG, investigator sites, and sponsors, including risk assessment and mitigation strategies, training of involved staff and conducting mock interviews, internal preparation, pre\-inspection / mock inspection activities, review of documentation requested by inspectors, inspection hosting and facilitation, and post\-inspection follow\-up.
* Support project teams in investigating root causes of non\-conformances and in developing CAPAs to address identified issues; follow up on action implementation, effectiveness checks, and the collection and review of supporting evidence.
* Contribute to lessons learned discussions and participate in company\-wide improvement initiatives.
* Provide mentorship and guidance to junior colleagues.

  

Education \& Experience Requirements:  

* Bachelor's degree or equivalent and relevant formal academic / vocational qualification
* 5\+ years of quality assurance experience that provides the knowledge, skills, and abilities to perform the job or equivalent combination of education, training, \& experience.

  

Knowledge, Skills, Abilities:  

* Extensive knowledge of GxP, with GCP required, along with a strong understanding of applicable regional research regulations and guidelines.
* Experience with management of GxP inspections (GCP inspection experience mandatory)
* Excellent oral and written communication skills
* Strong problem solving, critical thinking, risk assessment and impact analysis abilities
* Confirmed experience in root cause analysis
* Flexible and able to multi\-task and prioritize complex demands/workload
* Veeva QMS and auditing experience a plus


Working Conditions and Environment:  

* Exposure to electrical office equipment.

  

Why Join Us?  

  

When you join Thermo Fisher Scientific, you become part of a global team that values passion, innovation, and a commitment to scientific excellence. You’ll work in an environment where collaboration and development are part of the everyday experience—and where your contributions truly make a difference.  

  

Apply today to help us deliver tomorrow’s breakthroughs.","Industrial Manufacturing","https://it.indeed.com/cmp/Thermo-Fisher-Scientific","https://d2q79iu7y748jz.cloudfront.net/s/_squarelogo/256x256/65bd2e4bebb79b1432ac3277ffd57ae7","https://www.thermofisher.com/","168 Third Avenue, Waltham, MA USA 02451","10,000+","more than $10B (USD)","At Thermo Fisher Scientific, our professionals develop critical solutions—and build rewarding careers.","","","","","","","regulatory specialist"
"in-3b6f9de0150265ab","indeed","https://it.indeed.com/viewjob?jk=3b6f9de0150265ab","https://careers.eon.com/job/Treasury-Specialist/1388696633/&utm_source=Indeed&utm_medium=jobboard","Treasury Specialist","E.ON Italia S.p.A","Milano, LOM, IT","2026-09-10","fulltime","","","","","",True,"","","","","The new E.ON is one of the strongest operators of European energy networks and energy\-related infrastructure, as well as a provider of advanced customer solutions for more than 50 million customers. With a total of over 75,000 employees, we are represented in 15 countries. This makes us ideally positioned to help drive Europe's energy transition. By focusing on two sustainable growth areas fully commits itself to the fundamental transformation of the energy world. As one of Europe’s largest energy service providers we will actively drive the energy transition in Italy and Europe. E.ON is a pioneer in developing new and innovative energy solutions and attract the brightest minds in the energy sector.


**Our Team**


Within our treasury and finance operations, your work directly ensures financial reliability, liquidity transparency, and process excellence. The team operates at the crossroads of banking, accounting, and internal stakeholders, where taking full ownership of tasks and delivering tangible results is key to shared success. Close collaboration across departments enables efficient decision\-making and supports business objectives with trusted data. Knowledge sharing and mutual support drive our ability to continuously improve treasury processes together.

**Your Field of Play**

* **Cash collection, accounting reconciliation, and KPI monitoring**  

Your expertise ensures incoming payments are managed accurately, reconciliations are carried out reliably, and monthly KPIs are monitored with a strong analytical focus to support decision‑making and data‑driven problem solving
* **Execution of treasury operations and payment processes**  

Recurring treasury activities, bank accounting, and payment executions are handled by you with precision, ensuring data quality and on‑time delivery that consistently meets operational standards and stakeholder expectations
* **Managing banking documentation within KYC and AML frameworks**  

In your hands lies the structured collection, maintenance, and updating of banking and compliance documentation, supporting regulatory readiness and transparent cooperation with financial partners
* **Driving process efficiency through treasury initiatives and projects**  

Continuous improvement is actively shaped by you through involvement in special treasury projects, implementation of new products, and optimisation initiatives, recognising change as an opportunity to enhance effectiveness
* **Cross‑functional collaboration to achieve shared goals**  

By working closely with internal departments, you contribute to end‑to‑end process thinking, actively sharing insights to deliver exceptional internal customer outcomes and support company‑wide objectives

**Are You Our Playmaker?**

* **Education in finance, economics, or a comparable field**  

A diploma or bachelor’s degree provides the foundational knowledge required to understand treasury processes and financial operations in depth
* **Solid experience in treasury and banking processes**  

Your understanding of cash management, payments, reconciliations, and recurring treasury activities enables you to operate confidently and independently
* **Strong analytical and organisational capabilities**  

Complex data is analysed by you with structure and clarity, allowing potential issues to be identified early and solved effectively through sound problem‑solving skills
* **Hands‑on proficiency with MS Office, especially Excel**  

Daily work benefits from your confident use of Excel for analysis and reporting, paired with openness to learning new tools and digital solutions
* **Experience with treasury systems and banking platforms**  

Familiarity with SAP, Inbiz, or comparable remote banking systems supports efficient execution, while knowledge of Tagetik, FIS, Neta, or Salesforce CRM is considered an advantage
* **Collaborate effectively to achieve shared goals and drive growth**  

Shared success is created through your ability to work closely with colleagues across functions, actively contributing knowledge and supporting collective outcomes
* **Take full ownership of tasks and deliver tangible results**  

Responsibility for quality, timelines, and outcomes is embraced by you, even in challenging situations, ensuring consistent and reliable performance
* **Clear communication skills with strong English proficiency**  

Financial topics are communicated by you in a structured and audience‑appropriate way, enabling effective collaboration in an international environment


**Do you have questions?**


If you are convinced that this is the next step in your career, register and apply online (Job Req ID: 244179 ).  

Shaping the future of energy together!

**What you need to know:**


Contract type: Permanent  

Working time: Full time  

Company: E.ON Italia S.p.A.  

Salary Range: 36,000 \- 46,000 € Per Year  

Further salary details will be provided during the recruitment process.  

  



This job posting is open to all genders, in compliance with Legislative Decree No. 198 of April 11, 2006, “Code of Equal Opportunities between Men and Women,” and to individuals of all ages and nationalities, in compliance with EU Directive 2000/78/EC on equal treatment in employment


### **Inclusion**



It is important to us that people with disabilities have access to a fair application process, providing them with an opportunity to shine. Therefore, our representative body for severely disabled people will be included in the process from an early stage. Please let us know via the application form if you require technical or organisational adjustments during the application process. We will strive to make the required aids available.



Should you not be able to apply online and want to speak someone in person, please contact your local recruiter.","","https://it.indeed.com/cmp/E.on-Italia-S.p.a","","","","","","","","","","","","","regulatory specialist"
"in-07aa93e815e2bdd2","indeed","https://it.indeed.com/viewjob?jk=07aa93e815e2bdd2","https://medtronic.wd1.myworkdayjobs.com/en-US/MedtronicCareers/job/Milano-Lombardia-Italy/Training-Education-Spec_R74285-1","Training/Education Spec.","Medtronic","Milano, LOM, IT","2026-09-10","fulltime","","","","","",False,"","","","AskHR@medtronic.com","Careers that change lives start here. Medtronic is a global leader in healthcare technology with a Mission to alleviate pain, restore health, and extend life. Our 95,000 employees work across more than 150 countries to put patients first — developing innovative medical technologies that improve the lives of 72\+ million patients each year. Your unique talents will help shape the future of healthcare while building a career grounded in purpose, growth, and impact.


**A Day in the Life**
=====================

Are you passionate about advancing healthcare professional education and helping clinical teams deliver better outcomes for patients with aortic disease? Join Medtronic's Aortic business as a Training \& Education Specialist supporting the Mediterranean Cluster (Italy, Greece, Israel). You will help design, coordinate and execute educational initiatives that enable healthcare professionals to build endovascular knowledge, procedural confidence and effective team\-based practice.
  

  

This hybrid role combines regional program coordination with field\-based execution across the Mediterranean Cluster as well as on Western European level. You will collaborate with country commercial teams, Marketing, Medical Affairs, Clinical, Compliance and regional Medical Education colleagues, as well as external faculty and training centers. Regular travel is required to support customer education events, hands\-on workshops, congress activities and strategic initiatives. The role is part of the Aortic Training \& Education organization; the formal reporting location and travel expectation will be confirmed during recruitment.
**Responsibilities may include the following and other duties may be assigned:**

· Coordinate and deliver healthcare professional education programs, workshops, fellowships, webinars and blended learning activities across the Mediterranean Cluster and Western Europe


· Manage end\-to\-end program preparation, including needs assessment, project planning, faculty coordination, participant communication, logistics, materials, compliance documentation and post\-event follow\-up


· Partner with Marketing, Sales, Clinical, Medical Affairs and Compliance to ensure educational activities address customer needs and align with business, quality and regulatory requirements


· Build productive relationships with healthcare professionals, external faculty, training centers and internal stakeholders across different countries and cultures


· Support education related to Medtronic aortic therapies, including the Endurant™ Stent Graft System, a minimally invasive endovascular device used in the treatment of abdominal aortic aneurysms (AAA) and ValiantTM thoracic stent graft with CaptiviaTM delivery system.


· Monitor participation, feedback, learning outcomes and program execution data, and translate insights into practical improvements for future activities


· Contribute to regional congress activities, educational content development, budget tracking and strategic Medical Education projects  



**Required Knowledge and Experience:**

· Bachelor's degree in life sciences, healthcare, biomedical engineering, education, business or a related discipline, or equivalent relevant experience


· Experience in medical education, clinical education, professional training, healthcare event management or a comparable customer\-facing role


· Demonstrated project management and organizational skills, with the ability to coordinate multiple programs, stakeholders and deadlines


· Clear written and verbal communication skills in Italian and English; confidence working across countries and cultures


· Experience working with healthcare professionals (HCPs) and an understanding of compliance requirements for healthcare professional engagement


· Ability and willingness to travel regularly within the Mediterranean Cluster (and occasionally in Western Europe), together with proficiency in Microsoft 365 and digital collaboration tools


\#LI\-Flex  



**Physical Job Requirements**  

  

The above statements are intended to describe the general nature and level of work being performed by employees assigned to this position, but they are not an exhaustive list of all the required responsibilities and skills of this position.
‌


**Recruitment Fraud Alert**

We are aware of phishing scams targeting job seekers. Please keep the following in mind:  



  

Apply only through official Medtronic channels. All legitimate Medtronic recruiting communications come from approved Medtronic platforms and official @medtronic.com email addresses.  



  

Medtronic will never ask for payment or sensitive personal information (such as bank account or Social Security details) during early stages of the hiring process. Any such requests are not legitimate.  



  

If you receive a suspicious message claiming to be from Medtronic, do not respond, click links, or open attachments.  



  

If you have any questions, concerns regarding the authenticity of a communication alleged to have been made by or on behalf of Medtronic, please contact us immediately at AskHR@medtronic.com .
‌  



**Benefits \& Compensation**
============================

**Medtronic offers a competitive Salary and flexible Benefits Package**  

A commitment to our employees lives at the core of our values. We recognize their contributions. They share in the success they help to create. We offer a wide range of benefits, resources, and competitive compensation plans designed to support you at every career and life stage.  

  



Pay range / Rango salarial / Intervalo salarial /Fascia retributiva / Tranche de salaire / Gehaltsband / Salaribereik: Italy: 40,000\.00 EUR \- 60,000\.00 EUR \|  

This position is eligible for a short\-term incentive called the Medtronic Incentive Plan (MIP).","","https://it.indeed.com/cmp/Medtronic","https://d2q79iu7y748jz.cloudfront.net/s/_squarelogo/256x256/78828b704431b1c10caa524c081f9932","http://www.medtronic.com/","","10,000+","more than $10B (USD)","CAREERS THAT CHANGE LIVES Do meaningful work, make a difference, and improve lives.","","","","","","","regulatory specialist"
"in-124211c769e33ef4","indeed","https://it.indeed.com/viewjob?jk=124211c769e33ef4","https://gsknch.wd3.myworkdayjobs.com/en-US/GSKCareers/job/Milan-via-Monte-Rosa/Expert-Multichannel-Specialist-Pharmacy_547950","Expert Multichannel Specialist Pharmacy","Haleon","Milano, LOM, IT","2026-09-09","fulltime","","","","","",False,"","","","","Welcome to Haleon. We’re a purpose\-driven, world\-class consumer company putting everyday health in the hands of millions. In just three years since our launch, we’ve grown, evolved and are now entering an exciting new chapter – one filled with bold ambitions and enormous opportunity.
  

  

Our trusted portfolio of brands – including Sensodyne®, Panadol®, Advil®, Voltaren®, Theraflu®, Otrivin®, and Centrum® – lead in resilient and growing categories. What sets us apart is our unique blend of deep human understanding and trusted science.
  

  

Now it’s time to fully realise the full potential of our business and our people. We do this through our Win as One strategy. It puts our purpose – to deliver better everyday health with humanity – at the heart of everything we do. It unites us, inspires us, and challenges us to be better every day, driven by our agile, performance\-focused culture.


**Job Purpose**

The Expert Multichannel Specialist Pharmacy is responsible for the implementation and development of digital and multichannel activities targeting the Pharmacy audience.


As part of the Expert Pharmacy Team, this role supports the execution of the digital strategy by ensuring the effective implementation of content, engagement tools, and educational initiatives, contributing to the growth of the professional pharmacy community and the achievement of business objectives.


The role also provides operational support to the Expert VMS Pharmacy area, collaborating on the implementation of initiatives dedicated to pharmacy professionals.


Reporting to the Expert Pharmacy Manager, this position works closely with cross\-functional teams, including Sales, Commercial Excellence, Medical, Regulatory and external agencies.


**Key Responsibilities**

**Multichannel Engagement**

* Support the development and implementation of the Expert Pharmacy digital strategy.
* Coordinate and execute multichannel engagement activities to increase participation and interaction among pharmacists.
* Support the evolution of the Haleon HealthPartner platform and educational initiatives aimed at pharmacy professionals.
* Manage the implementation of webinars, e\-learning programs, and other digital initiatives, ensuring an effective engagement plan throughout the year.
* Coordinate operational activities related to the distribution of materials and samples requested through the portal.

**Project Management**

* Manage digital and multichannel projects from planning through execution, ensuring delivery against timelines and quality standards.
* Collaborate with internal and external stakeholders to ensure the effective implementation of planned activities.
* Coordinate agencies and vendors involved in the development of digital projects and activation programs.

**Data \& Performance Management**

* Monitor KPIs and performance metrics related to digital and multichannel activities.
* Prepare regular reports and analyze data to identify insights and optimization opportunities.
* Support CRM management activities, contributing to improved customer understanding and engagement effectiveness.
* Ensure data accuracy and quality across Pharmacy\-related activities and platforms.

**Support to Expert VMS Pharmacy**

* Provide operational support in the implementation of Expert VMS initiatives within the Pharmacy channel.
* Collaborate in the management and coordination of digital and educational initiatives dedicated to the VMS area.
* Support the creation, deployment, and distribution of content and materials for pharmacy professionals.

**Why You?**

**Qualifications \& Skills**

* University degree in Marketing, Business Administration, Communications, or a related field.
* Previous experience in marketing, digital marketing, multichannel engagement, or project management roles.
* Strong project management skills with the ability to coordinate complex activities.
* Ability to manage multiple stakeholders and work effectively within cross\-functional teams.
* Experience in KPI monitoring, CRM management, and performance data analysis.
* Good knowledge of Microsoft Office applications.
* Strong organizational skills and attention to detail.
* Good command of English, both written and spoken.

**Behavioral Competencies**

* Proactive mindset with a strong focus on identifying new opportunities.
* Results\-oriented approach and strong problem\-solving skills.
* Excellent analytical capabilities.
* Ability to work independently and manage multiple priorities effectively.
* Strong collaboration and teamwork skills.
* Flexibility and ability to operate in dynamic and complex environments.
High level of accuracy, reliability, and ownership.  
* 

\&\#xa;EUR 41\.664,00 \- EUR 57\.288,00\&\#xa;\&\#xa;The salary range for this position is indicative and provided as a guide. The final offer may vary depending on factors including relevant experience, skills, qualifications, and internal equity considerations. Further details regarding the total reward and benefits package will be shared during the recruitment process. Salary ranges may vary by location in line with local market conditions and applicable pay transparency regulations.\&\#xa;\&\#xa;Compensation information is shared for the primary location of this role. Where the position is advertised with additional locations the compensation range will be discussed during the recruiting process.  

**Job Posting End Date**

2026\-10\-08  

**Equal Opportunities**
-----------------------

Haleon are committed to mobilising our purpose in a way that represents the diverse consumers and communities who rely on our brands every day. It guides us in creating an inclusive culture, where different backgrounds and views are valued and respected – all in support of understanding and best serving the needs of our consumers and unleashing the full potential of our people. It’s important to us that Haleon is a place where all our employees feel they truly belong.
  

  

During the application process, we may ask you to share some personal information, which is entirely voluntary. This information ensures we meet certain regulatory and reporting obligations and supports the development, refinement, and execution of our inclusion and belonging programmes that are open to all Haleon employees.
  

  

The personal information you provide will be kept confidential, used only for legitimate business purposes, and will never be used in making any employment decisions, including hiring decisions.  



**Adjustment or Accommodations Request**
----------------------------------------

If you require a reasonable adjustment or accommodation or other assistance to apply for a job at Haleon at any stage of the application process, please let your recruiter know by providing them with a description of specific adjustments you are requesting. We’ll provide all reasonable adjustments to support you throughout the recruitment process and treat all information you provide us in confidence.  



**Note to candidates**
----------------------

The Haleon recruitment team will contact you using a Haleon email account (@haleon.com). If you are not sure whether the email you received is from Haleon, please get in touch.","","https://it.indeed.com/cmp/Haleon","https://d2q79iu7y748jz.cloudfront.net/s/_squarelogo/256x256/2d041011da7c631d4376b9431eb60375","https://www.haleon.com/","","10,000+","","A health company that puts people first, we exist to deliver better everyday health with humanity.","","","","","","","regulatory specialist"
"in-7e0e543bfd6ed07f","indeed","https://it.indeed.com/viewjob?jk=7e0e543bfd6ed07f","https://gsknch.wd3.myworkdayjobs.com/en-US/GSKCareers/job/Milan-via-Monte-Rosa/Trade-Marketing-Direct-Pharma---Internship_547903","Trade Marketing Direct Pharma - Internship","Haleon","Milano, LOM, IT","2026-09-08","fulltime","","","","","",False,"","","","","Welcome to Haleon. We’re a purpose\-driven, world\-class consumer company putting everyday health in the hands of millions. In just three years since our launch, we’ve grown, evolved and are now entering an exciting new chapter – one filled with bold ambitions and enormous opportunity.
  

  

Our trusted portfolio of brands – including Sensodyne®, Panadol®, Advil®, Voltaren®, Theraflu®, Otrivin®, and Centrum® – lead in resilient and growing categories. What sets us apart is our unique blend of deep human understanding and trusted science.
  

  

Now it’s time to fully realise the full potential of our business and our people. We do this through our Win as One strategy. It puts our purpose – to deliver better everyday health with humanity – at the heart of everything we do. It unites us, inspires us, and challenges us to be better every day, driven by our agile, performance\-focused culture.


**Trade Marketing Direct Pharma – Internship**

**About the role**

We are looking for a Trade Marketing Intern, who can develop new commercial opportunities within Direct Pharma channel.


In this internship role you will support to all Trade Marketing Team in the creation and implementation of commercial strategy in Direct Pharma channel through POS materials, selling stories for the salesforce and promo development.


**Key responsibilities**

* Support in implementation of sell\-out activation and canvass executions.
* Monitoring commercial strategies execution in order to leverage good performance and suggest corrective actions if needed.
* Analysis of competitors’ plans and strategies through the analysis of market data and collecting insight from field.
* Direct Pharma Channel performance and KPI Tracking (sell\-in and sell\-out)
* Support in managing relation with external partner and agency (merchandising, pos materials developer, creative agencies, etc...).
* Collaborate with Sales and Sellout specialist field forces to ensure brilliant execution and deployment of the strategy in the Point of sale.

**Qualifications and skills Essential**

* University Degree in Economics and Management / Marketing
* Fluency in English
* Use of all Office package (with focus on powerpoint and excel)
* Smart approach with dashboards and databases to monitor performance
* Market data analysis and understanding
* Enthusiastic, creative person who thinks in terms of solutions, curiosity and passion for his job
* Analytical skills
* Effective communication skills
* Good Business acumen
* Details orientation
* Ability to work in fast paced environment
* Ability to work with the data
* Well organized and disciplined
* Proactive in problem solving

**Preferred**

* Young talent who is interested in pharmacy business or in commercial functions
* Previous experience in Trade Marketing, Marketing or Analyst position is a plus
* Person who enjoys interacting with cross\-functional team and learning from interactions with different people

**Job Posting End Date**

2026\-09\-20  

**Equal Opportunities**
-----------------------

Haleon are committed to mobilising our purpose in a way that represents the diverse consumers and communities who rely on our brands every day. It guides us in creating an inclusive culture, where different backgrounds and views are valued and respected – all in support of understanding and best serving the needs of our consumers and unleashing the full potential of our people. It’s important to us that Haleon is a place where all our employees feel they truly belong.
  

  

During the application process, we may ask you to share some personal information, which is entirely voluntary. This information ensures we meet certain regulatory and reporting obligations and supports the development, refinement, and execution of our inclusion and belonging programmes that are open to all Haleon employees.
  

  

The personal information you provide will be kept confidential, used only for legitimate business purposes, and will never be used in making any employment decisions, including hiring decisions.  



**Adjustment or Accommodations Request**
----------------------------------------

If you require a reasonable adjustment or accommodation or other assistance to apply for a job at Haleon at any stage of the application process, please let your recruiter know by providing them with a description of specific adjustments you are requesting. We’ll provide all reasonable adjustments to support you throughout the recruitment process and treat all information you provide us in confidence.  



**Note to candidates**
----------------------

The Haleon recruitment team will contact you using a Haleon email account (@haleon.com). If you are not sure whether the email you received is from Haleon, please get in touch.","","https://it.indeed.com/cmp/Haleon","https://d2q79iu7y748jz.cloudfront.net/s/_squarelogo/256x256/2d041011da7c631d4376b9431eb60375","https://www.haleon.com/","","10,000+","","A health company that puts people first, we exist to deliver better everyday health with humanity.","","","","","","","regulatory specialist"
"in-72e5455a8e5e0cee","indeed","https://it.indeed.com/viewjob?jk=72e5455a8e5e0cee","https://data4.bamboohr.com/careers/337?source=indeed&src=indeed&postedDate=2026-09-08","CSA Lead","Data4 Group","Cornaredo, LOM, IT","2026-09-07","fulltime","","","","","",False,"","","","","**DATA4'S MISSION**



DATA4 creates Smart \& Scalable digital facilities for our customers. Our network of highly connected, resilient and sustainable data center campuses underpins our customers’ digital growth in Europe.



DATA4 Group finances, designs, constructs and operates its own data centers. Delivered through our data center campus model, we provide our customers with secure, scalable and high\-performance data hosting solutions.

  


**DATA4 VALUES**



At DATA4 we are driven by our values. These are the core of everything we do – from the proactivity we show in delivering great outcomes for our clients, to the responsibility we show as a key contributor to the digital economy. Our three values are:



* **To be entrepreneurial** – we are teams of doers who make things happen \- with autonomy, energy and a sense of responsibility


* **To always take responsibility** – for our impact on the people we work with, the society we are part of, and the environment in which we operate


* **To constantly be adaptable** – our business is designed to adapt, answering not only today’s challenges, but also anticipating what’s coming next.
  


**ABOUT THE ROLE**



We are seeking a highly motivated and experienced Data Center Civils, Structural and Architectural (CSA) Lead to join our Engineering department. This transversal role focuses on leading all CSA aspects of data center design and construction projects. You will provide technical expertise, develop conceptual designs, oversee handover processes, represent the company in project meetings, and ensure the smooth implementation of CSA. The role will also focus on developing Global CSA standards and ensuring these are implemented on projects. This will also involve significant amount of work with Key internal and external stakeholders (including Clients) to develop CSA solutions.

 **RESPONSIBILITIES**


**Design Leadership \& Product Ownership**

  

* Act as the discipline owner for CSA engineering within the Engineering organisation.
* Lead the development and continuous improvement of DATA4 CSA design standards across all European campuses.
* Define and maintain design principles, technical specifications, standard details and approved solutions for data centre developments.
* Provide technical leadership during feasibility studies, due diligence activities and campus master planning exercises.
* Support the development of scalable and repeatable data centre products while driving consistency across projects and geographies.
* Ensure CSA designs align with operational, commercial, sustainability and customer requirements.

  


**Conceptual \& Detailed Design**


* Lead CSA design development for new campuses, expansions and retrofit projects.
* Review and approve conceptual, schematic, developed and detailed designs prepared by external consultants.
* Ensure designs achieve the required levels of resilience, safety, functionality, flexibility and operational efficiency.
* Evaluate structural systems, building envelopes, site development strategies, road networks, utilities interfaces and underground infrastructure.
* Coordinate interfaces between architectural, civil, structural, mechanical, electrical, controls and commissioning disciplines.

  


**Technical Governance \& Assurance**


* Serve as the company's internal expert for all CSA engineering matters.
* Establish and manage design governance processes, technical reviews and design assurance activities.
* Review consultant submissions and verify compliance with company standards, project requirements and applicable regulations.
* Ensure consistency of engineering solutions across multiple projects and countries.
* Support risk identification, mitigation and resolution related to CSA systems.

  


**Construction \& Project Support**


* Provide technical support during construction activities across multiple projects.
* Support project teams in resolving complex design, site and construction challenges.
* Review contractor proposals, value engineering initiatives and technical deviations.
* Participate in site inspections, quality audits and progress reviews.

  


**Stakeholder Management \& Representation**


* Act as the primary CSA engineering representative within the organisation.
* Collaborate with internal departments including Development, Construction, Operations, Procurement, Sustainability and Commercial teams.
* Manage relationships with external engineering consultants, architects, contractors and specialist suppliers.
* Represent DATA4 during technical meetings, design workshops, regulatory discussions and customer engagements.
* Communicate complex technical matters clearly to both technical and non\-technical stakeholders.

  


**Continuous Improvement \& Innovation**


* Monitor industry trends, technologies, materials and construction methodologies relevant to data centre development.
* Identify opportunities to optimise cost, programme, sustainability, scalability and operational performance.
* Lead the implementation of innovative design approaches and best practices.
* Analyse project feedback and lessons learned to continuously improve standards and processes.
* Contribute to sustainability initiatives, embodied carbon reduction strategies and circular economy objectives.

  


**RESPONSIBILITES IN TERMS OF IMS CERTIFICATIONS**


**Respect and enforce certification policies in terms of:**


* **H\&S:** Respect and enforce health and safety rules.
* **Environment:** Respect and enforce environmental policies.
* **Information security:** Respect and enforce information security policies
* **Energy:** Respect and enforce the policy of reducing energy consumption.

  


**REQUIREMENTS**


**Education and experience**

  

* Bachelor's or Master's degree in Architecture, Civil Engineering, Structural Engineering or a related discipline.
* Minimum 10 years of experience in design and construction of mission\-critical facilities, large industrial developments, commercial developments or data centres.
* Proven experience leading multidisciplinary design teams and managing external consultants.
* Demonstrated experience in CSA design governance and technical assurance.
* Experience supporting projects throughout the full development and construction lifecycle.
* English: Fluent.

  


**Technical skills**


* Strong experience in architectural design, building planning and building envelope systems.
* Strong knowledge of structural and civil engineering
* Understanding of geotechnical engineering principles and site development constraints.
* Knowledge of European building codes, structural standards and construction regulations.
* Experience with multidisciplinary coordination within mission\-critical facilities.
* Experience reviewing engineering consultant deliverables and managing design reviews.
* Knowledge of BIM methodologies and digital design coordination processes.
* Understanding of sustainability principles and low\-carbon construction strategies.
* Experience supporting construction activities and resolving field engineering issues.

  


**Preferred**:


* Chartered Engineer (CEng), Chartered Structural Engineer (MIStructE) or equivalent professional accreditation.
* Registered Architect or equivalent professional qualification.
* Experience in hyperscale or colocation data centre developments.
* Experience in design standardisation and product development.
* Experience with BIM, Revit and common design collaboration platforms.

  


**Soft skills**


* Excellent communication, interpersonal, and leadership skills.
* Strong analytical and problem\-solving skills.
* Proactive: Takes initiative and ownership of tasks without needing constant direction.
* Accountable: Admits mistakes, learns from them, and delivers on commitments.
* Agile: Learns quickly and applies new knowledge in practical situations.
* Collaborative: Works effectively with diverse teams and adapts communication styles accordingly.
* Resilient: Maintains a positive attitude and composure under pressure.
* Independent: Works autonomously and takes calculated risks.
* Data\-driven: Makes decisions based on evidence and analysis.","","https://it.indeed.com/cmp/Data4-Group-1","https://d2q79iu7y748jz.cloudfront.net/s/_squarelogo/256x256/bb6c70de9db61291868dfa9010c1c10d","https://www.data4group.com/","6 rue de la Trémoille 
75008 Paris 
France","","","DATA4 est un opérateur et investisseur européen majeur sur le marché de data centers. Le Groupe finance, conçoit, construit et opère ses propres data centers.","","","","","","","regulatory specialist"
"li-4463959553","linkedin","https://www.linkedin.com/jobs/view/4463959553","","Specialista Sistema Qualità - IATF 16949 (f/m/nb)","Randstad Italia","Seriate, Lombardy, Italy","2026-09-11","","","","","","",False,"","","","","","","https://it.linkedin.com/company/randstad-italia","","","","","","","","","","","","","regulatory specialist"
"in-b240732dcfe65f89","indeed","https://it.indeed.com/viewjob?jk=b240732dcfe65f89","https://jobs.sanofi.com/job/-/-/2649/44468832576","Medical Affairs Internship","Sanofi","Milano, LOM, IT","2026-09-11","internship","","","","","",False,"","","","","**Medical Affairs Intern**

**Milan, Italy**

**About The Job**


Looking to launch your career at the cutting edge of healthcare? Join Sanofi for a chance to develop with mentoring and guidance from inspirational leaders while helping to make an impact on the lives of countless people worldwide.


As Medical Affairs Intern, you'll be part of a highly specialized team and you'll learn to manage scientific activities related to ongoing projects in **Medical Affairs** with a special focus on Transplant setting.


We are an innovative global healthcare company with one purpose: **to chase the miracles of science to improve people's lives.** We're also a company where you can flourish and grow your career, with countless opportunities to explore, make connections with people, and stretch the limits of what you thought was possible. Ready to get started?

**You will be involved in the following activities:**

* **Support the Transplant Medical Affairs team**, working in close collaboration with **cross\-functional stakeholders** including Marketing, Market Access, Medical Information and Regulatory Affairs, to ensure alignment of scientific and strategic objectives.
* Contribute to the **development, review and update of high\-quality scientific materials** to support Medical Affairs activities (e.g., slide decks, CLM contents), ensuring **scientific accuracy** and alignment with internal standards.
* Assist in **scientific activities**, including: scientific **literature research**, **medical consultancies** and **advisory boards**, **review** of **promotional and non\-promotional materials** in line with compliance requirements
* Support the **preparation and continuous update of scientific documentation** for internal medical training, contributing to knowledge sharing and capability building within the organization.
* **Analysis of the adoption of medical KPIs** and optimization of structured reporting to enable **data\-driven decision** making across medical CV team in collaboration with Medical Effectiveness Manager
* Provide support in the **coordination and tracking of Medical Affairs projects and activities** (e.g., timelines, deliverables), contributing to the effective execution of the medical plan.
* Support the **organization and execution of medical education initiatives** and scientific engagement activities (e.g., meetings, events, training sessions), including preparation of materials and operational coordination.

**About You**

* Master's degree in **Medicine, Pharmacy, Biotecnology** or related fields
* Fluent **English** (level B2\+ or higher)
* Good knowledge of **Excel** and **PowerPoint**
* **Accuracy** and **organizational** skills, **team working**

**Why choose us?**

* Bring the **miracles of science** to life alongside a supportive, future\-focused team.
* Start your career with **inspiring mentors** who will help you take your first professional steps.
* You will have the possibility to carry out the internship in a **hybrid mode**.
* We offer an **internship lasting 6 months**. Competitive monthly compensation and meal vouchers will be provided.

  

\#LI\-Hybrid


\#EarlyTalent

**Pursue Progress. Discover Extraordinary.**


Progress doesn’t happen without people – people from different backgrounds, in different locations, doing different roles, all united by one thing: a desire to make miracles happen. You can be one of those people. Chasing change, embracing new ideas and exploring all the opportunities we have to offer. Let’s pursue Progress. And let’s discover Extraordinary together.


At Sanofi, we provide equal opportunities to all regardless of race, color, ancestry, religion, sex, national origin, sexual orientation, age, citizenship, marital status, disability, or gender identity.


Watch our ALL IN video and check out our Diversity Equity and Inclusion actions at sanofi.com!","","https://it.indeed.com/cmp/Sanofi","https://d2q79iu7y748jz.cloudfront.net/s/_squarelogo/256x256/ef60cd636bc2be61c6eccfef96801f9b","https://www.sanofi.com/fr","Paris","10,000+","more than $10B (USD)","We chase the miracles of science every single day, pursuing progress to make a real impact on millions of patients around the world. ","","","","","","","regulatory affairs manager"
"in-435e21b1025164fc","indeed","https://it.indeed.com/viewjob?jk=435e21b1025164fc","https://career.krahn.eu/Regulatory-Quality-HSE-Manager-mfd-eng-j304.html","Regulatory, Quality & HSE Manager (m/f/d)","KRAHN CHEMIE GMBH","Milano, LOM, IT","2026-09-09","","","","","","",True,"","","","","KRAHN Group connects people, markets, and innovations – creating real added value. As an independent chemical distributor, we bring producers and processors together and ensure that expertise reaches exactly where it makes a difference. Together with around 290 colleagues across Europe and €300 million in revenue in 2025, we stand for reliability, entrepreneurial thinking, and collaborative partnerships – driving progress that truly matters.



To further strengthen our local team in Italy, we are currently looking for a **Regulatory, Quality \& HSE Manager (m/f/d)** based in Milan, Italy.

**Your tasks**
--------------


Regulatory Affairs


* Ensure compliance with applicable chemical regulations and regulatory requirements
* Monitor regulatory developments and provide guidance to internal stakeholders
* Maintain regulatory documentation and liaise with relevant external partners


Quality Management


* Maintain and further develop the Quality Management System
* Ensure compliance with quality standards and support audits and corrective actions
* Drive continuous improvement across relevant processes


Health, Safety \& Environment


* Ensure compliance with HSE requirements and applicable legislation
* Identify risks and implement appropriate preventive measures
* Promote a safe, responsible, and sustainable working environment
**Your profile**
----------------

* Knowledge of relevant chemical regulations and compliance requirements
* Experience in Regulatory Affairs, Quality Management, HSE, or a comparable function within the chemical industry
* A degree in Chemistry, Chemical Engineering, Environmental Sciences, Safety Management, or a comparable field is preferred
* Strong analytical and organizational skills with a structured and solution\-oriented approach
* Ability to translate complex regulatory requirements into practical solutions
* Confident communication skills and the ability to collaborate effectively with different stakeholders
* Fluent in Italian and English
**Our offer**
-------------

* **Challenging work environment:** Responsible and varied tasks in an internationally growing company with performance\-oriented teams
* **Culture \& collaboration:** Flat hierarchies enabling fast decision\-making and an open working atmosphere shaped by initiative, drive, and creativity
* **Working model:** Attractive benefits (2 days of Smart Working, Meal voucher)
**About KRAHN Group**
---------------------


KRAHN Group connects people, markets, and innovations. As an independent distributor of specialty chemicals and ingredients, we bridge the gap between leading producers and innovative customers across Europe. With approximately 280 employees, operations across multiple countries, and annual revenues of around €300 million, we combine entrepreneurial spirit with the strength of a long\-term family\-owned business.  

  

Ready for the next step?  

**Apply now** at KRAHN Group.

* Philipp Berkel
* Recruiter","","https://it.indeed.com/cmp/Krahn-Chemie-Gmbh","","","","","","","","","","","","","regulatory affairs manager"
"in-5fa8c3cc7e82eb23","indeed","https://it.indeed.com/viewjob?jk=5fa8c3cc7e82eb23","https://jsv3.recruitics.com/redirect?rx_cid=3436&rx_jobId=R-01357019_1006_rxr-1&rx_url=https%3A%2F%2Fjobs.thermofisher.com%2Fglobal%2Fen%2Fjob%2FR-01357019%2FDirector-Senior-Director-FSP-Operational-Delivery-Lead-EMEA%3Frx_a%3D0%26rx_c%3D%26rx_ch%3Djobp4p%26rx_group%3D123525%26rx_id%3D3ef1d4a3-ac8d-11f1-90ec-6f319ed424b3%26rx_job%3DR-01357019_1006_rxr-1%26rx_medium%3Dcpc%26rx_r%3Dnone%26rx_source%3Dindeed%26rx_ts%3D20260912T100417Z%26rx_vp%3Dcpc%26utm_medium%3Dppc%26utm_source%3Drecruitics_indeedorganic","Director / Senior Director FSP Operational Delivery Lead - EMEA","Thermo Fisher Scientific","Milano, LOM, IT","2026-09-09","fulltime","","","","","",False,"","","","","**Work Schedule**


Standard (Mon\-Fri)**Environmental Conditions**


Office**Job Description**

**Join Us as a Director Project Management – Make an Impact at the Forefront of Innovation**  

We have successfully supported the top 50 pharmaceutical companies and more than 750 biotechs, spanning 2,700 clinical trials across 100\+ countries in the last 5 years.


The Director / Senior Director , FSP Project Oversight provides enterprise\-level leadership across multiple strategic FSP accounts, therapeutic areas, and global delivery organizations. This role is responsible for driving portfolio strategy, operational transformation, client partnership growth, and organizational performance while ensuring alignment with divisional and corporate objectives.


The Director / Senior Director, acts as a strategic advisor to clients and internal leadership, influencing long\-term delivery models, workforce strategies, innovation initiatives, and business expansion opportunities.

**Key Responsibilities**

**Strategic Portfolio Leadership**

* Provide executive oversight across multiple FSP portfolios and strategic client relationships.
* Develop and execute long\-term portfolio strategies aligned with business growth objectives.
* Drive consistency and excellence across delivery organizations.
* Lead cross\-functional initiatives to improve operational effectiveness

**Executive Client Management**

* Serve as executive operational lead for key FSP partnerships.
* Lead FSP governance and business reviews.
* Influence client strategy discussions and identify opportunities for growth and innovation.
* Manage complex escalations and organizational risks.

**Business Growth \& Commercial Leadership**

* Partner with Business Development to support strategic opportunities and proposals.
* Contribute to sales strategy, solution development, and account expansion efforts.
* Drive revenue growth, profitability, and repeat business.

**Organizational Leadership**

* Lead Directors and senior oversight leaders across multiple portfolios.
* Develop leadership pipelines and succession planning strategies.
* Champion organizational change initiatives and transformation programs.

**Innovation \& Digital Strategy**

* Drive implementation of digital technologies, analytics, automation, and AI\-enabled solutions.
* Promote innovative operating models that improve quality, speed, and cost efficiency.
* Ensure awareness and adoption of emerging industry trends and capabilities.

 **Education and Experience Requirements:**  

* Bachelor's degree or equivalent and relevant formal academic / vocational qualification
* Previous experience that provides the knowledge, skills, and abilities to perform the job (comparable to 12\+ years).
* 5\+ years of management responsibility
* Strong leadership skills


In some cases an equivalency, consisting of a combination of appropriate education, training and/or directly related experience, will be considered sufficient for an individual to meet the requirements of the role  

  

**Knowledge, Skills and Abilities:**  

* Capable of working independently and exercising independent judgment to assess sponsor regulatory needs and work with project team members to producing compliant deliverables
* Advanced, broad understanding of global/regional/national country requirements/regulatory affairs procedures for clinical trial authorization, licensing, lifecycle management; expert knowledge of ICH and other global regulatory guidelines; in\-depth understanding of a regulatory specialty areas, such as preclinical, clinical, CMC, publishing, etc.
* Advanced understanding of medical terminology, statistical concepts, and guidelines
* Sharp analytical, investigative and problem\-solving skills
* Advanced financial acumen with an in\-depth of knowledge and practical application of budgeting, forecasting and resource management
* Recognized executive presence and consultation and presentation skills
* Effective critical and strategic thinking skills that accounts for a broad impact


Project Lead:  

* Excellent customer service and relationship building skills and proven ability to provide strategic input into customer management in a complex environment
* Excellent negotiation and marketing skills with ability to influence internal and external stakeholders and drive results
* Superior judgment, decision making, escalation and risk management skills
* Solution oriented with a demonstrated ability to drive innovation


Project Oversight:  

* Strong coaching and leadership skills
* Excellent customer service, relationship building and stakeholder management skills
* Expert negotiation and marketing skills with ability to influence others and drive results
* Superior judgment, decision making, escalation and risk management skills
* Proven ability to drive corporate strategies to capture, engage and retain repeat customers


People Manager:  

* Comprehensive coaching skills with a proven ability to have challenging conversations
* Ability to identify and develop solutions to resolve training gaps for soft skill and technical development
* Excellent performance stewardship with the ability to drive performance through metrics
* Superior judgment, decision making and problem\-solving skills and proven ability to apply critical and analytical strategic thinking skills to drive development and retention of top performers
* Proven leadership as a change champion
* Ability to collaborate and foster accountability and excellence in a learning environment
* Strong negotiation skills with ability to influence others and drive results
* Proven ability to drive innovation in the development of talent strategies, including ensuring the proper resources are allocated based on individual skills and abilities

  

**Working Conditions and Environment:**  

* Work is performed in an office/ laboratory and/or a clinical environment.
* Exposure to biological fluids with potential exposure to infectious organisms.
* Exposure to electrical office equipment.
* Personal protective equipment required such as protective eyewear, garments and gloves.

  

**Why Join Us?**  

  

When you join Thermo Fisher Scientific, you become part of a global team that values passion, innovation, and a commitment to scientific excellence. You’ll work in an environment where collaboration and development are part of the everyday experience—and where your contributions truly make a difference.  

  

Apply today to help us deliver tomorrow’s breakthroughs.","Industrial Manufacturing","https://it.indeed.com/cmp/Thermo-Fisher-Scientific","https://d2q79iu7y748jz.cloudfront.net/s/_squarelogo/256x256/65bd2e4bebb79b1432ac3277ffd57ae7","https://www.thermofisher.com/","168 Third Avenue, Waltham, MA USA 02451","10,000+","more than $10B (USD)","At Thermo Fisher Scientific, our professionals develop critical solutions—and build rewarding careers.","","","","","","","regulatory affairs manager"
"li-4464384228","linkedin","https://www.linkedin.com/jobs/view/4464384228","","Quality Assurance Manager","Valcolatte S.p.a.","Pontenure, Emilia-Romagna, Italy","2026-09-07","","","","","","",False,"","","","","","","https://it.linkedin.com/company/valcolatte","","","","","","","","","","","","","regulatory affairs director"
"li-4465804066","linkedin","https://www.linkedin.com/jobs/view/4465804066","","Qualified Person (QP) - Biotech","iziwork Italia","Caponago, Lombardy, Italy","2026-09-10","","","","","","",False,"","","","","","","https://it.linkedin.com/company/iziworkitalia","","","","","","","","","","","","","responsabile affari regolatori"
"in-f0fa5a5e116fcd69","indeed","https://it.indeed.com/viewjob?jk=f0fa5a5e116fcd69","https://jobs.dayforcehcm.com/en-US/adareps/CANDIDATEPORTAL/jobs/2825","GMP Compliance Specialist","Adare Pharma Solutions","Pessano con Bornago, LOM, IT","2026-09-11","fulltime","","","","","",False,"","","","","Il nostro Business
  
Adare Pharma Solutions è un’organizzazione globale di sviluppo e produzione conto terzi (CDMO), con sedi in Nord America e in Italia. Offriamo un ampio ventaglio di servizi di produzione, confezionamento e di ricerca e sviluppo. I nostri clienti spaziano da aziende biotech in espansione impegnate nello sviluppo di studi clinici innovativi, fino a società farmaceutiche consolidate che producono grandi volumi di medicinali approvati e ampiamente utilizzati.
  
Attraverso talenti di alto livello provenienti dal settore life science da un lato e tecnologie moderne di sviluppo e produzione dall’altro, Adare consente ai clienti di fornire farmaci potenzialmente salvavita in forme più facilmente somministrabili, in particolare per pazienti quali neonati e anziani. Questo è il significato di “Trasformare la somministrazione di farmaci – trasformare le vite.”
  
La nostra Cultura
  
Anche se lavoriamo in paesi diversi e proveniamo da contesti diversi, noi dipendenti di Adare collaboriamo per uno scopo comune. Essere dipendenti di Adare significa collaborare insieme verso uno scopo comune, pur lavorando in paesi diversi e provenendo da contesti diversi. Supportati da una leadership di riconosciuta esperienza nel settore, stiamo tracciando la strada verso un futuro più luminoso, attirando i migliori talenti all'interno e oltre il settore CDMO. Nel fornire risultati di alta qualità ai nostri clienti esterni, promuoviamo internamente una cultura collaborativa e orientata al cliente, in cui i dipendenti si supportano a vicenda, condividono conoscenze e si incoraggiano reciprocamente a dare il meglio ogni giorno.
  
Perché scegliere Adare?
  
Adare è un’azienda di proprietà di fondi di private equity ed è proiettata verso una crescita esponenziale. Ai dipendenti vengono offerte opportunità di sviluppo professionale per avanzare all’interno dell’organizzazione, rafforzando le proprie competenze professionali e la conoscenza del settore grazie all’investimento di Adare nella loro crescita.
  
Sono presenti diverse aree in cui intraprendere una carriera, quali produzione, ingegneria, qualità, CQ, ricerca \& sviluppo, amministrazione e finanza, supply chain, commerciale, marketing, project management, risorse umane e salute, sicurezza e ambiente (HSE).
  
Il nostro pacchetto di benefit è competitivo e include assicurazione sanitaria, piano pensionistico, premio di partecipazione e altri benefit previsti da accordo interno.
  
  

Posizione
  
Siamo alla ricerca di un/una GMP Compliance Specialist che si unisca al nostro Production Team.
  
**CCNL di riferimento:** industria chimico\-farmaceutica
  
Assunzione a tempo indeterminato
  
RAL a partire da euro 32\.364,78
  
Categoria e posizione organizzativa min. D2
  
  

Sede di lavoro
  
Pessano con Bornago
  
  

Descrizione
  
Il/la GMP Compliance Specialist risponde al Direttore della Produzione – Director I, Production PES and Industrialization, ed in collaborazione con le altre funzioni di GMP Compliance e di Production Supervisor si occupa di garantire il rispetto e la corretta applicazione delle norme GMP all’interno del reparto di produzione. E’ responsabile del mantenimento della documentazione di reparto (Batch Record, procedure…) e della gestione delle Deviazioni, CAPA, Change e Reclami inerenti la produzione.
  
Responsabilità
  
Le attività e le responsabilità principali di questa posizione includono quanto segue. Altri incarichi potranno comunque essere assegnati.
  
* Svolge il proprio lavoro nel rispetto delle procedure aziendali e delle disposizioni di legge in materia di sicurezza sul lavoro e delle Norme di Buona Fabbricazione.
* Collabora con il/la responsabile di produzione, Quality Assurance e con le altre funzioni aziendali nella gestione delle attività previste da Deviazioni, CAPA, Change e Reclami.
* Partecipa attivamente all’indagine e investigazione per la risoluzione delle anomalie individuandone le cause radice e suggerendo le contromisure più adeguate.
* È responsabile della stesura di nuovi master Batch Record e della revisione per aggiornamento di quelli già esistenti.
* E’ responsabile dell’implementazione di nuovi Batch Record elettronici e del mantenimento di quelli già esistenti.
* È responsabile della stesura e dell’aggiornamento delle procedure di produzione e di ogni altro tipo di documentazione o strumento del sistema di qualità aziendale.
* In collaborazione con il/la Responsabile di Produzione e Production Supervisor partecipa alla valutazione dei dati generati durante le operazioni di produzione.
* Applica i principi dell’Operational Excellence per mantenere un alto livello di efficienza nel proprio ruolo e partecipa ai progetti di miglioramento continuo.
* Lavora in modo efficace nel rispetto delle scadenze.


Formazione, Esperienza e Competenze
  
* Preferibilmente Laurea in CTF, Chimica, Farmacia o studi affini (I livello o Specialistica) presso un'università o un istituto universitario accreditato.
* Esperienza di almeno 3 anni nel settore farmaceutico in ruoli analoghi
* Conoscenza delle GMP
* Buona conoscenza base della lingua inglese, scritta e orale (minimo livello B2\).
* Eccellente capacità di comunicazione interpersonale, scritta e orale.
* Capacità di lavorare con forte orientamento al raggiungimento dei risultati.
* Ottima conoscenza del pacchetto Microsoft Office, comprese competenze avanzate in Excel.
* Capacità di contribuire e lavorare all'interno di un team inter\-funzionale.


**N.B.:** Durante il processo di selezione i/le candidati/e verranno sottoposti a visite mediche volte a verificare la loro idoneità alla mansione. Si chiede pertanto di non presentare la propria candidatura ovvero a coloro che risultano essere allergici a pollini e/o acari e/o peli di animale e/o che presentano sintomi quali rinite allergica, oculorinite, tosse, broncocostrizione, reazione cutanea eczema, o asma.
  
  

Adare Pharma si impegna per le pari opportunità nel lavoro, anche in attuazione dei D.Lgs n. 205/03 e n. 206/03, vietando ogni forma di discriminazione sulla base di razza, colore, religione, sesso, orientamento sessuale, identità/espressione di genere, nazionalità, età, disabilità e stato civile.
  
Adare è un’organizzazione che lavora quotidianamente per abbattere ogni divario di genere, nella consapevolezza la piena valorizzazione del talento femminile rappresenti un elemento fondamentale per una maggiore creazione di valore economico ed umano. In Adare entrambi i generi sono equamente rappresentati anche in caso di ruoli manageriali. In Adare abbiamo strutturato un sistema di gestione utile per la certificazione della parità di genere; quindi, lavoriamo quotidianamente per contrastare ogni forma di non inclusione nei nostri processi di gestione e nella nostra comunicazione interna ed esterna. Il processo di selezione non fa eccezione: al nostro personale che si occupa della selezione e reclutamento è fatto divieto di porre domande che direttamente o indirettamente siano relative ai temi della gravidanza, del matrimonio o – in generale – della responsabilità di cura. Se sei una donna e stai leggendo questo annuncio, sappi che il tuo genere non rappresenterà un ostacolo al processo di selezione.
  
  

SOLO CANDIDATI
  
NO AGENZIE O TERZI
  
  

**Attention Job Seekers and Applicants:** Please be aware of attempted recruiting scams. While Adare does conduct virtual interviews for some positions, we do NOT use Skype or Google Meet. If you are contacted by someone regarding a job opportunity, please be vigilant in reviewing the details of any and all correspondence. Here are some things to look out for: bad grammar; font inconsistencies or formatting irregularity: logos not properly sized, stretched out, blurred; numerous different font styles and sizes within the content of an email or letter; company impersonators (postings that mirror a reputable company, but there’s no link to the business) mismatched email or website domains, or there is difficulty with locating an address, business phone number, and/or email address, financial requests: Do not provide payment or account credentials as part of the application process. Legitimate companies should not require transfers, checks, gift cards or the wiring of funds as a condition of the application process. Additionally, equipment purchases: be cautious if a company asks you to purchase your own equipment (computers, iPads, mobile phones) and requests you to mail it to their IT department. Applicant Follow\-up Questions: Proceed with caution if you receive an application follow\-up request that requires you to click on a link to answer additional questions; especially if the questions request personal information such as a social security number. General anonymity: proceed with caution if you can’t quickly verify the identity of the poster.","","https://it.indeed.com/cmp/Adare-Pharma-Solutions-1","","https://adarepharmasolutions.com/","Philadelphia, PA","501 to 1,000","$100M to $500M (USD)","With over 30 years of proven legacy, Adare has successfully developed and manufactured more than 40 products sold by partners in more than 100 countries globally.","","","","","","","quality assurance pharma"
"li-4463963868","linkedin","https://www.linkedin.com/jobs/view/4463963868","","Quality Assurance - LIFE SCIENCE","ALTEN Italia","Monza, Lombardy, Italy","2026-09-11","","","","","","",False,"","","","","","","https://it.linkedin.com/company/altenitalia","","","","","","","","","","","","","quality assurance pharma"
"li-4446772871","linkedin","https://www.linkedin.com/jobs/view/4446772871","","Stage Quality Assurance","Recipharm","Brescia, Lombardy, Italy","2026-09-11","","","","","","",False,"","","","","","","https://se.linkedin.com/company/recipharm","","","","","","","","","","","","","quality assurance pharma"
"li-4463976273","linkedin","https://www.linkedin.com/jobs/view/4463976273","","SUPPLIER QUALITY ENGINEER / QUALITY ASSURANCE ENGINEER","Synergie Italia","Cassano d'Adda, Lombardy, Italy","2026-09-11","","","","","","",False,"","","","","","","https://it.linkedin.com/company/synergie-italia","","","","","","","","","","","","","quality assurance pharma"
"li-4466064864","linkedin","https://www.linkedin.com/jobs/view/4466064864","","Quality Assurance - Tirocinio Curriculare","Gruppo Montenegro","Dolzago, Lombardy, Italy","2026-09-11","","","","","","",False,"","","","","","","https://it.linkedin.com/company/gruppo-montenegro","","","","","","","","","","","","","quality assurance pharma"
"li-4465017683","linkedin","https://www.linkedin.com/jobs/view/4465017683","","SPECIALISTA QHSE - SISTEMA QUALITA'","In Job","Curno, Lombardy, Italy","2026-09-09","","","","","","",False,"","","","","","","https://it.linkedin.com/company/in-job-spa","","","","","","","","","","","","","quality assurance pharma"
"li-4463569443","linkedin","https://www.linkedin.com/jobs/view/4463569443","","Officer, Quality Assurance","Hikma Pharmaceuticals","Pavia, Lombardy, Italy","2026-09-08","","","","","","",False,"","","","","","","https://uk.linkedin.com/company/hikma-pharmaceuticals","","","","","","","","","","","","","quality assurance pharma"
"li-4455846651","linkedin","https://www.linkedin.com/jobs/view/4455846651","","Specialista di schema di certificazione volontaria","CSI S.p.A.","Bollate, Lombardy, Italy","2026-09-08","","","","","","",False,"","","","","","","https://it.linkedin.com/company/csi-s-p-a","","","","","","","","","","","","","quality assurance pharma"
"li-4462218877","linkedin","https://www.linkedin.com/jobs/view/4462218877","","Addetto al Sistema di Gestione Qualità e Ambiente (M/F/NB)","Randstad Italia","Brescia, Lombardy, Italy","2026-09-07","","","","","","",False,"","","","","","","https://it.linkedin.com/company/randstad-italia","","","","","","","","","","","","","quality assurance pharma"
"in-e4ff2ae8ff7724d2","indeed","https://it.indeed.com/viewjob?jk=e4ff2ae8ff7724d2","https://essers.wd103.myworkdayjobs.com/Careersite_External/job/City/RP_JR-033162-2","Responsible Person","H.Essers","Siziano, LOM, IT","2026-09-10","","","","","","",False,"","","","","Are you ready to harness your passion for quality in the dynamic role of Responsible Person? Discover below the challenges and rewards that come with this role at H.Essers.

**YOUR CHALLENGES**

As Responsible Person, you ensure compliance with:

* GDP regulations for human and veterinary medicinal products
* Legislative Decree 219/2006
* EU GDP Guidelines (2013/C 343/01\)
* Ministerial Decree 6 July 1999
* Legislative Decree 218/2023
* EU Regulation 2021/1248

**Quality Management**

* Investigate quality issues and regulatory questions.
* Perform risk assessments and Quality Risk Management activities.
* Analyze data and propose corrective and preventive actions.
* Prepare and maintain quality documentation.

**Reporting \& Management Support**

* Prepare reports, analyses and recommendations.
* Present findings to management.
* Contribute to Management Reviews and quality performance monitoring.

**Project Management**

* Support quality and compliance projects.
* Define project scope and timelines.
* Participate in project meetings and implementation activities.

**Training \& Continuous Improvement**

* Deliver GDP/GxP training to employees.
* Keep up to date with regulatory developments.
* Support continuous improvement initiatives.
* Review and improve quality processes and procedures.

**Stakeholder Management**

* Act as the main quality reference point for internal departments.
* Interface with customers, suppliers and regulatory authorities (e.g. Ministry of Health, AIFA).
* Support business operations with quality and regulatory advice.

**YOUR TALENTS**

* Analytical thinking
* Problem\-solving mindset
* Collaboration and teamwork
* Advisory and influencing skills
* Continuous learning attitude
* Strong communication skills

**Education Requirements**


Mandatory degree in:

* Pharmacy
* Pharmaceutical Chemistry and Technology (CTF)
* Chemistry
* Industrial Chemistry

**Additionally**

* Eligible for registration with the relevant professional body.
* Eligibility and willingness to become a Qualified Person (QP) is considered an advantage.

**YOUR REWARD**

* Competitive salary package with a target RAL starting from approximately €40,000\.
* Meal vouchers for each working day through the Edenred platform.
* Employment conditions in line with the CCNL Logistics, Transport and Freight Forwarding Sector.
* Company smartphone and laptop provided to support your daily activities.

**7500 REASONS TO CHOOSE H.ESSERS**

* Family values: have provided a strong foundation of trust and commitment for both employees and customers since 1928
* Job security: in a rapidly changing world
* Ambitious team: with 7500 dedicated colleagues, we strive for excellence and have an abundance of ambition and opportunity
* Innovation: in our processes and services, enabling us to serve our customers ever more efficiently and sustainably
* Sustainable international growth: recognizing our social, economic, and environmental responsibilities as an organization to have a positive impact on society as a whole
* Diversity and inclusion: are crucial to a healthy and productive work environment and are actively embraced within H.Essers

**These are just a few reasons why H.Essers is an attractive choice, we are eager to discover your reason(s).**","Transport And Freight","https://it.indeed.com/cmp/H.essers-2","https://d2q79iu7y748jz.cloudfront.net/s/_squarelogo/256x256/de2e2ac78b088853a0f35ebf47340278","https://jobs.essers.com/en/","Genk, BE","5,001 to 10,000","$100M to $500M (USD)","H.Essers is a place where our 7,500 ambitious colleagues dare to be entrepreneurial, grab opportunities and make a difference every day. Because sustainable growth is something we do together.","","","","","","","qualified person"
"in-b68e874b62f7b824","indeed","https://it.indeed.com/viewjob?jk=b68e874b62f7b824","https://grnh.se/4wul19o61us","Market Associate","Airbnb","Milano, LOM, IT","2026-09-08","","","","","","",False,"","","","","Airbnb was born in 2007 when two hosts welcomed three guests to their San Francisco home, and has since grown to over 5 million hosts who have welcomed over 2 billion guest arrivals in almost every country across the globe. Every day, hosts offer unique stays and experiences that make it possible for guests to connect with communities in a more authentic way.

***Please note this is a hybrid position from our Milan office.***


**The Community you will join:**



Our Supply Team is growing, and we want you to be part of it! As a Market Associate, you will play a crucial role in the retention, growth, and optimization of host entrepreneurs and rising hosts in your assigned territory. These hosts are individuals who manage their own property or support owners by hosting on their behalf. You will focus on building strong relationships with these hosts, helping them optimize their listings, improve pricing strategies, and enhance their overall success on Airbnb.


**The difference you will make:**



As a Market Associate, you will be responsible for the retention and growth of long\-tail Hosts in an assigned territory. You will establish and nurture business relationships with emerging entrepreneurs by suggesting and supporting strategic initiatives that drive their success on Airbnb. These initiatives will include supply optimization, pricing optimization, host recruitment, and platform education. In addition, as these Hosts successfully grow on the platform, it will be essential that you support them in delivering authentic, high\-quality hosting that creates memorable guest experiences. Beyond one\-to\-one account management responsibilities, you'll also support Market Managers on your team to deliver one\-to\-many education programs, such as webinars and scaled e\-mail communication. Ultimately, this team will be responsible for helping long\-tail Hosts thrive on Airbnb.


**A typical day:**


* Manage a book of business consisting of host entrepreneurs and rising hosts, ensuring their retention, growth, and optimization on Airbnb.
* Conduct one\-on\-one optimization and onboarding conversations, providing strategic recommendations on pricing, availability, and listing quality.
* Secure availability over high compression dates, ensuring hosts maximize their revenue potential.
* Educate hosts on product updates and policy changes, while channeling their feedback to internal teams.
* Respond to host inquiries and provide timely, high\-quality support to improve their experience on the platform.
* Analyze performance data to identify trends and take action on opportunities that drive increased bookings and host success.
* Develop long\-lasting relationships with hosts, ensuring they receive ongoing support tailored to their needs.


**Your expertise:**


* 3\+ years of experience in new sales, account management, or partner support.
* 2\+ years of hospitality/travel industry experience (nice to have).
* Strong time management and prioritization skills, with the ability to manage multiple accounts effectively.
* Proven experience working a book of business, driving engagement and growth through proactive account management.
* Highly goal\-driven, with a strong bias for action and persistence in the face of challenges.
* Excellent communication and presentation skills, with the ability to engage effectively via phone, email, and in\-person.
* Proficiency in CRM tools, particularly working with leads and opportunities (Salesforce experience is a plus).
* **Fluency in Italian \& English.**


**Our Commitment To Inclusion \& Belonging:**



Airbnb is committed to working with the broadest talent pool possible. We believe diverse ideas foster innovation and engagement, and allow us to attract creatively\-led people, and to develop the best products, services and solutions. All qualified individuals are encouraged to apply.

  

**Reasonable Accommodations:** We are committed to providing reasonable accommodations throughout the recruitment process for applicants with disabilities. If you need assistance, or an accommodation, please let your recruiter know once you are contacted about a role.


**A Note on Recruiting Scams:** Scammers sometimes pose as Airbnb recruiters to get money or personal information from candidates. A few things that will always be true for Airbnb's hiring process: our open roles are posted on Airbnb's Career's Page at careers.airbnb.com, and our recruiters correspond only from @airbnb.com or @ext.airbnb.com email addresses. Our recruiters will never ask for your Social Security number, bank account details, passport, or payment app information while you are interviewing. We'll also never ask you to pay a fee, send money, deposit or cash a check, or purchase work\-related equipment (such as a company laptop) during the interview process. We encourage candidates to remain vigilant of these recruiting scams and not share sensitive information if you do not believe an individual is actually affiliated with Airbnb.","Internet And Software","https://it.indeed.com/cmp/Airbnb","https://d2q79iu7y748jz.cloudfront.net/s/_squarelogo/256x256/b35a06a64b6d3522e431c31f79fc2532","https://www.airbnb.com","888 Brannan Street, San Francisco, CA 94103, United States
","1,001 to 5,000","$100M to $500M (USD)","Airbnb is a global travel community that offers magical end-to-end trips, including where you stay, what you do and the people you meet.","","","","","","","qualified person"
"in-f7b92552153a35a8","indeed","https://it.indeed.com/viewjob?jk=f7b92552153a35a8","https://abb.wd3.myworkdayjobs.com/External_Career_Page/job/Quartino-Ticino-Switzerland/Global-Supplier-Quality-Engineer---PCBA-Cables_JR00045934","Global Supplier Quality Engineer – PCBA&Cables","ABB","Bergamo, LOM, IT","2026-09-07","","","","","","",True,"","","","","At **ABB**, we help industries run leaner and cleaner—and every person here makes that happen. You’ll be empowered to lead, supported to grow, and proud of the impact we create together. Join us and help run what runs the world.

**This position reports to:**


Global Quality \& Continuous Imp Manager
\_\_


We are looking for a **Global Supplier Quality Engineer (SQE)** – **Commodity PCBA \& Cable**, who will be responsible for leading the qualification, development, and performance management of a panel of approximately **10–15 global EMS suppliers** located across different regions worldwide.


This position plays a key role within the rapidly growing **Critical Power business**, driven by the strong expansion of the data center market.


The work model for the role is: Hybrid / remote.  

  

**Roles and Responsibilities:**

* Ensures the execution of the supplier qualification process and that the relevant suppliers are fully qualified and remain compliant with the required standards.
* Leads improvement projects in collaboration with the on\-site Supplier team (Supplier Development)
* Uses supplier quality management tools and systems for collaboration, reporting, monitoring and disposition of quality, delivery, cost, and compliance metrics
* Ensure consistency in the process/product controls performed on the different parts purchased from different ABB Manufacturing Units/ Local Sales Unit (LSOs).
* Leads in promptly addressing supply issues related to quality, deliveries, non\-compliant products, or project services.
* Promotes early supplier involvement in product development activities to maximize capture of supplier innovation and drive improvements in quality, delivery, cost, and risk management.

**Preferred Qualifications:**

* Bachelor’s or master’s degree in electronic or electrical engineering
* **10\+ years of experience in Quality Management roles** within **a EMS (Electronic Manufacturing Services) Industry**
* Deep product knowledge of **IPC Standard.** Being an IPC\-A\-610/IPC\-A\-620 trainer is considered a plus
* Proven experience in cross\-functional and cross\-site Quality management, including **RCA methodologies, CAPA processes, and KPI\-driven performance management**
* **Green Belt of Black belt** certifications
* Strong communication and stakeholder management skills, with the ability to influence and align global teams across different cultures and organizational levels


Building a cleaner, smarter future takes all kinds of minds: the curious, the courageous, and the creative. That's why we welcome people from all backgrounds and experiences.




Ready to make an impact?


Apply today or visit **https://www.abb.com** to learn more about the impact of our solutions across the globe.","","https://it.indeed.com/cmp/Abb","https://d2q79iu7y748jz.cloudfront.net/s/_squarelogo/256x256/6998783079e0a69c900c56473963cc0c","http://www.global.abb/group/en","Zürich","10,000+","more than $10B (USD)","","","","","","","","qualified person"
"in-a1d45cb39273990b","indeed","https://it.indeed.com/viewjob?jk=a1d45cb39273990b","https://unobravointernational.teamtailor.com/jobs/8314757-vp-of-technology-product","VP of Technology & Product","Unobravo International","Milano, LOM, IT","2026-09-03","","","","","","",False,"","","","","From day one at Unobravo, we’ve been **on a mission to make mental health support truly accessible to everyone** by normalizing therapy, fostering openness, and breaking down the stigma that still surrounds it.  

Our success is driven by an exceptional team dedicated to providing high\-quality, accessible care, anytime, anywhere. With over 9,500 qualified therapists and more than 10 million therapy sessions delivered, **we’re proud to have made a meaningful difference in countless lives.**


To take our company to the next level, we're looking for a **VP of Technology \& Product** to lead the next chapter of our Technology \& Product organisation.


We're looking for a **technically credible, product\-minded leader** who combines strategic thinking with pragmatic execution and leads with **trust, strong leadership and low ego**.

**Reporting to the COO**, you'll lead **Engineering, Product and Design** across an organisation of \~**50 people**, bringing these disciplines together around a shared strategy while empowering their respective leaders.


You'll also play a **key role in driving Unobravo's responsible adoption of AI and emerging technologies**, identifying opportunities to create meaningful value while ensuring innovation remains grounded in **clinical integrity, user trust, safety and regulatory requirements**.


Unobravo is first and foremost a **mental health company**. Technology enables our mission; this role will ensure Product and Technology can deliver it **responsibly and at scale**.

### **The Essentials**

* **Preferred Location:** Milan\-based. As a senior leadership role, we expect regular in\-person presence in our Milan office (2/3 days/week) recognising the value of face\-to\-face collaboration at this level.
* **Salary range:** Starting from €100,000 gross annual base salary, with the final package determined based on experience and scope, in line with our commitment to transparent and equitable compensation practices.

### **What You'll Do**

* **Strategy \& Prioritisation**: Driving an integrated technology strategy that serves both patients and therapists, translates company priorities into clear direction and roadmaps and balances user needs, clinical impact, business value, scalability and long\-term sustainability.
* **Cross\-Functional Leadership**: Creating the conditions for Engineering, Product and Design to operate as a cohesive, outcome\-oriented organisation.
* **Executive Communication \& Influence**: Representing Technology and Product at leadership level, translating complex trade\-offs, constraints and risks into clear business implications and advocating for the investments needed to support the company over the long term.
* **Technology Scalability \& Reliability**: Ensuring Unobravo operates a scalable, secure and reliable technology platform capable of supporting our long\-term ambitions.
* **Pragmatic Engineering Culture**: Fostering a pragmatic engineering culture that values simplicity, maintainability and impact over unnecessary complexity or hype\-driven technology decisions.
* **Technical Sustainability**: Balancing speed and innovation with technical sustainability, including the effective management of technical debt, architecture and platform evolution.
* **AI Strategy \& Governance**: Shaping and championing the organisation’s AI strategy and culture, influencing how teams adopt, experiment with and embed AI into their ways of working, while establishing appropriate governance and ensuring alignment with clinical, ethical, security and regulatory standards.
* **Leadership \& Talent Development**: Leading, coaching and developing senior leaders across Engineering, Product and Design, creating strong functional leadership while fostering collaboration across disciplines.
* **Low\-Ego Culture \& Ownership**: Building a low\-ego culture where teams have meaningful ownership, people can challenge decisions openly and the best ideas win regardless of hierarchy.
* **Customer\-Centred Delivery**: Ensuring teams deliver meaningful value through customer insight, experimentation, data\-informed iteration and high\-quality execution.

### **️ YOU WILL BE THE PERFECT FIT IF YOU HAVE:**

### **Technology \& Product Leadership**

* Significant **leadership experience within Engineering or Technology**, with meaningful responsibility for Product and cross\-functional product development organisations.
* A **strong technical foundation** and credibility, with the ability to **understand architecture, challenge technical decisions** and evaluate technology trade\-offs without undermining team ownership.
* Strong **product judgement** and the ability to balance customer value, business priorities, engineering sustainability and speed of execution.
* A track record of **delivering successful digital products** and **scaling technology organisations** in high\-growth environments.
* Experience in **regulated or highly trust\-sensitive environments** such as healthcare, fintech or other data\-sensitive platforms is highly valued.

### **Organisational \& People Leadership**

* Proven experience **leading and developing leaders**, building high\-performing teams and evolving organisations as they scale.
* A l**ow\-ego leadership style** characterised by intellectual humility, curiosity, direct communication and a genuine commitment to **enabling others to succeed**.
* The ability to **create clarity and accountability** while giving leaders and teams meaningful autonomy.

### **Business \& Executive Leadership**

* Strong **business acumen** and the ability to connect **Technology** and **Product** decisions to broader company outcomes.
* Demonstrated **ability to influence senior stakeholders**, communicate complexity simply and advocate for **long\-term technology needs** in business terms.
* The confidence to **challenge decisions** constructively and stand behind Product and Technology needs when they serve the company's long\-term interests.
* Strong **strategic thinking** combined with the **pragmatism** to know when good enough is better than perfect.

### **AI \& Responsible Innovation**

* Strong u**nderstanding of AI** and **emerging technologies** and the ability to identify where they can create **meaningful value** for users and the business.
* Experience navigating the **ethical, security, governance or regulatory considerations** associated with technology and AI adoption.
* A **thoughtful approach** to innovation that balances opportunity with **Unobravo's responsibility towards patients, therapists and their data.**

### **Power\-Ups**

* Experience leading or partnering closely with **Design** and **Research** functions.
* Experience operating in a **European regulatory environment**.
* Experience **scaling** organisations across **multiple markets.**

***Not everyone checks every box, and that’s okay. If this role inspires you and you’re passionate about making an impact in our mission, we’d love to hear from you***

### **What we offer**

 **Scaling with purpose**  

Step into a work environment that's in **constant motion**, and **ever\-evolving**. Be part of a company that's on the rise!  

  

**Everyone Needs Unobravo**  

Your mental health matters. Get access to **exclusive discounts on psychotherapy sessions** with our professionals: your well\-being comes first.

 **Moments That Matter**  

Enjoy unforgettable**company retreats**,**team\-building**experiences, nationwide **aperitivo parties**and more.. Because we love celebrating milestones together!

 **Free Online Language Training ️**  

We speak your language, and want you to speak ours! Enjoy a **free membership and conversation courses** on our language platform to grow personally and professionally.

**Birthday Off**  

Celebrating the passing of time is also fun at Unobravo! All employees can enjoy a **day off** on the month of their **birthday**.

 **World Mental Health Day, Our Way ‍️**  

On World Mental Health Day, we step back together, giving each of us **an additional day off** to rest, reflect and recharge.

 **Inclusive Parental Leave**  

Enjoy **extra days off** to celebrate the arrival of your little ones. Available for **all parents**, including biological fathers, same\-sex parents, adoptive, and foster parents. Because every family deserves time to connect.

### **To Fit in Our Culture**

  

At Unobravo, what truly connects us isn’t just *what* we do — it’s *how* we do it.  

If you’re curious to discover the values and behaviors that guide us every day, take a look at our **Culture Page** and see what being part of Unobravo really means.

### **Come as you are**

  

At Unobravo, everyone is welcome. We value individuality and believe that diverse perspectives make us stronger.  

We’re proud to be an equal\-opportunity employer and to provide reasonable accommodations to ensure a fair and accessible hiring process for all.  

If you require any support or adjustments during the application or interview process, please let us know, we’ll do our best to make sure you have a positive experience.

### **️ Selection Process**

  

Every application is carefully reviewed by our Talent team. If your profile matches the role, we’ll reach out to schedule an introductory call.  

Our selection journey may vary depending on the position, but it’s always designed to be clear, engaging, and meaningful. You might be invited to complete a case study and will meet your future manager and key team members along the way, so you can get a real sense of what it’s like to work with us, because finding the right fit goes both ways.  

And don’t worry! You’ll always have a dedicated point of contact from our Talent team to guide you through each step and make sure you have the best possible experience.","","https://it.indeed.com/cmp/Unobravo-International","","","","","","","","","","","","","qualified person"
"in-a8bd063c2b2b1a9d","indeed","https://it.indeed.com/viewjob?jk=a8bd063c2b2b1a9d","http://it.indeed.com/job/educatoretrice-semi-autonomia-minori-stranieri-non-accompagnati-a8bd063c2b2b1a9d","EDUCATORE/TRICE SEMI AUTONOMIA MINORI STRANIERI NON ACCOMPAGNATI","GENERA SOCIETA' COOPERATIVA SOCIALE ONLUS","Baggio, LOM, IT","2026-09-11","parttime, fulltime","","","","","",False,"","","","","**Chi siamo**  
Equa Cooperativa Sociale è una realtà di oltre 450 figure qualificate che ogni giorno progettano e operano per offrire servizi educativi, socioeducativi, socioassistenziali, sociosanitari e di accoglienza.

**La persona che stiamo cercando**  
Equa seleziona un/a educatore/trice per gli appartamenti di semi\-autonomia di zona Baggio, servizio dedicato ad accogliere minori stranieri non accompagnati.

**Dove:**

Appartamenti msna quartiere Baggio, Milano

Il servizio nasce nel 2013 per accogliere e guidare verso l’autonomia giovani trai 15 e i 18 anni di nazionalità straniera giunti fin qui senza accompagnamento.

**Tipo di collaborazione:**

· Iniziale contratto a tempo determinato, finalizzato al lungo termine

· Livello D2 CCNL Cooperative Sociali

· Retribuzione base proporzionata alle ore contrattuali: 1636,8 euro lordi mensili per full 36 h

· Assistenza sanitaria integrativa (per i dipendenti a tempo indeterminato)

· Monte ore e distribuzione oraria: 36 ore settimanali, turni 7/7 diurni e serali compresi nella fascia oraria 09:00\-22:30 (no notti ma reperibilità notturna una volta a settimana).

**Cosa farai:**

· Osservazione e valutazione dei bisogni e delle autonomie dell’utenza

· Elaborazione, gestione e monitoraggio percorsi educativi ad hoc singoli e di gruppo, volti a fornire gli strumenti per la creazione di una propria autonomia

Supporto nella gestione delle necessità quotidiane (relative ad esempio allo studio per chi frequenta la scuola e alla ricerca lavoro o di una nuova sistemazione abitativa per i più adulti)

· Supporto operativo alle diverse figure professionali sanitarie e non, interne al centro e di rete

· Partecipazione alle riunioni di équipe e ai momenti di verifica

**Cosa cerchiamo in te**

· Laurea in scienze dell’educazione o area di pertinenza (mediazione linguistica, sociologia, ambito processi migratori ecc.)

· Preferibile conoscenza lingua araba o francese

· Capacità di lavorare in team e in rete

· Empatia, capacità di ascolto, mediazione costruzioni di relazioni significative

· Dinamicità e flessibilità

· Dimestichezza con mansioni organizzative e gestione delle reti

**Cosa offriamo:**

· opportunità di crescita e formazione

· Opportunità formative e di supervisione costante

· un ambiente innovativo e stimolante

· attenzione e cura per le nostre risorse

· possibilità di conciliazione vita\-lavoro

· flessibilità oraria

· Servizi di welfare aziendale: convenzioni e agevolazioni per servizi esterni

· sportello counseling gratuito per il tuo benessere

Se vuoi saperne di più su di noi? Dai un'occhiata al nostro sito e ai nostri servizi visitando https://equacooperativa.it

Retribuzione: a partire da €1\.636,80 al mese

Sede di lavoro: Di persona","","https://it.indeed.com/cmp/Genera-Societa'-Cooperativa-Sociale-Onlus","","","","","","","","","","","","","persona qualificata"
"in-d2206ec5269406ad","indeed","https://it.indeed.com/viewjob?jk=d2206ec5269406ad","http://it.indeed.com/job/educatorieducatrici-voghera-assistenza-scolastica-d2206ec5269406ad","Educatori/educatrici a Voghera per assistenza scolastica","CresciAmo Società Cooperativa Sociale","Viguzzolo, PIE, IT","2026-09-11","parttime, fulltime","","","","","",False,"","","","cresciamocoop@gmail.com","Anno scolastico 2026/27: cercasi educatori/educatrici a Voghera, Viguzzolo e Tortona per assistenza scolastica

**Posizione**

Educatori/educatrici per l'assistenza scolastica (requisiti necessari)

**Località**

Voghera (PV) e limitrofi

**Descrizione Azienda**

CresciAmo ha maturato la propria esperienza attraverso la gestione di asili nido e scuole dell'infanzia paritarie di concezione innovativa. Da questo importante percorso, CresciAmo ha allargato i suoi orizzonti per offrire nuovi servizi a sostegno dell'individuo. Tra questi, anche una serie di servizi dedicati alle persone con disabilità: assistenza educativa all'interno degli Istituti Scolastici; assistenza alla comunicazione; servizi e interventi socio\-educativi e assistenziali personalizzati per disabili; progetto di supporto alle famiglie nel tempo libero.

**Responsabilità**

\- Sviluppare e implementare programmi educativi personalizzati per bambini con disabilità.

\- Collaborare con il team multidisciplinare per garantire un ambiente inclusivo e di supporto.

\- Fornire assistenza individuale ai bambini disabili nell'ambito delle attività quotidiane e dello sviluppo sociale.

\- Monitorare e documentare il progresso degli studenti, fornendo aggiornamenti regolari ai genitori e al personale coinvolto.

\- Adottare approcci creativi e flessibili per adattarsi alle esigenze specifiche di ciascun bambino.

**Requisiti**

**\- Laurea in Scienze dell'Educazione (L\-19\), Psicologia, Pedagogia OPPURE Diploma in Scienze Umane CON DUE ANNI DI ESPERIENZA**

\- Conoscenza delle metodologie di insegnamento inclusive.

\- Abilità comunicative eccellenti e capacità di lavorare in team.

\- Empatia, pazienza e dedizione nei confronti dei bambini con disabilità.

\- Certificazioni o formazioni specializzate saranno considerate un vantaggio.

**Offriamo**

\- Retribuzione lorda di € 1555 full time da ripartire in base alle ore

\- Un ambiente di lavoro inclusivo e collaborativo.

\- Opportunità di crescita e sviluppo professionale.

\- Retribuzione competitiva in base all'esperienza e alle competenze.

**Come Candidarsi**

Gli interessati CHE RISPETTANO I REQUISITI NECESSARI sono invitati a inviare il proprio curriculum vitae all'indirizzo email cresciamocoop@gmail.com. Tutte le altre candidature non verranno prese in considerazione.

L'azienda promuove attivamente la diversità e l'inclusione e incoraggia tutte le persone qualificate a candidarsi, indipendentemente da età, genere, origine nazionale o altre caratteristiche personali.

Retribuzione: Fino a €1\.594,00 al mese

Sede di lavoro: Di persona","","https://it.indeed.com/cmp/Cresciamo-Societ%C3%A0-Cooperativa-Sociale","","","","","","","","","","","","","persona qualificata"
"in-bf18e0c23e1a562e","indeed","https://it.indeed.com/viewjob?jk=bf18e0c23e1a562e","http://it.indeed.com/job/onicotecnica-part-time-30-ore-bf18e0c23e1a562e","Onicotecnica PART TIME 30 ORE","Blose beauty","Milano, LOM, IT","2026-09-11","fulltime","","","","","",False,"","","","info@blosebeauty.com","BLOSE BEAUTY

Siamo alla ricerca di una **Onicotecnica** PARTTIME 30 ORE qualificata da inserire nel nostro team. Se hai passione per il mondo della bellezza, una buona manualità e l’abilità di creare manicure impeccabili, questa è l'opportunità che fa per te!

**Requisiti richiesti:**

* Utilizzo della fresa (manicure a secco)
* Esperienza e abilità nella realizzazione di **manicure** e **pedicure**
* Conoscenza delle tecniche di **gel** (dual, cartina) e **smalto semipermanente e rinforzato**
* Professionalità e cura del cliente
* Passione per il settore e aggiornamento sulle nuove tendenze
* Disponibilità a lavorare in team e capacità di relazionarsi con i clienti
* Nail art

**Offriamo:**

* Contratto a tempo determinato con inquadramento come da normativa di legge,
* Ambiente di lavoro dinamico e accogliente
* Formazione continua e opportunità di crescita professionale

**Sede di lavoro:** Corso di porta romana 109 Milano

Se sei una persona motivata e desiderosa di far parte di un team di lavoro professionale, inviaci il tuo CV con allegato portfolio dei lavori e una breve lettera di presentazione all'indirizzo email **info@blosebeauty.com** o contattaci al **351 5718758**

Ti aspettiamo!

Contratto di lavoro: Tempo pieno

Retribuzione: a partire da €1\.000,00 al mese

Benefit:

* Bevande gratis
* Distributori automatici di snack e bevande
* Orario flessibile
* Snack gratis

Esperienza:

* onicotecnica: 2 anni (Obbligatorio)

Sede di lavoro: Di persona","","https://it.indeed.com/cmp/Blose-Beauty","","","","","","","","","","","","","persona qualificata"
"in-7c31e6e35f9ee897","indeed","https://it.indeed.com/viewjob?jk=7c31e6e35f9ee897","http://it.indeed.com/job/beauty-specialist-7c31e6e35f9ee897","Beauty Specialist","TRUTH - Luxury Beauty Institute","Rho, LOM, IT","2026-09-11","parttime, fulltime","","","","","",False,"","","","","TRUTH \- Luxury Beauty Institute \- Rho (MI)

Chi siamo

TRUTH \- Luxury Beauty Institute è un centro estetico di alta gamma specializzato in trattamenti viso, corpo e percorsi personalizzati di bellezza e benessere.  
Offriamo un ambiente elegante, dinamico e orientato alla crescita, dove la professionalità si unisce alla cura dei dettagli.

Responsabilità principali  
o Accogliere e accompagnare la cliente durante tutto il percorso beauty.  
o Effettuare consulenze estetiche personalizzate viso e corpo.  
o Proporre e realizzare protocolli di trattamento in linea con le esigenze della cliente.  
o Promuovere e consigliare i prodotti cosmetici professionali della nostra linea interna.  
o Garantire standard elevati di qualità, igiene e servizio.  
o Collaborare con il team per raggiungere obiettivi comuni di performance e soddisfazione cliente.

Requisiti richiesti  
o Diploma di Estetista (qualifica triennale \+ abilitazione biennale).  
o Esperienza minima di 5 nel settore estetico/beauty.  
o Conoscenza di tecniche estetiche base e avanzate.  
o Passione per il mondo della bellezza e attenzione ai dettagli.  
o Eccellenti capacità comunicative e predisposizione alla consulenza e alla vendita.  
o Orientamento al risultato e al lavoro in team.

Cosa offriamo  
o Formazione continua interna su metodologie e protocolli esclusivi TRUTH.  
o Ambiente elegante e stimolante, con possibilità di crescita professionale.  
o Inserimento in un team dinamico e qualificato.  
o Sistema premiante legato a risultati personali e di squadra.

Inviare CV completo di foto ed aggiornato.

Contratto di lavoro: Tempo pieno, Part\-time, Tempo indeterminato

Retribuzione: €1\.200,00 \- €1\.400,00 al mese

Esperienza:

* beauty specialist: 3 anni (Obbligatorio)

Abilitazione/Certificazione:

* Qualifica estetica (Obbligatorio)

Sede di lavoro: Di persona","","https://it.indeed.com/cmp/Truth---Luxury-Beauty-Institute","","","","","","","","","","","","","persona qualificata"
"in-f7b63d9b1a05176c","indeed","https://it.indeed.com/viewjob?jk=f7b63d9b1a05176c","https://zinrec.intervieweb.it/annunci.php?l=sales-specialist-cat-prot-l6899-art-1-149635&lang=it&d=indeed&LAC=rstore","Sales Specialist - Cat. Prot. L.68/99 art. 1","R-STORE S.p.A","Milano, LOM, IT","2026-09-10","","","","","","",False,"","","","","Grazie alle recenti acquisizioni di Juice, Rekordata, Med Computer, Med Innovations e ICT, avvenuta nel 2024, R\-Store è oggi il principale partner Apple in Italia e tra i più rilevanti al mondo. Con headquarter a Napoli e una presenza in 18 regioni, l’azienda conta 100 negozi, 900 collaboratori e un fatturato di 600 milioni di euro. Oltre al canale retail consumer, supportato da personale altamente qualificato, R\-Store offre soluzioni su misura per aziende, scuole, università e pubblica amministrazione, garantendo un servizio post\-vendita completo come Centro di Assistenza Autorizzato Apple. Dal 2022 il gruppo ha diversificato il business entrando nei settori della Cyber Security e dei dispositivi ricondizionati, fino ad approdare nel 2024 al mondo della fotografia d'autore con l'apertura del primo Leica Store a Napoli.

  

  

**Posizione:**
--------------

In ambito Retail (Vendita, Service, Customer Relation) cerchiamo Apple Sales Specialist per i nostri store **in tutta Italia** appartenenti alle Cat. prot. L.68/99 art. 1 che si occupi di varie attività:

  

* Accoglienza del cliente e analisi dei bisogni finalizzata alla vendita o al Service.
* Proposta delle soluzioni Apple e dell’ecosistema sw, terze parti e accessori.
* Cura dell'esposizione dei prodotti nella show room secondo il planogramma (schema espositivo) e relativi aggiornamenti, previsti da Apple e da R\-Store.
* Aggiornamento e corretta esposizione del materiale di merchandising.
* Primo supporto nella risoluzione di problematica di utilizzo dispositivi Apple.
* Customer relation attraverso i canali messi a disposizione dall'azienda.
* Gestione code e anagrafica clienti in ambito Service Desk.

**Requisiti:**
--------------

Chi cerchiamo?

  

Persone curiose con passione per la tecnologia e soprattutto del mondo Apple

  

Capacità di ascolto, empatia e orientamento al risultato.

  

Esperienza in ambito Retail e preferibilmente nell’elettronica di consumo.

  

Buona conoscenza della lingua inglese.

**Altre informazioni:**
-----------------------

Cosa offriamo:

  

Retribuzione fissa (RAL) e bonus mensile fino al 30%, legato a obiettivi chiari misurabili.

  

Crescita professionale in un’azienda solida, in espansione e con valori condivisi.

  

Un sistema di incentivazione meritocratico basato su risultati misurabili.

  

Percorsi di formazione certificata Apple, con sviluppo di competenze su vendita consulenziale, comunicazione e customer experience.

  

Opportunità di crescita reale all’interno del gruppo R\-Store, sia nel canale retail che in aree specialistiche come business, education e digital solutions.

  

Inquadramento: RAL: 23\.000 \- 25\.000 \- 5/ 4 livello CCNL Commercio e Terziario

  

Perché R\-Store

  

R\-Store come principale Premium Partner del brand, è a capo di un ecosistema strategico che unisce eccellenze complementari: Rekordata, che trasforma il business con soluzioni tecnologiche su misura, e Clever, il cuore green del gruppo dedicato ai prodotti ricondizionati e alla sostenibilità.

  

Inoltre, entrerai a far parte di un ambiente in cui le persone rappresentano il valore più importante. Crediamo che il successo di ogni progetto, decisione e innovazione nasca dal contributo di chi lo rende possibile ogni giorno. Per questo mettiamo collaboratori, clienti e partner al centro di ogni processo, valorizzandone competenze, idee e potenziale. In R\-Store promuoviamo una cultura basata sull’ascolto, sulla collaborazione e sulla crescita reciproca, perché siamo convinti che siano le persone a fare davvero la differenza.","","https://it.indeed.com/cmp/R--store-S.p.a","","","","","","","","","","","","","persona qualificata"
"in-a96312ddf664d26d","indeed","https://it.indeed.com/viewjob?jk=a96312ddf664d26d","https://jobs.ashbyhq.com/teya/29e9e991-62e4-404c-8118-cdf86a92dabd?utm_source=MYP73jnna9","SDR","Teya","Milano, LOM, IT","2026-09-10","fulltime","","","","","",False,"","","","","Teya è una delle Fintech in più rapida crescita in Europa, che ogni giorno supporta migliaia di attività locali. Siamo un'azienda di pagamenti e software che aiuta le piccole imprese a crescere. Crediamo che il commercio locale sia il cuore pulsante delle nostre comunità e siamo qui per offrire ai commercianti gli strumenti e il supporto che meritano per competere con i grandi player.


Mentre continuiamo a crescere, stiamo espandendo il nostro team di field sales e siamo alla ricerca di candidati motivati, orientati alle persone e focalizzati sui risultati che vogliano unirsi alla nostra operatività. Se ti piace entrare in contatto con le persone, prosperi in un ambiente dinamico e frenetico e vuoi crescere in un'azienda che sta rivoluzionando i pagamenti locali, questo è il posto che fa per te!

 **La nostra Cultura:**


Questi cinque valori definiscono il nostro modo di lavorare ogni giorno:

* **Orgogliosi di servire:** Siamo al fianco delle piccole e locali imprese.
* **Costruire dal futuro:** Creiamo oggi ciò che verrà domani.
* **Semplicità:** Diamo valore alla chiarezza, all'efficienza e alla tecnologia intelligente.
* **Mentalità vincente:** Puntiamo in alto e offriamo l'eccellenza.
* **Un Sogno. Una Squadra. Una Voce:** La collaborazione ci rende più forti.

  

**Le tue Responsabilità:**
--------------------------

* Lavora attraverso una coda prioritaria di lead valutati in base al profilo e all'intenzione, stabilendo il primo contatto principalmente per telefono, utilizzando email e social media come canali supplementari.
* Qualifica ogni lead rispetto a una serie chiara di criteri: questa azienda rientra nel profilo giusto ed è il momento giusto per parlare?
* Pianifica gli incontri con i commercianti qualificati direttamente sul calendario di un rappresentante di Vendite sul Campo (*Field Sales*) con almeno 48 ore di preavviso, garantendo la partecipazione tramite una conferma e un promemoria il giorno prima.
* Segnala i lead che mostrano potenziale ma che devono essere contattati in un momento più appropriato.
* Chiudi i lead che non rientrano nel profilo adeguato, registrando una motivazione chiara e onesta.
* Mantieni il CRM organizzato: registri accurati, note chiare e stati aggiornati. La persona successiva nel processo dipende dalle informazioni che registri.

**Il tuo Profilo:**
-------------------

* Disinvoltura al telefono e capacità di intrattenere una conversazione approfondita e utile con il titolare di un'azienda che non si aspettava la tua chiamata.
* La capacità di ascoltare più che presentare, riconoscendo la differenza tra una vera opportunità e un semplice ""forse"".
* Organizzazione e costanza: gestisci la lista, effettui i follow\-up puntualmente e mantieni i tuoi registri aggiornati.
* La capacità di gestire un ""no"" con naturalezza e di mantenere un'energia costante per un'intera giornata di chiamate.
* Padronanza nell'uso di un CRM e di strumenti di vendita moderni, o la capacità di imparare rapidamente a usare nuovi strumenti.
* Fluenza nella lingua Italiana.

**Cosa sarà apprezzato:**
-------------------------

* Esperienza nello sviluppo delle vendite o in un altro ruolo commerciale orientato agli obiettivi con una forte componente telefonica.
* L'esperienza nel settore fintech o nella vendita di soluzioni di pagamento costituirà un vantaggio.
* Esperienza con un CRM.

**Come si misura il successo:**
-------------------------------

* Incontri qualificati fissati e, soprattutto, incontri tenuti e riconosciuti dal venditore come opportunità rilevanti.
* Qualità della qualificazione: le opportunità che passi al team si trasformano in veri colloqui di affari, piuttosto che in incontri senza potenziale.
* Un flusso costante e affidabile di lead ben qualificati, settimana dopo settimana.

**Perché unirti a Teya?:**
--------------------------

* Il ruolo di SDR è il banco di prova in cui si forgiano i grandi venditori. Imparerai il mercato, il prodotto e l'arte della qualificazione fin dal primo giorno, mantenendo il riconoscimento per il tuo contributo a ogni accordo che contribuisci ad avviare.
* Gli SDR con le prestazioni migliori hanno l'opportunità di passare a ruoli di *Field Sales*, assumendo progressivamente maggiore responsabilità nel processo di vendita.
* L'operatività è progettata per aiutarti a raggiungere il successo. I lead arrivano già identificati, arricchiti e valutati, permettendoti di concentrare i tuoi sforzi sulle conversazioni che contano davvero, invece di perdere tempo a cercare dati.
* Avrai a disposizione un quadro di qualificazione chiaro, strumenti moderni e un team che valuta il tuo lavoro in base alla qualità delle opportunità che crei, anziché solo sul volume dei contatti effettuati.

**Cosa ti offriamo:**
---------------------

* Stipendio base lordo competitivo fino a €25\.000 \+ €10 000 variable. (in base a l'esperienza)
* Contratto a tempo determinato 6 mesi.
* Welfare aziendale (142 € netti al mese).
* Buoni pasto da 8 € netti al giorno con Coverflex.
* 25 giorni di ferie annuali (oltre alle festività locali).
* Lavora con alcune delle migliori menti del settore che stanno cambiando il volto del Fintech in Italia!


Pronto a essere il volto della rivoluzione Fintech in Italia? Se hai la grinta per vendere e la passione per il servizio, vogliamo costruire il futuro insieme a te. Facciamo la differenza, insieme!

  

Teya è orgogliosa di essere un datore di lavoro che offre pari opportunità.


Ci impegniamo a creare un ambiente inclusivo in cui chiunque, indipendentemente da razza, etnia, identità o espressione di genere, orientamento sessuale, età, disabilità, religione o background, possa prosperare e dare il meglio di sé. Crediamo che un team diversificato porti a idee migliori, risultati più solidi e un ambiente di lavoro più accogliente per tutti.


Se hai bisogno di qualsiasi adattamento ragionevole in qualsiasi fase del processo di selezione – che si tratti di colloqui, valutazioni o altre parti della candidatura – ti invitiamo a comunicarcelo. Ci impegniamo a garantire che ogni candidato viva un'esperienza equa e accessibile con noi.","","https://it.indeed.com/cmp/Teya-3","https://d2q79iu7y748jz.cloudfront.net/s/_squarelogo/256x256/142ee1b13079be38aa9ab1c1c681d87a","https://teya.com","London, England","1,001 to 5,000","Decline to state","","","","","","","","persona qualificata"
"in-90e13e8ed388d707","indeed","https://it.indeed.com/viewjob?jk=90e13e8ed388d707","https://zinrec.intervieweb.it/annunci.php?l=sales-specialist-milano-caneva-149633&lang=it&d=indeed&LAC=rstore","Sales Specialist- Milano Caneva","R-STORE S.p.A","Milano, LOM, IT","2026-09-10","","","","","","",False,"","","","","Grazie alle recenti acquisizioni di Juice, Rekordata, Med Computer, Med Innovations e ICT, avvenuta nel 2024, R\-Store è oggi il principale partner Apple in Italia e tra i più rilevanti al mondo. Con headquarter a Napoli e una presenza in 18 regioni, l’azienda conta 100 negozi, 900 collaboratori e un fatturato di 600 milioni di euro. Oltre al canale retail consumer, supportato da personale altamente qualificato, R\-Store offre soluzioni su misura per aziende, scuole, università e pubblica amministrazione, garantendo un servizio post\-vendita completo come Centro di Assistenza Autorizzato Apple. Dal 2022 il gruppo ha diversificato il business entrando nei settori della Cyber Security e dei dispositivi ricondizionati, fino ad approdare nel 2024 al mondo della fotografia d'autore con l'apertura del primo Leica Store a Napoli.

  

  

**Posizione:**
--------------

In ambito Retail (Vendita, Service, Customer Relation) cerchiamo Apple Sales Specialist per il nostro punto vendita di **Caneva**.

  

Cosa farai:

  

Accoglierai ogni cliente con un approccio consulenziale, trasformando ogni interazione in un’esperienza significativa.


Capirai i bisogni, proporrai soluzioni integrate – prodotti, accessori, protezioni, servizi finanziari e noleggio operativo.


Cura dell'esposizione dei prodotti nella show room secondo il planogramma schema espositivo) e relativi aggiornamenti, previsti da Apple e da R\-Store.


Aggiornamento e corretta esposizione del materiale di merchandising.


Ti relazionerai anche con clienti business e professionisti, offrendo soluzioni su misura grazie alla collaborazione con Rekordata, la società del gruppo dedicata al mondo aziendale


Ti formerai continuamente grazie alla nostra Academy e ai programmi ufficiali Apple, per diventare un vero esperto della Customer Experience.


Primo supporto nella risoluzione di problematica di utilizzo dispositivi Apple.

**Requisiti:**
--------------

Chi cerchiamo?

  

Persone curiose con passione per la tecnologia e soprattutto del mondo Apple


Capacità di ascolto, empatia e orientamento al risultato.


Esperienza in ambito Retail e preferibilmente nell’elettronica di consumo.


Buona conoscenza della lingua inglese.

**Altre informazioni:**
-----------------------

Cosa offriamo:

  

Retribuzione fissa (RAL) e bonus mensile fino al 30%, legato a obiettivi chiari misurabili.


Crescita professionale in un’azienda solida, in espansione e con valori condivisi.

  

Un sistema di incentivazione meritocratico basato su risultati misurabili.

  

Percorsi di formazione certificata Apple, con sviluppo di competenze su vendita consulenziale, comunicazione e customer experience.

  

Opportunità di crescita reale all’interno del gruppo R\-Store, sia nel canale retail che in aree specialistiche come business, education e digital solutions.

  

Inquadramento: RAL: 23\.000 \- 25\.000 \- 5/ 4 livello CCNL Commercio e Terziario

  

Perché R\-Store

  

R\-Store come principale Premium Partner del brand, è a capo di un ecosistema strategico che unisce eccellenze complementari: Rekordata, che trasforma il business con soluzioni tecnologiche su misura, e Clever, il cuore green del gruppo dedicato ai prodotti ricondizionati e alla sostenibilità.

  

Inoltre, entrerai a far parte di un ambiente in cui le persone rappresentano il valore più importante. Crediamo che il successo di ogni progetto, decisione e innovazione nasca dal contributo di chi lo rende possibile ogni giorno. Per questo mettiamo collaboratori, clienti e partner al centro di ogni processo, valorizzandone competenze, idee e potenziale. In R\-Store promuoviamo una cultura basata sull’ascolto, sulla collaborazione e sulla crescita reciproca, perché siamo convinti che siano le persone a fare davvero la differenza.","","https://it.indeed.com/cmp/R--store-S.p.a","","","","","","","","","","","","","persona qualificata"
"in-091d443b49d008a7","indeed","https://it.indeed.com/viewjob?jk=091d443b49d008a7","http://it.indeed.com/job/operatore-operatrice-telemarketing-lodi-fissaggio-appuntamenti-b2bb2c-091d443b49d008a7","Operatore / Operatrice Telemarketing a Lodi – Fissaggio Appuntamenti B2B/B2C","Rispondoxte srl","Lodi, LOM, IT","2026-09-10","parttime, fulltime","","","","","",False,"","","","","**Descrizione della Posizione**

**RispondoxTe** è un’azienda leader nel marketing conversazionale. Siamo specializzati nell'acquisizione di appuntamenti qualificati per aziende e professionisti, trasformando il contatto telefonico in un'opportunità di business reale.

In RispondoxTe non cerchiamo solo collaboratori, ma talenti da far crescere in un ambiente positivo, stimolante e meritocratico.

**Cosa farai**

Entrerai a far parte di un team dinamico e sarai la ""voce"" dei nostri clienti. Le tue attività principali saranno:

* **Contatto Outbound:** Gestire chiamate verso privati (B2C) e aziende (B2B).
* **Fissaggio Appuntamenti:** Organizzare incontri commerciali (fisici o online) per le reti vendita dei nostri partner.
* **Gestione Dati:** Aggiornare con precisione il CRM aziendale con le informazioni raccolte.
* **Customer Care:** Offrire un’esperienza telefonica di alto livello, basata sulla fiducia e sulla professionalità.

**Cosa cerchiamo**

Non è necessaria una lunga esperienza, ma cerchiamo persone con la giusta attitudine:

* **Comunicazione:** Ottima dialettica, tono di voce cordiale e professionale.
* **Orientamento ai risultati:** Motivazione nel raggiungere gli obiettivi prefissati.
* **Competenze digitali:** Buona dimestichezza con il PC e i principali strumenti informatici.
* **Soft Skills:** Precisione, affidabilità e voglia di imparare.
* **Plus:** Precedente esperienza in call center o customer care (gradita, ma non obbligatoria).

**Cosa ti offriamo**

Vogliamo che tu ti senta parte di un progetto, non solo di un ufficio.

* **Compenso e Trattamento Economico:** Offriamo una retribuzione garantita; **il compenso è slegato dal numero di appuntamenti fissati**, premiando la professionalità, la qualità del servizio e la continuità del lavoro svolto.
* **Formazione:** Formazione iniziale e affiancamento costante con i nostri tutor.
* **Ambiente:** Un contesto giovane, stimolante e collaborativo.
* **Crescita:** Reali opportunità di carriera interna in un'azienda in continua espansione.
* **Supporto:** Team leader sempre presenti per aiutarti a dare il massimo.

I candidati interessati possono inviare il proprio Curriculum Vitae corredo di autorizzazione al trattamento dei dati personali. Ti aspettiamo in squadra!

Sede di lavoro: Di persona","","https://it.indeed.com/cmp/Rispondoxte-Srl-1","","","","","","","","","","","","","persona qualificata"
"in-7c2b42603fc45945","indeed","https://it.indeed.com/viewjob?jk=7c2b42603fc45945","https://fa-eozc-saasfaprod1.fa.ocs.oraclecloud.com/hcmUI/CandidateExperience/en/sites/CX_1001/requisitions/preview/612","Customs Operations Internship","D.B. Group","Milano, LOM, IT","2026-09-10","fulltime","","","","","",False,"","","","","Ti appassiona il commercio internazionale? Ti incuriosiscono le dinamiche delle esportazioni e vuoi entrare nel mondo delle operazioni doganali?


**WeCustoms** ti offre l'opportunità perfetta per iniziare il tuo percorso professionale!


Per la sede di **Milano** , siamo alla ricerca di una persona dinamica e motivata per il ruolo di Customs Operations, con inserimento iniziale in stage.


Scopri l'opportunità!  



*Who we are*

**WeCustoms** , parte del gruppo internazionale **D.B. Group** , affianca le aziende nella gestione delle complessità del commercio globale attraverso servizi di **sdoganamento** e **consulenza doganale specializzata** .


Grazie a un **team altamente qualificato** , con anni di esperienza verticale e una solida conoscenza delle normative doganali internazionali, offriamo soluzioni innovative e flessibili, pensate per **ottimizzare** ogni fase del processo doganale.


Per noi, le **persone** sono la vera forza del nostro Gruppo: investiamo nella crescita dei talenti, valorizziamo le diversità e incoraggiamo un ambiente inclusivo. Abbiamo ottenuto la **certificazione per la parità di genere** , a conferma del nostro impegno nel sostenere **equità, integrazione e rispetto** . Consideriamo con favore candidature di persone di ogni genere, età, orientamento sessuale, origine etnica, disabilità e background culturale.


I **DBGroupers** si distinguono per **curiosità, impegno** e **voglia di mettersi in gioco** . Se ti riconosci in queste caratteristiche e vuoi far parte di un’azienda innovativa e dinamica, potresti essere il prossimo talento ad unirsi a noi.  



*Job Opportunity*

La figura sarà inserita all’interno del team Customs Operations e dopo opportuno affiancamento e formazione collaborerà con il team nella gestione delle operazioni doganali principalmente in export.


*Main Responsibilities*

* Verifica della documentazione doganale, dei certificati e delle dichiarazioni necessarie per le pratiche di export
* Predisposizione e compilazione delle dichiarazioni doganali
* Trasmissione telematica delle dichiarazioni doganali tramite portale STD
* Supporto nella gestione di rettifiche e integrazioni delle pratiche doganali

*Key Competencies:*

* Diploma in ambito economico, laurea in Commercio Estero o affini
* Disponibilità full time
* Interesse per il settore delle spedizioni internazionali e delle normative doganali
* Attitudine all’organizzazione, precisione e spirito di iniziativa

*What We Offer*

Promuoviamo un ambiente che favorisce apprendimento, crescita e benessere, con vantaggi pensati per accompagnare ogni DBGroupers nel proprio percorso professionale:


* ***Lavoro flessibile***

Crediamo nell’equilibrio tra vita professionale e personale: offriamo modalità di lavoro flessibili, in base al ruolo e al contesto operativo.


* ***Formazione e sviluppo***

Investiamo nella crescita dei nostri talenti attraverso programmi formativi mirati, dedicati sia allo sviluppo delle competenze tecniche che di quelle trasversali.


* ***Premialità***

Riconosciamo l’impegno e il raggiungimento degli obiettivi attraverso bonus e sistemi di incentivazione dedicati.


* ***Welfare e well\-being***

Mettiamo a disposizione un piano di welfare aziendale e una serie di convenzioni e iniziative pensate per il benessere personale e lavorativo.  



Se vuoi costruire il tuo percorso professionale nel mondo della logistica internazionale e delle operazioni doganali, inviaci la tua candidatura!","","https://it.indeed.com/cmp/D.b.-Group","https://d2q79iu7y748jz.cloudfront.net/s/_squarelogo/256x256/965d040f5fc7d22c525e8e73f26af661","https://www.dbgroup.net","Montebelluna","501 to 1,000","$100M to $500M (USD)","","","","","","","","persona qualificata"
"in-c17ecfba4d43c131","indeed","https://it.indeed.com/viewjob?jk=c17ecfba4d43c131","https://www.werfen.com/en/it-healthcare-junior-specialist-stage-0","IT Healthcare Junior Specialist - Stage","Werfen","Milano, LOM, IT","2026-09-09","internship","","","","","",True,"","","","","### **Job Information**


Number
WEBIT\-2026\-000023
Job function
Customer Service
Job type
Internship
Location
Milano
Country
Italy
### **About the Position**

#### **Introduction**


Werfen è un'azienda innovativa a conduzione familiare, fondata nel 1966 a Barcellona, in Spagna. Siamo leader mondiale nella diagnostica specializzata nei settori di Emostasi, Acute Care Diagnotics, Medicina Trasfusionale, Autoimmunità e Medicina dei Trapianti. Attraverso la nostra linea di business Original Equipment Manufacturing (OEM), ricerchiamo, sviluppiamo e produciamo test e biomateriali personalizzati. Operiamo direttamente in 30 paesi e in oltre 100 territori attraverso distributori. La nostra sede centrale e i nostri centri tecnologici si trovano in Europa e negli Stati Uniti e la nostra azienda conta più di 7\.000 collaboratori.


#### **Overview**


**Il tuo impatto nel ruolo**


Entrerai a far parte del team Help Line, affiancando i colleghi nella gestione delle attività di supporto ai clienti utilizzatori delle soluzioni IT Werfen.


Attraverso un percorso di formazione e affiancamento, acquisirai una conoscenza progressiva dei processi diagnostici di laboratorio, delle soluzioni software aziendali e dei principali strumenti di assistenza remota. Avrai l'opportunità di contribuire alla gestione delle richieste di supporto, supportando il team nell'analisi delle problematiche segnalate dai clienti e nel corretto indirizzamento delle stesse verso gli specialisti di riferimento.


Questa esperienza ti permetterà di sviluppare competenze sia tecniche sia relazionali, lavorando a stretto contatto con professionisti altamente qualificati in un contesto innovativo e orientato al cliente.


#### **Responsibilities**


**Responsabilità fondamentali**

* Supportare il team nella gestione delle richieste di assistenza relative alle soluzioni software e hardware.
* Collaborare all'analisi e alla classificazione delle segnalazioni ricevute dai clienti, contribuendo all'identificazione delle priorità di intervento
* Fornire supporto di primo livello ai clienti tramite telefono e strumenti di assistenza remota, con il supporto dei colleghi senior
* Supportare la gestione dei ticket e delle attività di escalation verso gli specialisti di riferimento, assicurando la corretta raccolta delle informazioni necessarie alla risoluzione
* Contribuire all'aggiornamento delle attività sui sistemi aziendali e alla tracciatura delle richieste gestite
* Collaborare con i diversi team aziendali coinvolti nel processo di supporto al cliente.

#### **Qualifications**


**Chi stiamo cercando**


Cerchiamo una persona curiosa, appassionata di tecnologia e interessata a sviluppare competenze nel settore Healthcare IT.


Una figura con una buona predisposizione all'apprendimento, orientata al problem solving e motivata a crescere in un contesto strutturato e altamente specializzato.

**Conoscenze**

* Conoscenze informatiche di base.
* Buona padronanza del pacchetto Office 365\.
* Interesse per il mondo Healthcare e per le tecnologie applicate alla sanità.

**Competenze**

* Problem solving
* Capacità di lavorare in team
* Capacità relazionali e orientamento al cliente
* Attitudine all'apprendimento continuo.
* Buone capacità comunicative.

**Modalità di lavoro**


Lo stage si svolgerà prevalentemente presso la sede di Milano e prevede la possibilità di lavorare da remoto un giorno a settimana, secondo le modalità previste dalla policy aziendale.


#### **What we offer**


* Stage della durata di 6 mesi con possibilità di crescita e sviluppo professionale.
* Rimborso spese mensile di 800 €.
* Mensa aziendale gratuita.
* Percorso strutturato di formazione e affiancamento con professionisti del settore.

**Crescita e sviluppo**


Durante il percorso avrai la possibilità di acquisire competenze tecniche in ambito Healthcare IT, sviluppando una conoscenza concreta dei processi diagnostici e delle soluzioni digitali a supporto del laboratorio clinico.

**Ambiente di lavoro**


Entrerai a far parte di un contesto internazionale, innovativo e collaborativo, caratterizzato da team multidisciplinari e da una forte attenzione alla condivisione delle competenze.


Lavorerai a stretto contatto con professionisti dell'Healthcare IT, contribuendo allo sviluppo e al supporto di soluzioni che supportano concretamente il percorso di cura dei pazienti.

**Perché Werfen**


Perché qui potrai trasformare la tua passione per la tecnologia in un'esperienza professionale concreta, entrando in contatto con un settore in continua evoluzione dove innovazione digitale e salute si incontrano ogni giorno per generare valore per i professionisti sanitari e per i pazienti.


Ti aspettiamo per costruire insieme il tuo percorso di crescita.

  

Se sei interessato a un apprendimento continuo e ad essere sfidato ogni giorno, ti invitiamo a presentare il tuo curriculum.


Werfen apprezza e riconosce il valore della diversità. Siamo orgogliosi di essere un datore di lavoro per le pari opportunità.


www.werfen.com

  

Manda il tuo CV","","https://it.indeed.com/cmp/Werfen","https://d2q79iu7y748jz.cloudfront.net/s/_squarelogo/256x256/05170cb0ad982dd8b85d8eb1a3d62725","https://www.werfen.com/na/en","Barcelona","5,001 to 10,000","$1B to $5B (USD)","Werfen is a worldwide leader in specialized diagnostics in the areas of Hemostasis, Acute Care Diagnostics, Transfusion, Autoimmunity, and Transplant.","","","","","","","persona qualificata"
"in-7ef1eee0da6d9f5b","indeed","https://it.indeed.com/viewjob?jk=7ef1eee0da6d9f5b","https://dover.wd103.myworkdayjobs.com/en-US/Dover/job/Assago-MI-Milano-Italy/Tecnico-di-Assistenza_JR100359","Tecnico di Assistenza","Dover Corporation","Milano, LOM, IT","2026-09-08","fulltime","","","","","",True,"","","","","Dover Imaging \& Identification (DII) is a segment of Dover Corporation that includes the following brands: Markem\-Imaje, Blue Bite, Solaris Laser, Systech, MS Printing Solutions and JK Group. We design, manufacture and deliver industrial equipment, consumables, software and services solutions for the marking \& coding, consumer engagement, product traceability, authentication, and digital textile printing markets.


With more than 40 offices and over 3,000 employees worldwide, DII has a presence in \+28 countries and offers numerous job opportunities globally. If you're looking for an international, multidisciplinary and collaborative environment that offers a world of opportunities, come join us at DII.


**Localizzazione:** Province di Piacenza, Pavia, Cremona.


**Il ruolo**

In qualità di Tecnico di Assistenza sul campo, entrerai a far parte del nostro team di assistenza tecnica nella tua area di competenza in Italia, fornendo supporto tecnico ai nostri clienti locali nelle zone di Piacenza, Pavia e Cremona. Avrai l'opportunità di sviluppare la tua carriera professionale in un ambiente altamente qualificato e con attrezzature innovative.


**Attività principali:**

* Eseguire attività di preinstallazione, installazione e manutenzione.
* Erogare formazione, sia internamente che esternamente, ove necessario.
* Compilare accuratamente i report di assistenza, annotando conferma oraria, utilizzo di pezzi di ricambio, attività svolte, prodotto di assistenza, codici di guasto/soluzione, gestione dei dati della base installata (numero di serie, inchiostro, valore del contatore, posizione funzionale), flusso inverso, codice di blocco di fatturazione, conferma della richiesta di fatturazione.
* Promuovere e vendere attivamente i prodotti di assistenza M\-I ai nostri clienti, migliorando il tempo di attività dell'applicazione e massimizzando i risultati di vendita M\-I, oltre a garantire il massimo livello di soddisfazione del cliente.
* Collaborare con i team di vendita per contribuire al raggiungimento degli obiettivi di fatturato e alla crescita del fatturato. Instaurare una solida relazione con il reparto vendite.
* Recarsi presso le sedi dei clienti nell'area assegnata, con occasionali trasferte a livello nazionale per partecipare a eventi di formazione e riunioni.

**Requisiti:**

* Ottime capacità comunicative.
* Capacità di gestire più attività contemporaneamente.
* Italiano fluente e conoscenza intermedia dell'inglese.
* Capacità di seguire le procedure e di pianificare il tempo in modo efficace.
* Almeno 5 anni di esperienza come tecnico di assistenza sul campo.
* Capacità di valutare tecnicamente situazioni e problematiche e di proporre soluzioni in modo proattivo.

**Competenze:**

* Certificazioni relative a formazione meccanica, elettrotecnica/elettronica, reti, sistemi di visione artificiale o software.
* Conoscenza approfondita di prodotti tecnici, idealmente della gamma di prodotti Markem\-Imaje.

**Sarai il candidato ideale solo se condividi i nostri valori e la nostra cultura:**

* Spirito imprenditoriale e collaborativo.
* Avere successo attraverso i clienti.
* Elevati standard etici, trasparenza e fiducia.
* Aspettative orientate ai risultati.
* Rispetto e valorizzazione delle persone.

Se ritieni di condividere i nostri valori e di possedere l'esperienza che stiamo cercando, candidati subito! Non vediamo l'ora di conoscerti.


Tutti i candidati qualificati saranno presi in considerazione per l'assunzione senza discriminazioni basate su razza, colore, religione, sesso, orientamento sessuale, identità di genere, origine nazionale, disabilità, età e informazioni genetiche.


La RAL per questa posizione si colloca tra € 36\.000 ed € 42\.000 ed è determinata in base all’effettiva seniority e competenze del candidato che sarà inquadrato nel 2° livello del CCNL Terziario, Distribuzione e Servizi con qualifica di Impiegato. L'offerta include inoltre la partecipazione al bonus annuale del 6% calcolato sull’andamento economico aziendale e su obiettivi personali, auto aziendale anche ad uso promiscuo, carta di credito aziendale e ticket restaurant elettronici pari ad € 10,00 netti.


\#LI\-JN1 LI\-Remote


All qualified applicants will receive consideration for employment without discrimination on the basis of race, color, religion, sex, sexual orientation, gender identity, national origin, protected veteran status, disability, age, genetic information, or any other factors prohibited by law.


Fraudulent Recruiting Disclaimer: Dover Corporation and our affiliated operating companies want to alert applicants to internet job posting fraud, where parties posing as Dover employees, recruiters, or other agents, try to engage with online candidates in an attempt to steal personal and/or financial information. We do not endorse or engage in any recruitment practices that involve payment or personal information outside of our official application and hiring process. Please verify the authenticity of an invitation to apply for a job, or for a job offer by contacting us directly through our Dover and affiliated operating company websites at https://careers.dovercorporation.com/ . To learn how you can protect yourself, review our Recruitment Fraud Notice on our careers site.","Agriculture And Extraction","https://it.indeed.com/cmp/Dover-Corporation","https://d2q79iu7y748jz.cloudfront.net/s/_squarelogo/256x256/25900b3a3995cd7b6f9c04df16bf8d0c","http://www.dovercorporation.com","Downers Grove, Illinois","10,000+","$5B to $10B (USD)","We are Dover, a diversified global manufacturer providing innovative products & services for over 65 years. NYSE: DOV","","","","","","","persona qualificata"
"in-9d075a0136d8746f","indeed","https://it.indeed.com/viewjob?jk=9d075a0136d8746f","http://it.indeed.com/job/junior-sdr-b2b-e-b2g-9d075a0136d8746f","Junior SDR – B2B e B2G","","Milano, LOM, IT","2026-09-08","fulltime, internship","","","","","",True,"","","","","**Il ruolo**

Cerchiamo una persona curiosa, motivata e orientata alla relazione da inserire come **S\***tage Curricolare \*che ci aiuti ad aprire nuove conversazioni con aziende, HR e decision maker.

Ti occuperai in particolare di mappare il tessuto imprenditoriale italiano, con focus su PMI e medie imprese, identificando aziende potenzialmente interessate a Empethy Care come strumento di employer branding, sostenibilità e impatto sociale.

Lavorerai a stretto contatto con founder, team Sales e Marketing per costruire pipeline, avviare conversazioni outbound, qualificare opportunità e contribuire alla crescita B2B di Empethy.

In pratica: potrai essere tra le prime persone a portare Empethy Care sul mercato corporate, contribuendo a un progetto che unisce business, impatto sociale e cultura pet\-friendly.

**Cosa farai**

* Scoprirai nuove aziende, mercati e opportunità commerciali, con focus su PMI e medie imprese italiane
* Identificherai HR, CSR manager, People manager, founder e decision maker rilevanti
* Avvierai conversazioni tramite email, LinkedIn e telefonate outbound
* Farai attività di cold calling e cold mailing con approccio professionale, rispettoso e orientato al valore
* Contribuirai a fissare meeting qualificati per il team Sales e Account Executive
* Gestirai lead, follow\-up e aggiornamenti nel CRM, usando strumenti come HubSpot e Crono per tracciare attività, priorità e prossimi step in modo preciso
* Collaborerai con il Marketing per capire quali messaggi, canali e leve commerciali funzionano meglio sui diversi segmenti di aziende
* Aiuterai a preparare meeting, pitch e materiali commerciali
* Analizzerai competitor, trend e nuove opportunità B2B
* Porterai idee, feedback e insight dal mercato al team
* Contribuirai a costruire relazioni commerciali rispettose, inclusive e orientate al valore

**Chi cerchiamo**

* Una persona comunicativa, curiosa e con voglia di imparare sul campo
* Capacità di prendere iniziativa e proporre idee
* Interesse per startup, sales, innovazione, impatto sociale, employer branding e welfare aziendale
* Buona capacità di scrittura e relazione
* Buona conoscenza dell’inglese scritto e parlato, idealmente a livello B2/C1
* Precisione nel seguire contatti, dati e attività
* Costanza nel follow\-up, con educazione, metodo e attenzione alla relazione
* Capacità di accogliere feedback e risposte negative come occasioni per migliorare approccio, messaggio e metodo
* Attenzione al linguaggio, all’ascolto e alla costruzione di relazioni inclusive
* Nessuna esperienza richiesta: conta di più il mindset, la motivazione e la voglia di crescere

Job Types: Full\-time, Internship

Pay: €600\.00 per month

Work Location: Hybrid remote in Milano, Lombardia","","https://it.indeed.comNone","","","","","","","","","","","","","persona qualificata"
"in-c2f952896a4c400f","indeed","https://it.indeed.com/viewjob?jk=c2f952896a4c400f","https://jobs.intesasanpaolo.com/job/Milano-Project-&-Process-Management-Specialist-Categorie-Tutelate/1434692333/","Project & Process Management Specialist Categorie Tutelate","Intesa Sanpaolo","Milano, LOM, IT","2026-09-08","","","","","","",False,"","","","","**Data:** 8 set 2026
  
  

**Località:**  

Milano, IT
  
  

**\#job\-location.job\-location\-inline { display:** inline; }
  
**Società:** Intesa Sanpaolo Assicurazioni S.p.A.
  
  

\-
  
  

Overview
  
  

Entrerai nella struttura di Organizzazione e Processi Digitali con l'obiettivo di supportare l'evoluzione dei processi e del modello operativo aziendale partecipando attivamente a progetti di business, strategici e di trasformazione, identificando opportunità di miglioramento.
  
  

Quali saranno le tue attività
  
Analizzare e mappare i processi aziendali end\-to\-end individuando opportunità di semplificazione, efficientamento e automazione.
  
Disegnare e implementare modelli operativi innovativi in coerenza con gli obiettivi di business.
  
Identificare opportunità di innovazione per migliorare efficacia ed efficienza dei processi.
  
Partecipare a programmi strategici e gestire progetti con impatti cross\-funzionali.
  
Coordinare stakeholder business, IT, Operations, Risk, Compliance.
  
Pianificare roadmap, milestone e identificare possibile rischi e interdipendenze progettuali.
  
Predisporre documentazione progettuale, steering committee e reportistica direzionale.
  
Monitorare avanzamento lavori, benefici attesi e risultati conseguiti.
  
Chi stiamo cercando
  
  

**Se hai le seguenti caratteristiche, ti stiamo aspettando:**  

almeno 3 anni di esperienza preferibilmente in società di consulenza o start up innovative o gruppi finanziari o assicurativi, in ruoli di Process Management, Organizational Transformation, Project Management.
  
laurea triennale o magistrale in Ingegneria Gestionale, Economia, Management, Informatica o discipline affini.
  
conoscenza della gestione di progetti in contesti assicurativi, finanziari.
  
conoscenze di Process Mapping e Business Process Management (BPM), Program e Project Management, Business Analysis e Change Management.
  
conoscenza di metodologie Agile e Waterfall.
  
ottima conoscenza della suite Microsoft 365 (power Point, Excel, Teams, Word, etc)
  
conoscenza di Power BI.
  
conoscenza della lingua inglese (almeno B1\).
  
Cosa ti offriamo
  
  

Retribuzione annua lorda a partire da 39\.000 €
  
Il Gruppo prevede una componente variabile della remunerazione così come disciplinata dalle Politiche di Remunerazione consultabili sul sito di Gruppo
  
Elementi complementari disciplinati dal Contratto Collettivo Nazionale Assicurativo e accordi aziendali di secondo livello
  
Iniziative di sviluppo professionale a supporto della crescita delle nostre persone
  
Ampia offerta formativa tramite la Corporate Academy dedicata allo sviluppo continuo delle competenze professionali, manageriali e trasversali a tutti i livelli
  
Possibilità di aderire al lavoro flessibile e alla settimana corta 4x9
  
Sistema moderno e integrato di welfare aziendale (link)
  
Copertura sanitaria e previdenza complementare a decorrere dall’assunzione
  
Vantaggi sui prodotti e servizi bancari del Gruppo
  
  

Chi siamo
  
  

Intesa Sanpaolo Assicurazioni offre soluzioni assicurative innovative e personalizzate. Si impegna a tutelare ciò che conta di più per le persone, combinando innovazione e tradizione per creare valore per i clienti e i territori di riferimento. Promuove il talento, la diversità e la crescita professionale, offrendo opportunità e sfide stimolanti a profili qualificati in un ambiente inclusivo.
  
  

Unisciti alla nostra realtà internazionale. Il futuro non si aspetta, si sceglie!
  
  

\#sharingfuture
  
  

Garantiamo un ambiente inclusivo e di pari opportunità. Considereremo tutte le candidature a prescindere da razza, religione, orientamento sessuale, identità di genere, stato civile, età, disabilità o qualsiasi altra categoria protetta nel rispetto dei D.lgs. 198/2006, 215/03 e 216/03\.
  
  

Per la valutazione delle candidature, i dati saranno utilizzati da Intesa Sanpaolo S.p.A. come Data Controller. Ti invitiamo a prendere visione dell’Informativa Privacy dedicata.","Banks And Financial Services","https://it.indeed.com/cmp/Intesa-Sanpaolo","","https://group.intesasanpaolo.com/it/careers","Torino","10,000+","$5B to $10B (USD)","We are leaders in Italy and one of the main banking groups in Europe. People are our main strength. Responsiveness and flexibility are our hallmarks.","","","","","","","persona qualificata"
"in-9444cbaf3561032c","indeed","https://it.indeed.com/viewjob?jk=9444cbaf3561032c","http://it.indeed.com/job/estetista-con-qualifica-ed-esperienza-9444cbaf3561032c","Estetista con QUALIFICA ed ESPERIENZA","Camo Emploi","Milano Sud, LOM, IT","2026-09-08","fulltime","","","","","",False,"","","","","**Estetista Qualificato/a (Estetica Base e Avanzata) – Contratto CCNL Artigiani**

Siamo alla ricerca di un/una **estetista diplomato/a** motivato/a e professionale, disponibile a lavorare su turni in un ambiente dinamico e orientato alla crescita.  
Lavorare anche il sabato e/o la domenica significa avere sempre possibilità di guadagnare.

**Orario di lavoro:** su turni, 7 giorni su 7, fascia oraria 09:00 – 22:00\.

Requisiti

* Diploma di estetista (qualifica professionale)
* Esperienza in **trattamenti di estetica base e avanzata**
* Ottima capacità di lavorare in cabina (trattamenti viso e corpo)
* Competenze nella **consulenza clienti** e vendita servizi/prodotti
* Attitudine al **raggiungimento degli obiettivi** e al lavoro in team
* Serietà, affidabilità e forte orientamento alla qualità del servizio
* Concrete possibilità di crescita professionale ed economica

Mansioni

* Esecuzione di trattamenti estetici viso e corpo
* Attività di consulenza personalizzata al cliente
* Promozione e vendita di trattamenti e prodotti
* Collaborazione attiva con il team per il raggiungimento degli obiettivi

Offriamo

* **Contratto CCNL Artigiani**
* RAL mensile iniziale: € 1\.490,00
* Sistema di **incentivi e premi mensili**
* **Formazione continua** e aggiornamento professionale
* Ambiente di lavoro collaborativo e orientato alla crescita personale e professionale

Retribuzione: a partire da €1\.490,00 al mese

Benefit:

* Supporto allo sviluppo professionale

Domande di preselezione:

* Cosa ti appassiona di questa professione e perché hai deciso di candidarti ?

Abilitazione/Certificazione:

* DIPLOMA ESTETISTA (Obbligatorio)

Sede di lavoro: Di persona","Human Resources And Staffing","https://it.indeed.com/cmp/Camo-Emploi","https://d2q79iu7y748jz.cloudfront.net/s/_squarelogo/256x256/4b2dab65bc7cfac2a16bdf0020c1d1e3","https://camo-emploi.fr/","60 boulevard de lorraine 57500 Saint- Avold","","","","","","","","","","persona qualificata"
"in-05e21a52260b3482","indeed","https://it.indeed.com/viewjob?jk=05e21a52260b3482","https://www.lavoro.provincia.lecco.it/offerte-di-lavoro/dettaglio-offerta/AG-3108/","Addetto carico e scarico mezzi","PROVINCIA DI LECCO","Calco, LOM, IT","2026-09-07","","","","","","",False,"","","","scuola.lavoro@confapi.lecco","#### **Descrizione**


Confapi – Associazione piccole medie imprese della provincia di Lecco, per azienda associata, ricerca **addetto carico e scarico mezzi.**



La risorsa si occuperà di:


* Movimentazione interna dei materiali mediante carrello elevatore.
* Carico e scarico dei mezzi di trasporto.
* Aggiornamento dello stato delle spedizioni nel sistema informativo aziendale e archiviazione della documentazione
* Verifica delle informazioni relative alle spedizioni, quali programmi di carico, targhe dei mezzi e comunicazioni operative.
* Controllo della merce in arrivo con compilazione e timbratura dei documenti di trasporto (DDT).
* Supporto alle attività di magazzino e spedizione nel rispetto delle procedure aziendali.


Requisiti:


* Patentino per la conduzione del carrello elevatore in corso di validità.
* Esperienza in attività di magazzino, movimentazione merci o spedizioni.
* Completano il profilo la precisione e attenzione ai dettagli, capacità organizzative e di gestione delle priorità.


Sede di lavoro: Calco (LC)



Tipo di contratto offerto: Tempo indeterminato



RAL: compresa tra 20\.000,00 e 30\.000,00



Impegno orario: a giornata 8\-12 e13\.30\-17\.30 dal lunedì al venerdì.



Il presente annuncio è rivolto a entrambi i sessi, ai sensi delle leggi 903/77 e 125/91, e a persone di tutte le età e tutte le nazionalità, ai sensi dei decreti legislativi 215/03 e 216/03\. Gli interessati possono candidarsi e leggere l’informativa privacy sul sito www.confapi.lecco.it nella sezione lavoro oppure scrivere una mail con il titolo dell’offerta a scuola.lavoro@confapi.lecco.

  


###### ***Tutti gli annunci pubblicati sono rivolti a candidati di ambo i sessi (D.Lgs. 198/06\).***


#### **Codice mansione**


**813** \- Personale non qualificato addetto allo spostamento e alla consegna merci
#### **Tipologia offerta**


Agenzia per il lavoro
#### **Zona**


Calco


#### **Validità annuncio**


**07**
**SETTEMBRE**
**2026**
##### **PUBBLICAZIONE ANNUNCIO**

  

  

**28**
**SETTEMBRE**
**2026**
##### **SCADENZA ANNUNCIO**


###### **Pagina aggiornata il 07/09/2026, 14:22**","","https://it.indeed.com/cmp/Provincia-Di-Lecco","https://d2q79iu7y748jz.cloudfront.net/s/_squarelogo/256x256/5520b2b9b0bc8ade7d8439c12a534ebe","","","","","","","","","","","","persona qualificata"
"in-8a13af70de797398","indeed","https://it.indeed.com/viewjob?jk=8a13af70de797398","http://it.indeed.com/job/impiegato-back-office-service-8a13af70de797398","Impiegato back office service","SOCAF SPA","Osio Sotto, LOM, IT","2026-09-07","fulltime","","","","","",False,"","","","","**Socaf S.p.A.**, azienda specialista da quarant’anni in soluzioni per il cleaning professionale e per la qualità degli ambienti di lavoro, ricerca per la propria sede di Osio Sotto (BG) un/una:

**\- Impiegato/a Back Office Service**

Il/la candidato/a, dotato/a di spiccata propensione all'organizzazione e pianificazione delle proprie attività, verrà inserito all'interno del team di back office service e si occuperà principalmente di:

* Contatto con i nostri clienti sia telefonicamente che tramite email, gestendo le richieste di assistenza tecnica e di consulenza
* Rendicontazione delle lavorazioni dei nostri tecnici e riparatori
* Preparazione dalla documentazione necessaria agli interventi di assistenza
* Fatturazione e preventivazione degli interventi
* Collaborazione nella pianificazione delle assistenze esterne
* Utilizzo del gestionale e delle modulistiche aziendali

**Requisiti:**

* Predisposizione al contatto con il cliente
* Forte motivazione e determinazione
* Spirito di squadra. Il team è molto dinamico, ci aspettiamo la stessa cosa da te!
* Voglia di imparare e migliorare. Crescerai con noi!
* Necessaria pregressa esperienza nel ruolo e/o presso uffici amministrativi
* Residenza limitrofa al luogo di lavoro (Osio Sotto – BG)

**Cosa offriamo:**

* Luogo di lavoro stimolante e dinamico
* Corso di formazione ed affiancamento iniziale
* Contratto a tempo determinato con scopo di trasformazione a tempo indeterminato
* La RAL verrà definita in base all’esperienza del candidato

**Altre Informazioni:**

* Orario di lavoro: full time, da lunedì a venerdì
* Zona di lavoro: Osio Sotto (BG)
* Visita il nostro sito internet e scopri cosa significa essere parte del team Socaf!

Se sei un candidato qualificato e desideri fare parte del nostro team, invia il tuo curriculum vitae e una lettera motivazionale! Il presente annuncio è rivolto ad entrambi i sessi, ai sensi delle leggi 903/77 e 125/91, e a persone di tutte le età e tutte le nazionalità, ai sensi dei decreti legislativi 215/03 e 216/03\.

Retribuzione: €1\.703,45 \- €2\.036,73 al mese

Benefit:

* Assistenza sanitaria integrativa
* Convenzioni aziendali
* Distributori automatici di snack e bevande
* Fondo pensione
* Parcheggio libero
* Supporto allo sviluppo professionale

Sede di lavoro: Di persona","","https://it.indeed.com/cmp/Socaf-Spa","","","","","","","","","","","","","persona qualificata"
"in-d63d28a860ac77f6","indeed","https://it.indeed.com/viewjob?jk=d63d28a860ac77f6","http://it.indeed.com/job/estetisti-professioni-dei-servizi-alla-persona-d63d28a860ac77f6","Estetisti (Professioni dei servizi alla persona)","Nails&Beauty","Sant'Angelo Lodigiano, LOM, IT","2026-09-05","fulltime","","","","","",False,"","","","","ESTETISTI QUALIFICATI – FULL TIME / PART TIME

Slim \& Beauty – Sant’Angelo Lodigiano (LO)

Sei un professionista dell'estetica e cerchi un ambiente in cui il tuo lavoro venga valorizzato professionalmente ed economicamente?

Vuoi continuare a formarti e diventare un professionista dell’estetica sempre più completo?

Slim \& Beauty, Centro Estetico e Dimagrimento presente a Sant’Angelo Lodigiano da 20 anni, amplia il proprio team e ricerca ESTETISTI QUALIFICATI, con inserimento Full Time o Part Time.

CHI CERCHIAMO

Non cerchiamo semplicemente una persona che sappia eseguire trattamenti estetici.

Cerchiamo un professionista che abbia passione per questo lavoro, voglia di imparare, attitudine commerciale e desiderio di crescere.

Per noi bravi estetisti devono saper creare un rapporto di fiducia con i cliente: ascoltarli, comprenderne le esigenze, consigliarli con competenza e accompagnarli nel tempo attraverso trattamenti e percorsi personalizzati.

Requisiti e caratteristiche che cerchiamo:

\* Qualifica professionale di estetica

\* Esperienza nel settore, anche non necessariamente pluriennale

\* Buone capacità comunicative e relazionali

\* Attitudine commerciale e alla consulenza

\* Predisposizione alla proposta di trattamenti, percorsi e prodotti

\* Voglia di studiare, imparare e aggiornarsi

\* Disponibilità a seguire il metodo, le procedure e i protocolli aziendali

\* Precisione, organizzazione e affidabilità

\* Predisposizione al lavoro di squadra

\* Orientamento agli obiettivi e ai risultati

\* Ambizione e desiderio di crescere professionalmente ed economicamente

L’esperienza è importante, ma per noi lo sono altrettanto l’atteggiamento, la capacità di relazionarsi con il cliente e la voglia di imparare.

COSA OFFRIAMO

Crediamo fortemente nella formazione.

Per questo la persona che entrerà nel nostro team verrà accompagnata attraverso un percorso di formazione continua e affiancamento, non soltanto tecnico.

Il nostro obiettivo è aiutarti a diventare un professionista dell’estetica e del benessere a 360°, sviluppando competenze tecniche, consulenziali, commerciali, relazionali e organizzative.

Offriamo:

\* Inserimento Full Time o Part Time, da valutare in base al profilo

\* Regolare inquadramento secondo il CCNL applicato

\* Percorso finalizzato a una collaborazione stabile

\* Formazione continua e affiancamento

\* Metodo di lavoro strutturato

\* Procedure e protocolli definiti

\* Utilizzo di tecnologie e metodologie professionali

\* Ambiente organizzato e orientato alla qualità e ai risultati

\* Concrete possibilità di crescita professionale ed economica

IL TUO IMPEGNO VIENE PREMIATO

Oltre alla retribuzione prevista dal contratto, abbiamo introdotto un sistema di incentivi legato ai risultati che può permetterti di guadagnare fino al 30% in più rispetto allo stipendio base.

Crediamo che chi si impegna, studia, applica il metodo e raggiunge risultati debba avere la possibilità di essere riconosciuto e premiato anche economicamente.

POTRESTI ESSERE LA PERSONA GIUSTA SE…

Ami il mondo dell’estetica, ti piace lavorare con le persone, hai una naturale predisposizione commerciale e non vuoi semplicemente “trovare un lavoro”, ma desideri costruire e far crescere la tua professionalità.

Se ti riconosci in questa descrizione, ci piacerebbe conoscerti.

Invia la tua candidatura tramite Indeed allegando il CV aggiornato e, se vuoi, una breve presentazione raccontandoci chi sei, le tue esperienze e perché vorresti entrare nel nostro team.

Sede di lavoro:

Slim \& Beauty – Centro Estetico \& Dimagrimento

Centro Commerciale Il Castello

Sant’Angelo Lodigiano (LO)

Tipologia: Full Time / Part Time

Contratto: regolare inquadramento secondo CCNL applicato, con possibilità di stabilizzazione

Retribuzione: secondo inquadramento contrattuale \+ incentivi fino al 30% in più rispetto allo stipendio base

Formazione: continua

Contratto di lavoro: Tempo pieno, Tempo determinato

Retribuzione: €1\.200,00 \- €3\.000,00 al mese

Benefit:

* Assicurazione sanitaria
* Buoni pasto
* Cellulare aziendale
* Computer aziendale
* Convenzioni aziendali
* Parcheggio libero
* Rimborso spese cellulare
* Sconti sui prodotti o servizi dell'azienda
* Viaggi premio

Domande di preselezione:

* SEI DISPONIBILE A FREQUENTARE CORSI DI FORMAZIONE PROFESSIONALE?
* Ti senti a tuo agio nell’approccio consulenziale con il cliente, individuandone esigenze e obiettivi e proponendo in modo professionale i trattamenti estetici più indicati e i prodotti di autocura domiciliare utili a mantenere e migliorare nel tempo i risultati ottenuti in istituto?
* Durante una consulenza o un trattamento, ti senti a tuo agio nell’individuare le esigenze della cliente, proporre in modo professionale i trattamenti e i prodotti di autocura domiciliare più indicati, illustrandone benefici, modalità di utilizzo e relativi prezzi, accompagnando la cliente nella scelta della soluzione o del percorso più adatto?

Esperienza:

* ESTETICA: 1 anno (Preferenziale)

Abilitazione/Certificazione:

* DIPLOMA DI ESTETICA (Obbligatorio)

Sede di lavoro: Di persona","","https://it.indeed.com/cmp/Nails&Beauty-1","","https://www.slim-beauty.it","VIALE TRENTO TRIESTE, 2 - 26866 SANT'ANGELO LODIGIANO (LO)","2 to 10","less than $1M (USD)","","","","","","","","persona qualificata"
"in-7275dd11001aa752","indeed","https://it.indeed.com/viewjob?jk=7275dd11001aa752","https://www.jobs-ups.com/seu/it/job/UPBUPSGLOBALR26031339EXTERNALITSEU/Senior-QA-Project-Manager-South-Cluster?utm_source=indeed&utm_medium=phenom-feeds","Senior QA Project Manager South Cluster","UPS","Casalpusterlengo, LOM, IT","2026-09-11","fulltime","","","","","",False,"","","","","**Prima di candidarti per un lavoro, seleziona la lingua che preferisci tra le opzioni disponibili in alto a destra in questa pagina.**


Esplora la tua prossima opportunità in un'organizzazione Fortune Global 500\. Immagina possibilità innovative, sperimenta la nostra gratificante cultura e lavora con team di talento che ti aiutano a migliorare ogni giorno. Sappiamo cosa serve per guidare UPS verso il futuro: persone con una combinazione unica di competenze \+ passione. Se hai le qualità e la motivazione per guidare te stesso o i team, abbiamo a disposizione ruoli per permetterti di coltivare le tue competenze e permetterti di progredire.

**Descrizione impiego:**

 **Location: Somaglia (Lodi) (on site, with flexibility)**

**Contract: permanent**

**Working hours: standard**

**Please send CVs in English**

  

The Healthcare Senior QA Project Manager South Cluster is responsible for coordinating and supporting quality assurance activities across healthcare projects, ensuring the effective implementation and maintenance of the Quality Management System in compliance with ISO 9001, ISO 13485, EU GMP, and EU GDP requirements. The role provides quality and compliance oversight for new buildings, client implementations, equipment, processes, audits, validations, risk assessments, change controls, and process improvement initiatives, while collaborating closely with internal stakeholders and external partners to ensure robust, compliant, and efficient project delivery.

 **RESPONSIBILITIES:**

* Coordinate the implementation and the maintenance of the Quality Management System (QMS) in accordance with ISO: 9001 and ISO: 13485 standards, and in compliance with the EU GMP and EU GDP Guidelines.
* Applies his/her knowledge, skills and tools in assessing and supporting Projects from the quality and compliance point of view.
* Coordinate/execute various projects such as:


	+ Setting up the QMS in a new Building,
	+ Assessment of new Client opportunities,
	+ Implementation of new Clients,
	+ Implementation of new Equipment,
	+ Implementation of new Processes,
* Supports External Audits within the scope of Project Management (e.g. new Client Audits, initial Regulatory Inspection).
* Conducts risk assessments on QMS processes to identify and mitigate any risks.
* Supports with process validation on new processes and new Buildings.
* Support and complete Design Qualification in a new Building and/or with new Clients.
* Keeps track of the projects, monitors the progress and identifies best practice and lessons learned.
* Coordinates process improvements projects within the applicable departments
* Create and provide training related to Client implementation
* Create Change Controls for any Projects where applicable

**KEY INTERACTIONS**

**Internal**:

* Project Manager
* Operations Management
* QA Department / Document Control Department
* Solutions / Implementations
* Security
* BaSe Team
* Procurement Department
* Validation Department
* IT/ FUR Department

**External**:

* Regulatory Agencies
* Clients
* Suppliers
* Third Party Auditors

**QUALIFICATIONS**

**Education level**

Bachelor's degree or International equivalent in Sciences\- Required


Pharmaceutical, healthcare or food industry experience \- Preferred  

Quality Assurance experience \- Preferred

 **Specialized Knowledge**

* Proven experience in managing ISO: 9001 and/or ISO: 13485 standards
* Proven experience with GMP and/ or GDP guidelines is an advantage.
* Experience with Supply Chain Industry is an advantage.
* Experience with Root Cause Analysis tools (e.g. 5 why’s, FMEA) is a must.
* Experience with Project Management is a must.

**Skills**

* **Proficient in written and verbal English.**
* **Proficient in written and verbal Italian.**
* Knowledge of Spanish is a plus.
* Strong verbal and written communication skills, to present recommendations and report back to different levels within the organization.
* Preferably experience in technical writing of documentation.
* Proficiency in Microsoft Office (MS Word, Power Point, and Excel).
* Knowledge of electronic Quality Management System is an advantage.
* Ability to prioritize decisions which may have a significant risk for the company.
* Ability to create networks and collaborate with various internal and external teams.
* Identify potential gaps in the processes and make recommendations for possible improvements.
* Coordination of improvement projects where needed.
* Implementation of new processes having a quality critical impact on the business.
* Recommend training opportunities.
* Strong organization, time management and planning skills.
* Flexible in working hours.

 **Tipo di dipendente:**

  

A tempo indeterminato  

UPS si impegna a fornire un luogo di lavoro privo di discriminazioni, molestie e ritorsioni.","","https://it.indeed.com/cmp/UPS","https://d2q79iu7y748jz.cloudfront.net/s/_squarelogo/256x256/93754eac1fb08c35bb7bf999072bee62","https://www.jobs-ups.com","Atlanta, GA","10,000+","more than $10B (USD)","","","","","","","","GMP compliance"
"in-d4a118857258c978","indeed","https://it.indeed.com/viewjob?jk=d4a118857258c978","https://gflcosmetics.factorialhr.com/job_posting/direttore-direttrice-di-stabilimento-321799","Direttore/Direttrice di Stabilimento","GFL Cosmetics","Milano, LOM, IT","2026-09-09","fulltime","","","","","",False,"","","","","**Da oltre 30 anni offriamo sui mercati globali cosmetici Made in Italy**. Progettiamo, sviluppiamo, produciamo e confezioniamo **in\-house**. La produzione viene realizzata interamente presso il nostro stabilimento italiano di Siziano, nell’area di Pavia\-Milano Sud. Sostenibilità, qualità, innovazione e sicurezza sono per noi valori chiave.


Per il nostro plant produttivo di Siziano, siamo alla ricerca di un/a Direttore/Direttrice di Stabilimento che, a riporto diretto della Direzione Operations, avrà la responsabilità complessiva delle attività industriali del sito, garantendo il raggiungimento degli obiettivi di sicurezza, qualità, servizio, efficienza e sostenibilità.


La figura guiderà l'evoluzione organizzativa e tecnologica dello stabilimento, assicurando la corretta integrazione tra Produzione, Manutenzione, Logistica Interna, Qualità e Supply Chain e promuovendo una cultura di accountability, miglioramento continuo e sviluppo delle persone.

**Principali responsabilità:**

* **Leadership industriale e organizzazione**


	+ Assicurare la gestione complessiva dello stabilimento e delle funzioni operative correlate
	+ Definire priorità, obiettivi e piani di sviluppo dell'organizzazione industriale
	+ Coordinare e sviluppare il management team di stabilimento
	+ Promuovere una cultura orientata alla responsabilizzazione, alla collaborazione e al miglioramento continuo
* **Gestione e sviluppo delle persone**


	+ Guidare e motivare il personale di stabilimento, promuovendo un ambiente di lavoro collaborativo e orientato ai risultati
	+ Favorire elevati livelli di engagement, responsabilizzazione e allineamento agli obiettivi aziendali
	+ Supportare la crescita professionale delle persone attraverso lo sviluppo di competenze, il feedback e la valorizzazione dei talenti
	+ Collaborare con HR nella gestione della performance, del clima organizzativo e dei processi di trasformazione e cambiamento
* **Produzione e Operations**


	+ Garantire il raggiungimento degli obiettivi produttivi in termini di volumi, qualità, costi e livelli di servizio
	+ Assicurare l'efficace pianificazione e utilizzo delle risorse produttive
	+ Monitorare e migliorare costantemente le performance operative e i KPI di stabilimento
	+ Guidare progetti di efficientamento produttivo e ottimizzazione dei processi
* **S****icurezza, qualità e compliance**


	+ Assicurare il rispetto delle normative in materia di salute, sicurezza e ambiente
	+ Garantire la piena applicazione delle GMP, delle procedure aziendali e degli standard qualitativi
	+ Promuovere iniziative volte alla prevenzione degli infortuni e al miglioramento continuo delle condizioni di lavoro
* **Manutenzione e investimenti**


	+ Definire le strategie manutentive del sito produttivo
	+ Valutare e guidare investimenti industriali, progetti di automazione e sviluppo impiantistico
	+ Collaborare con Engineering e Direzione nella definizione del piano industriale di stabilimento
* **Performance economiche**


	+ Presidiare i costi industriali e contribuire alla definizione del budget
	+ Analizzare e monitorare produttività, efficienza, scarti, costi di trasformazione e livelli di servizio
	+ Identificare opportunità di saving e miglioramento della redditività industriale
* **Collaborazione cross\-funzionale**


	+ Collaborare con le funzioni Qualità, R\&D, Supply Chain, Procurement, Sales Operations, Finance e HR
	+ Supportare l'industrializzazione di nuovi prodotti e l'ottimizzazione del portafoglio produttivo
	+ Garantire un efficace collegamento tra esigenze commerciali e capacità produttiva

**Requisiti formativi e professionali:**

* Diploma tecnico o laurea in Ingegneria Gestionale, Meccanica, Chimica o discipline affini
* Esperienza pregressa e consolidata in contesti multinazionali o industriali strutturati, con una forte passione per l’area di produzione
* Solide capacità organizzative e di people management, necessarie per coordinare organizzazioni operative articolate.
* Attitudine al lavoro in team e alla collaborazione cross\-funzionale
* Capacità di guidare il cambiamento e promuovere l’innovazione, mantenendo un forte orientamento al risultato
* Eccellenti capacità comunicative e di sintesi, funzionali al coordinamento dello stabilimento e all’allineamento con la Direzione.
* Ottima padronanza di Excel e del pacchetto Office
* Conoscenza professionale della lingua inglese

**Completano il profilo:**

* Leadership e capacità di influenzare positivamente l'organizzazione.
* Forte orientamento al risultato.
* Capacità di guidare il cambiamento.
* Decision making.
* Problem solving.
* Comunicazione efficace a tutti i livelli aziendali.
* Capacità di lavorare in contesti dinamici e in evoluzione.

Cerchiamo una persona capace di combinare visione strategica e presenza sul campo, autorevole ma pragmatica, orientata ai risultati e alla crescita delle persone.


In GFL accogliamo con piacere ogni candidatura e crediamo nel valore delle persone, nella loro unicità e nelle loro storie. Valorizziamo la diversità e offriamo pari opportunità a chiunque voglia far parte del nostro percorso.","","https://it.indeed.com/cmp/Gfl-Cosmetics","https://d2q79iu7y748jz.cloudfront.net/s/_squarelogo/256x256/16bd90aaa9b2fca0557d88de7a387c79","https://www.gflcosmetics.com/","Group HQ - Via Sorengo 1, 6900 Lugano, Switzerland","201 to 500","","Since 1995, GFL has been dedicated to the development, creation, and sale of premium quality personal care products, with a focus on ingredients, mainly natural and organic, and sustainability.","","","","","","","GMP compliance"
"in-544a83961af2761d","indeed","https://it.indeed.com/viewjob?jk=544a83961af2761d","http://it.indeed.com/job/hse-specialist-544a83961af2761d","HSE Specialist","Daisy & Partners","Pavia, LOM, IT","2026-09-09","fulltime","","","","","",False,"","","","","Responsabilità del ruolo

L’**E\&HS Specialist** è responsabile di garantire la conformità dell’organizzazione alla normativa vigente in materia di salute, sicurezza e ambiente, con particolare riferimento al **D.Lgs. 81/08** e al **D.Lgs. 152/06**, assicurando al contempo l’applicazione degli standard e delle procedure aziendali.

La figura opera a stretto contatto con i dipartimenti di **Produzione, Manutenzione e Quality Assurance (QA)**, supportando l’implementazione e il monitoraggio delle procedure operative in un ambiente altamente regolamentato.

Avrà inoltre un ruolo attivo nella promozione della cultura della prevenzione, nella gestione dei rischi HSE e nel miglioramento continuo degli standard di salute, sicurezza e tutela ambientale.

Ambiente e Rischio di Incidente Rilevante

* **Gestione delle emissioni e degli scarichi:** monitorare il rispetto delle autorizzazioni ambientali, inclusa l’Autorizzazione Unica Ambientale (AUA), supervisionando i controlli analitici relativi alle emissioni in atmosfera e agli scarichi idrici.
* **Gestione dei rifiuti:** garantire la corretta classificazione dei rifiuti secondo i codici EER, nonché le attività di stoccaggio, movimentazione e smaltimento dei rifiuti speciali e pericolosi derivanti dai processi produttivi farmaceutici.
* **Rischio di incidente rilevante:** supportare la gestione e il monitoraggio degli aspetti HSE connessi alla presenza e alla gestione di sostanze pericolose, in coordinamento con le funzioni aziendali e i consulenti di riferimento.

Salute e Sicurezza sul Lavoro – D.Lgs. 81/08

* **Valutazione dei rischi:** collaborare con il consulente esterno nell’aggiornamento del DVR e delle valutazioni dei rischi specifici, tra cui rischio chimico e biologico, ATEX, movimentazione dei carichi e rumore.
* **Supporto operativo:** elaborare e aggiornare procedure operative e SOP HSE, assicurandone l’integrazione con le procedure e gli standard GMP applicabili allo stabilimento.
* **Infortuni e Near Miss:** gestire il processo di registrazione, analisi e reportistica degli infortuni, degli incidenti e dei near miss, contribuendo all’individuazione delle azioni correttive e preventive.
* **Permessi di lavoro:** gestire e verificare i sistemi di Work Permit per attività ad alto rischio, quali lavori in quota, lavori in spazi confinati, lavori a caldo e interventi su linee o impianti contenenti sostanze chimiche.
* **Gestione delle ditte esterne:** coordinare e monitorare gli aspetti HSE relativi alle imprese appaltatrici, con particolare riferimento agli adempimenti previsti dall’art. 26 e dal Titolo IV del D.Lgs. 81/08\.

Formazione e Sorveglianza Sanitaria

* **Piani formativi:** contribuire alla definizione e alla pianificazione dei corsi di formazione obbligatori e specifici in materia di salute, sicurezza e ambiente, con particolare attenzione alla gestione delle sostanze pericolose e delle emergenze.
* **Formazione HSE:** gestire il processo di onboarding e di formazione HSE del personale neoassunto, degli interinali e delle ditte esterne operanti presso lo stabilimento.
* **Gestione appalti:** supportare la gestione della documentazione HSE relativa alle imprese terze, inclusi DUVRI, qualificazione e verifica dei requisiti delle ditte appaltatrici.
* **Sorveglianza sanitaria:** interfacciarsi con il Medico Competente e con le funzioni aziendali coinvolte per gli aspetti di salute e sicurezza connessi alle attività lavorative.

Sistemi di Gestione e Audit

* **Sistemi di gestione:** applicare e supportare il mantenimento dei sistemi di gestione conformi agli standard **ISO 14001 – Ambiente** e **ISO 45001 – Salute e Sicurezza sul Lavoro**.
* **Audit e verifiche ispettive:** partecipare, a supporto del team HSE, agli audit interni e alle verifiche da parte degli enti e delle autorità competenti, quali **ASL, ARPA e Vigili del Fuoco**.
* **Miglioramento continuo:** contribuire all’identificazione di opportunità di miglioramento e all’implementazione di azioni correttive e preventive per il continuo miglioramento delle performance HSE.

Requisiti e competenze

**Formazione**

* Laurea in **Ingegneria Ambientale, Ingegneria della Sicurezza** o discipline scientifiche/tecniche affini.
* Costituisce titolo preferenziale una formazione specifica come **ASPP/RSPP**, con possesso dei relativi moduli formativi previsti dalla normativa vigente.
* Costituisce titolo preferenziale la formazione in materia di **GMP, gestione delle emergenze, ATEX e rischio chimico/biologico**.

**Esperienza professionale**

* **2–5 anni di esperienza** maturata in ambito HSE, preferibilmente all’interno di aziende farmaceutiche, chimiche, manifatturiere o comunque caratterizzate da contesti produttivi altamente regolamentati.
* Esperienza nella gestione degli aspetti di **salute, sicurezza e ambiente** e nella collaborazione con consulenti, enti esterni e funzioni aziendali.
* Costituisce titolo preferenziale l’esperienza nella gestione di **audit, autorizzazioni ambientali, DVR, permessi di lavoro e imprese appaltatrici**.

**Competenze tecniche**

* Conoscenza della normativa italiana in materia di **Salute, Sicurezza e Ambiente**, con particolare riferimento al D.Lgs. 81/08 e al D.Lgs. 152/06\.
* Conoscenza dei principali strumenti e metodologie di **risk assessment** e gestione dei rischi HSE.
* Conoscenza dei processi di gestione di **infortuni, near miss, non conformità e azioni correttive/preventive**.
* Conoscenza dei sistemi di gestione **ISO 14001 e ISO 45001**.
* Familiarità con procedure e requisiti **GMP**, preferibilmente maturata in ambiente farmaceutico.
* Conoscenza delle procedure relative alla gestione delle **ditte esterne, DUVRI, Titolo IV e art. 26 del D.Lgs. 81/08**.
* Buona conoscenza degli strumenti informatici e del pacchetto **Microsoft Office**.
* **Buona conoscenza della lingua inglese**, sia scritta sia parlata.

**Competenze personali**

* Ottime capacità **comunicative e relazionali**, con attitudine a interfacciarsi con interlocutori a diversi livelli dell’organizzazione.
* **Proattività e autonomia** nella gestione delle attività e nell’individuazione delle criticità.
* Spiccate capacità di **problem solving** e di analisi delle situazioni di rischio.
* Capacità di **gestire le priorità** e lavorare efficacemente in un contesto dinamico e regolamentato.
* Attitudine al **lavoro in team** e alla collaborazione con Produzione, Manutenzione, QA e altre funzioni aziendali.
* Orientamento al **miglioramento continuo** e alla diffusione della cultura della prevenzione.
* Precisione, affidabilità e forte senso di **responsabilità e compliance**.
* Buone capacità di **coordinamento e gestione degli interlocutori esterni**, inclusi consulenti e imprese appaltatrici.

Retribuzione: €30\.000,00 \- €35\.000,00 all'anno

Sede di lavoro: Di persona","","https://it.indeed.com/cmp/Daisy-&-Partners","","","","","","","","","","","","","GMP compliance"
"in-a86eb71f6286be76","indeed","https://it.indeed.com/viewjob?jk=a86eb71f6286be76","https://it.nttdata.com/jobs/a1jsg000009wne1mao-junior-consultant--computer-system-validation-life-sciences---new-graduate","Junior Consultant – Computer System Validation Life Sciences - New Graduate","NTT DATA","Milano, LOM, IT","2026-09-09","internship","","","","","",True,"","","","","Vorresti iniziare la tua carriera professionale in un contesto multinazionale, altamente specializzato ed innovativo?

  

  

Stiamo ricercando un/una neolaureato/a da inserire in stage nel nostro team di **Computer System Validation**, che supporta aziende del settore farmaceutico e Life Sciences nei processi di validazione dei sistemi computerizzati utilizzati in ambienti regolamentati.


La risorsa sarà affiancata da consulenti esperti e avrà l’opportunità di acquisire competenze sui principali processi di Computer System Validation, Quality Assurance e compliance normativa, partecipando a progetti per importanti realtà nazionali e multinazionali del settore Life Sciences

  



**Il tuo contributo in questo ruolo:**


**﻿**


* Supportare il team nelle attività di Computer System Validation relative a sistemi e applicazioni utilizzati in ambito Life Sciences.
* Collaborare alla predisposizione e revisione della documentazione di validazione, ad esempio Validation Plan, User Requirements Specification, Risk Assessment, test protocol e Validation Report;
* Supportare l’esecuzione e la documentazione delle attività di testing dei sistemi;
* Partecipare alle attività di raccolta e analisi dei requisiti insieme ai referenti del cliente e ai team IT;
* Supportare la valutazione dei sistemi secondo un approccio risk\-based;
* Collaborare alla verifica della conformità dei sistemi e dei processi ai requisiti di qualità e alle normative applicabili;
* Supportare il team nella gestione della documentazione progettuale e nel monitoraggio delle attività di validazione;
* Partecipare a meeting e workshop con clienti e team multidisciplinari e internazionali;

**Il profilo ideale:**

  

  

* Laurea Magistrale in Ingegneria Biomedica, Ingegneria Clinica, Ingegneria Gestionale, Ingegneria Informatica, Informatica, Biotecnologie, Chimica e Tecnologie Farmaceutiche, Farmacia o discipline scientifiche affini;
* Interesse per il settore farmaceutico, biomedicale e Life Sciences;
* Interesse per tematiche legate a qualità, processi, sistemi informatici e compliance normativa;
* Buone capacità analitiche e attenzione al dettaglio;
* Buone capacità organizzative e predisposizione a lavorare per obiettivi;
* Capacità di lavorare in team e di relazionarsi con interlocutori differenti;
* Buona conoscenza della lingua inglese, scritta e parlata;
* Buona conoscenza del pacchetto Microsoft Office.

**Nice to have:**

  

  

* Conoscenza, anche accademica, dei principi di Computer System Validation (CSV);
* Conoscenza delle GxP e dei concetti di Quality Assurance nel settore Life Sciences;
* Familiarità con normative o linee guida quali GAMP 5, EU GMP Annex 11 e 21 CFR Part 11;
* Conoscenza dei principi di Data Integrity;
* Esperienze universitarie, tesi o tirocini in ambito farmaceutico, biomedicale, qualità o validazione;
* Familiarità con processi di software testing, gestione dei requisiti o analisi del rischio.
  

  

**Sede di lavoro:** Milano, con possibilità di modalità di lavoro Ibrida (Smart Working).

  

  

**Costruisci il tuo futuro con NTT DATA.**

  

  

Entra a far parte di un’azienda globale, leader nei servizi di business e tecnologici, che ascolta la tua voce e riconosce il valore del tuo lavoro. Collaborerai con clienti, partner e colleghi di tutto il mondo per creare soluzioni innovative capaci di avere un impatto reale sulla società. Qui potrai sviluppare nuove competenze e ampliare il tuo network.

  



Siamo presenti in Italia con oltre 6000 dipendenti a Milano, Roma, Torino, Genova, Bologna, Treviso, Pisa, Padova, Napoli, Cosenza, Bari e Salerno.

  



Make this the place where you grow.


**Unisciti a noi!**","","https://it.indeed.com/cmp/Ntt-Data","https://d2q79iu7y748jz.cloudfront.net/s/_squarelogo/256x256/a598a8409d24c2c493ede9bbbe334c46","https://careers.services.global.ntt/global/en","Tokyo","10,000+","more than $10B (USD)","Own your career with NTT DATA
Join a global business and technology leader where every voice is heard and great work is recognized. You’ll work with clients, partners and colleagues around the world t","","","","","","","GMP compliance"
"in-45564c4f9e4ae667","indeed","https://it.indeed.com/viewjob?jk=45564c4f9e4ae667","https://jsv3.recruitics.com/redirect?rx_cid=3436&rx_jobId=R-01365508&rx_url=https%3A%2F%2Fjobs.thermofisher.com%2Fglobal%2Fen%2Fjob%2FR-01365508%2FField-Service-Engineer-IC-LC-MS%3Frx_a%3D0%26rx_c%3D%26rx_ch%3Djobp4p%26rx_group%3D123525%26rx_id%3D3e1d22ea-aad9-11f1-964a-43693d79ffc9%26rx_job%3DR-01365508%26rx_medium%3Dcpc%26rx_r%3Dnone%26rx_source%3Dindeed%26rx_ts%3D20260912T100417Z%26rx_vp%3Dcpc%26utm_medium%3Dppc%26utm_source%3Drecruitics_indeedorganic","Field Service Engineer IC-LC-MS","Thermo Fisher Scientific","Milano, LOM, IT","2026-09-07","fulltime","","","","","",False,"","","","","**Work Schedule**


Standard (Mon\-Fri)**Environmental Conditions**


Adherence to all Good Manufacturing Practices (GMP) Safety Standards**Job Description**


As part of the Thermo Fisher Scientific team, you’ll discover meaningful work that makes a positive impact on a global scale. Join our colleagues in bringing our Mission to life every single day to enable our customers to make the world healthier, cleaner and safer. We provide our global teams with the resources needed to achieve individual career goals while helping to take science a step beyond by developing solutions for some of the world’s toughest challenges, like protecting the environment, making sure our food is safe or helping find cures for cancer.  

  

DESCRIPTION:


As a Field Service Engineer II (IC\-LC\-MS) at Thermo Fisher Scientific, you'll contribute to delivering excellent service for sophisticated analytical and scientific instruments, specifically those belonging to the IC\-LC\-MS group. Working with customers across research, industrial, and healthcare settings, you'll install, maintain, troubleshoot, and repair complex equipment such as IC, HPLC, Integrion, Vanquish, Triple Quadrupole, IonTrap, and Orbitrap systems. This position offers opportunities to work with advanced technology while contributing to scientific advancement and innovation.


Key Responsibilities:

* Perform on\-site installation, repair, maintenance, qualification, and validation of IC\-LC\-MS instruments
* Ensure delivery of all activities related to the specific instrumental branch with the highest possible efficiency
* Assure customer satisfaction through excellence in repair and support
* Work in conjunction with other ULS teams and Sales, maintaining a client\-focused approach
* Schedule repair, maintenance, and qualification jobs by priority
* Maintain spare parts inventory, tools, manuals, and test equipment
* Actively promote and sell installations, extended service contracts, preventative maintenances, and related services
* Advise customers of new products and upgrades, reporting sales opportunities to account representatives
* Perform all service activities in compliance with Company values and 4i principles (Integrity, Involvement, Innovation, Intensity)
* Maintain a clear vision for cost savings

  

REQUIREMENTS:  

* Advanced Degree, no prior experience required, or Bachelor's Degree plus 2 years of hands\-on technical experience installing, troubleshooting and repairing complex analytical instruments
* Preferred Fields of Study: Electronics, Engineering, Physics, Chemistry, or related technical field
* Additional relevant certifications are advantageous
* Strong electronics and mechanical troubleshooting skills with ability to diagnose issues down to component level
* Experience with ultra\-high vacuum systems and high voltage equipment preferred
* Excellent customer service and communication skills, both written and verbal
* Strong organizational and time management capabilities
* Proficiency with Microsoft Office suite and service management software
* Ability to read and interpret technical documentation and schematics
* Valid driver's license and ability to travel up to 50\-75% within assigned territory
* Physical ability to lift up to 50 lbs and work in various laboratory environments
* Proficiency in English required; additional languages beneficial
* Strong problem\-solving abilities and capacity to work independently
* Adherence to safety protocols and quality standards
* Ability to respond to customer needs with short notice
* Ability to effectively train and support customers on equipment operation
* Experience documenting service activities and preparing detailed reports
* Demonstrated success in meeting customer satisfaction goals","Industrial Manufacturing","https://it.indeed.com/cmp/Thermo-Fisher-Scientific","https://d2q79iu7y748jz.cloudfront.net/s/_squarelogo/256x256/65bd2e4bebb79b1432ac3277ffd57ae7","https://www.thermofisher.com/","168 Third Avenue, Waltham, MA USA 02451","10,000+","more than $10B (USD)","At Thermo Fisher Scientific, our professionals develop critical solutions—and build rewarding careers.","","","","","","","GMP compliance"
"li-4465629858","linkedin","https://www.linkedin.com/jobs/view/4465629858","","Quality Assurance Internship (m/f/d)","Bayer","Garbagnate Milanese, Lombardy, Italy","2026-09-10","","","","","","",False,"","","","","","","https://de.linkedin.com/company/bayer","","","","","","","","","","","","","GxP specialist"
"li-4424638012","linkedin","https://www.linkedin.com/jobs/view/4424638012","","Development Analyst GMP","Corden Pharma - A Full-Service CDMO","Treviglio, Lombardy, Italy","2026-09-09","","","","","","",False,"","","","","","","https://ch.linkedin.com/company/corden-pharma-gmbh","","","","","","","","","","","","","drug registration"
"in-435a22fd8d180db4","indeed","https://it.indeed.com/viewjob?jk=435a22fd8d180db4","https://jsv3.recruitics.com/redirect?rx_cid=3436&rx_jobId=R-01363092&rx_url=https%3A%2F%2Fjobs.thermofisher.com%2Fglobal%2Fen%2Fjob%2FR-01363092%2FClinical-Trial-Coordinator-FSP-Italy%3Frx_a%3D0%26rx_c%3D%26rx_ch%3Djobp4p%26rx_group%3D123525%26rx_id%3De719eeea-ad34-11f1-bd49-fb1a0b645ebd%26rx_job%3DR-01363092%26rx_medium%3Dcpc%26rx_r%3Dnone%26rx_source%3Dindeed%26rx_ts%3D20260912T100417Z%26rx_vp%3Dcpc%26utm_medium%3Dppc%26utm_source%3Drecruitics_indeedorganic","Clinical Trial Coordinator - FSP - Italy","Thermo Fisher Scientific","Milano, LOM, IT","2026-09-10","fulltime","","","","","",True,"","","","","**Work Schedule**


Standard (Mon\-Fri)**Environmental Conditions**


Office**Job Description**


Join Us as a Clinical Trial Coordinator II – Make an Impact at the Forefront of Innovation  

We have successfully supported the top 50 pharmaceutical companies and more than 750 biotechs, spanning 2,700 clinical trials across 100\+ countries in the last 5 years.  

  

As part of our global team, you’ll have the opportunity to provide administrative and technical support to the Project Team. As a Clinical Operations Delivery Associate II, you'll support audit readiness by ensuring files are reviewed according to the schedule detailed in the organization's SOP and department guidance document. You will provide administrative support for site activation activities and aid in the development of the critical path for site activation within assigned projects to support rapid site activations. Representing the organization in the global medical research community, you may develop collaborative relationships with investigators and site personnel to conduct feasibility assessments in accordance with feasibility processes and within deliverable timelines. You may develop a local knowledge base of sites in the respective market through collaboratively working with local company personnel. Additionally, you may utilize local knowledge, organization systems, external site lists, and sponsor directives to develop and review site lists that are suitable for the strategic needs of feasibility activities and to provide local input into the site tiering process. You may act as a buddy during the onboarding phase, support training of new staff, and participate in departmental initiatives to aid in process improvements and enhancements.  

  

What You’ll Do:  

* According to the specific role (Local), coordinates, oversees and completes functions on assigned trial(s) activities as detailed on the task matrix.
* Performs department, Internal, Country and Investigator file reviews as assigned and documents findings in appropriate system(s).
* Ensures allocated tasks are performed on time, within budget and to a high quality standard. Proactively communicates any risks to project leads and line manager as appropriate.
* Performs administrative tasks on assigned trials including but not limited to
* timely processing of documents sent to Client (e)TMF as assigned, performing (e)TMF reviews, distributing mass mailings and communications as needed, providing documents and reports to internal team members.
* Reviews and tracks local regulatory documents.
* Analyzes and reconciles study metrics and findings reports. Assists with clarification and resolution of findings related to site documentation.
* Maintains vendor trackers.
* Assists with coordination, compilation and distribution of Investigator Site File
* (ISF) and Pharmacy binder materials and non\-clinical study supplies to sites.
* Assists with study\-specific translation materials and translation QC upon request.
* Assists with technical and administrative support for projects in collaboration with internal departments and team members.
* Maintains knowledge of and understands SOPs, client SOPs/directives, and current regulatory guidelines as applicable to services provided.
* Ensures that trial status information relating to activities is accurately maintained in the database and current at all times.
* Where applicable, develops and maintains relationship with client local affiliates.
* Champions the inclusion of Strategic Collaboration sites into the process.
* Where applicable, conducts on\-site feasibility visits (Asia Pac only).
* Trains new personnel in processes and systems.
* May support the maintenance of study specific documentation and global support with specific systems, tools and trackers, including, but not limited to, study team lists, tracking of project specific training requirements, system access management for organization/vendor/clients and tracking of project level activity plans in appropriate system. Ensures (e)TMF is up to date by following file review schedules and documenting findings in appropriate system(s).
* May provide system support (i.e., Activate \& eTMF).
* May support RBM activities.
* May transmit documents to client and centralized IRB/IEC.
* May attend Kick off Meeting and take notes when required.
* May support scheduling of client and/or internal meetings
* May support scheduling and organization of client and/or internal meetings with completion of related meeting minutes.
* Provides support as needed to coordinate with internal departments and ensure site start\-up activities within the site activation critical path are aligned.
* Assists the project team with the preparation of regulatory compliance review packages.
* May support start\-up team in Regulatory submissions.
* Occasionally works directly with site(s) to obtain documents related to site selection.
* May develop site list, including research from internal and external sources to ensure the site list is reflective of the defined site profile. Ensure current investigator and site staff contact details are appropriately maintained in company systems.
* May complete the ‘Site Interest Plan’ in CTMS and collection and delivery of associated documents from investigators and site personnel. Document in real time all communication, attempts and follow up associated with site contact and survey responses.
* Supports the review of survey data to ensure responses are logical, complete and reflective of the question asked.
* Works in collaboration with teammates to achieve targeted deadlines for assigned projects. Communicate with the team and appropriate clinical personnel regarding site issues and risks.
* Ensures an efficient, effective plan is in place for site contact and follow up. Ensure compliance with the plan and escalates concerns/non\-compliance to management.
* May act as the local expert regarding site capacity and experience. Work with key local personnel to gather knowledge base and recommend additional sites. Harnesses this knowledge base when performing local tiering of sites.
* May conduct phone interviews, scripted or non\-scripted, with physicians and other site personnel to discuss standard of care and obtain protocol\-level input to support trial optimization projects.
* Liaises with Global Investigator Services to resolve investigator queries in real time and maintain ‘accounts and contact’ information.
* Contributes to the development and roll\-out of global strategic feasibility processes and best practices.

  

Education and Experience Requirements:  

* High / Secondary school diploma or equivalent and relevant formal academic / vocational qualification.
* Bachelor's degree preferred.
* Previous experience that provides the knowledge, skills, and abilities to perform the job (comparable to at least 2 years).


In some cases an equivalency, consisting of a combination of appropriate education, training and/or directly related experience, will be considered sufficient for an individual to meet the requirements of the role.  

  

Knowledge, Skills and Abilities:  

* Ability to work in a team or independently, as required
* Strong organizational skills and attention to detail, with proven ability to handle multiple tasks efficiently and effectively
* Proven ability to effectively analyze project\-specific data/systems to ensure accuracy and efficiency
* Strong customer focus
* Demonstrated flexibility and adaptability to reprioritize workload and provide efficient support to meet changing project timelines
* Demonstrated ability to attain and maintain a good working knowledge of applicable Country
* Regulations, ICH Good Clinical Practices, and organization/Client SOPs and WPDs for all non clinical/clinical aspects of project implementation, execution and closeout
* Excellent English language and grammar skills and proficient local language skills as needed
* Good presentation skills
* Excellent computer skills, proficient in MS Office (Word, Excel, and PowerPoint) and ability to obtainknowledge and master all clinical trial database systems
* Ability to successfully complete the organizations clinical training program
* Self\-motivated, positive attitude with effective strong interpersonal skills
* Effective oral and written communication skills, with the ability to communicate effectively with medical personnel
* Excellent interpersonal skills
* Strong attention to detail and quality of documentation
* Good negotiation skills
* Good computer skills and the ability to learn appropriate software
* Fluency in local language as well as a good command of the English language and grammar skills
* Basic medical/therapeutic area and medical terminology knowledge
* Ability to work in a team environment or independently, under direction, as required
* Basic organizational and planning skills
* Basic knowledge of local health systems
* Ability to attain and maintain a working knowledge of GCP and applicable SOPs
* Excellent customer focus
* Proven flexibility and adaptability
* Ability to work in a matrix environment
* A proven relationship builder
* An independent thinker
* Ability to manage risk and perform risk escalation appropriately

  

Working Conditions and Environment:  

* Work is performed in an office/ laboratory/clinical/ and/or home office environment with exposure to electrical office equipment.
* Occasional drives to site locations. Potential Occasional travel required.","Industrial Manufacturing","https://it.indeed.com/cmp/Thermo-Fisher-Scientific","https://d2q79iu7y748jz.cloudfront.net/s/_squarelogo/256x256/65bd2e4bebb79b1432ac3277ffd57ae7","https://www.thermofisher.com/","168 Third Avenue, Waltham, MA USA 02451","10,000+","more than $10B (USD)","At Thermo Fisher Scientific, our professionals develop critical solutions—and build rewarding careers.","","","","","","","regulatory submission"
"in-ed1f179a598bad64","indeed","https://it.indeed.com/viewjob?jk=ed1f179a598bad64","https://jobs.bd.com/en/job/milan/regional-healthcare-partner-centro-nord/159/100399180864","Regional HealthCare Partner - Centro Nord","BD","Milano, LOM, IT","2026-09-09","","","","","","",False,"","","","","Now
  
**We are the people who give possibilities purpose**
----------------------------------------------------


BD is one of the largest global medical technology companies in the world. Advancing the world of health™ is our Purpose, and it’s no small feat. It takes the imagination and passion of all of us—from design and engineering to the manufacturing and marketing of our billions of MedTech products per year—to look at the impossible and find transformative solutions that turn dreams into possibilities.


**Job Description**
===================


The Regional Healthcare Partner supports the commercial team in identifying and developing opportunities within the public healthcare market, contributing across the entire tender lifecycle. This includes pre\-tender activities, opportunity monitoring, tender management, and support for contract renegotiation and price review processes.  

Reporting to the Strategic Tender \& Customer Procurement Relationship Manager and working within the Procurement Center of Excellence, the role collaborates closely with Sales, Marketing, Clinical, Regulatory, and Tender Management teams to support procurement excellence, customer engagement, and sustainable business growth.

**Key Responsibilities**

  

Tender Management

* Monitor public tender opportunities and timelines.
* Review tender notices, specifications, and procurement documentation, identifying requirements, risks, and opportunities.
* Coordinate the preparation and submission of technical and commercial tender documentation.
* Ensure accuracy, quality, and compliance of submissions through cross\-functional collaboration.
* Support commercial teams throughout all tender phases.
  

Pre\-Tender Activities

* Support engagement with contracting authorities and procurement stakeholders.
* Contribute to value\-based purchasing initiatives, benchmarking activities, and health economics projects.
* Analyze customer needs, market trends, and procurement models within the public healthcare sector.
* Partner with Sales and Marketing to identify business opportunities and influence future tender specifications.


Provide insights into market dynamics, competitor activity, and procurement trends.  

Pricing \& Contract Support

* Support contract renegotiations, price revision requests, and contractual amendments.
* Coordinate with internal stakeholders to ensure compliance and alignment with business objectives.
* Analyze market, economic, and contractual data to support commercial decision\-making.
* Monitor contract execution, vendor ratings, and performance objectives to ensure alignment between commercial strategies and contractual obligations.
  

Business \& Cross\-Functional Collaboration

* Partner with Sales Managers and Account Managers to execute commercial strategies.
* Provide regular updates on tender activities, procurement developments, and business opportunities.
* Contribute to best practice sharing and continuous process improvement.
* Maintain knowledge of public procurement legislation, healthcare purchasing models, and Public Administration procurement processes.
 **About You**

* University degree in Business, Economics, or a related field.
* Understanding of the Italian healthcare market, procurement environment, and demand drivers.
* Experience managing public tenders, complex negotiations, or procurement\-related activities.
* Ability to operate effectively at both tactical and strategic levels while engaging diverse stakeholders.
* Proficiency in Excel, PowerPoint, and Word, with strong English written and verbal communication skills.
* Strong analytical, organizational, and business acumen, with the ability to interpret tender, procurement, and market information while managing multiple priorities.
* Excellent communication, collaboration, and stakeholder management skills, with the ability to build effective relationships across cross\-functional teams and public healthcare stakeholders.
* Understanding of public procurement processes and customer needs, with experience navigating complex public healthcare environments and relevant tender regulations.
**The salary range for this position is: from 41k \- 49k eur/year \+ incentives**

 **CCNL Chimico Farmaceutico**

**Why Join Us?**
================


To find purpose in the possibilities, we need people who can see the bigger picture, who understand the human story that underpins everything we do. We welcome people with the imagination and drive to help us reinvent the future of healthcare. At BD, you’ll discover a culture in which you can learn, grow and thrive.


We believe that when people connect in person, we learn faster, collaborate more deeply, and build a stronger culture. Join us and enjoy a culture where face\-to\-face collaboration supports your learning, your progress, and your success.


**To learn more about BD visit** https://bd.com/careers.


Becton, Dickinson, and Company is an Equal Opportunity Employer. We evaluate applicants without regard to race, color, religion, age, sex, creed, national origin, ancestry, citizenship status, marital or domestic or civil union status, familial status, affectional or sexual orientation, gender identity or expression, genetics, disability, military eligibility or veteran status, and other legally protected characteristics.


Required Skills


Optional Skills


.

**Primary Work Location**
=========================


ITA Milano \- Via Enrico Cialdini**Additional Locations**
========================

**Work Shift**
==============


At BD, we reward, support and develop our associates through our comprehensive Total Rewards program. We are committed to attracting and retaining high quality talent by providing reward and recognition opportunities that promote a performance\-based culture, as well as a competitive package of compensation and benefits programs. You can learn more on our career site under ""Our Commitment to You.""


Our salary or hourly rate ranges reward associates fairly and competitively. We regularly review these ranges and factors, such as location, contribute to the range displayed.


Our pay is based on the role and the necessary skills and education to perform it successfully. The salary or hourly rate offered is determined by the role's specific requirements, including any applicable step rate pay system at the work location. Salary or hourly pay ranges are influenced by labor laws and Collective Bargaining Agreement (CBA) requirements applicable to the work location which may also affect the workplace arrangement of the role.

**Salary Range Information**


€40,700\.00 \- €65,150\.00 EUR Annual","","https://it.indeed.com/cmp/Bd","https://d2q79iu7y748jz.cloudfront.net/s/_squarelogo/256x256/d06119cadf98312bbe4630c5fa68a525","http://bd.com/careers","Franklin Lakes, NJ","10,000+","more than $10B (USD)","Advancing the world of health™.","","","","","","","regulatory submission"
"in-1ae78891ba0b57a4","indeed","https://it.indeed.com/viewjob?jk=1ae78891ba0b57a4","https://internationalcareers-waters.icims.com/jobs/27644/job?utm_source=indeed_integration&iis=Job%20Board&iisn=Indeed&indeed-apply-token=73a2d2b2a8d6d5c0a62696875eaebd669103652d3f0c2cd5445d3e66b1592b0f","Clinical Field Service Engineer","Waters","Sesto San Giovanni, LOM, IT","2026-09-10","","","","","","",False,"","","","","Overview:
* Are you looking for an impactful role within a growing business that helps advance science and improve human health?
* Would you enjoy the freedom of a field\-based role where no two days are the same and you can become a trusted technical partner to our customers?
* Are you looking for opportunities to grow, develop, learn and progress in your career?
* Would you like to join a global, innovative technology organisation that is strongly committed to diversity, equity and inclusion?


If your answers are yes, then we would love to hear from you!  

At Waters, we design and manufacture innovative products, solutions and services that help our customers solve important scientific challenges. Our people make a real difference through their work. They are passionate about what they do, proud of their accomplishments and central to making Waters a great place to work.  

As a **Clinical Field Service Engineer**, you will support customers operating Waters LC\-MS systems within regulated clinical laboratory environments. This is a varied and rewarding field\-based role in which you will install, maintain and repair analytical systems, solve technical problems and build trusted relationships with the customers you support. No two days will be the same.  

As a global organisation, Waters offers a wide range of opportunities to learn, grow and develop. Many of our team members have progressed within Field Service or moved into other areas of the business, including applications support, sales, global technical support and leadership.  


Responsibilities:
**So, what does a Clinical Field Service Engineer do? Below are some of the key responsibilities:*** Install, qualify, calibrate, maintain, troubleshoot and repair Waters LC\-MS systems within regulated clinical laboratory environments.
* Analyse system performance and diagnostic data to identify the source of technical problems and determine the appropriate corrective action.
* Work closely with our wider technical and support teams to resolve issues efficiently, escalating more complex problems when required.
* Manage customer expectations by clearly communicating the work performed and providing follow\-up plans where required.
* Complete service records and other required documentation accurately and promptly, in accordance with Waters’ quality and regulatory procedures.
* Build strong relationships with customers, providing appropriate advice and support on Waters products and services while identifying opportunities to further improve their laboratory operations.


To help you succeed, you will receive comprehensive technical training, support from an experienced team and access to continuous learning and development opportunities throughout your career at Waters.
Qualifications:
**Who are we looking for?** **Education:*** A minimum bachelor’s degree in analytical chemistry, biology, physics, engineering or a related scientific or technical discipline is essential.

**Experience:*** Practical experience working with complex analytical or laboratory instrumentation.
* Strong technical aptitude and the ability to understand and troubleshoot mechanical, electrical, fluidic and software\-related issues.
* Experience maintaining, calibrating or troubleshooting analytical instrumentation would be advantageous.
* Previous experience using or servicing LC\-MS instrumentation, preferably Waters systems, is strongly preferred.
* Experience within a clinical, forensic, hospital, IVD or other regulated laboratory environment would be advantageous.
* A valid driving licence in good standing is mandatory.
* Willingness to undertake overnight travel when required, including international travel for technical training.

**Skills:*** A strong customer focus and commitment to delivering excellent service.
* A logical and analytical approach to troubleshooting and problem\-solving.
* Strong communication skills and the ability to communicate effectively with customers and colleagues from different technical backgrounds.
* The ability to manage time effectively, organise field activities and work independently.
* A collaborative approach and willingness to work with wider technical and support teams.
* A strong sense of personal integrity and accountability
* Fluent Italian and a good professional command of spoken and written English, equivalent to at least B2 under the Common European Framework of Reference for Languages (CEFR). The role requires regular communication with an English\-speaking manager and international colleagues, as well as participation in technical training delivered in English.

 **Frequent overnight travel may be required.**  

Waters recognises that people from some backgrounds remain under\-represented within STEM careers and may face barriers during the application process. As an inclusive employer, we welcome applications from everyone. You do not need to meet every desirable requirement of the role. If you believe you can add value to our business, we want to hear from you.
Company Description:

Waters Corporation (NYSE:WAT) is a global leader in life sciences and diagnostics, dedicated to accelerating the benefits of pioneering science through analytical technologies, informatics, and service. With a focus on regulated, high\-volume testing environments, our innovative portfolio harnesses deep scientific expertise across chemistry, physics, and biology. We collaborate with customers around the world to advance the release of effective, high\-quality medicines, ensure the safety of food and water, and drive better patient outcomes by detecting diseases earlier, managing routine infections, and combating antibiotic resistance. Through a shared culture of relentless innovation, our passionate team of \~16,000 colleagues turn scientific challenges into breakthroughs that improve lives worldwide.  

  

Within Waters’ Advanced Diagnostics group, the Clinical LC\-MS Service team supports analytical systems used in regulated clinical laboratory environments. As a Clinical Field Service Engineer, you will install, maintain and repair Waters LC\-MS systems, helping customers maintain reliable operation and deliver high\-quality diagnostic testing. *Diversity and inclusion are fundamental to our core values at Waters Corporation. We are committed to providing equal employment opportunities and consider all qualified applicants without discrimination based on any characteristic protected by applicable law. All hiring decisions are based on qualifications, merit and business needs.*","","https://it.indeed.com/cmp/Waters-8","https://d2q79iu7y748jz.cloudfront.net/s/_squarelogo/256x256/bd975cea10291ca5132fd5d95ed01df9","http://www.waters.com","Milford, MA","5,001 to 10,000","$1B to $5B (USD)","Waters is unlocking the potential of science by solving problems that matter. Are you ready to unlock your next opportunity with us?","","","","","","","clinical regulatory"
"in-1a97779d76b26ebb","indeed","https://it.indeed.com/viewjob?jk=1a97779d76b26ebb","https://jsv3.recruitics.com/redirect?rx_cid=3436&rx_jobId=R-01366838_1002&rx_url=https%3A%2F%2Fjobs.thermofisher.com%2Fglobal%2Fen%2Fjob%2FR-01366838%2FGlobal-Study-Lead-FSP-EMEA%3Frx_a%3D0%26rx_c%3D%26rx_ch%3Djobp4p%26rx_group%3D123525%26rx_id%3Dce050c5e-ad77-11f1-8cea-0fcb751bde56%26rx_job%3DR-01366838_1002%26rx_medium%3Dcpc%26rx_r%3Dnone%26rx_source%3Dindeed%26rx_ts%3D20260912T100417Z%26rx_vp%3Dcpc%26utm_medium%3Dppc%26utm_source%3Drecruitics_indeedorganic","Global Study Lead - FSP EMEA","Thermo Fisher Scientific","Milano, LOM, IT","2026-09-09","fulltime","","","","","",False,"","","","","**Work Schedule**


Standard (Mon\-Fri)**Environmental Conditions**


Office**Job Description**

### **The Opportunity**

  

We are seeking an experienced Global Study Lead (GSL) to provide strategic and operational leadership for complex global clinical studies.

  

This is a senior study leadership position with end\-to\-end accountability for clinical study delivery, from study initiation through to study close\-out and archiving. You will define the operational strategy, lead cross\-functional study teams, and ensure studies are delivered to the required timelines, quality, budget and regulatory standards.

  

As a key member of the Study Leadership Team, you will represent Clinical Operations and work closely with Clinical, Statistics and other cross\-functional partners to drive decisions, manage risk and ensure successful study delivery.

### **Key Responsibilities**

* Lead the operational strategy and end\-to\-end delivery of one or more global clinical studies.
* Own study timelines, budget, quality, risks and key operational deliverables.
* Provide strategic leadership to global, cross\-functional study teams and drive timely decision\-making.
* Represent Clinical Operations within the Study Leadership Team and act as the senior escalation point for operational issues.
* Translate clinical development and asset strategy into clear study\-level operational plans.
* Lead proactive study risk identification, mitigation and issue resolution.
* Ensure robust feasibility, study planning and operational execution.
* Provide strategic operational input into protocols, informed consent forms and other key study documents.
* Oversee CROs and other external vendors, including vendor selection, performance management and escalation where deliverables are at risk.
* Ensure studies remain compliant with ICH\-GCP, applicable regulations, SOPs and inspection\-readiness requirements.
* Lead study financial planning, forecasting and budget management.
* Communicate study progress, risks, decisions and recommendations effectively to senior stakeholders and governance forums.
* Champion innovative approaches to clinical trial delivery, including decentralised trial approaches, technology, automation and AI\-enabled ways of working.
* Contribute to continuous improvement initiatives across Clinical Operations.

### **About You**

  

You will be an accomplished clinical operations professional with significant experience leading complex global clinical studies within the pharmaceutical or biotechnology industry.

  

You will bring:

* A Bachelor's degree in Life Sciences or a related discipline.
* Extensive experience in global clinical study delivery, ideally across multiple phases, indications and geographic regions.
* Proven experience holding end\-to\-end accountability for complex global clinical trials.
* Strong experience leading global cross\-functional teams within a matrix environment.
* Demonstrated ownership of study timelines, budgets, risks, quality and operational strategy.
* Significant experience overseeing CROs and third\-party vendors, including performance management and issue resolution.
* In\-depth knowledge of ICH\-GCP, global regulatory requirements and clinical development processes.
* Strong project and financial management capabilities.
* The ability to influence senior stakeholders and drive decisions in complex, fast\-paced environments.
* Excellent leadership, communication, negotiation and conflict\-management skills.
* Experience proactively identifying and resolving risks that could impact clinical programmes.

### **Highly Desirable**

  

Experience in one or more of the following would be particularly valuable:

* Phase II and/or Phase III global clinical trials.
* Adaptive or other innovative trial designs.
* Decentralised clinical trials (DCTs).
* Platform, umbrella or basket studies.
* Technology\-enabled clinical trial delivery, automation or AI/ML.
* Working with investigators, external experts and regulatory authorities.
* Broad therapeutic\-area experience, combined with deep expertise in one or more indications.

### **What Success Looks Like**


The successful Global Study Lead will be able to set the vision for study delivery, translate strategy into execution and bring diverse stakeholders together around clear priorities. You will be comfortable making complex decisions autonomously, challenging constructively, escalating when required and empowering teams to deliver in demanding global clinical\-development environments.","Industrial Manufacturing","https://it.indeed.com/cmp/Thermo-Fisher-Scientific","https://d2q79iu7y748jz.cloudfront.net/s/_squarelogo/256x256/65bd2e4bebb79b1432ac3277ffd57ae7","https://www.thermofisher.com/","168 Third Avenue, Waltham, MA USA 02451","10,000+","more than $10B (USD)","At Thermo Fisher Scientific, our professionals develop critical solutions—and build rewarding careers.","","","","","","","clinical regulatory"
"in-137e3c7953ea3b59","indeed","https://it.indeed.com/viewjob?jk=137e3c7953ea3b59","https://jp.syneoshealth.com/careers/jobs/18213902-sponsor-dedicated-senior-cra-ii-home-based-ita","Sponsor Dedicated Senior CRA II - Home Based ITA","サイネオス・ヘルス","LOM, IT","2026-09-07","","","","","","",True,"","","","","**Updated:** Today  

**Location:** Remote, MI, Italy  

**Job ID:** 25112285


Not ready to apply?  

Join our Talent Network
**Description**


Sponsor Dedicated Senior CRA II \- Home Based ITA
Syneos Health® is a leading fully\-integrated life sciences services organization built to accelerate customer success. We partner with innovators at every point across the drug development and commercialization continuum, helping them navigate complexity, anticipate change and accelerate progress.  

  

Our Clinical Solutions team members act with a drug development mindset, applying their years of experience and deep expertise to truly understand customer needs and represent those in the solutions we shape.
  

  

Whether you join us in a Functional Service Provider partnership or a Full\-Service environment, you’ll collaborate with passionate problem solvers, innovating as a team to help our customers achieve their goals. We are agile and driven to deliver – for one another, our customers, and, most importantly, for those in need.
  

  

Discover what your 25,000 future colleagues already know:
  

  

Why Syneos Health  

* We are passionate about developing our people, through career development and progression; supportive and engaged line management; technical and therapeutic area training; peer recognition and total rewards program.
* We are committed to building an inclusive culture – where you can authentically be yourself. Central to this is our purpose – Driven to Deliver – which captures the passion of our colleagues to show up each day and shape solutions that have the ability to dramatically impact someone’s life.
* We are continuously building the company we all want to work for and our customers want to work with. Why? Because we know that when we bring together smart colleagues from across the world, we can shape the future of healthcare, driving impact for customers and defining the pace of patient progress.
**Job Responsibilities**

* Performs site qualification, site initiation, interim monitoring, site management and close\-out visits (performed on\-site or remotely) ensuring regulatory, ICH\-GCP and/or Good Pharmacoepidemiology Practices (GPP) and protocol compliance. Uses judgment and experience to evaluate overall performance of site and site staff and to provide recommendations regarding site\-specific actions; immediately communicates/escalates serious issues to the project team and develops action plans. Maintains a working knowledge of ICH/GCP Guidelines or other applicable guidance, relevant regulations, and company SOPs/processes.
* Verifies the process of obtaining informed consent has been adequately performed and documented for each subject/patient as required/appropriate. Demonstrates diligence in protecting the confidentiality of each subject/patient. Assesses factors that might affect subject/patient’s safety and clinical data integrity at an investigator/physician site such as protocol deviation/violations and pharmacovigilance issues.
* Per the Clinical Monitoring/Site Management Plan (CMP/SMP):Assesses site processes. Conducts Source Document Review of appropriate site source documents and medical records. Verifies required clinical data entered in the case report form (CRF) is accurate and complete via review of site source documents and medical records  

Applies query resolution techniques remotely and on site, and provides guidance to site staff as necessary, driving query resolution to closure within agreed timelines  

Utilizes available hardware and software to support the effective conduct of the clinical study data review and capture. Verifies site compliance with electronic data capture requirements.
* May perform investigational product (IP) inventory, reconciliation and reviews storage and security. Verifies the IP has been dispensed and administered to subjects/patients according to the protocol. Verifies issues or risks associated with blinded or randomized information related to IP. Applies knowledge of GCP/local regulations and organizational procedures to ensure IP is appropriately (re)labelled, imported and released/returned.
* Routinely reviews the Investigator Site File (ISF) for accuracy, timeliness and completeness. Reconciles contents of the ISF with the Trial Master File (TMF). Ensures the investigator/physician site is aware of the requirement of archiving essential documents in accordance with local guidelines and regulations.
* Documents activities via confirmation letters, follow\-up letters, trip reports, communication logs, and other required project documents as per SOPs and Clinical Monitoring Plan/Site Management Plan. Supports subject/patient recruitment, retention and awareness strategies. Enters data into tracking systems as required to track all observations, ongoing status and action items to resolution.
* Understands project scope, budgets, and timelines for own and others’ activities in the clinical team; manages site\-level activities / communication to ensure project objectives, deliverables and timelines are met. Must be able to quickly adapt to changing priorities to achieve goals / targets.
* May act as primary liaison with study site personnel, or in collaboration with Central Monitoring Associate. Ensures all assigned sites and project\-specific site team members are trained and compliant with applicable requirements.
* Prepares for and attends Investigator Meetings and/or sponsor face to face meetings. Participates in and may lead global clinical monitoring/project staff meetings (inclusive of Sponsor representation, as applicable) and attends clinical training sessions according to the project specific requirements.
* Provides guidance at the site and project level towards audit readiness standards and supports preparation for audit and required follow\-up actions.
* May provide direct supervision, training and/or mentorship to more junior level CRAs. Performs training and sign off visits for junior CRA staff, as assigned. May be mentored and assigned lead tasks under supervision of an experienced Clinical Operations Lead (COL) or operational line manager. This could include participation in business development proposals and/or defense meetings.
* For Real World Late Phase (RWLP), the Sr. CRA II will use the business card title of Sr.Site Management Associate II. Additional responsibilities include:  

Site support throughout the study lifecycle from site identification through close\-out. Knowledge of local requirements for real world late phase study designs  

Chart abstraction activities and data collection  

As required, collaborate and build relationship with Sponsor and other affiliates, medical science liaisons and local country staff  

The SMA II may be requested to train junior staff  

Identify and communicate out of scope activities to Lead CRA/Project Manager  

Proactively suggest potential sites based on local knowledge of treatment patterns, patient advocacy and Health Care Provider (HCP) associations.  

Identify operational efficiencies and process improvements  

Develop study and country level informed consent forms  

Collaborate with RWLP Regulatory team to ensure updated regulatory information is applied and shared  

Participate in bid defense meetings  

Provide input into Requests for Proposals (RFPs), scope and budgeting. Develop site management strategy.  

Participate in Case Report Form design and edit check development.


Qualifications:

* 6\+ yrs as CRA certified with solid monitoring experience in Oncology
* Knowledge of Good Clinical Practice/ICH Guidelines and other applicable regulatory requirements
* Must demonstrate good computer skills and be able to embrace new technologies
* Excellent communication, presentation and interpersonal skills. Moderate level of critical thinking skills expected.
* Ability to manage required travel as per monitoring plan needs


The employment relationship shall be governed by the National Collective Labour Agreement (CCNL) for employees of companies operating in the tertiary, distribution and services sectors (""CCNL Commercio""), and all related provisions shall apply, including Article 213, in its version in force from time to time.


The potential annual gross salary range for this role will be 55,000\.00 EUR \- 69,000\.00 EUR, excluding any additional benefits and allowances.

**Get to know Syneos Health**

  

Over the past 5 years, we have worked with 94% of all Novel FDA Approved Drugs, 95% of EMA Authorized Products and over 200 Studies across 73,000 Sites and 675,000\+ Trial patients.


No matter what your role is, you’ll take the initiative and challenge the status quo with us in a highly competitive and ever\-changing environment. Learn more about Syneos Health.


http://www.syneoshealth.com

**Additional Information**

  

Tasks, duties, and responsibilities as listed in this job description are not exhaustive. The Company, at its sole discretion and with no prior notice, may assign other tasks, duties, and job responsibilities. Equivalent experience, skills, and/or education will also be considered so qualifications of incumbents may differ from those listed in the Job Description. The Company, at its sole discretion, will determine what constitutes as equivalent to the qualifications described above. Further, nothing contained herein should be construed to create an employment contract. Occasionally, required skills/experiences for jobs are expressed in brief terms. Any language contained herein is intended to fully comply with all obligations imposed by the legislation of each country in which it operates, including the implementation of the EU Equality Directive, in relation to the recruitment and employment of its employees. The Company is committed to compliance with the Americans with Disabilities Act, including the provision of reasonable accommodations, when appropriate, to assist employees or applicants to perform the essential functions of the job.

**Summary**


Roles within Clinical Monitoring/CRA job family are responsible for monitoring during clinical research studies to ensure that the trials are being conducted in accordance with widely accepted clinical practices. This includes conducting on\-site and remote monitoring, developing tools, procedures, and processes to ensure quality monitoring. Impact and Contribution Individual contributors with responsibility in a professional or technical discipline or specialty, but may manage two or fewer employees. May direct the work of lower level professionals or manage processes and programs. The majority of time is spent contributing to the design, implementation or delivery of processes, programs, and policies, using knowledge and skills typically acquired through advanced education. Individual contributor with developing subject matter expertise and responsibility for processes. In\-depth knowledge and skills within a professional discipline, understanding the impact of work on related areas. May be responsible for entire projects or processes within area of responsibility.","","https://it.indeed.com/cmp/%E3%82%B5%E3%82%A4%E3%83%8D%E3%82%AA%E3%82%B9-%E3%83%98%E3%83%AB%E3%82%B9","","","","","","","","","","","","","clinical regulatory"
"in-51a714500a215142","indeed","https://it.indeed.com/viewjob?jk=51a714500a215142","https://jobs.danaher.com/global/en/job/DANAGLOBALR1315302EXTERNALENGLOBAL/Senior-Manager-Field-Service?utm_source=indeed&utm_medium=phenom-feeds","Senior Manager Field Service","Beckman Coulter Diagnostics","Milano, LOM, IT","2026-09-07","fulltime","","","","","",True,"","","","","Are you ready to accelerate your potential and make a real difference within life sciences, diagnostics and biotechnology?

  

At Beckman Coulter Diagnostics, one of Danaher’s 15\+ operating companies, our work saves lives—and we’re all united by a shared commitment to innovate for tangible impact.

  

You’ll thrive in a culture of belonging where you and your unique viewpoint matter. And by harnessing Danaher’s system of continuous improvement, you help turn ideas into impact – innovating at the speed of life.

  

As a global leader in clinical diagnostics, Beckman Coulter Diagnostics has challenged convention to elevate the diagnostic laboratory’s role in improving patient health for more than 90 years. Our diagnostic solutions are used in routine and complex clinical testing, and are used in hospitals, reference and research laboratories, and physician offices around the world. Every hour around the world, more than one million tests are run on Beckman Coulter Diagnostics systems, impacting 1\.2 billion patients and more than three million clinicians per year. From uncovering the next clinical breakthrough, to rapid and reliable sample analysis, to more rigorous decision making—we are enabling clinicians to deliver the best possible care to their patients with improved efficiency, clinical confidence, adaptive collaboration, and accelerated intelligence.


Learn about the Danaher Business System which makes everything possible.


The **Senior Manager Field Service** is responsible for leading the overall Service and Field Applications organization in Italy, ensuring the delivery of exceptional customer support while driving operational excellence, business growth, profitability, and customer satisfaction.


Reporting directly to the Managing Director Italy, this senior leadership role oversees all Field Service, Field Applications, and service performance activities across the country. The successful candidate will lead a team of Field Service Area Managers and Field Application Managers, with overall responsibility for a nationwide organization of more than 100 people.


This role plays a critical part in supporting business objectives by defining and executing the national service strategy, optimizing service delivery, developing high\-performing teams, and ensuring compliance with quality, regulatory, and safety standards. The position is also expected to shape the future service organization in Italy, ensuring alignment with Beckman Coulter's business priorities, customer needs, and long\-term growth objectives.

**In this role, she/he will have the opportunity to:**

* Lead and develop the national Service and Field Applications organization, managing and coaching a team of Field Service Area Managers and Field Application Managers to ensure consistent execution, engagement, and operational excellence across all regions.
* Drive customer satisfaction, service quality, and base business retention, partnering closely with Commercial and Sales leadership to support sustainable growth and strengthen long\-term customer relationships.
* Define and execute the national service strategy, ensuring contractual commitments, operational KPIs, productivity targets, and customer expectations are consistently achieved.
* Build organizational capabilities and technical excellence, developing talent, succession planning, leadership capabilities, and continuous improvement initiatives while fostering a high\-performance, customer\-centric culture.
* Act as a key member of the Italy Leadership Team, influencing business strategy, leading transformational initiatives, optimizing resource allocation, and driving cross\-functional collaboration to deliver a best\-in\-class customer experience.

**The essential requirements of the job include**:

* Bachelor's Degree in Engineering, Chemistry, Biology, Life Sciences, or a related technical/scientific discipline.
* 10\+ years of experience within the Medical Diagnostics, Healthcare, Medical Device, or Life Sciences industry, including significant leadership responsibility in Field Service and/or Field Applications organizations.
* Proven track record in leading managers and geographically dispersed teams, with demonstrated success in driving operational performance, organizational transformation, and talent development.
* Strong leadership, strategic thinking, stakeholder management, and business acumen, with the ability to influence senior leaders and translate service excellence into customer satisfaction and business growth.
* Excellent communication and problem\-solving skills, fluency in English, willingness to travel nationally up to 50% of the time, and a valid driver's license.


Beckman Coulter Diagnostics, a Danaher operating company, offers a broad array of comprehensive, competitive benefit programs that add value to our lives. Whether it’s a health care program or paid time off, our programs contribute to life beyond the job. Check out our benefits at Danaher Benefits Info.


At Beckman Coulter Diagnostics we believe in designing a better, more sustainable workforce. We recognize the benefits of flexible, remote working arrangements for eligible roles and are committed to providing enriching careers, no matter the work arrangement. This position is eligible for a remote work arrangement in which you can work remotely from your home. Additional information about this remote work arrangement will be provided by your interview team. Explore the flexibility and challenge that working for Beckman Coulter Diagnostics can provide.


This role is classified under the applicable as Dirigente CCNL per i Dirigenti di aziende del Terziario, della Distribuzione e dei Servizi, which defines minimum terms, job classification, and baseline progression frameworks. https://www.confcommercio.it/\-/ccnl\-dirigenti\-terziario\-parte\-economica


The expected gross annual salary range for this role is \<87\.000\-135\.000 euros\>, determined based on objective criteria such as experience, skills, and role\-related competencies.


Bonus / Incentive Pay


20% of annual base salary


This job is also eligible for bonus / incentive pay. This is the target earnings as % of base annual salary, subject to objective eligibility criteria and performance conditions as set out in the applicable scheme terms and conditions.


This job is also eligible for a comprehensive package of benefits and specifically \[company car, ticket restaurant, pension Fund Mario Negri \+ Prev.int funds 2% by the Company, medical funds Fasdac\+ Previass, insurance Pastore, training CFMT, Welfare Negri 1500 euros per year]. Details regarding these benefits will be provided separately.


Join our winning team today. Together, we’ll accelerate the real\-life impact of tomorrow’s science and technology. We partner with customers across the globe to help them solve their most complex challenges, architecting solutions that bring the power of science to life.


For more information, visit www.danaher.com.","","https://it.indeed.com/cmp/Beckman-Coulter-Diagnostics","https://d2q79iu7y748jz.cloudfront.net/s/_squarelogo/256x256/9316fef4010d6c58c252f6854c082539","http://www.beckmancoulter.com","Brea, CA","10,000+","$1B to $5B (USD)","Beckman Coulter develops, manufactures and markets products that simplify, automate and innovate complex biomedical testing.","","","","","","","clinical regulatory"
"in-1b85f359851502f4","indeed","https://it.indeed.com/viewjob?jk=1b85f359851502f4","https://jobs.intesasanpaolo.com/job/Milano-Junior-Business-Analyst/1435604133/","Junior Business Analyst","Intesa Sanpaolo","Milano, LOM, IT","2026-09-10","","","","","","",False,"","","","","**Data:** 10 set 2026
  
  

**Località:**  

Milano, IT
  
  

**\#job\-location.job\-location\-inline { display:** inline; }
  
**Società:** Intesa Sanpaolo S.p.A.
  
  

.
  
  

Overview
  
  

Entrerai nel team dei Digital Business Partner e contribuirai alla realizzazione di iniziative rilevanti in ambito Compliance Financial Markets e Investment Banking, lavorando con proattività e propensione al risultato a stretto contatto con i referenti di business, le funzioni di controllo e i team IT, al fine di individuare le modalità più efficaci ed efficienti per il raggiungimento degli obiettivi del Piano Industriale.
  
  

Quali saranno le tue attività
  
  

Comprendere le esigenze progettuali e supportare le modalità migliori per la relativa realizzazione
  
Supportare la gestione degli stream progettuali, monitorando avanzamento, tempi, costi e qualità dei deliverable, avvalendosi degli strumenti aziendali di AI
  
Favorire il confronto nel continuo fra i diversi stakeholder utente e IT, assicurando allineamento tra esigenze, costi, vincoli normativi e soluzioni
  
Contribuire alla raccolta e formalizzazione dei requisiti di business e normativi, predisponendo la relativa documentazione
  
Analizzare impatti operativi, normativi e tecnologici, garantendo la coerenza tra requisiti, modelli operativi e architettura target
  
Supportare attivamente i test, il monitoraggio e il rilascio delle soluzioni realizzate
  
Predisporre la documentazione di progetto, intercettando punti di attenzione e tematiche rilevanti
  
Chi stiamo cercando
  
  

**Se hai le seguenti caratteristiche, ti stiamo aspettando:**  

Esperienza di 1\-3 anni in progetti digitali, organizzativi, regolamentari nel settore Banking con focus in ambito Compliance Financial Markets e Investment Banking
  
Laurea preferibilmente in discipline economiche o scientifiche
  
Conoscenza di Financial Markets, Investment Banking e Regulatory Reporting
  
Esperienza in attività di analisi, raccolta requisiti e predisposizione documentazione di progetto
  
Conoscenza di Microsoft Office, in particolare Excel e PowerPoint
  
Conoscenza della lingua inglese almeno livello B2 secondo scala CEFR
  
Project Management e monitoraggio di attività, tempi e avanzamenti
  
Capacità di analisi di rischi e impatti
  
Conoscenza/utilizzo di strumenti AI
  
Predisposizione alla sperimentazione nel continuo e all'evoluzione di processi, soluzioni e modus operandi, facendo anche leva sulle potenzialità abilitate dall'AI
  
Proattività, flessibilità, affidabilità, problem solving
  
Comunicazione scritta e orale efficace
  
Costituiscono titolo preferenziale conoscenza delle principali normative in ambito Capital Markets (MiFID II, MiFIR, EMIR, SFTR, MAR, Investor Protection e Product Governance, Dodd Frank Act \- Swap Dealer)
  
Costituisce titolo preferenziale aver svolto percorsi di studio e/o lavoro in ambito internazionale
  
Cosa ti offriamo
  
  

Retribuzione annua lorda a partire da 35\.650 €
  
Il Gruppo prevede una componente variabile della remunerazione così come disciplinata dalle Politiche di Remunerazione consultabili sul sito di Gruppo
  
Elementi complementari disciplinati dal Contratto Collettivo Nazionale Credito e accordi aziendali di secondo livello
  
Iniziative di sviluppo professionale a supporto della crescita delle nostre persone
  
Ampia offerta formativa tramite la Corporate Academy dedicata allo sviluppo continuo delle competenze professionali, manageriali e trasversali a tutti i livelli
  
Possibilità di aderire al lavoro flessibile e alla settimana corta 4x9
  
Sistema moderno e integrato di welfare aziendale (link)
  
Copertura sanitaria e previdenza complementare a decorrere dall’assunzione
  
Vantaggi sui prodotti e servizi bancari del Gruppo
  
  

Chi siamo
  
  

Siamo leader in Italia e uno dei principali gruppi bancari in Europa. Unisciti a noi e fai parte della nostra storia di successo! Con oltre 20 milioni di clienti in Italia e all'estero siamo un vero e proprio motore di crescita sostenibile con un forte impegno per l'ambiente e un impatto tangibile sulla società.
  
  

Le persone sono al centro, ce ne prendiamo cura impegnandoci nel creare una cultura inclusiva all'interno del Gruppo in cui tutti si sentano protagonisti e valorizzati.
  
  

L’Area Chief Data, A.I. \& Technology Officer è la realtà IT del Gruppo che coniuga l’agilità di una fintech con la solidità di un grande gruppo; avrai l'opportunità di lavorare in un contesto innovativo con tecnologie all’avanguardia e con forte spinta alla trasformazione digitale.
  
  

Unisciti alla nostra realtà internazionale. Il futuro non si aspetta, si sceglie!
  
  

\#sharingfuture
  
  

Garantiamo un ambiente inclusivo e di pari opportunità. Considereremo tutte le candidature a prescindere da razza, religione, orientamento sessuale, identità di genere, stato civile, età, disabilità o qualsiasi altra categoria protetta nel rispetto dei D.lgs. 198/2006, 215/03 e 216/03\.
  
  

Per la valutazione delle candidature, i dati saranno utilizzati da Intesa Sanpaolo S.p.A. come Data Controller. Ti invitiamo a prendere visione dell’Informativa Privacy dedicata.","Banks And Financial Services","https://it.indeed.com/cmp/Intesa-Sanpaolo","","https://group.intesasanpaolo.com/it/careers","Torino","10,000+","$5B to $10B (USD)","We are leaders in Italy and one of the main banking groups in Europe. People are our main strength. Responsiveness and flexibility are our hallmarks.","","","","","","","regulatory compliance"
"li-4444833804","linkedin","https://www.linkedin.com/jobs/view/4444833804","","Showroom Specialist (Temporary Contract - Absence leave)","Fendi","Milan, Lombardy, Italy","2026-09-08","","","","","","",False,"","","","","","","https://it.linkedin.com/company/fendi","","","","","","","","","","","","","labeling specialist"
"in-da020a99dd0ba91d","indeed","https://it.indeed.com/viewjob?jk=da020a99dd0ba91d","https://wk.wd3.myworkdayjobs.com/en-US/External/job/ITA---Milan-Via-Bisceglie/Account-Executive-Mid-Market---AI-Workspace-Libra_R0059743-1","Account Executive Mid-Market | AI Workspace Libra","Wolters Kluwer","Milano, LOM, IT","2026-09-11","fulltime","","","","","",False,"","","","claudia.funk@wolterskluwer.com","**Account Executive Mid\-Market \| AI Workspace Libra**
=======================================================


As **Account Executive**, you will be working in our Legal \& Regulatory division where we help legal and compliance professionals enhance productivity, mitigate risk, and solve complex problems confidently.


There are hundreds of thousands of lawyers across Europe — and at **Libra**, we’re transforming how they work. Our AI platform combines deep legal reasoning with cutting\-edge generative technology, fundamentally changing how lawyers research, draft, and deliver legal work.

**About the role**  

As an Account Executive in your assigned region, you’ll be on the frontlines of Libra’s growth — driving sales \& adoption among small and mid\-sized law firms as well as lean in\-house legal teams. You’ll manage a mix of inbound leads and self\-sourced pipeline, running the full sales cycle from first touch to close.


You’ll collaborate closely with our Legal Engineering and Customer Success teams to tailor Libra’s AI solutions to each client’s unique workflows, ensuring every new customer experiences immediate impact. This role is ideal for someone who’s hands\-on, commercially driven, and excited to sell a product that’s genuinely transforming the way legal work gets done.


You will report to one of Libra’s Sales Directors and work alongside a growing team of passionate professionals. Together, you’ll foster a culture of performance, agility, and customer\-centricity — laying the foundation for sustainable growth across the region.

**What you’ll do**

* Manage the full sales cycle for SMB and mid\-market customers — from discovery to demo, negotiation, and close. In many cases close collaboration with the account managers of our content businesses that have a solid established relationship.
* Handle a steady stream of inbound leads while proactively identifying new opportunities through market and customer data\-driven insights and sales enablement tools to optimize outreach and engagement strategies.
* Use data\-driven insights and sales enablement tools to optimize outreach and engagement strategies.
* Develop a deep understanding of customers’ pain points, daily workflows, and legal processes for driving sales based on the customer situation.
* Collaborate with Legal Engineering to deliver tailored demos and showcase real\-world AI use cases.
* Maintain a healthy pipeline and apply structured qualification to improve forecasting accuracy and contributing to portfolio renewal.
* Consistently meet and exceed monthly and quarterly ARR targets.
* Work cross\-functionally with Marketing and Customer Success to refine messaging and ensure smooth onboarding.
* Utilize a customer focused sales methodologies (eg. Challenger Sale) to qualify and advance complex deals.
* Contribute feedback and ideas to help improve and scale our SMB sales motion.

**What you’ll bring**  

**Education**

* Bachelor’s degree in Business Administration or a related commercial field preferred

  

  

**Experience**

* 2–5 years of experience consistently exceeding sales quota in new B2B SaaS, tech sales, or professional services — ideally selling to SMB or mid\-sized clients

**Skills**

* Strong communication skills and the ability to build trust quickly with legal professionals and business stakeholders.
* Ability to articulate ROI and build compelling business cases for technology.
* Structured and proactive — you manage your pipeline efficiently and close deals with confidence.
* Curiosity for AI, technology, and how they’re transforming the legal profession.
* Native\-level proficiency in Italian and fluent English.
* Collaborative mindset — you thrive in cross\-functional teams and fast\-paced environments.
* Ambition, drive, and a desire to build something from the ground up.

**Nice to have**

* Legal background (law degree, law firm experience, or exposure to legal tech) is a plus — especially if you’re ready to move from practicing law to helping others transform it.

  

  

**Working together**  

This is a hybrid role, where you will spend at least eight days a month at our office, where you'll enjoy the benefits of connecting and collaborating with your colleagues in person.


**What we offer**  

In just over a year, we’ve established ourselves as Europe’s fastest\-growing legal AI company by partnering with leading law firms, corporate legal departments, and publishers, As part of Wolters Kluwer’s Legal \& Regulatory Division, Libra is building the operating system for modern legal work — and you can help us write its next chapter.  

  

**Join us, at** **Wolters Kluwer, and be part of a global technology company that makes a difference every day. Be the difference. If making a difference matters to you, then you matter to us.**


For any questions, please feel free to contact the recruiter Claudia Funk by email at claudia.funk@wolterskluwer.com or by phone at \+31 6 15136211\.

**Our Interview Practices**
---------------------------

*To maintain a fair and genuine hiring process, we kindly ask that all candidates participate in interviews without the assistance of AI tools or external prompts. Our interview process is designed to assess your individual skills, experiences, and communication style. We value authenticity and want to ensure we’re getting to know you—not a digital assistant. To help maintain this integrity, we ask to remove virtual backgrounds and include in\-person interviews in our hiring process. Please note that use of AI\-generated responses or third\-party support during interviews will be grounds for disqualification from the recruitment process.*

*Applicants may be required to appear onsite at a Wolters Kluwer office as part of the recruitment process.*","","https://it.indeed.com/cmp/Wolters-Kluwer","https://d2q79iu7y748jz.cloudfront.net/s/_squarelogo/256x256/0e686c67da1bd46cee95a528fd1cb51e","https://careers.wolterskluwer.com/","Alphen aan den Rijn","10,000+","$5B to $10B (USD)","Join us, at Wolters Kluwer, and be part of a dynamic global technology company that makes a difference every day.","","","","","","","regulatory strategy"
"in-efa848e3d3cf1366","indeed","https://it.indeed.com/viewjob?jk=efa848e3d3cf1366","https://jobs.siemens-energy.com/en_US/CareersMarketplace/FolderDetail/Regional-EHS-Leader-GT-Services-Europe-Africa-/302912","Regional EHS Leader - GT Services Europe & Africa","Siemens Energy","Milano, LOM, IT","2026-09-09","parttime, fulltime","","","","","",False,"","","","","To ensure a fair evaluation, please submit your CV in English, as applications in other languages cannot be reviewed.  

**A Snapshot of Your Day**

  


As the EHS Lead for Europe \& Africa region, you will be responsible for leading the Environment, Health \& Safety (EHS) function across the region, driving the implementation of the EHS strategy, strengthening a Zero Harm culture, and ensuring consistent EHS governance, compliance, and performance across all Grid Technologies Service operations, projects, and field service activities. You will partner closely with regional leadership, operational teams, and country stakeholders to enhance safety performance, manage risk, and support sustainable business growth.

  

**How You’ll Make an Impact**


* Define and execute the EHS strategy and roadmap for Grid Technologies Service across Europe \& Africa, aligning with regional and global business objectives.
* Lead and support subregional EHS teams, serving as the key advisor to leadership and ensuring compliance with Siemens Energy standards and legal requirements.
* Promote a strong safety\-first culture through visible leadership, coaching, field engagement, and continuous improvement initiatives.
* Drive EHS performance management, including incident investigations, risk reviews, audits, reporting, and corrective action implementation.
* Integrate EHS into project execution, field service operations, contractor management, and business growth activities across the region.
* Foster collaboration, best\-practice sharing, and innovation by leveraging digital EHS solutions, data analytics, and partnerships with Quality, Training, and Operational Excellence teams.

  

**What You Bring**


* Degree in Engineering, Occupational Health \& Safety, Environmental Management, or a related discipline.
* Significant leadership experience in EHS within energy, industrial, construction, project, or field service environments.
* Proven experience, at least 7/8 years, leading EHS programs across multiple countries and cultures.
* Strong knowledge of EHS management systems, risk management, and regulatory compliance.
* Demonstrated ability to lead through influence and build high\-performing teams in a matrix organization.
* Excellent stakeholder management, communication, and leadership skills.
* Fluent English and willingness to travel internationally.

  

**About the Team**



Our EHS team is dedicated to fostering a culture of safety and compliance across all operations. We work collaboratively to implement best practices and drive continuous improvement initiatives. Our mission is to ensure that every employee returns home safely while supporting sustainable business growth.



Our **Grid Technologies** division enables a reliable, sustainable, and digital grid. The power grid is the backbone of the energy transition. Siemens Energy offers a leading portfolio and solutions in HVDC transmission, grid stabilization and storage, high voltage switchgears and transformers, and digital grid technology.

  

**Who is Siemens Energy?**



At Siemens Energy, we are more than just an energy technology company. With \+100,000 dedicated employees in more than 90 countries, we develop the energy systems of the future, ensuring that the growing energy demand of the global community is met reliably and sustainably. The technologies created in our research departments and factories drive the energy transition and provide the base for one sixth of the world’s electricity generation. Our global team is committed to making sustainable, reliable, and affordable energy a reality by pushing the boundaries of what is possible. We uphold a 150\-year legacy of innovation that encourages our search for people who will support our focus on decarbonization, new technologies, and energy transformation. Find out how you can make a difference at Siemens Energy: https://www.siemens\-energy.com/employeevideo


**Our Commitment to Diversity**



Lucky for us, we are not all the same. Through diversity, we generate power. We run on inclusion, and our combined creative energy is fueled by over 130 nationalities. Siemens Energy celebrates character—no matter what ethnic background, gender, age, religion, identity, or disability. We energize society, all of society, and we do not discriminate based on our differences.

  

**Rewards/Benefits**


* Enjoy a stable employment in a company with a long history in innovation and technology.
* Flexibility: trustful environment with an inclusive and flexible way of working driven by results; hybrid way of working enabled by innovative tools and devices, personal computer and smartphone; wi\-fi connection reimbursement.
* Welfare: flexible welfare programs and health insurance extendable to your family; professional and extraprofessional accident insurance; free on\-site lunch options.
* Collaborate with experienced experts in an international environment.
* The professional and personal development of our employees is very important to us. With us, you have the opportunity to learn and develop in a self\-determined way. Various attractive programs and measures are available for this purpose.


  

The total compensation package for this position, including both fixed and variable components, ranges between € 65\.000 – € 85\.000 gross per year.

Salary ranges for this role are provided in accordance with applicable local legislation. The stated range is based on the Italian labour market.

Where a role may be performed in multiple locations in Italy or abroad, compensation will vary depending on factors such as market conditions, including the local cost of living, as well as experience and qualifications. In such cases, the specific salary range for the location of interest will be communicated in the early stages of the recruitment process and, in any case, before any potential offer of employment is made.","","https://it.indeed.com/cmp/Siemens-Energy","https://d2q79iu7y748jz.cloudfront.net/s/_squarelogo/256x256/be2c3c1c19372eab2eccc9855fbe1b77","https://www.siemens-energy.com/","Berlin","10,000+","Decline to state","At Siemens Energy, we are more than just an energy technology company. We meet the growing energy demand across 90+ countries while ensuring our climate is protected.","","","","","","","regulatory strategy"
"in-dd14eeddec2ca8fe","indeed","https://it.indeed.com/viewjob?jk=dd14eeddec2ca8fe","https://jobs.intesasanpaolo.com/job/Milan-Emerging-Markets-Hard-Currency-Bond-Trader/1435255033/","Emerging Markets Hard Currency Bond Trader","Intesa Sanpaolo","Milano, LOM, IT","2026-09-09","","","","","","",False,"","","","","**Date:** Sep 9, 2026
  
  

**Location:**  

Milan, IT
  
  

**\#job\-location.job\-location\-inline { display:** inline; }
  
**Company:** Intesa Sanpaolo S.p.A.
  
  

.
  
  

Overview
  
  

We are looking for an experienced Emerging Markets Bond Trader to join our Emerging Markets Trading team in Milan.
  
The successful candidate will take a senior role in trading, market making and risk management across Emerging Markets hard currency fixed income, with a primary focus on sovereign and quasi\-sovereign bonds denominated in major currencies, particularly USD and EUR.
  
The candidate will play a key role in the continued development of the Emerging Markets franchise, working closely with Sales and other Trading teams across the international hubs.
  
  

What you'll be doing
  
  

**As an EM Bond Trader, you will be responsible for:**  

Trading and market making across Emerging Markets hard currency sovereign and quasi\-sovereign bonds, primarily denominated in USD and EUR;
  
Managing the market, credit and liquidity risks arising from market\-making and trading activities, within the assigned risk framework and limits;
  
Providing competitive pricing and liquidity across the assigned Emerging Markets perimeter;
  
Actively managing trading positions and portfolio exposures, balancing client flows, market opportunities and and risk/reward considerations;
  
Developing and implementing relative\-value, directional and hedging strategies across EM credit markets;
  
Working closely with Sales to provide market views, axes, pricing and trade ideas, supporting the development of the institutional client franchise;
  
Identifying opportunities to expand client activity and enhance the Bank's product and market coverage across Emerging Markets;
  
Working closely with other Trading desks and international hubs to optimize risk allocation, liquidity and market coverage;
  
Providing senior market expertise and contributing to the broader strategic development of the Emerging Markets trading franchise;
  
Ensuring that all trading activities are conducted in accordance with applicable internal policies, risk limits and regulatory requirements.
  
Who we are looking for
  
  

If you want to turn your passion into a career and you have the following characteristics, we are waiting for you:
  
  

Approximately 5\-10 years of significant experience in Emerging Markets Hard Currency bond trading, gained within a leading investment bank or a comparable financial institution;
  
Extensive experience in sovereign and quasi\-sovereign credit, with direct responsibility for managing trading books and market risk;
  
Strong knowledge of both USD\- and EUR\-denominated Emerging Markets debt;
  
Experience across multiple EM regions, such as LatAm, CEE, Middle East \& Africa and/or Asia;
  
Proven ability to manage sizeable positions and risk exposures across different market and liquidity conditions;
  
A proven ability to identify and develop new trading and business opportunities;
  
Extensive experience with front\-office trading, pricing, risk\-management and position\-keeping systems;
  
A degree in Economics, Finance, Engineering, Mathematics or another relevant quantitative discipline;
  
Strong understanding of sovereign credit analysis, including macroeconomic fundamentals, debt sustainability and political and geopolitical risk;
  
Strong knowledge of credit spreads, yield curves, relative\-value analysis and fixed\-income risk metrics;
  
A thorough understanding of the main hedging instruments used in EM trading, including government bonds, interest\-rate/Fx/credit derivatives;
  
Excellent risk\-management and decision\-making capabilities;
  
Fluency in English.
  
What we offer
  
  

Gross annual salary starting from €100,000
  
The Group provides a performance\-related variable component in line with the Group’s Remuneration Policies available on the Group website
  
Additional benefits set out by the National Collective Labour Agreement for the Banking sector and company\-level agreements
  
Opportunities for professional development to support your growth
  
A wide range of training programes through our Corporate Academy, dedicated to the continuous development of professional, managerial and soft skills at all levels
  
Possibility of flexible working and a 4\-day workweek (4x9\)
  
A modern and integrated corporate welfare system (link)
  
Healthcare coverage and supplementary retirement plan upon employment
  
Benefits on the Group's banking products and services
  
  

About us
  
  

We are the leading banking group in Italy and one of the Top Tier in Europe. Join us and be part of our successful story!
  
  

With over 20 million customers in Italy and abroad, we are a true engine of sustainable growth, with a strong commitment to the environment and a tangible impact on society. People are our driving force. We take care of them and foster an inclusive culture where everyone feels valued and empowered.
  
  

The IMI Corporate \& Investment Banking Division is a global partner for Corporate, Public Finance and Financial Institutions clients. Committed to supporting the economy in the countries in which it operates, it stands out for its historical presence in financial markets and its extensive and innovative offer
  
  

Join an international and innovative Group. Don't wait for the future, choose it!
  
  

\#sharingfuture
  
  

We guarantee an inclusive and equal environment. We will consider all applicants regardless of race, religion, sexual orientation, gender identity, marital status, national origin, age, disability, or any other protected category in compliance to D.lgs. 198/2006, 215/03 and 216/03\.
  
  

For the evaluation of the application, the data will be processed by Intesa Sanpaolo S.p.A. as Data Controller. We invite you to review the dedicated Privacy Information Notice for more details.","Banks And Financial Services","https://it.indeed.com/cmp/Intesa-Sanpaolo","","https://group.intesasanpaolo.com/it/careers","Torino","10,000+","$5B to $10B (USD)","We are leaders in Italy and one of the main banking groups in Europe. People are our main strength. Responsiveness and flexibility are our hallmarks.","","","","","","","regulatory strategy"
"in-3e29dfbb6cffaf34","indeed","https://it.indeed.com/viewjob?jk=3e29dfbb6cffaf34","https://people.camparigroup.com/global/en/job/CRUCAMGLOBAL7190EXTERNALENGLOBAL/Group-International-Tax-Expert?utm_source=indeed&utm_medium=phenom-feeds","Group International Tax Expert","Campari Group","Sesto San Giovanni, LOM, IT","2026-09-08","fulltime","","","","","",False,"","","","","Campari Group today is a major player in the global branded spirits industry, with a portfolio of over 50 premium and super premium brands, marketed and distributed in over 190 markets around the world, with leading positions in Europe and the Americas.


Headquartered in Milan, Italy, Campari Group owns **25** plants worldwide and has its own distribution network in **26** countries, and employs approximately **4,700** people.


Shares of the parent company Davide Campari \- Milano N.V. are listed on the Italian Stock Exchange since 2001\. Campari Group is today the sixth\-largest player worldwide in the premium spirits industry.

 **About the Role*** The Group International Tax Expert will join the Group Tax Department and play a key role in supporting global tax planning activities and international tax matters, including corporate restructurings and M\&A transactions.
* This is an exciting opportunity to join the Group Tax function of a multinational organisation with Italian roots, a strong international footprint, and a successful growth journey driven by both organic expansion and strategic acquisitions across global markets.
* The ideal candidate brings a solid understanding of international tax and regulatory frameworks, combined with strong interpersonal skills and the ability to collaborate effectively across a complex, global business environment.


**Mission \& Objectives*** Campari Group is committed to maintaining and continuously enhancing tax compliance across its global operations, ensuring alignment with both the Group Transfer Pricing Policy and the evolving international taxation framework, including the OECD BEPS Actions.
* In this role, you will contribute to strengthening the Group’s tax governance, supporting strategic business initiatives, and ensuring robust compliance with international tax regulations.


**Key Responsibilities*** Reporting to and working closely with the Group Sr. Tax Director, you will:
* Support global tax projects, including Group restructurings, M\&A transactions, cross\-border initiatives, and other projects requiring international tax expertise and project management skills.
* Provide technical support on international tax matters, including permanent establishment issues, withholding taxes, financing structures, and intercompany transactions.
* Assist in the design and implementation of global tax governance frameworks and tax strategies.
* Identify, assess, and mitigate international tax risks arising from the Group’s operations and strategic projects.
* Manage relationships with external tax advisors and coordinate cross\-functional stakeholders involved in international initiatives.
* Support the drafting and review of intercompany agreements and collaborate closely with the Transfer Pricing team to ensure consistency and alignment of tax positions.
* Proactively contribute to the implementation of the Group Tax Guidelines, helping to enhance overall tax compliance across the organisation.


**Key Stakeholder Relationships**
Internal* Tax teams across the Group
* Regional and local Finance departments
* Global Service Center
* Group IT
* Group Product Supply Chain
* Sales \& Marketing teams
* Corporate Finance
* Legal
* Business Development
* Other support functions on a project basis


External* Tax advisors and consultants

 **Experience*** 3 to 6 years of corporate tax experience gained either within a multinational corporation or a legal/tax consulting firm serving multinational companies.
* Experience within the Fast\-Moving Consumer Goods (FMCG) or Fashion \& Luxury sectors is considered a strong advantage.

 **Qualifications*** Degree in Law, Economics, or Business Administration, with a specialisation or dissertation focused on International Taxation.
* Fluency in English and a good knowledge of Italian are essential.
* Additional language skills are considered a plus.


**Key Competencies*** Strong project management capabilities
* Excellent interpersonal, verbal, and written communication skills
* Ability to collaborate effectively across functions and cultures
* High level of integrity and professional ethics
* Influential leadership style
* Pragmatic, hands\-on approach with strong problem\-solving skills
* Ability to perform effectively under pressure
* Innovative mindset with a focus on continuous improvement


**Technical Skills*** Solid knowledge of international tax and regulatory systems
* Strong analytical and tax research capabilities, including the use of tax databases
* Ability to combine technical tax expertise with practical application of international tax rules
* Advanced proficiency in Microsoft Office applications, particularly Excel and PowerPoint
* Good working knowledge of SAP


**Additional Information*** Availability to travel up to 20% of the time.

 **Compensation \& Benefits**


The indicative annual gross base salary for this position ranges between €55,000 and €65,000, depending on the candidate's experience, skills, and overall profile.The role is classified under the CCNL Alimentare collective labour agreement – Impiegato. The position might also include a variable compensation component and a benefits package in line with applicable company policies.  

Join us and help shape the international tax strategy of a truly global organisation while supporting key business initiatives and transformational projects worldwide. **Our commitment to Diversity \& Inclusion:**


At Campari Group we believe in building more value together, thus we see diversity in all forms as a source of enrichment. Our employment policies and practices ensure that we are committed to providing equal employment opportunities in all aspects of employment without regard to any individual’s race, religion, creed, color, national origin, ancestry, physical disability, mental disability, medical condition, genetic information, marital status, sex, sexual orientation, gender identity or characteristics or expression, political affiliation or activity, age, veteran status, citizenship, or any other characteristic protected by law.

  

Campari Group believes that fair compensation and equal opportunities are crucial for employees’ well\-being, empowerment, and engagement. Our efforts to ensure fair pay have earned us the Fair Pay Certification by Fair Pay Workplace, an independent organization dedicated to dismantling pay disparities based on gender, race and their intersection.

  

Note to applicants:


Your application will be assessed based on your abilities, expertise, general knowledge and experience, not because of any confidential, proprietary or trade secret information you may possess. You must not disclose to Campari Group any such information. In the event that you are asked a question that cannot be answered without disclosure of any confidential, proprietary or trade secret information (including from a current or prior employer or their vendors or customers), you must decline to answer the question.

  

Notice to third party agencies:


Please refrain from cold\-calling or emailing our executive leadership team or the HR community directly. The Talent Acquisition department manages centralized recruiting operations globally, including the selection and management of external suppliers. Currently, our preferred supplier list is at full capacity. To ensure we have your information on file for future consideration, we kindly request that you complete the online form provided here.","","https://it.indeed.com/cmp/Campari-Group","https://d2q79iu7y748jz.cloudfront.net/s/_squarelogo/256x256/378ee0e175434ba30e368663e5b2cc6b","https://people.camparigroup.com/careers-home","Sesto San Giovanni - Milan, IT","1,001 to 5,000","$1B to $5B (USD)","","","","","","","","regulatory strategy"
"in-c31ae49599c9273a","indeed","https://it.indeed.com/viewjob?jk=c31ae49599c9273a","https://rgi-group.factorialhr.com/job_posting/head-of-claims-professional-services-321335","Head of Claims Professional Services","RGI Group","Milano, LOM, IT","2026-09-08","fulltime","","","","","",False,"","","","","* Permanent
* Full\-time
* Hybrid (Milan, Milano\\Lombardia, Italy)
* Delivery \- Shared Service AM
**Why this role matters**
-------------------------


Insurance claims are where promises become reality.


At RGI, we're shaping the future of Claims transformation for some of Europe's most demanding insurance organisations. We are looking for an exceptional leader to drive our Claims Professional Services practice and help insurers modernise one of the most complex and business\-critical areas of their operations.


This is not a traditional consulting role.


This is an opportunity to become the reference point for Claims transformation initiatives, leading strategic programmes, influencing executive stakeholders, and guiding highly specialised teams delivering enterprise\-scale solutions across the insurance market.

**The challenge**
-----------------


As Head of Claims Professional Services, you will take ownership of our Claims delivery practice, acting as the bridge between insurance business strategy, operational excellence, and technology execution.


You will work with senior client stakeholders, support the successful delivery of complex transformation programmes, and lead multidisciplinary teams of analysts, consultants, and subject matter experts.


Your expertise will help clients redesign and evolve their Claims operations while ensuring successful execution, measurable business outcomes, and long\-term partnerships.

**What you will do**
--------------------

* Lead the Professional Services practice focused on Claims transformation initiatives.
* Act as a trusted advisor for senior insurance executives and business stakeholders.
* Drive the successful delivery of complex Claims programmes from strategic design through implementation.
* Guide and mentor highly skilled functional consultants and business analysts.
* Support pre\-sales initiatives by providing deep industry expertise and helping define transformation roadmaps.
* Ensure projects deliver tangible business value, operational efficiency and customer\-centric outcomes.
* Manage challenging stakeholder environments and facilitate high\-level decision\-making processes.
* Contribute to the evolution of RGI's Claims offering by bringing market insights, best practices and innovation ideas.
* Build strong, long\-term relationships with insurance clients and key industry stakeholders.
  

**Who you are**
---------------


You are recognised as a Claims expert by your peers.


You have spent a significant part of your career helping insurers improve, transform or modernise their Claims operations and systems. You combine deep domain expertise with strong leadership skills and the credibility required to influence senior decision\-makers.


You understand not only technology, but also the business, operational and regulatory complexities that make Claims one of the most strategic functions within an insurance company.

**What we are looking for**
---------------------------

* 15\+ years of experience within the insurance industry, with a strong focus on Claims.
* Extensive knowledge of end\-to\-end Claims processes across Property \& Casualty insurance.
* Proven track record leading large Claims transformation or modernisation programmes.
* Experience working with tier\-one insurers or major insurance software ecosystems.
* Strong leadership capabilities and experience managing senior teams and complex delivery organisations.
* Ability to engage confidently with C\-level and executive stakeholders.
* Excellent communication, negotiation and stakeholder management skills.
* Strong consulting mindset with the ability to balance strategic vision and execution excellence.
* International experience in complex, multi\-stakeholder environments is highly appreciated.
* Fluent English.
  

**Why join RGI**
----------------


RGI is one of Europe's leading Insurtech groups, supporting insurers in their digital transformation journey for more than 35 years.


You will join a company where Claims is becoming a strategic growth area and where your expertise can directly influence the future of our solutions, our clients and the insurance market itself.


This is an opportunity to leave a lasting mark on the industry while working alongside some of the most experienced insurance and technology professionals in Europe.","Internet And Software","https://it.indeed.com/cmp/Rgi-Group-4","","http://www.rgigroup.com/","Via Cesare Pavese 6, 10015 IVREA, TO

","1,001 to 5,000","$100M to $500M (USD)","RGI è l'insurtech leader in Europa che guida la trasformazione digitale del settore assicurativo EMEA attraverso la tecnologia.","","","","","","","regulatory strategy"
"in-bf7082eddfea2309","indeed","https://it.indeed.com/viewjob?jk=bf7082eddfea2309","https://jobs.ashbyhq.com/IT%20Labs/f4b22af1-2b36-49a6-a2aa-deae4ae43b38?utm_source=YDgE2kmvB1","Senior Test Engineer","IT Labs","Milano, LOM, IT","2026-09-08","fulltime","","","","","",True,"","","","","At IT Labs, we work with premier global consulting organizations to help Tier 1 banks and insurance companies transform operations through AI, automation, and advanced analytics, with a special focus on Anti\-Financial Crime. Our client's expertise includes AI\-driven fraud prevention, Anti\-Money Laundering (AML), and Know Your Customer (KYC) solutions—designing and implementing intelligent systems that enhance detection, automate investigations and due diligence, boost efficiency, and help institutions stay ahead of regulatory change.


You’ll work at the intersection of business transformation, data science, AI engineering, cloud technologies, and financial services, tackling complex challenges with innovative technology for banking and insurance clients across Europe.


Help enable leading consulting organizations to deliver advanced solutions to top global banks and insurers—as they use AI to safeguard millions of customers and vast financial assets. If ensuring the quality, reliability, and performance of intelligent enterprise platforms excites you, we want you on our team.

**Responsibilities**

* Design, document, and execute comprehensive automated testing strategies spanning **APIs**, frontend applications, backend services, and data flows
* Create and maintain reliable automated test scripts using frameworks such as **Selenium**, **Playwright**, or **Cypress**
* Develop verification frameworks for validating LLM prompt behaviors, model outputs, response consistency, and hallucination rates
* Execute system integration testing, regression testing, and performance/load testing ahead of platform releases
* Validate end\-to\-end workflows and automated actions against defined business logic, system behavior, and performance SLAs
* Document detailed bug reports, analyze issues to identify root causes, and collaborate closely with developers on resolution
* Contribute to quality standards, test coverage practices, release readiness processes, and continuous improvement of QA methodologies
* Integrate test automation into CI/CD pipelines and support quality assurance across cloud\-hosted applications and services

**Required Skills \& Experience**

* **5–10 years** of experience in **QA engineering**, **test automation**, or **software quality assurance**
* Strong experience designing and implementing automated test strategies for complex web applications and distributed systems
* Hands\-on expertise with test automation frameworks such as **Selenium**, **Playwright**, or **Cypress**
* Experience testing **APIs**, frontend interfaces, backend workflows, and end\-to\-end system integrations
* Familiarity with performance testing, regression testing, and release validation in enterprise environments
* Experience validating **AI/LLM\-driven systems**, including prompt behavior, output quality, and response consistency, is strongly preferred
* Hands\-on experience with **Git**, **CI/CD pipelines**, defect tracking, and automated test reporting
* Prior engagement in large\-scale enterprise environments and mission\-critical systems
* Candidate **must be located in an EU member country**
* Excellent communication skills in **English**

**Nice to Have**

* Experience in fintech or financial services
* Familiarity with cloud platforms such as AWS or Azure
* Experience working with test data validation, backend integrations, and microservices\-based architectures

**Working Conditions**

* Full\-time (40 hours/week)
* Individual Contract or B2B arrangement
* Paid Time Off (PTO) provided
* Remote/Hybrid work

**Our values**


We are a company that seeks the best for both our employees and clients, reaching beyond expectations in turning dreams into reality. Our way of working is rooted in our core values (Integrity, Excellence, Proactivity, Innovation, and People), with an expectation that our future colleagues will make these their second nature in their everyday work and life. We don’t ask for perfection, but we do appreciate people motivated to better themselves in every conceivable aspect.

**About IT Labs**


Founded in 2005, IT Labs is an international software tech company, specializing in purpose and process\-driven teams for high\-performance, innovation, transformation, and efficiency. Our HQ is in Palm Beach Gardens, Florida, and we have teams around the world \- the UK, the Netherlands, Brazil, Argentina, Serbia, Croatia, BIH, Montenegro, North Macedonia, and the Middle East. We are constantly growing, and we would love for you to become part of our team!","","https://it.indeed.com/cmp/IT-Labs","","","","","","","","","","","","","regulatory strategy"
"in-95af7307df876c93","indeed","https://it.indeed.com/viewjob?jk=95af7307df876c93","https://workforcenow.adp.com/mascsr/default/mdf/recruitment/recruitment.html?cid=d6018943-073c-4351-be18-e949a4d128ad&ccId=19000101_000001&jobId=569932&source=IN&lang=en_US","Global Business Operations Lead","Gowan","Milano, LOM, IT","2026-06-21","fulltime","","","","","",False,"","","","","**Position Summary:**


The Global Business Operations Lead is responsible for providing supply and manufacturing strategic and competitive perspective and driving operational execution and discipline for assigned Assets, ensuring that Asset strategies defined by the Business Management Team are executed effectively across Supply Chain, Manufacturing, Procurement, Quality, Regulatory and Planning. The role acts as the single operational integrator at Asset level, coordinating activities and ensuring follow\-through, without owning final decisions on asset strategy, external toller siting, or internal manufacturing allocation.


 This role is designed to strengthen execution and clarity without altering decision ownership. The Global Business Operations Lead enables faster, better\-informed decisions and reliable operational delivery through discipline, coordination, and transparency. The GAOL speaks on behalf of the business management team across all operations.

**Job Status:**

* Full\-Time
* Salaried
* Reports to: Global Portfolio Business Manager
**Role Responsibilities:**


**Key Responsibilities**

* Asset\-Level Operational Governance \& S\&OP
* Coordinate and lead Asset\-level operational S\&OP activities
* Prepare structured scenarios, risks, and impact analysis to support Business Manager decisions
* Ensure unresolved issues are properly escalated and tracked to closure

* Operational Execution
* Translate Asset priorities into executable supply, manufacturing, regulatory and inventory plans
* Coordinate cross\-functional execution across Supply Chain, Manufacturing, Procurement, Regulatory, and Quality
* Ensure operational readiness for launches, volume changes, and regulatory or formulation updates

* External Tolling \& Internal Manufacturing Coordination
* Act as the operational Asset interface toward Global Supply Chain and Internal Manufacturing
* Provide operational input to Global Supply Chain to support siting decisions
* Coordinate with Regional Manufacturing Heads on internal execution and capacity alignment

* Supply, Inventory \& Performance Management
* Drive execution of approved inventory and safety stock strategies
* Support allocation scenarios during supply constraints
* Monitor and explain key operational variances (service, PPV, LCR) 5\. Quality \& Issue Management
* Coordinate major quality or operational issues at Asset level
* Ensure structured escalation, corrective action follow\-up, and closure 6\. Cross\-Functional Integration
* Act as the Asset\-level operational integrator across all relevant functions
* Ensure decisions are documented, executed, and reviewed for effectiveness

**Key Competencies**

* Strong capability to lead and structure Asset\-level S\&OP processes, ensuring disciplined execution and decision\-making
* Deep understanding of planning processes and tools, including ERP systems and data structures, with the ability to translate data into actionable insights
* High execution focus with strong follow\-through, ensuring alignment, escalation, and closure of operational actions
* Strong business acumen, with ability to balance service, cost, and inventory trade\-offs and provide clear operational recommendations
* Ability to influence and drive alignment across cross\-functional teams without direct authority (Supply Chain, Manufacturing, Procurement, Quality, Regulatory)
* Experience in complex, multi\-region supply chains with strong coordination requirements across internal and external manufacturing networks
* Capability to establish or improve processes, including S\&OP governance, performance tracking, and cross\-functional ways of working

**Key Interfaces**

* Business Manager(s): alignment on priorities, escalation of risks, preparation of scenarios and decision support
* Global Supply Chain: coordination on external tolling, supply constraints, and allocation decisions
* Regional Manufacturing Heads and Sites: alignment on internal production execution, capacity, and operational performance
* Procurement: coordination on raw material availability, supplier constraints, and cost drivers impacting Asset performance
* Quality: management of major quality issues, escalation, and corrective action follow\-up
* Regulatory: alignment on regulatory changes impacting supply, formulation, or product availability
* Planning (Global/Regional): coordination of demand, supply plans, and S\&OP cycles to ensure alignment between planning and execution

**KPIs / Performance Measurement**

* Service Level / OTIF for assigned Assets (global and regional view)
* Lost sales or back orders due to product non\-availability
* Inventory level vs target and safety stock adherence
* Inventory aging and obsolescence exposure
* Purchase Price Variance (PPV) and key drivers impacting cost performance
* Margin performance vs budget or prior year (where influenced by operational execution)
* Premium freight / expedite cost as indicator of execution stability
* Production and supply plan adherence (internal sites and tollers)
* Resolution time for major operational or quality issues
* Closure rate of escalations and action items
* S\&OP effectiveness indicators (process adherence, forecast reliability, alignment between plan and execution)","","https://it.indeed.com/cmp/Gowan","","","","","","","","","","","","","regulatory strategy"
"li-4465670137","linkedin","https://www.linkedin.com/jobs/view/4465670137","","Temaline Business Transformation Manager m/f/d","Honeywell Technologies","Arluno, Lombardy, Italy","2026-09-11","","","","","","",False,"","","","","","","https://www.linkedin.com/company/honeywell","","","","","","","","","","","","","regulatory strategy"
"li-4463459157","linkedin","https://www.linkedin.com/jobs/view/4463459157","","Temporary Manager – Direttore Generale","Opex Solutions","Lecco, Lombardy, Italy","","","","","","","",False,"","","","","","","https://it.linkedin.com/company/opexsolutionsit","","","","","","","","","","","","","regulatory strategy"
"li-4464515134","linkedin","https://www.linkedin.com/jobs/view/4464515134","","PROGETTISTA MECCANICO 3D/2D (M/F) - SYNERGIE FILIALE PIACENZA1","Agenzia regionale per il lavoro Emilia-Romagna","Piacenza, Emilia-Romagna, Italy","2026-09-10","","","","","","",False,"","","","","","","https://it.linkedin.com/company/agenzia-regionale-per-il-lavoro","","","","","","","","","","","","","notified body"
"li-4465645877","linkedin","https://www.linkedin.com/jobs/view/4465645877","","Clinical Science Associate Ematologia Emilia Romagna e Marche","Sanofi","Milan, Lombardy, Italy","2026-09-10","","","","","","",False,"","","","","","","https://fr.linkedin.com/company/sanofi","","","","","","","","","","","","","scientific advice EMA"
"in-edbcd8ce3b1380fe","indeed","https://it.indeed.com/viewjob?jk=edbcd8ce3b1380fe","https://jobs.ashbyhq.com/mollie/168dc355-a15e-4480-ad57-f731658e73ce?utm_source=3q8ZNlgy0p","Regional Marketing Intern - Italy","Mollie B.V.","Milano, LOM, IT","2026-09-10","fulltime","","","","","",False,"","","","","**Build with us**


Businesses deserve better from finance. Less friction, more freedom. Since 2004, Mollie has been on a mission to make payments and money management effortless for every business in Europe.


Today, more than 250,000 companies trust our all\-in\-one platform to get paid, manage money and grow on their terms. Simple, scalable and built with real businesses in mind.


We're one of Europe's fastest\-growing fintechs, with 50\+ nationalities across 12\+ locations. Our people make this growth possible. We move fast, build with purpose and care deeply about our customers. Whether you're solving problems, building market\-leading products or exploring how AI can make work smarter, you'll have the freedom to create and the trust to deliver.


If you're ready to grow, shape the future of fintech and join an ambitious, high\-performing team, this is the place for you.

**Your impact**


We're looking for a **Regional Marketing Intern \- Italy** to be a crucial force in driving our growth in the Italian market. Your creative and skilled approach will directly support and realize impactful marketing campaigns and local initiatives that matter to this region.


This is a chance to leave your mark by supporting creative and strategic campaigns and executing high\-value events and content. You'll connect the dots between regional marketing, partner marketing, sales, customer success, product marketing and design, gaining first\-hand experience in a fast\-moving fintech company, right at the heart of Milan.


If you're ready to jump in, own key projects, and see your efforts translate into tangible results for our growth in Italy, this is your mission.

**What you'll ship**

* **End\-to\-End Project \& Event Management:** Independently manage and execute your own projects and regional event logistics from conception to analysis, utilizing our systems to build localized content hubs, deploy full\-funnel email campaigns, and execute targeted Account\-Based Marketing (ABM) initiatives.
* **Content Creation \& Localization:** Coordinate the production and publishing of diverse content on the IT\-IT content hub.(customer stories, white papers, videos, and more)
* **Italy Newsletter Ownership:** Own the end\-to\-end execution of the merchant newsletter based on standardized operational documentation; drive the entire process by compiling local market inputs, aligning copy variations with global stakeholders, and building the final campaigns.
* **Stakeholder Management:** Serve as the central point of contact for internal teams and cross\-functional partners, driving alignment and updates.
* **Financial \& Admin Support:** Manage campaign and event administration, tracking, and invoicing through our systems.
* **French Market Support:** Support the French regional marketing team with localization, content review, and campaign coordination as needed

 **What you'll bring**

* **Fluency in Italian** and business proficiency in English to thrive in an international environment (French is a big plus).
* Currently studying in marketing, business administration, communication, or a similar field.
* A proactive, creative, and results\-driven attitude.
* Excellent communication skills and the ability to collaborate effectively with cross\-functional teams.
* Familiarity with the Italian market.

**Grow your way**


At Mollie, growth is personal. We believe everyone should have the chance to develop their skills, explore new challenges and shape their career on their own terms.


You'll get regular feedback and performance reviews to support your development, with fair and transparent salary reviews along the way. Many Mollies move into new roles or take on new projects to stretch themselves, and we actively hire from within to help you take the next step.


No matter if you're aiming for promotion, exploring a different career path or building new skills, you'll be supported with the tools, trust and opportunities to grow your way.

**Unlock your full potential and join us to eliminate financial bureaucracy**


If you're excited by the idea of building what's next, for yourself and for thousands of businesses across Europe, we'd love to hear from you. Apply with your CV (in English) using the form below.


Want a peek behind the scenes? Check out what life at Mollie is really like.

**AI at Mollie**


We believe in Always Be Shipping, and AI brings that philosophy to life across every team, every role, every day


AI is core to how we build. It helps us move faster, simplify work and make smarter decisions, creating real impact for the businesses we serve. We're looking for people who are excited to use AI to shape the future of finance with us.","Banks And Financial Services","https://it.indeed.com/cmp/Mollie-B.v.","https://d2q79iu7y748jz.cloudfront.net/s/_squarelogo/256x256/9a8676bfd13e1ee69f52d27dcce37f03","https://jobs.mollie.com/","Keizersgracht 313, 1016EE","51 to 200","","Mollie is a fast-growing tech company in Europe providing payment solutions for more than 65.000 entrepreneurs. We’re looking for self-driven and intuitive talents who appreciate art of technology.","","","","","","","variation management"
"li-4462523861","linkedin","https://www.linkedin.com/jobs/view/4462523861","","Store Planning & Construction Project Manager (Temporary)","PERCASSI","Bergamo, Lombardy, Italy","2026-09-08","","","","","","",False,"","","","","","","https://it.linkedin.com/company/percassi","","","","","","","","","","","","","variation management"
"li-4465405342","linkedin","https://www.linkedin.com/jobs/view/4465405342","","Moncler Demand Planner","BoF Careers","Milan, Lombardy, Italy","","","","","","","",False,"","","","","","","https://www.linkedin.com/company/bof-careers","","","","","","","","","","","","","variation management"
